{
    "a_Ber_2016_ALP": 0.7624923752186117,
    "a_Ber_2016_OC": 0.22869265699315366,
    "a_Valles_2020_ALP": 362.7375357425716,
    "a_Valles_2020_ARS": 809.0228629968626,
    "a_Chen_2018_ALP": 6.87685551605806,
    "a_Chen_2018_ARS": 3.5980495182931325,
    "a_Qiao_2021_ALP": 31.592528559257087,
    "a_early_diff_stim": 11.435747489211682,
    "a_early_diff_inhib": 8.808663539286773,
    "a_late_diff_stim": 13.427743315755546,
    "a_late_diff_inhib": 8.311182437934034,
    "early_diff_slow": 0.21560935398899536,
    "early_diff_fast": 0.5554095736858985,
    "early_diff_very_fast": 0.8082902777737211,
    "late_diff_slow": 0.27982643332947627,
    "late_diff_fast": 0.7994707661115847,
    "Mg_stim": 7.813880497319276,
    "Mg_dest": 24.51252920977824,
    "IL1b_ineffective": 119.28587946485499,
    "IL1b_stim": 3.150741643411955,
    "IL8_favorable": 6.745239902002595,
    "ALP_M_n": 1.2179177184293655,
    "ARS_M_n": 0.6380077616501902,
    "OC_M_n": 0.10944996902843204,
    "ALP_0": 0.28688025547725493,
    "ARS_0": 0.03196753841930244,
    "OC_0": 5.491864703194282,
    "diff_time": 1029.1811903199962,
    "maturity_t": 0.9518051877735992
}