{
    "a_Ber_2016_ALP": 0.6240280519591839,
    "a_Ber_2016_OC": 0.7392017972063721,
    "a_Valles_2020_ALP": 280.5556636149609,
    "a_Valles_2020_ARS": 721.6738339417451,
    "a_Chen_2018_ALP": 6.364872984152061,
    "a_Chen_2018_ARS": 3.4735667208083645,
    "a_Qiao_2021_ALP": 29.945990083682187,
    "a_early_diff_stim": 6.543160413051388,
    "a_early_diff_inhib": 13.610591433759758,
    "a_late_diff_stim": 13.020388944223804,
    "a_late_diff_inhib": 17.74175690129591,
    "early_diff_slow": 0.3099354613336044,
    "early_diff_fast": 0.6031178766581922,
    "early_diff_very_fast": 0.8792601789902689,
    "late_diff_slow": 0.11501193208269034,
    "late_diff_fast": 0.8353607310237744,
    "Mg_stim": 9.592581729574135,
    "Mg_dest": 34.96341914410797,
    "IL1b_ineffective": 113.98388962095864,
    "IL1b_stim": 3.82236472192783,
    "IL8_favorable": 8.473042395453824,
    "ALP_M_n": 1.7023172215561468,
    "ARS_M_n": 1.0792490764762113,
    "OC_M_n": 0.0503378805119756,
    "ALP_0": 0.42578212174491786,
    "ARS_0": 0.13974431666152,
    "OC_0": 4.2202492449521465,
    "diff_time": 859.5132576439491,
    "maturity_t": 0.7769018150822509
}