{
    "a_Ber_2016_ALP": 0.5593594635946544,
    "a_Ber_2016_OC": 0.2648127202889838,
    "a_Valles_2020_ALP": 252.28601084287783,
    "a_Valles_2020_ARS": 484.5810430685938,
    "a_Chen_2018_ALP": 7.2728522210240305,
    "a_Chen_2018_ARS": 2.4727816589958485,
    "a_Qiao_2021_ALP": 28.32271879347219,
    "a_early_diff_stim": 4.311815345486307,
    "a_early_diff_inhib": 11.344724599861873,
    "a_late_diff_stim": 3.737253421579596,
    "a_late_diff_inhib": 9.302509972090876,
    "early_diff_slow": 0.1954395385833334,
    "early_diff_fast": 0.6399374237138437,
    "early_diff_very_fast": 0.7765843449478417,
    "late_diff_slow": 0.3167643999722867,
    "late_diff_fast": 0.639625781924344,
    "Mg_stim": 7.018117774854813,
    "Mg_dest": 22.60452580935637,
    "IL1b_ineffective": 138.9507718946923,
    "IL1b_stim": 1.5191492851720803,
    "IL8_favorable": 5.904544703748222,
    "ALP_M_n": 1.5739104186057744,
    "ARS_M_n": 1.370920062160056,
    "OC_M_n": 0.22121608843872148,
    "ALP_0": 0.4061670568067431,
    "ARS_0": 0.44392620966337565,
    "OC_0": 4.843612422481042,
    "diff_time": 852.3481170609869,
    "maturity_t": 0.9949964618393922
}