{
    "a_Ber_2016_ALP": 0.5819971599501881,
    "a_Ber_2016_OC": 0.7721541924515292,
    "a_Valles_2020_ALP": 231.86976680840945,
    "a_Valles_2020_ARS": 690.9623460629471,
    "a_Chen_2018_ALP": 5.747511049215385,
    "a_Chen_2018_ARS": 2.7382109952234943,
    "a_Qiao_2021_ALP": 23.37200094234732,
    "a_early_diff_stim": 6.453320670990222,
    "a_early_diff_inhib": 16.61314850244832,
    "a_late_diff_stim": 18.608141186464888,
    "a_late_diff_inhib": 18.38699552951569,
    "early_diff_slow": 0.28087239527023833,
    "early_diff_fast": 0.6491321864495929,
    "early_diff_very_fast": 0.7860783886045256,
    "late_diff_slow": 0.2978448987624056,
    "late_diff_fast": 0.8907036835606457,
    "Mg_stim": 7.12152797161102,
    "Mg_dest": 33.35271002845134,
    "IL1b_ineffective": 142.78253735164938,
    "IL1b_stim": 1.8187656793353089,
    "IL8_favorable": 9.131621848164876,
    "ALP_M_n": 1.5812682124707529,
    "ARS_M_n": 0.9209627676666813,
    "OC_M_n": 0.023174352435482937,
    "ALP_0": 0.467855557164796,
    "ARS_0": 0.1577426810721677,
    "OC_0": 4.070861686264629,
    "diff_time": 930.7839099846533,
    "maturity_t": 0.9589437833603998
}