{
    "a_Ber_2016_ALP": 0.7137340526355189,
    "a_Ber_2016_OC": 0.19122331718010027,
    "a_Valles_2020_ALP": 382.2533911798622,
    "a_Valles_2020_ARS": 796.4714753362803,
    "a_Chen_2018_ALP": 6.930307023681668,
    "a_Chen_2018_ARS": 2.3194098087114106,
    "a_Qiao_2021_ALP": 34.7064558380741,
    "a_early_diff_stim": 17.143265833582486,
    "a_early_diff_inhib": 14.267573856264942,
    "a_late_diff_stim": 11.88036598964836,
    "a_late_diff_inhib": 3.308221190698662,
    "early_diff_slow": 0.2911375135457559,
    "early_diff_fast": 0.5592013680916391,
    "early_diff_very_fast": 0.8109757175395806,
    "late_diff_slow": 0.16197467393620174,
    "late_diff_fast": 0.7412366142642072,
    "Mg_stim": 3.282556704019774,
    "Mg_dest": 26.605161603561957,
    "IL1b_ineffective": 115.15896107754905,
    "IL1b_stim": 4.888980169676634,
    "IL8_favorable": 11.078219063760358,
    "ALP_M_n": 0.9550615960784521,
    "ARS_M_n": 0.7499121143295322,
    "OC_M_n": 0.16674167817492935,
    "ALP_0": 0.1845461407719616,
    "ARS_0": 0.10803450414313252,
    "OC_0": 8.845914572740654,
    "diff_time": 1042.4681448491099,
    "maturity_t": 0.9963559115335725
}