{
    "a_Ber_2016_ALP": 0.5543720105561397,
    "a_Ber_2016_OC": 0.6523588240983257,
    "a_Valles_2020_ALP": 257.9883791145013,
    "a_Valles_2020_ARS": 845.8449224366452,
    "a_Chen_2018_ALP": 4.489286863719185,
    "a_Chen_2018_ARS": 3.6258899671634217,
    "a_Qiao_2021_ALP": 21.63625604405046,
    "a_early_diff_stim": 12.500296167600274,
    "a_early_diff_inhib": 1.7470262530305527,
    "a_late_diff_stim": 3.157558530046206,
    "a_late_diff_inhib": 12.003747955751894,
    "early_diff_slow": 0.2760173907846951,
    "early_diff_fast": 0.5458322149320667,
    "early_diff_very_fast": 0.8117262016089881,
    "late_diff_slow": 0.2605271151458417,
    "late_diff_fast": 0.8930160274451489,
    "Mg_stim": 8.211817801366362,
    "Mg_dest": 29.199096543612427,
    "IL1b_ineffective": 115.55408676498179,
    "IL1b_stim": 3.5705338783107177,
    "IL8_favorable": 6.803828621550849,
    "ALP_M_n": 1.623482507684419,
    "ARS_M_n": 0.7398341246388586,
    "OC_M_n": 0.10092496605278402,
    "ALP_0": 0.5086329272627367,
    "ARS_0": 0.0025918015033806288,
    "OC_0": 7.022276149273842,
    "diff_time": 973.7513002507752,
    "maturity_t": 0.9738551060641366
}