{
    "a_Ber_2016_ALP": 0.6909987034513771,
    "a_Ber_2016_OC": 0.2620617779489819,
    "a_Valles_2020_ALP": 312.01404027857564,
    "a_Valles_2020_ARS": 682.5265794219977,
    "a_Chen_2018_ALP": 7.82030794063643,
    "a_Chen_2018_ARS": 3.394944395660245,
    "a_Qiao_2021_ALP": 36.19906405546854,
    "a_early_diff_stim": 9.459771378435452,
    "a_early_diff_inhib": 14.085830406421787,
    "a_late_diff_stim": 11.357856738135423,
    "a_late_diff_inhib": 16.302017835777427,
    "early_diff_slow": 0.3313755507017653,
    "early_diff_fast": 0.5570530064234249,
    "early_diff_very_fast": 0.7361229891313076,
    "late_diff_slow": 0.3295915185934224,
    "late_diff_fast": 0.7965799344322736,
    "Mg_stim": 9.834647320328743,
    "Mg_dest": 22.994191938078302,
    "IL1b_ineffective": 110.96093149337759,
    "IL1b_stim": 4.132948192363328,
    "IL8_favorable": 12.52076321628627,
    "ALP_M_n": 1.4549918744710204,
    "ARS_M_n": 1.0959482711899209,
    "OC_M_n": 0.033597637331274716,
    "ALP_0": 0.3232603913927833,
    "ARS_0": 0.15803847820069047,
    "OC_0": 6.244872881396966,
    "diff_time": 813.4412243395561,
    "maturity_t": 0.7635495538661029
}