{
    "a_Ber_2016_ALP": 0.5110067340647632,
    "a_Ber_2016_OC": 0.5286565157474988,
    "a_Valles_2020_ALP": 243.00232459492054,
    "a_Valles_2020_ARS": 733.824384210234,
    "a_Chen_2018_ALP": 5.546926376653273,
    "a_Chen_2018_ARS": 3.5623834795890845,
    "a_Qiao_2021_ALP": 26.109440743820358,
    "a_early_diff_stim": 9.882021362312493,
    "a_early_diff_inhib": 4.511643127150161,
    "a_late_diff_stim": 7.737390811316002,
    "a_late_diff_inhib": 3.9009021993121538,
    "early_diff_slow": 0.3429983361985759,
    "early_diff_fast": 0.5774010936328837,
    "early_diff_very_fast": 0.740998908856202,
    "late_diff_slow": 0.2334818457509169,
    "late_diff_fast": 0.7965845126721595,
    "Mg_stim": 9.782878571316411,
    "Mg_dest": 30.72109440018727,
    "IL1b_ineffective": 114.53568215653884,
    "IL1b_stim": 3.9817570555625146,
    "IL8_favorable": 9.228943735284844,
    "ALP_M_n": 2.0380490415402406,
    "ARS_M_n": 1.0174125336615123,
    "OC_M_n": 0.22240098079319987,
    "ALP_0": 0.5263332694211158,
    "ARS_0": 0.12039322863897396,
    "OC_0": 5.83820786488307,
    "diff_time": 878.7182036947383,
    "maturity_t": 0.7215243995981643
}