{
    "a_Ber_2016_ALP": 0.6154867601223721,
    "a_Ber_2016_OC": 0.159188644818987,
    "a_Valles_2020_ALP": 273.42920623970656,
    "a_Valles_2020_ARS": 509.9524131930282,
    "a_Chen_2018_ALP": 6.055054299186277,
    "a_Chen_2018_ARS": 2.0791256702249536,
    "a_Qiao_2021_ALP": 28.96577540030321,
    "a_early_diff_stim": 5.303393672999884,
    "a_early_diff_inhib": 7.721101107923153,
    "a_late_diff_stim": 7.804905640760021,
    "a_late_diff_inhib": 13.159979088179481,
    "early_diff_slow": 0.15048259062735836,
    "early_diff_fast": 0.6137020125933313,
    "early_diff_very_fast": 0.841785007185548,
    "late_diff_slow": 0.14047483259982751,
    "late_diff_fast": 0.8674158169225686,
    "Mg_stim": 7.451935274778323,
    "Mg_dest": 30.37358201529341,
    "IL1b_ineffective": 131.61730290295313,
    "IL1b_stim": 3.014637392365323,
    "IL8_favorable": 19.42529426624784,
    "ALP_M_n": 1.6814378553094183,
    "ARS_M_n": 1.5515548564602477,
    "OC_M_n": 0.5208950430683906,
    "ALP_0": 0.4360921163698757,
    "ARS_0": 0.40859913682726823,
    "OC_0": 4.185674549818487,
    "diff_time": 890.9601646156727,
    "maturity_t": 0.7934647322050536
}