{
    "a_Ber_2016_ALP": 0.51818766121528,
    "a_Ber_2016_OC": 0.264670091121003,
    "a_Valles_2020_ALP": 275.60200886332035,
    "a_Valles_2020_ARS": 814.7510378080574,
    "a_Chen_2018_ALP": 4.723986794081189,
    "a_Chen_2018_ARS": 2.7789586657731524,
    "a_Qiao_2021_ALP": 22.112267514062935,
    "a_early_diff_stim": 11.16265391447495,
    "a_early_diff_inhib": 11.700322104713358,
    "a_late_diff_stim": 2.6131849399102993,
    "a_late_diff_inhib": 10.261907514517905,
    "early_diff_slow": 0.20204285151113488,
    "early_diff_fast": 0.5519451155344405,
    "early_diff_very_fast": 0.8300922900261197,
    "late_diff_slow": 0.2478353124748481,
    "late_diff_fast": 0.7295615812460432,
    "Mg_stim": 7.645731371970579,
    "Mg_dest": 38.61302000271712,
    "IL1b_ineffective": 124.25584452500588,
    "IL1b_stim": 2.9603181666641305,
    "IL8_favorable": 5.414130571082417,
    "ALP_M_n": 1.585916474216131,
    "ARS_M_n": 0.7015614214063975,
    "OC_M_n": 0.06213742577670466,
    "ALP_0": 0.4973464118951647,
    "ARS_0": 0.06498811442802388,
    "OC_0": 4.78798477701786,
    "diff_time": 1054.8421832013864,
    "maturity_t": 0.9711892095623623
}