{
    "a_Ber_2016_ALP": 0.7338024218936398,
    "a_Ber_2016_OC": 0.24057421579307017,
    "a_Valles_2020_ALP": 327.7877770781493,
    "a_Valles_2020_ARS": 607.2478997160113,
    "a_Chen_2018_ALP": 7.021779499739895,
    "a_Chen_2018_ARS": 1.5128208191932788,
    "a_Qiao_2021_ALP": 37.011934083991235,
    "a_early_diff_stim": 13.590253804343847,
    "a_early_diff_inhib": 6.182060233551118,
    "a_late_diff_stim": 7.326715373818162,
    "a_late_diff_inhib": 0.3889939319801776,
    "early_diff_slow": 0.1670335026995596,
    "early_diff_fast": 0.5280389061785264,
    "early_diff_very_fast": 0.6354044622014805,
    "late_diff_slow": 0.3650828659979247,
    "late_diff_fast": 0.8559652506262772,
    "Mg_stim": 7.4398943034188205,
    "Mg_dest": 39.09299347416296,
    "IL1b_ineffective": 49.95759166714326,
    "IL1b_stim": 2.570104405847788,
    "IL8_favorable": 23.024330681293616,
    "ALP_M_n": 1.4394298383692712,
    "ARS_M_n": 0.46708785329482244,
    "OC_M_n": 0.07687321555940994,
    "ALP_0": 0.3490393690338057,
    "ARS_0": 0.29021943500864783,
    "OC_0": 6.435133659753715,
    "diff_time": 975.7523883050629,
    "maturity_t": 0.7252848681316892
}