{
    "a_Ber_2016_ALP": 0.6576369670731242,
    "a_Ber_2016_OC": 0.23322692094708342,
    "a_Valles_2020_ALP": 316.7626567129506,
    "a_Valles_2020_ARS": 785.6029905814878,
    "a_Chen_2018_ALP": 6.4008724286335905,
    "a_Chen_2018_ARS": 3.6771085220481394,
    "a_Qiao_2021_ALP": 28.44684937573145,
    "a_early_diff_stim": 12.442389780111244,
    "a_early_diff_inhib": 2.4509777967552315,
    "a_late_diff_stim": 3.441884905842647,
    "a_late_diff_inhib": 9.563317322414127,
    "early_diff_slow": 0.232021743328743,
    "early_diff_fast": 0.5525126180722038,
    "early_diff_very_fast": 0.7589029568202365,
    "late_diff_slow": 0.27603193109009205,
    "late_diff_fast": 0.765798160063857,
    "Mg_stim": 8.382399963573238,
    "Mg_dest": 22.77454979961981,
    "IL1b_ineffective": 120.96021772431784,
    "IL1b_stim": 2.93322011343189,
    "IL8_favorable": 6.465794609183817,
    "ALP_M_n": 1.3143679587584884,
    "ARS_M_n": 0.7076418327129941,
    "OC_M_n": 0.1594128955396701,
    "ALP_0": 0.3441181021107518,
    "ARS_0": 0.04961674991438,
    "OC_0": 2.2619098602391254,
    "diff_time": 981.1970778639089,
    "maturity_t": 0.9765194532211637
}