{
    "a_Ber_2016_ALP": 0.7175423440231855,
    "a_Ber_2016_OC": 0.3319275135838382,
    "a_Valles_2020_ALP": 264.1844654790711,
    "a_Valles_2020_ARS": 735.6615467703145,
    "a_Chen_2018_ALP": 7.26342332946696,
    "a_Chen_2018_ARS": 2.5878996786321906,
    "a_Qiao_2021_ALP": 33.440558068159774,
    "a_early_diff_stim": 4.5073863757506984,
    "a_early_diff_inhib": 3.5838106324705907,
    "a_late_diff_stim": 16.30446473019136,
    "a_late_diff_inhib": 3.681905571313246,
    "early_diff_slow": 0.3981626291500798,
    "early_diff_fast": 0.576728351773108,
    "early_diff_very_fast": 0.6912261790402988,
    "late_diff_slow": 0.1623195091904418,
    "late_diff_fast": 0.6313213151260931,
    "Mg_stim": 7.608486515212327,
    "Mg_dest": 22.11830823335157,
    "IL1b_ineffective": 153.08366270906825,
    "IL1b_stim": 4.583044128290323,
    "IL8_favorable": 8.585314823014407,
    "ALP_M_n": 2.006891310059886,
    "ARS_M_n": 1.2710771212820355,
    "OC_M_n": 0.4822667845334121,
    "ALP_0": 0.4525178190276898,
    "ARS_0": 0.2094615764865411,
    "OC_0": 2.3253026794003526,
    "diff_time": 899.1164004302127,
    "maturity_t": 0.8708508813099058
}