{
    "a_Ber_2016_ALP": 0.7256769228436598,
    "a_Ber_2016_OC": 0.15884094120387693,
    "a_Valles_2020_ALP": 332.17415158173395,
    "a_Valles_2020_ARS": 691.6096981346137,
    "a_Chen_2018_ALP": 6.4186298562436095,
    "a_Chen_2018_ARS": 2.990823128303937,
    "a_Qiao_2021_ALP": 29.657418800653545,
    "a_early_diff_stim": 18.597017224016966,
    "a_early_diff_inhib": 3.5698175194527018,
    "a_late_diff_stim": 6.242090254531893,
    "a_late_diff_inhib": 15.409112942754266,
    "early_diff_slow": 0.3284470334834293,
    "early_diff_fast": 0.5295836675495434,
    "early_diff_very_fast": 0.6750236462895667,
    "late_diff_slow": 0.21967507175688755,
    "late_diff_fast": 0.7711898627241052,
    "Mg_stim": 7.205039314472026,
    "Mg_dest": 29.666466846019976,
    "IL1b_ineffective": 118.27734416320666,
    "IL1b_stim": 3.4355013747777257,
    "IL8_favorable": 6.661148803112354,
    "ALP_M_n": 1.3104730356229701,
    "ARS_M_n": 1.258280511512371,
    "OC_M_n": 0.2778339010986737,
    "ALP_0": 0.32867054346110836,
    "ARS_0": 0.24547176771242768,
    "OC_0": 6.783987767295587,
    "diff_time": 953.9533457852999,
    "maturity_t": 0.9516778366285917
}