{
    "a_Ber_2016_ALP": 0.5964294495494257,
    "a_Ber_2016_OC": 0.06240355203659115,
    "a_Valles_2020_ALP": 288.4051023091445,
    "a_Valles_2020_ARS": 786.0172000640831,
    "a_Chen_2018_ALP": 5.9549311838802605,
    "a_Chen_2018_ARS": 3.3535745346190526,
    "a_Qiao_2021_ALP": 24.349795769556398,
    "a_early_diff_stim": 8.364357586533627,
    "a_early_diff_inhib": 13.63322211693321,
    "a_late_diff_stim": 11.98958077323377,
    "a_late_diff_inhib": 4.997636633418097,
    "early_diff_slow": 0.32878126556770115,
    "early_diff_fast": 0.5678259362154875,
    "early_diff_very_fast": 0.8372982096898481,
    "late_diff_slow": 0.24531393773470186,
    "late_diff_fast": 0.6965178751121034,
    "Mg_stim": 8.97665616559721,
    "Mg_dest": 34.447864283668395,
    "IL1b_ineffective": 126.92740274970168,
    "IL1b_stim": 2.6813117086612532,
    "IL8_favorable": 4.863536484197446,
    "ALP_M_n": 1.471675038428898,
    "ARS_M_n": 0.7682994039487322,
    "OC_M_n": 0.8171725795673856,
    "ALP_0": 0.42905941971222505,
    "ARS_0": 0.06555626892361478,
    "OC_0": 5.445670176695784,
    "diff_time": 958.7159191478189,
    "maturity_t": 0.9957689979123957
}