{
    "a_Ber_2016_ALP": 0.7060200581800404,
    "a_Ber_2016_OC": 0.12189617104589666,
    "a_Valles_2020_ALP": 331.0478249299482,
    "a_Valles_2020_ARS": 524.6891513403792,
    "a_Chen_2018_ALP": 5.818766140626567,
    "a_Chen_2018_ARS": 1.7466253025265766,
    "a_Qiao_2021_ALP": 26.462806037790006,
    "a_early_diff_stim": 8.297442586278388,
    "a_early_diff_inhib": 3.7527648022483007,
    "a_late_diff_stim": 19.36594219414676,
    "a_late_diff_inhib": 6.382443674343216,
    "early_diff_slow": 0.18074906065250257,
    "early_diff_fast": 0.5547157487160185,
    "early_diff_very_fast": 0.9356630257082957,
    "late_diff_slow": 0.3010518725347371,
    "late_diff_fast": 0.7354638748136743,
    "Mg_stim": 8.470080477308919,
    "Mg_dest": 23.213562824926875,
    "IL1b_ineffective": 122.60179214022278,
    "IL1b_stim": 2.91066453434782,
    "IL8_favorable": 5.540189822767218,
    "ALP_M_n": 1.3979226032728214,
    "ARS_M_n": 1.1946313618507893,
    "OC_M_n": 0.47528442135293664,
    "ALP_0": 0.3841277330388745,
    "ARS_0": 0.5237498402803782,
    "OC_0": 5.0475359617731295,
    "diff_time": 1063.233689901084,
    "maturity_t": 0.9836483095756656
}