{
    "a_Ber_2016_ALP": 0.7978087866360727,
    "a_Ber_2016_OC": 0.2113745310774462,
    "a_Valles_2020_ALP": 375.83675251955816,
    "a_Valles_2020_ARS": 676.8476458845597,
    "a_Chen_2018_ALP": 5.631783557715648,
    "a_Chen_2018_ARS": 1.8333025050123122,
    "a_Qiao_2021_ALP": 36.436872305165615,
    "a_early_diff_stim": 6.3227793658870635,
    "a_early_diff_inhib": 10.711548452759178,
    "a_late_diff_stim": 3.7843867237054205,
    "a_late_diff_inhib": 10.869675606715848,
    "early_diff_slow": 0.20096879117119892,
    "early_diff_fast": 0.5694089059035686,
    "early_diff_very_fast": 0.836314832597497,
    "late_diff_slow": 0.3388061838418517,
    "late_diff_fast": 0.857162319627012,
    "Mg_stim": 6.02958748147179,
    "Mg_dest": 24.254730841083592,
    "IL1b_ineffective": 119.14673598354818,
    "IL1b_stim": 3.7606743694042795,
    "IL8_favorable": 7.833992372835475,
    "ALP_M_n": 1.3096817650507624,
    "ARS_M_n": 0.39023878749913987,
    "OC_M_n": 0.4392903707376862,
    "ALP_0": 0.2890423747622656,
    "ARS_0": 0.034952459958488044,
    "OC_0": 5.534877938419609,
    "diff_time": 935.6209960510745,
    "maturity_t": 0.8052320047015616
}