{
    "a_Ber_2016_ALP": 0.9373990484062169,
    "a_Ber_2016_OC": 0.23500878959682264,
    "a_Valles_2020_ALP": 452.02327813229226,
    "a_Valles_2020_ARS": 342.1538489988164,
    "a_Chen_2018_ALP": 7.133389714112649,
    "a_Chen_2018_ARS": 1.1004372655076173,
    "a_Qiao_2021_ALP": 43.27202296702175,
    "a_early_diff_stim": 14.059056191087,
    "a_early_diff_inhib": 7.412920518835088,
    "a_late_diff_stim": 16.887880849364837,
    "a_late_diff_inhib": 7.91216086238435,
    "early_diff_slow": 0.18152280750946231,
    "early_diff_fast": 0.5369441471719278,
    "early_diff_very_fast": 0.7903577697769275,
    "late_diff_slow": 0.1645974511680525,
    "late_diff_fast": 0.7651360956792351,
    "Mg_stim": 8.99123224269313,
    "Mg_dest": 38.57226261279534,
    "IL1b_ineffective": 65.91827339496673,
    "IL1b_stim": 5.7250924276748485,
    "IL8_favorable": 24.420460986206823,
    "ALP_M_n": 1.1880203976465742,
    "ARS_M_n": 1.142989956038849,
    "OC_M_n": 0.10829783853187466,
    "ALP_0": 0.2175183837487538,
    "ARS_0": 1.0389495855406057,
    "OC_0": 4.725349451966365,
    "diff_time": 1029.218175726216,
    "maturity_t": 0.7380982914890102
}