{
    "a_Ber_2016_ALP": 0.40649657535480305,
    "a_Ber_2016_OC": 0.41265134876399867,
    "a_Valles_2020_ALP": 189.80332262090386,
    "a_Valles_2020_ARS": 633.1958773594193,
    "a_Chen_2018_ALP": 3.1054342322599293,
    "a_Chen_2018_ARS": 2.3407479331074126,
    "a_Qiao_2021_ALP": 17.13433322536042,
    "a_early_diff_stim": 11.009712026398715,
    "a_early_diff_inhib": 9.839439214776226,
    "a_late_diff_stim": 18.860949469477344,
    "a_late_diff_inhib": 2.9419167511119007,
    "early_diff_slow": 0.3306118086116233,
    "early_diff_fast": 0.5238147236792837,
    "early_diff_very_fast": 0.9530645186688669,
    "late_diff_slow": 0.3176021800732901,
    "late_diff_fast": 0.703297577270528,
    "Mg_stim": 2.2305633691943267,
    "Mg_dest": 27.956297843166652,
    "IL1b_ineffective": 111.13037790835997,
    "IL1b_stim": 4.507699910415635,
    "IL8_favorable": 35.73724694121756,
    "ALP_M_n": 2.138765575868051,
    "ARS_M_n": 1.0648103713574442,
    "OC_M_n": 0.28604521785009895,
    "ALP_0": 0.672650299114798,
    "ARS_0": 0.2973097750276928,
    "OC_0": 2.0047544907939434,
    "diff_time": 954.3358881765315,
    "maturity_t": 0.8310664910199953
}