{
    "a_Ber_2016_ALP": 0.724413604080314,
    "a_Ber_2016_OC": 0.32602488991658163,
    "a_Valles_2020_ALP": 318.9337006069556,
    "a_Valles_2020_ARS": 454.54395548101195,
    "a_Chen_2018_ALP": 7.831588043008872,
    "a_Chen_2018_ARS": 1.6331044465747058,
    "a_Qiao_2021_ALP": 30.739788169475315,
    "a_early_diff_stim": 18.299414534535757,
    "a_early_diff_inhib": 13.95599729174837,
    "a_late_diff_stim": 5.7630647867685525,
    "a_late_diff_inhib": 3.500868469911663,
    "early_diff_slow": 0.12516469611054584,
    "early_diff_fast": 0.5314712934790492,
    "early_diff_very_fast": 0.750024167422927,
    "late_diff_slow": 0.19011830090474416,
    "late_diff_fast": 0.7217602977961551,
    "Mg_stim": 7.730945674753788,
    "Mg_dest": 28.680133291620745,
    "IL1b_ineffective": 129.26329430959976,
    "IL1b_stim": 3.200684855435153,
    "IL8_favorable": 20.303174392669593,
    "ALP_M_n": 1.1660974923590275,
    "ARS_M_n": 1.5405404702643823,
    "OC_M_n": 0.5824647509513066,
    "ALP_0": 0.28016169710208466,
    "ARS_0": 0.5848643622659148,
    "OC_0": 2.2670512730022025,
    "diff_time": 1033.1867844999645,
    "maturity_t": 1.0
}