{
    "a_Ber_2016_ALP": 0.6154314006469064,
    "a_Ber_2016_OC": 0.6403113335091858,
    "a_Valles_2020_ALP": 314.972244294319,
    "a_Valles_2020_ARS": 724.8067632830026,
    "a_Chen_2018_ALP": 7.36617348046298,
    "a_Chen_2018_ARS": 2.4168422461894457,
    "a_Qiao_2021_ALP": 29.633784900792847,
    "a_early_diff_stim": 7.093248376520622,
    "a_early_diff_inhib": 5.659676144284463,
    "a_late_diff_stim": 4.581753426519369,
    "a_late_diff_inhib": 15.793067291244254,
    "early_diff_slow": 0.2695455095789787,
    "early_diff_fast": 0.6111268705186843,
    "early_diff_very_fast": 0.9242742700869488,
    "late_diff_slow": 0.3089247252108666,
    "late_diff_fast": 0.8007151151806218,
    "Mg_stim": 6.637135944577247,
    "Mg_dest": 22.871506918208922,
    "IL1b_ineffective": 154.92114529378145,
    "IL1b_stim": 3.0376109393635744,
    "IL8_favorable": 7.684704882888298,
    "ALP_M_n": 1.2200216398625463,
    "ARS_M_n": 0.8400587777551867,
    "OC_M_n": 0.22726629846267626,
    "ALP_0": 0.30490193820402534,
    "ARS_0": 0.13367400159560433,
    "OC_0": 2.119027462071843,
    "diff_time": 925.3117586735772,
    "maturity_t": 1.0
}