{
    "a_Ber_2016_ALP": 0.5648398263894354,
    "a_Ber_2016_OC": 0.2799999737806474,
    "a_Valles_2020_ALP": 300.33096358129575,
    "a_Valles_2020_ARS": 786.8522737677386,
    "a_Chen_2018_ALP": 5.681907834969567,
    "a_Chen_2018_ARS": 3.531016383327644,
    "a_Qiao_2021_ALP": 25.797291873499677,
    "a_early_diff_stim": 9.189716075943327,
    "a_early_diff_inhib": 11.560848995142925,
    "a_late_diff_stim": 10.899176601531762,
    "a_late_diff_inhib": 13.432443359386069,
    "early_diff_slow": 0.30429096514889276,
    "early_diff_fast": 0.5727326037138071,
    "early_diff_very_fast": 0.7132962889164345,
    "late_diff_slow": 0.3414492203566796,
    "late_diff_fast": 0.8392234865584833,
    "Mg_stim": 7.934813796199981,
    "Mg_dest": 32.038476172715406,
    "IL1b_ineffective": 139.15016634526432,
    "IL1b_stim": 2.2563487300492238,
    "IL8_favorable": 9.33232323060777,
    "ALP_M_n": 1.5474756782924002,
    "ARS_M_n": 0.5830048616638647,
    "OC_M_n": 2.6367840395180724e-07,
    "ALP_0": 0.43071810067999367,
    "ARS_0": 0.023858739859809193,
    "OC_0": 1.5677253770756925,
    "diff_time": 975.0190253217083,
    "maturity_t": 0.9183208453975086
}