{
    "a_Ber_2016_ALP": 0.6706020128563069,
    "a_Ber_2016_OC": 0.42330358500623494,
    "a_Valles_2020_ALP": 322.78705243427055,
    "a_Valles_2020_ARS": 757.8173652476203,
    "a_Chen_2018_ALP": 6.411088664044878,
    "a_Chen_2018_ARS": 3.074405418181239,
    "a_Qiao_2021_ALP": 25.43602163851748,
    "a_early_diff_stim": 5.450055969376902,
    "a_early_diff_inhib": 1.5310333430837195,
    "a_late_diff_stim": 19.853346751707775,
    "a_late_diff_inhib": 16.206133210008602,
    "early_diff_slow": 0.3399745078117396,
    "early_diff_fast": 0.5931223058427617,
    "early_diff_very_fast": 0.7803626279373888,
    "late_diff_slow": 0.2792896475636962,
    "late_diff_fast": 0.6287673866737495,
    "Mg_stim": 9.321309123683386,
    "Mg_dest": 21.76589595275263,
    "IL1b_ineffective": 136.97879868982614,
    "IL1b_stim": 1.8333012696554167,
    "IL8_favorable": 7.757796224796017,
    "ALP_M_n": 1.6842845951277605,
    "ARS_M_n": 0.6996820697797153,
    "OC_M_n": 0.2085325926158357,
    "ALP_0": 0.42338974716145866,
    "ARS_0": 0.0,
    "OC_0": 6.653229122889118,
    "diff_time": 853.2760166531731,
    "maturity_t": 0.903728555693491
}