{
    "a_Ber_2016_ALP": 0.6454599293564446,
    "a_Ber_2016_OC": 0.6210363058771179,
    "a_Valles_2020_ALP": 304.9617189516438,
    "a_Valles_2020_ARS": 771.3259927348723,
    "a_Chen_2018_ALP": 6.217676232112044,
    "a_Chen_2018_ARS": 3.587750965122905,
    "a_Qiao_2021_ALP": 28.003316702702083,
    "a_early_diff_stim": 8.649665138677923,
    "a_early_diff_inhib": 12.629685870721104,
    "a_late_diff_stim": 11.518473783760111,
    "a_late_diff_inhib": 0.2181839232765057,
    "early_diff_slow": 0.29679357135951545,
    "early_diff_fast": 0.5627957357901037,
    "early_diff_very_fast": 0.8455867995491807,
    "late_diff_slow": 0.200395525721642,
    "late_diff_fast": 0.7448207923811773,
    "Mg_stim": 7.815901277894909,
    "Mg_dest": 32.76713710831306,
    "IL1b_ineffective": 121.98752134590116,
    "IL1b_stim": 3.0313029455074023,
    "IL8_favorable": 6.644834819815074,
    "ALP_M_n": 1.3378792218074758,
    "ARS_M_n": 0.8021650986199612,
    "OC_M_n": 0.07886631752001604,
    "ALP_0": 0.3487263790323628,
    "ARS_0": 0.06490252460864838,
    "OC_0": 4.577060761949383,
    "diff_time": 905.7714390469381,
    "maturity_t": 0.9810016684734816
}