{
    "a_Ber_2016_ALP": 0.7750777685843991,
    "a_Ber_2016_OC": 0.26169331565976395,
    "a_Valles_2020_ALP": 360.31457358170263,
    "a_Valles_2020_ARS": 791.4391552820852,
    "a_Chen_2018_ALP": 7.7871906003903355,
    "a_Chen_2018_ARS": 3.7219805262308223,
    "a_Qiao_2021_ALP": 35.97994175621425,
    "a_early_diff_stim": 11.067920976469471,
    "a_early_diff_inhib": 9.987697842611638,
    "a_late_diff_stim": 1.9179573396399405,
    "a_late_diff_inhib": 14.275708577283801,
    "early_diff_slow": 0.3388093052038512,
    "early_diff_fast": 0.5524459596775986,
    "early_diff_very_fast": 0.7587398782091783,
    "late_diff_slow": 0.3835544226091484,
    "late_diff_fast": 0.842895758423312,
    "Mg_stim": 8.993025273628067,
    "Mg_dest": 28.30535677879168,
    "IL1b_ineffective": 115.65702002831331,
    "IL1b_stim": 3.325376558005374,
    "IL8_favorable": 8.275820497308203,
    "ALP_M_n": 0.9935694058104461,
    "ARS_M_n": 0.9086484249040885,
    "OC_M_n": 0.02955077303088872,
    "ALP_0": 0.1923976556100537,
    "ARS_0": 0.08588070015901479,
    "OC_0": 9.064430795962682,
    "diff_time": 935.229221603567,
    "maturity_t": 0.975836536410275
}