{
    "a_Ber_2016_ALP": 0.6246376429754822,
    "a_Ber_2016_OC": 0.2838898851042576,
    "a_Valles_2020_ALP": 296.3883084921984,
    "a_Valles_2020_ARS": 802.459629446184,
    "a_Chen_2018_ALP": 5.717023176826113,
    "a_Chen_2018_ARS": 3.80001638823979,
    "a_Qiao_2021_ALP": 26.119472949195348,
    "a_early_diff_stim": 7.965787272787282,
    "a_early_diff_inhib": 11.28270303917134,
    "a_late_diff_stim": 17.84469738384103,
    "a_late_diff_inhib": 5.7508781282883845,
    "early_diff_slow": 0.33105843976277005,
    "early_diff_fast": 0.5618782700066234,
    "early_diff_very_fast": 0.927860732343079,
    "late_diff_slow": 0.3138613345253184,
    "late_diff_fast": 0.6400232279786948,
    "Mg_stim": 8.19087180487952,
    "Mg_dest": 26.49589357717645,
    "IL1b_ineffective": 119.69291046252022,
    "IL1b_stim": 3.1777737071063132,
    "IL8_favorable": 6.046565703355384,
    "ALP_M_n": 1.5836665697245047,
    "ARS_M_n": 0.8052387992835568,
    "OC_M_n": 0.1763785607679504,
    "ALP_0": 0.4399876007635877,
    "ARS_0": 0.08056450690908744,
    "OC_0": 6.401060964431492,
    "diff_time": 1036.539929524314,
    "maturity_t": 0.8894166907856402
}