{
    "a_Ber_2016_ALP": 0.3478427489743008,
    "a_Ber_2016_OC": 0.2100722791350389,
    "a_Valles_2020_ALP": 160.50965716784845,
    "a_Valles_2020_ARS": 571.9446472751424,
    "a_Chen_2018_ALP": 3.2954875667172554,
    "a_Chen_2018_ARS": 2.356962448667275,
    "a_Qiao_2021_ALP": 15.755230432248606,
    "a_early_diff_stim": 4.920103919460595,
    "a_early_diff_inhib": 6.391822793960412,
    "a_late_diff_stim": 9.358357388319618,
    "a_late_diff_inhib": 11.336029425327139,
    "early_diff_slow": 0.22376188144117934,
    "early_diff_fast": 0.5810496840063305,
    "early_diff_very_fast": 0.837878853908382,
    "late_diff_slow": 0.10974767942953287,
    "late_diff_fast": 0.8094226736003439,
    "Mg_stim": 5.062113888269985,
    "Mg_dest": 36.80757463470282,
    "IL1b_ineffective": 126.74574992884838,
    "IL1b_stim": 2.0771071984403484,
    "IL8_favorable": 8.995644000483566,
    "ALP_M_n": 2.139965993622564,
    "ARS_M_n": 1.2955653479123257,
    "OC_M_n": 0.1846824719159578,
    "ALP_0": 0.6923204603840778,
    "ARS_0": 0.302100657436359,
    "OC_0": 3.7395051423484804,
    "diff_time": 808.6434384986643,
    "maturity_t": 0.8711731849021705
}