{
    "a_Ber_2016_ALP": 0.7066550186598384,
    "a_Ber_2016_OC": 0.10247587766711948,
    "a_Valles_2020_ALP": 344.7963797738578,
    "a_Valles_2020_ARS": 729.7709044947854,
    "a_Chen_2018_ALP": 7.083802673908723,
    "a_Chen_2018_ARS": 2.9266496678438765,
    "a_Qiao_2021_ALP": 33.669612934926995,
    "a_early_diff_stim": 14.503351068530554,
    "a_early_diff_inhib": 7.998730503844267,
    "a_late_diff_stim": 8.84972485875039,
    "a_late_diff_inhib": 13.53101545531246,
    "early_diff_slow": 0.24095386686757253,
    "early_diff_fast": 0.5460450559230994,
    "early_diff_very_fast": 0.8405847292247759,
    "late_diff_slow": 0.2504560163975144,
    "late_diff_fast": 0.7650661921696509,
    "Mg_stim": 3.363586111658821,
    "Mg_dest": 27.70585211995829,
    "IL1b_ineffective": 109.96633644227683,
    "IL1b_stim": 5.294666132097781,
    "IL8_favorable": 14.889053799055873,
    "ALP_M_n": 1.3273359951204196,
    "ARS_M_n": 0.7388458396460733,
    "OC_M_n": 0.5070258772930375,
    "ALP_0": 0.3193349461428753,
    "ARS_0": 0.10493393123878848,
    "OC_0": 6.260634319263462,
    "diff_time": 1032.260298808081,
    "maturity_t": 0.8400578406581277
}