{
    "a_Ber_2016_ALP": 0.7195056660175082,
    "a_Ber_2016_OC": 0.2002922121312457,
    "a_Valles_2020_ALP": 309.2478392179109,
    "a_Valles_2020_ARS": 723.0857722463398,
    "a_Chen_2018_ALP": 6.921937315179235,
    "a_Chen_2018_ARS": 3.5655824690961224,
    "a_Qiao_2021_ALP": 34.353879925892905,
    "a_early_diff_stim": 19.428315243766978,
    "a_early_diff_inhib": 5.447796007614411,
    "a_late_diff_stim": 6.602167146928117,
    "a_late_diff_inhib": 19.636272688257034,
    "early_diff_slow": 0.2536674090679412,
    "early_diff_fast": 0.5326595081012937,
    "early_diff_very_fast": 0.6311053652782249,
    "late_diff_slow": 0.16062665217785443,
    "late_diff_fast": 0.8813736518952905,
    "Mg_stim": 9.79899317628091,
    "Mg_dest": 37.80698594453632,
    "IL1b_ineffective": 111.94343049700686,
    "IL1b_stim": 4.012369946940311,
    "IL8_favorable": 11.856502385065433,
    "ALP_M_n": 1.4781763621870045,
    "ARS_M_n": 0.999290698536168,
    "OC_M_n": 0.2649203763763299,
    "ALP_0": 0.3409151249288286,
    "ARS_0": 0.11213472109022994,
    "OC_0": 2.5770367984821787,
    "diff_time": 831.9992515178159,
    "maturity_t": 0.7833745450996005
}