{
    "a_Ber_2016_ALP": 0.7176862013081334,
    "a_Ber_2016_OC": 0.2542430861363105,
    "a_Valles_2020_ALP": 322.3911473967976,
    "a_Valles_2020_ARS": 749.8331488810275,
    "a_Chen_2018_ALP": 6.037620852306782,
    "a_Chen_2018_ARS": 1.869299836541314,
    "a_Qiao_2021_ALP": 32.57527876307075,
    "a_early_diff_stim": 12.970219790267006,
    "a_early_diff_inhib": 1.031493375164971,
    "a_late_diff_stim": 12.361745073440112,
    "a_late_diff_inhib": 16.409632244265048,
    "early_diff_slow": 0.29086309665362853,
    "early_diff_fast": 0.5397988494496179,
    "early_diff_very_fast": 0.8092073803753767,
    "late_diff_slow": 0.16334665952186583,
    "late_diff_fast": 0.751089452209116,
    "Mg_stim": 8.166037077923143,
    "Mg_dest": 24.962310561169815,
    "IL1b_ineffective": 118.0428933726969,
    "IL1b_stim": 4.699153846126421,
    "IL8_favorable": 19.707035868539286,
    "ALP_M_n": 1.2419211857685961,
    "ARS_M_n": 0.9917989620172029,
    "OC_M_n": 0.19108131417504334,
    "ALP_0": 0.279792927415386,
    "ARS_0": 0.13155023488252793,
    "OC_0": 0.757669110343049,
    "diff_time": 890.3016279134416,
    "maturity_t": 0.9236871951279625
}