{
    "a_Ber_2016_ALP": 0.5948210385455427,
    "a_Ber_2016_OC": 0.5611521202267407,
    "a_Valles_2020_ALP": 268.8668347037805,
    "a_Valles_2020_ARS": 552.5819974132967,
    "a_Chen_2018_ALP": 6.894595631213042,
    "a_Chen_2018_ARS": 2.5237786429192575,
    "a_Qiao_2021_ALP": 30.564296648177464,
    "a_early_diff_stim": 7.197473752695922,
    "a_early_diff_inhib": 5.504401015431362,
    "a_late_diff_stim": 4.815219185514947,
    "a_late_diff_inhib": 15.041095811090104,
    "early_diff_slow": 0.15968667509814355,
    "early_diff_fast": 0.5631432905363856,
    "early_diff_very_fast": 0.6656069544547958,
    "late_diff_slow": 0.22478714399474056,
    "late_diff_fast": 0.6337265385481718,
    "Mg_stim": 8.423047415864099,
    "Mg_dest": 25.838325241763187,
    "IL1b_ineffective": 125.35595534638556,
    "IL1b_stim": 1.0747702441041849,
    "IL8_favorable": 10.003280181535523,
    "ALP_M_n": 2.661876932884562,
    "ARS_M_n": 0.770241732441669,
    "OC_M_n": 0.19746086738954746,
    "ALP_0": 0.5748007715318,
    "ARS_0": 0.45120147142920247,
    "OC_0": 5.544881456856834,
    "diff_time": 1049.9897983807077,
    "maturity_t": 0.541869013641195
}