{
    "a_Ber_2016_ALP": 0.6381407325450326,
    "a_Ber_2016_OC": 0.2645508922385954,
    "a_Valles_2020_ALP": 262.90420371067063,
    "a_Valles_2020_ARS": 759.9639666760298,
    "a_Chen_2018_ALP": 6.423220459931042,
    "a_Chen_2018_ARS": 3.5754086503147766,
    "a_Qiao_2021_ALP": 29.1216863903861,
    "a_early_diff_stim": 6.463303421034979,
    "a_early_diff_inhib": 11.775332732701727,
    "a_late_diff_stim": 9.983618315328123,
    "a_late_diff_inhib": 4.8972156818653385,
    "early_diff_slow": 0.35652833302441617,
    "early_diff_fast": 0.6050723973588789,
    "early_diff_very_fast": 0.8497163221269208,
    "late_diff_slow": 0.2779111320492154,
    "late_diff_fast": 0.78868340860877,
    "Mg_stim": 9.990870965831537,
    "Mg_dest": 30.736090917380682,
    "IL1b_ineffective": 113.53613729830359,
    "IL1b_stim": 3.9569229378792805,
    "IL8_favorable": 9.298817158583603,
    "ALP_M_n": 2.09209520447925,
    "ARS_M_n": 0.9331634915536705,
    "OC_M_n": 0.1845852555802859,
    "ALP_0": 0.5049864651714608,
    "ARS_0": 0.106474496016838,
    "OC_0": 6.180791333803907,
    "diff_time": 910.8619935061167,
    "maturity_t": 0.6726567476653671
}