{
    "a_Ber_2016_ALP": 0.7717693277988615,
    "a_Ber_2016_OC": 0.4356902266162038,
    "a_Valles_2020_ALP": 389.8091068304554,
    "a_Valles_2020_ARS": 559.5816614548446,
    "a_Chen_2018_ALP": 9.298462362876778,
    "a_Chen_2018_ARS": 1.8210205386885134,
    "a_Qiao_2021_ALP": 37.02404456458714,
    "a_early_diff_stim": 13.982435550220863,
    "a_early_diff_inhib": 13.562210224146504,
    "a_late_diff_stim": 9.192767726114685,
    "a_late_diff_inhib": 8.367912806555461,
    "early_diff_slow": 0.1868186691856172,
    "early_diff_fast": 0.5332610170544545,
    "early_diff_very_fast": 0.9454809778513301,
    "late_diff_slow": 0.23279359464836888,
    "late_diff_fast": 0.8366051619763646,
    "Mg_stim": 7.240399862887647,
    "Mg_dest": 34.78401821828054,
    "IL1b_ineffective": 103.60471238734486,
    "IL1b_stim": 10.589132781116627,
    "IL8_favorable": 16.773458193299042,
    "ALP_M_n": 1.3245822997999999,
    "ARS_M_n": 1.0630752717373706,
    "OC_M_n": 0.36439542145551523,
    "ALP_0": 0.285341260947455,
    "ARS_0": 0.4817783774001744,
    "OC_0": 4.800334868680097,
    "diff_time": 1028.8166208457199,
    "maturity_t": 0.7964419434712726
}