{
    "a_Ber_2016_ALP": 0.6685534179542395,
    "a_Ber_2016_OC": 0.30610004928172424,
    "a_Valles_2020_ALP": 321.17168291520574,
    "a_Valles_2020_ARS": 622.786798415555,
    "a_Chen_2018_ALP": 5.107015558611753,
    "a_Chen_2018_ARS": 2.0052491552160854,
    "a_Qiao_2021_ALP": 25.36343180454573,
    "a_early_diff_stim": 7.908540792095513,
    "a_early_diff_inhib": 10.574844118156186,
    "a_late_diff_stim": 4.120403499945493,
    "a_late_diff_inhib": 2.4622643043404064,
    "early_diff_slow": 0.11882508674129436,
    "early_diff_fast": 0.5634942700991397,
    "early_diff_very_fast": 0.9928576261366642,
    "late_diff_slow": 0.3301153485400975,
    "late_diff_fast": 0.6324232913923341,
    "Mg_stim": 8.075114848949582,
    "Mg_dest": 32.40652768665511,
    "IL1b_ineffective": 121.29738618516397,
    "IL1b_stim": 3.5357652177073824,
    "IL8_favorable": 3.004056294165764,
    "ALP_M_n": 1.4749032472862813,
    "ARS_M_n": 1.061006836565098,
    "OC_M_n": 0.525075751364942,
    "ALP_0": 0.42497320358620355,
    "ARS_0": 0.3749439411114642,
    "OC_0": 5.764122613285327,
    "diff_time": 1078.0253925408501,
    "maturity_t": 0.9599211006490707
}