{
    "a_Ber_2016_ALP": 0.4777275023139518,
    "a_Ber_2016_OC": 0.03314320553383787,
    "a_Valles_2020_ALP": 251.08582148618507,
    "a_Valles_2020_ARS": 715.5017186418521,
    "a_Chen_2018_ALP": 5.970359683995099,
    "a_Chen_2018_ARS": 2.531780670104438,
    "a_Qiao_2021_ALP": 28.796085966548546,
    "a_early_diff_stim": 18.423661224137764,
    "a_early_diff_inhib": 2.3201473376562864,
    "a_late_diff_stim": 8.001671176714499,
    "a_late_diff_inhib": 8.36662399867221,
    "early_diff_slow": 0.23394068829482362,
    "early_diff_fast": 0.5491491913367698,
    "early_diff_very_fast": 0.9197887822045812,
    "late_diff_slow": 0.1079238032795726,
    "late_diff_fast": 0.7784059682487855,
    "Mg_stim": 2.9961832776511472,
    "Mg_dest": 25.848603696122268,
    "IL1b_ineffective": 102.6182021379888,
    "IL1b_stim": 11.092602583349144,
    "IL8_favorable": 63.8974163898881,
    "ALP_M_n": 1.6629499478410192,
    "ARS_M_n": 0.7202478966821335,
    "OC_M_n": 1.5955011809765764,
    "ALP_0": 0.4394594722978873,
    "ARS_0": 0.11706630659873962,
    "OC_0": 4.167098865725661,
    "diff_time": 947.7883015907723,
    "maturity_t": 0.8159602463480605
}