{
    "a_Ber_2016_ALP": 0.6702870102774185,
    "a_Ber_2016_OC": 0.22006744980634188,
    "a_Valles_2020_ALP": 320.4422203548029,
    "a_Valles_2020_ARS": 610.8766527691796,
    "a_Chen_2018_ALP": 6.763865236838199,
    "a_Chen_2018_ARS": 1.9799220824572716,
    "a_Qiao_2021_ALP": 27.986919092308874,
    "a_early_diff_stim": 10.141729319975651,
    "a_early_diff_inhib": 3.1325955915594776,
    "a_late_diff_stim": 17.354050167842587,
    "a_late_diff_inhib": 13.126025473464264,
    "early_diff_slow": 0.39955406496238677,
    "early_diff_fast": 0.529120019740009,
    "early_diff_very_fast": 0.8153563557514873,
    "late_diff_slow": 0.29161742003820673,
    "late_diff_fast": 0.6919860207313908,
    "Mg_stim": 6.7932150423407425,
    "Mg_dest": 32.76785546330336,
    "IL1b_ineffective": 123.81465604206383,
    "IL1b_stim": 7.303305035390766,
    "IL8_favorable": 35.261137580971,
    "ALP_M_n": 1.7610751223377274,
    "ARS_M_n": 0.8275611284895218,
    "OC_M_n": 0.1424301297572137,
    "ALP_0": 0.4247849559137298,
    "ARS_0": 0.27369877020129546,
    "OC_0": 4.604949129358785,
    "diff_time": 868.8487472613979,
    "maturity_t": 0.817145458226704
}