{
    "a_Ber_2016_ALP": 0.7470344925563697,
    "a_Ber_2016_OC": 0.416876973843754,
    "a_Valles_2020_ALP": 340.49374460414714,
    "a_Valles_2020_ARS": 799.4790178173754,
    "a_Chen_2018_ALP": 7.410113475143793,
    "a_Chen_2018_ARS": 3.063012802319795,
    "a_Qiao_2021_ALP": 32.89263361850084,
    "a_early_diff_stim": 10.487667778977917,
    "a_early_diff_inhib": 1.4648855316872762,
    "a_late_diff_stim": 15.888062211098948,
    "a_late_diff_inhib": 2.089147787474362,
    "early_diff_slow": 0.1494237781924272,
    "early_diff_fast": 0.5288989505711913,
    "early_diff_very_fast": 0.6964688877040117,
    "late_diff_slow": 0.3050153272746038,
    "late_diff_fast": 0.7051712211210226,
    "Mg_stim": 9.840514993007588,
    "Mg_dest": 24.750262165920752,
    "IL1b_ineffective": 120.50727985607193,
    "IL1b_stim": 3.8298832733530865,
    "IL8_favorable": 9.253166045550692,
    "ALP_M_n": 1.298774149392495,
    "ARS_M_n": 0.8814461426723711,
    "OC_M_n": 0.5173742474466586,
    "ALP_0": 0.29965013836507126,
    "ARS_0": 0.09931203785581232,
    "OC_0": 2.947651045694437,
    "diff_time": 873.083998030497,
    "maturity_t": 0.8852296001374164
}