{
    "a_Ber_2016_ALP": 0.6925956638848553,
    "a_Ber_2016_OC": 0.24090989650218433,
    "a_Valles_2020_ALP": 297.8843322342839,
    "a_Valles_2020_ARS": 706.2209778684947,
    "a_Chen_2018_ALP": 6.6226038794223685,
    "a_Chen_2018_ARS": 3.282920708740196,
    "a_Qiao_2021_ALP": 30.62727693058521,
    "a_early_diff_stim": 7.520615039735784,
    "a_early_diff_inhib": 9.540708015988216,
    "a_late_diff_stim": 10.084627302786862,
    "a_late_diff_inhib": 10.710015916413607,
    "early_diff_slow": 0.20698941965104162,
    "early_diff_fast": 0.6032534591005212,
    "early_diff_very_fast": 0.8414265858463079,
    "late_diff_slow": 0.19262421843996066,
    "late_diff_fast": 0.7636613291302352,
    "Mg_stim": 9.236796824332133,
    "Mg_dest": 23.11138852401225,
    "IL1b_ineffective": 114.9504185155877,
    "IL1b_stim": 3.675560755448384,
    "IL8_favorable": 9.426470932399297,
    "ALP_M_n": 1.6236155281277609,
    "ARS_M_n": 0.9974802130596208,
    "OC_M_n": 0.08669952776179568,
    "ALP_0": 0.39886138123284237,
    "ARS_0": 0.1437769792612381,
    "OC_0": 4.66931706114765,
    "diff_time": 876.0198503650778,
    "maturity_t": 0.7979386221915729
}