{
    "a_Ber_2016_ALP": 0.48459633754525633,
    "a_Ber_2016_OC": 0.6406933605962658,
    "a_Valles_2020_ALP": 233.75222832971946,
    "a_Valles_2020_ARS": 658.1311167866537,
    "a_Chen_2018_ALP": 4.939385710769284,
    "a_Chen_2018_ARS": 3.1202848961528877,
    "a_Qiao_2021_ALP": 22.864881649886815,
    "a_early_diff_stim": 12.286839337078975,
    "a_early_diff_inhib": 8.40983951485219,
    "a_late_diff_stim": 11.008071728440424,
    "a_late_diff_inhib": 9.020241587727485,
    "early_diff_slow": 0.30640048415358545,
    "early_diff_fast": 0.537701551959757,
    "early_diff_very_fast": 0.729512221413709,
    "late_diff_slow": 0.32392252160252205,
    "late_diff_fast": 0.6509866886860076,
    "Mg_stim": 7.850065177512955,
    "Mg_dest": 34.339903282189255,
    "IL1b_ineffective": 117.07242161013292,
    "IL1b_stim": 3.555185855354347,
    "IL8_favorable": 7.829630087800879,
    "ALP_M_n": 1.584749789035956,
    "ARS_M_n": 1.2187819621235088,
    "OC_M_n": 0.1025262365769924,
    "ALP_0": 0.4743600686113446,
    "ARS_0": 0.186916729150781,
    "OC_0": 8.085496361980029,
    "diff_time": 791.355459849899,
    "maturity_t": 0.9727145920967338
}