{
    "a_Ber_2016_ALP": 0.7133222386871824,
    "a_Ber_2016_OC": 0.07453581446942643,
    "a_Valles_2020_ALP": 362.84801026471223,
    "a_Valles_2020_ARS": 479.9458154255512,
    "a_Chen_2018_ALP": 7.814715995246559,
    "a_Chen_2018_ARS": 1.9494038592978722,
    "a_Qiao_2021_ALP": 39.8963090485789,
    "a_early_diff_stim": 8.682871609063236,
    "a_early_diff_inhib": 4.332276684426,
    "a_late_diff_stim": 18.514724128523532,
    "a_late_diff_inhib": 4.3619165825848345,
    "early_diff_slow": 0.1654885234831976,
    "early_diff_fast": 0.5307026097709633,
    "early_diff_very_fast": 0.7197121951638439,
    "late_diff_slow": 0.11229626764783318,
    "late_diff_fast": 0.7183404890757334,
    "Mg_stim": 4.371594826857216,
    "Mg_dest": 28.178602970022595,
    "IL1b_ineffective": 119.68023171200323,
    "IL1b_stim": 3.162203916964664,
    "IL8_favorable": 11.640156096651587,
    "ALP_M_n": 1.1324303745303672,
    "ARS_M_n": 2.064789665698689,
    "OC_M_n": 0.7137915322842872,
    "ALP_0": 0.25234711259463016,
    "ARS_0": 0.5511979549370967,
    "OC_0": 5.64994803632826,
    "diff_time": 1029.7524627363532,
    "maturity_t": 0.7710485206566023
}