{
    "a_Ber_2016_ALP": 0.6619826005564038,
    "a_Ber_2016_OC": 0.6080295726389571,
    "a_Valles_2020_ALP": 329.57601908010827,
    "a_Valles_2020_ARS": 709.336171971691,
    "a_Chen_2018_ALP": 7.044590371755169,
    "a_Chen_2018_ARS": 3.339054461010715,
    "a_Qiao_2021_ALP": 32.874220468693146,
    "a_early_diff_stim": 8.091303050563871,
    "a_early_diff_inhib": 7.922940999575618,
    "a_late_diff_stim": 12.575244551745255,
    "a_late_diff_inhib": 14.894111768809532,
    "early_diff_slow": 0.3236392205290908,
    "early_diff_fast": 0.5710913255125883,
    "early_diff_very_fast": 0.8519448791104963,
    "late_diff_slow": 0.17318697926289134,
    "late_diff_fast": 0.6674975153929994,
    "Mg_stim": 9.319645444852972,
    "Mg_dest": 29.747267980401688,
    "IL1b_ineffective": 114.05014384457593,
    "IL1b_stim": 3.354371463435797,
    "IL8_favorable": 8.68966130905649,
    "ALP_M_n": 1.0600899566294966,
    "ARS_M_n": 1.1781832866925235,
    "OC_M_n": 0.09799149344009349,
    "ALP_0": 0.23235676783962725,
    "ARS_0": 0.16594334076051098,
    "OC_0": 4.9295609550067905,
    "diff_time": 852.0086309444478,
    "maturity_t": 1.0
}