{
    "a_Ber_2016_ALP": 0.6629077665818548,
    "a_Ber_2016_OC": 0.28923227503269366,
    "a_Valles_2020_ALP": 306.6951845428815,
    "a_Valles_2020_ARS": 653.4551656897827,
    "a_Chen_2018_ALP": 6.031597186592449,
    "a_Chen_2018_ARS": 1.8561336885602067,
    "a_Qiao_2021_ALP": 28.174734668996177,
    "a_early_diff_stim": 6.0233190948276185,
    "a_early_diff_inhib": 7.0162899900264115,
    "a_late_diff_stim": 7.824533080083364,
    "a_late_diff_inhib": 7.631099656323988,
    "early_diff_slow": 0.331269249093314,
    "early_diff_fast": 0.5478392043197021,
    "early_diff_very_fast": 0.8333139927755471,
    "late_diff_slow": 0.10745796794008439,
    "late_diff_fast": 0.801719495042805,
    "Mg_stim": 3.6389915287514745,
    "Mg_dest": 28.910409468649544,
    "IL1b_ineffective": 128.1453345259674,
    "IL1b_stim": 4.462070862305126,
    "IL8_favorable": 4.882032420537286,
    "ALP_M_n": 1.3041611816637548,
    "ARS_M_n": 1.051253931382385,
    "OC_M_n": 0.7837622567990128,
    "ALP_0": 0.35465017868718823,
    "ARS_0": 0.2893228752764471,
    "OC_0": 3.114311900294653,
    "diff_time": 919.8330594877533,
    "maturity_t": 0.9786422784933627
}