{
    "a_Ber_2016_ALP": 0.6202862742262473,
    "a_Ber_2016_OC": 0.2741818496613452,
    "a_Valles_2020_ALP": 281.93802978398287,
    "a_Valles_2020_ARS": 777.3941937861737,
    "a_Chen_2018_ALP": 6.6709096995823804,
    "a_Chen_2018_ARS": 3.0345872988953344,
    "a_Qiao_2021_ALP": 28.66188346256264,
    "a_early_diff_stim": 6.01932150427962,
    "a_early_diff_inhib": 4.210390254315525,
    "a_late_diff_stim": 4.106740817752639,
    "a_late_diff_inhib": 3.192814276654717,
    "early_diff_slow": 0.22935298710617255,
    "early_diff_fast": 0.5652664473228226,
    "early_diff_very_fast": 0.7395118867302057,
    "late_diff_slow": 0.25971487281291505,
    "late_diff_fast": 0.8203482040450542,
    "Mg_stim": 8.156780031095881,
    "Mg_dest": 31.773998655555427,
    "IL1b_ineffective": 131.04899733899774,
    "IL1b_stim": 3.5319929275940485,
    "IL8_favorable": 8.543822296309806,
    "ALP_M_n": 1.5010146164473548,
    "ARS_M_n": 0.8484928354158443,
    "OC_M_n": 0.4948853528397882,
    "ALP_0": 0.41437075525340683,
    "ARS_0": 0.0917952447146781,
    "OC_0": 2.974884219021806,
    "diff_time": 881.341877231566,
    "maturity_t": 0.8669067995522266
}