{
    "a_Ber_2016_ALP": 0.6635347800319865,
    "a_Ber_2016_OC": 0.06958955514023325,
    "a_Valles_2020_ALP": 309.64735630005464,
    "a_Valles_2020_ARS": 821.5262759554079,
    "a_Chen_2018_ALP": 5.732123064639253,
    "a_Chen_2018_ARS": 3.610324087036605,
    "a_Qiao_2021_ALP": 28.12259058174421,
    "a_early_diff_stim": 5.123619010170964,
    "a_early_diff_inhib": 10.619920865733796,
    "a_late_diff_stim": 15.995330712690139,
    "a_late_diff_inhib": 8.910385111417948,
    "early_diff_slow": 0.15242628916599954,
    "early_diff_fast": 0.5973893891450038,
    "early_diff_very_fast": 0.9620247589088601,
    "late_diff_slow": 0.2867421082695627,
    "late_diff_fast": 0.8554419011649004,
    "Mg_stim": 5.590288965251169,
    "Mg_dest": 39.762081170659954,
    "IL1b_ineffective": 122.39032472703899,
    "IL1b_stim": 1.6930852039638111,
    "IL8_favorable": 7.453922534771422,
    "ALP_M_n": 1.5639374291551575,
    "ARS_M_n": 0.6407252871114525,
    "OC_M_n": 0.7581892769836553,
    "ALP_0": 0.437525029615581,
    "ARS_0": 0.04117785360315419,
    "OC_0": 5.381120426887374,
    "diff_time": 1060.0842892675346,
    "maturity_t": 0.8346238689189751
}