{
    "a_Ber_2016_ALP": 0.4828638410057196,
    "a_Ber_2016_OC": 0.24084596984280734,
    "a_Valles_2020_ALP": 225.940661279224,
    "a_Valles_2020_ARS": 763.6855368571096,
    "a_Chen_2018_ALP": 4.04445547044308,
    "a_Chen_2018_ARS": 2.500204020496364,
    "a_Qiao_2021_ALP": 20.105840993368343,
    "a_early_diff_stim": 15.664809649132328,
    "a_early_diff_inhib": 11.842055050361516,
    "a_late_diff_stim": 16.53531186530315,
    "a_late_diff_inhib": 15.25455273903103,
    "early_diff_slow": 0.32912407270175076,
    "early_diff_fast": 0.5344949316438037,
    "early_diff_very_fast": 0.9277375190116951,
    "late_diff_slow": 0.31502387893344996,
    "late_diff_fast": 0.7755046986283494,
    "Mg_stim": 8.322765802651666,
    "Mg_dest": 35.91712914429856,
    "IL1b_ineffective": 109.3428281981759,
    "IL1b_stim": 6.436600470957268,
    "IL8_favorable": 14.140215037252794,
    "ALP_M_n": 1.6781615332045177,
    "ARS_M_n": 0.8751180266212462,
    "OC_M_n": 0.1368263514413925,
    "ALP_0": 0.5506836872748875,
    "ARS_0": 0.12317001937936174,
    "OC_0": 6.141597753737778,
    "diff_time": 932.1991386520109,
    "maturity_t": 0.9783080637562206
}