{
    "a_Ber_2016_ALP": 0.7265561698780321,
    "a_Ber_2016_OC": 0.31646797258602544,
    "a_Valles_2020_ALP": 389.9705797632751,
    "a_Valles_2020_ARS": 728.8060115748892,
    "a_Chen_2018_ALP": 7.694734138319677,
    "a_Chen_2018_ARS": 2.878190447625981,
    "a_Qiao_2021_ALP": 38.226344485586004,
    "a_early_diff_stim": 6.527305090053137,
    "a_early_diff_inhib": 12.459527620229892,
    "a_late_diff_stim": 9.877186562423024,
    "a_late_diff_inhib": 15.969620798590455,
    "early_diff_slow": 0.265403622186213,
    "early_diff_fast": 0.5551273659282954,
    "early_diff_very_fast": 0.9068003189677231,
    "late_diff_slow": 0.2966941965928349,
    "late_diff_fast": 0.6891254315023753,
    "Mg_stim": 5.728062455607681,
    "Mg_dest": 31.20690118724503,
    "IL1b_ineffective": 95.39637488957372,
    "IL1b_stim": 4.895919307667844,
    "IL8_favorable": 12.198723173173242,
    "ALP_M_n": 1.299017997095632,
    "ARS_M_n": 1.238211572592588,
    "OC_M_n": 0.311302101236297,
    "ALP_0": 0.2781955981380979,
    "ARS_0": 0.22786308699213956,
    "OC_0": 4.31384138772976,
    "diff_time": 944.4452018137597,
    "maturity_t": 0.777207892648181
}