{
    "a_Ber_2016_ALP": 0.6398369904052337,
    "a_Ber_2016_OC": 0.6175387697728514,
    "a_Valles_2020_ALP": 310.14195342496276,
    "a_Valles_2020_ARS": 760.395829821778,
    "a_Chen_2018_ALP": 8.78790770319819,
    "a_Chen_2018_ARS": 3.292337467699527,
    "a_Qiao_2021_ALP": 33.30392609681949,
    "a_early_diff_stim": 4.871589324733643,
    "a_early_diff_inhib": 6.1082025753520615,
    "a_late_diff_stim": 10.969828379882927,
    "a_late_diff_inhib": 9.480340051634503,
    "early_diff_slow": 0.21664508152809744,
    "early_diff_fast": 0.5735824295072396,
    "early_diff_very_fast": 0.7058670244316475,
    "late_diff_slow": 0.28189729014715575,
    "late_diff_fast": 0.7677094474332015,
    "Mg_stim": 5.891304460241051,
    "Mg_dest": 22.185738967633256,
    "IL1b_ineffective": 140.56809395830624,
    "IL1b_stim": 1.8441092013553693,
    "IL8_favorable": 4.290446089671754,
    "ALP_M_n": 2.0933794712559046,
    "ARS_M_n": 0.5456068083807416,
    "OC_M_n": 0.3262698348011406,
    "ALP_0": 0.4740629153656066,
    "ARS_0": 0.026793339031474718,
    "OC_0": 1.0442995445154577,
    "diff_time": 1007.9430151720504,
    "maturity_t": 1.0
}