{
    "a_Ber_2016_ALP": 0.7785331890343276,
    "a_Ber_2016_OC": 0.35823263247492226,
    "a_Valles_2020_ALP": 388.219919790508,
    "a_Valles_2020_ARS": 797.3008845073222,
    "a_Chen_2018_ALP": 6.9898325477143475,
    "a_Chen_2018_ARS": 2.4423958304105446,
    "a_Qiao_2021_ALP": 32.9462417627468,
    "a_early_diff_stim": 17.762454522701166,
    "a_early_diff_inhib": 18.594064615304553,
    "a_late_diff_stim": 18.374106076792906,
    "a_late_diff_inhib": 12.125698558571738,
    "early_diff_slow": 0.1368590614295973,
    "early_diff_fast": 0.5280510685764382,
    "early_diff_very_fast": 0.9302523625360315,
    "late_diff_slow": 0.12937631096977736,
    "late_diff_fast": 0.7452224114866861,
    "Mg_stim": 9.36954951175516,
    "Mg_dest": 23.345858694732364,
    "IL1b_ineffective": 104.45587883157295,
    "IL1b_stim": 6.9827804734627765,
    "IL8_favorable": 10.160537972792135,
    "ALP_M_n": 1.1826101292258862,
    "ARS_M_n": 0.6333780595666315,
    "OC_M_n": 0.4752782193537567,
    "ALP_0": 0.2700322070363457,
    "ARS_0": 0.062198568382861634,
    "OC_0": 4.943498931963187,
    "diff_time": 1053.5896042668705,
    "maturity_t": 0.9332284860727745
}