{
    "a_Ber_2016_ALP": 0.829454590896813,
    "a_Ber_2016_OC": 0.14367002694884132,
    "a_Valles_2020_ALP": 357.6588467829158,
    "a_Valles_2020_ARS": 780.1804418328885,
    "a_Chen_2018_ALP": 8.449823914583808,
    "a_Chen_2018_ARS": 3.4600376255815086,
    "a_Qiao_2021_ALP": 38.68470583497109,
    "a_early_diff_stim": 5.473378919579767,
    "a_early_diff_inhib": 2.9289711053237806,
    "a_late_diff_stim": 5.234618735170803,
    "a_late_diff_inhib": 16.030957283992073,
    "early_diff_slow": 0.2751335447656797,
    "early_diff_fast": 0.6086769642468733,
    "early_diff_very_fast": 0.9576216117953744,
    "late_diff_slow": 0.13342878520275442,
    "late_diff_fast": 0.7490248555650635,
    "Mg_stim": 9.891666856096892,
    "Mg_dest": 26.53053454333473,
    "IL1b_ineffective": 112.21637537666528,
    "IL1b_stim": 3.9339826435697898,
    "IL8_favorable": 10.065614853429942,
    "ALP_M_n": 1.6015799449556303,
    "ARS_M_n": 0.7849438387311537,
    "OC_M_n": 0.4028434326583846,
    "ALP_0": 0.3439012625446714,
    "ARS_0": 0.0721157220709834,
    "OC_0": 4.428013210738108,
    "diff_time": 961.3266935966615,
    "maturity_t": 0.693059418162336
}