{
    "a_Ber_2016_ALP": 0.543605497297487,
    "a_Ber_2016_OC": 0.28357960907965046,
    "a_Valles_2020_ALP": 300.1181885644755,
    "a_Valles_2020_ARS": 597.2021260462033,
    "a_Chen_2018_ALP": 6.392324132798274,
    "a_Chen_2018_ARS": 1.718623110127822,
    "a_Qiao_2021_ALP": 30.151612737583584,
    "a_early_diff_stim": 8.95165778432289,
    "a_early_diff_inhib": 14.758328312646608,
    "a_late_diff_stim": 18.841546678822887,
    "a_late_diff_inhib": 11.578562338095386,
    "early_diff_slow": 0.12371171378997733,
    "early_diff_fast": 0.5729636369389944,
    "early_diff_very_fast": 0.7289772995400138,
    "late_diff_slow": 0.25899176060085494,
    "late_diff_fast": 0.6753157119298226,
    "Mg_stim": 5.525723305712084,
    "Mg_dest": 36.46090856752542,
    "IL1b_ineffective": 110.37329841423403,
    "IL1b_stim": 1.2870664769930151,
    "IL8_favorable": 8.627127166139907,
    "ALP_M_n": 1.276298083135253,
    "ARS_M_n": 0.11978146829031944,
    "OC_M_n": 0.41986235896434293,
    "ALP_0": 0.3543799960410334,
    "ARS_0": 3.337534576777991e-05,
    "OC_0": 6.347879967124376,
    "diff_time": 1058.6480808354768,
    "maturity_t": 0.911121585027646
}