{
    "a_Ber_2016_ALP": 0.6785660701127268,
    "a_Ber_2016_OC": 0.330063690542553,
    "a_Valles_2020_ALP": 286.16205503259636,
    "a_Valles_2020_ARS": 189.92780354279137,
    "a_Chen_2018_ALP": 6.767263119259026,
    "a_Chen_2018_ARS": 1.3895236102988773,
    "a_Qiao_2021_ALP": 36.71606397791544,
    "a_early_diff_stim": 5.639635103367192,
    "a_early_diff_inhib": 11.819995790092994,
    "a_late_diff_stim": 14.403248670846088,
    "a_late_diff_inhib": 6.975033523168907,
    "early_diff_slow": 0.13974081583425058,
    "early_diff_fast": 0.5629762605999663,
    "early_diff_very_fast": 0.7909265680481485,
    "late_diff_slow": 0.16100651569239977,
    "late_diff_fast": 0.8333785055849524,
    "Mg_stim": 2.892405253418353,
    "Mg_dest": 28.39519139903011,
    "IL1b_ineffective": 107.95278143835398,
    "IL1b_stim": 9.483302965462446,
    "IL8_favorable": 19.278905539533547,
    "ALP_M_n": 1.4326202669298946,
    "ARS_M_n": 2.7388455954867745,
    "OC_M_n": 0.45989547076234855,
    "ALP_0": 0.31430113711628205,
    "ARS_0": 0.7221237863957332,
    "OC_0": 0.8398041150937102,
    "diff_time": 714.1453291174422,
    "maturity_t": 0.7657755669918849
}