{
    "a_Ber_2016_ALP": 0.6248028864008645,
    "a_Ber_2016_OC": 0.5716626546133681,
    "a_Valles_2020_ALP": 263.5466158797216,
    "a_Valles_2020_ARS": 556.3007414743541,
    "a_Chen_2018_ALP": 6.293737410115056,
    "a_Chen_2018_ARS": 1.6685598052529287,
    "a_Qiao_2021_ALP": 26.837118531488457,
    "a_early_diff_stim": 7.004905521010695,
    "a_early_diff_inhib": 0.6404745624596206,
    "a_late_diff_stim": 14.84080922989223,
    "a_late_diff_inhib": 18.71703126409063,
    "early_diff_slow": 0.20338399151368486,
    "early_diff_fast": 0.557986992023122,
    "early_diff_very_fast": 0.820740406004948,
    "late_diff_slow": 0.11961756313208377,
    "late_diff_fast": 0.8036444942108724,
    "Mg_stim": 9.845440028023097,
    "Mg_dest": 33.19799518431741,
    "IL1b_ineffective": 122.93238128885801,
    "IL1b_stim": 3.3797442610555155,
    "IL8_favorable": 6.636734644382834,
    "ALP_M_n": 1.6866131745118362,
    "ARS_M_n": 0.01095304082620989,
    "OC_M_n": 0.12599021355295553,
    "ALP_0": 0.39906809150490546,
    "ARS_0": 4.316967157077869,
    "OC_0": 1.0961243852171694,
    "diff_time": 776.5562963053551,
    "maturity_t": 0.8866430502236341
}