{
    "a_Ber_2016_ALP": 0.67128033093827,
    "a_Ber_2016_OC": 0.28248994078512246,
    "a_Valles_2020_ALP": 266.69485711610776,
    "a_Valles_2020_ARS": 589.9815684001453,
    "a_Chen_2018_ALP": 7.468819835977392,
    "a_Chen_2018_ARS": 4.107794798260507,
    "a_Qiao_2021_ALP": 29.9954492752657,
    "a_early_diff_stim": 2.3759679095876827,
    "a_early_diff_inhib": 17.67874653246816,
    "a_late_diff_stim": 13.657890451451497,
    "a_late_diff_inhib": 18.292381930915816,
    "early_diff_slow": 0.3392906283035202,
    "early_diff_fast": 0.7339372144213864,
    "early_diff_very_fast": 0.8947216599363977,
    "late_diff_slow": 0.2299683136809544,
    "late_diff_fast": 0.7567123202780462,
    "Mg_stim": 8.420296820245138,
    "Mg_dest": 25.89897887206623,
    "IL1b_ineffective": 132.00533826394496,
    "IL1b_stim": 7.724550277948948,
    "IL8_favorable": 4.651213725810571,
    "ALP_M_n": 1.8576063074314428,
    "ARS_M_n": 0.9693826951526812,
    "OC_M_n": 0.05213678397324399,
    "ALP_0": 0.4403647667337459,
    "ARS_0": 0.11388669565227473,
    "OC_0": 4.598351551443643,
    "diff_time": 825.7436598717509,
    "maturity_t": 0.8981168336703419
}