{
    "a_Ber_2016_ALP": 0.6434612694840287,
    "a_Ber_2016_OC": 0.6143576849318801,
    "a_Valles_2020_ALP": 334.33664787695074,
    "a_Valles_2020_ARS": 651.1065491210037,
    "a_Chen_2018_ALP": 7.868525091569538,
    "a_Chen_2018_ARS": 3.134374445670276,
    "a_Qiao_2021_ALP": 39.04101017584226,
    "a_early_diff_stim": 11.339971154402576,
    "a_early_diff_inhib": 11.693972656329157,
    "a_late_diff_stim": 4.773793361371494,
    "a_late_diff_inhib": 4.207804654833281,
    "early_diff_slow": 0.25292766959949753,
    "early_diff_fast": 0.5842995248566396,
    "early_diff_very_fast": 0.7116691332435008,
    "late_diff_slow": 0.26807476278875,
    "late_diff_fast": 0.6589554108617796,
    "Mg_stim": 2.0080989864210466,
    "Mg_dest": 20.17926672616889,
    "IL1b_ineffective": 114.52867453306656,
    "IL1b_stim": 5.1967282077129155,
    "IL8_favorable": 12.669999459129826,
    "ALP_M_n": 1.2200358001438198,
    "ARS_M_n": 1.2645490186155055,
    "OC_M_n": 0.050045980611405104,
    "ALP_0": 0.24496494534730262,
    "ARS_0": 0.21267286084189346,
    "OC_0": 4.065919894570227,
    "diff_time": 816.8827910320421,
    "maturity_t": 0.7959605542710296
}