{
    "a_Ber_2016_ALP": 0.6517922949484144,
    "a_Ber_2016_OC": 0.5839384500899093,
    "a_Valles_2020_ALP": 321.61932393710157,
    "a_Valles_2020_ARS": 425.3466218056879,
    "a_Chen_2018_ALP": 8.244188234125657,
    "a_Chen_2018_ARS": 1.402086853953443,
    "a_Qiao_2021_ALP": 35.55633091438347,
    "a_early_diff_stim": 5.051956912584073,
    "a_early_diff_inhib": 11.070327991809508,
    "a_late_diff_stim": 4.7009993799471665,
    "a_late_diff_inhib": 8.276697634135608,
    "early_diff_slow": 0.2999055163610271,
    "early_diff_fast": 0.6063618328504232,
    "early_diff_very_fast": 0.879209876349772,
    "late_diff_slow": 0.26816395082429284,
    "late_diff_fast": 0.7623386345860171,
    "Mg_stim": 6.081500502294834,
    "Mg_dest": 36.426031151358316,
    "IL1b_ineffective": 124.48043570266324,
    "IL1b_stim": 2.7716292647953615,
    "IL8_favorable": 5.593449274587648,
    "ALP_M_n": 1.282624036387843,
    "ARS_M_n": 1.5070582644894803,
    "OC_M_n": 0.18011220449276547,
    "ALP_0": 0.2632132842843083,
    "ARS_0": 0.5635480636129512,
    "OC_0": 5.159288377978231,
    "diff_time": 869.6305368522644,
    "maturity_t": 0.8542535592811618
}