{
    "a_Ber_2016_ALP": 0.5769940003363107,
    "a_Ber_2016_OC": 0.4211630613214241,
    "a_Valles_2020_ALP": 265.5046689075955,
    "a_Valles_2020_ARS": 687.2875436658161,
    "a_Chen_2018_ALP": 5.7757887777866745,
    "a_Chen_2018_ARS": 2.7685224706339406,
    "a_Qiao_2021_ALP": 24.6706444298438,
    "a_early_diff_stim": 5.055116760415684,
    "a_early_diff_inhib": 14.745125031833165,
    "a_late_diff_stim": 10.637754743128596,
    "a_late_diff_inhib": 12.146894921373907,
    "early_diff_slow": 0.24529681934148306,
    "early_diff_fast": 0.5698608888908,
    "early_diff_very_fast": 0.8967410424044098,
    "late_diff_slow": 0.2992212647038496,
    "late_diff_fast": 0.8343133185386002,
    "Mg_stim": 8.557460788624336,
    "Mg_dest": 32.28970670294694,
    "IL1b_ineffective": 68.54609655918716,
    "IL1b_stim": 7.550545108343632,
    "IL8_favorable": 9.037864339137208,
    "ALP_M_n": 1.7857319149766588,
    "ARS_M_n": 1.0780235475923923,
    "OC_M_n": 0.11080096430306985,
    "ALP_0": 0.5029038502953269,
    "ARS_0": 0.24587457849413097,
    "OC_0": 8.523741586517653,
    "diff_time": 958.9401653815158,
    "maturity_t": 0.826131702741213
}