{
    "a_Ber_2016_ALP": 0.7750964701756847,
    "a_Ber_2016_OC": 0.7038955208735987,
    "a_Valles_2020_ALP": 368.1168743730266,
    "a_Valles_2020_ARS": 778.1440928194423,
    "a_Chen_2018_ALP": 7.942077291860177,
    "a_Chen_2018_ARS": 3.476592164656993,
    "a_Qiao_2021_ALP": 38.84830206469311,
    "a_early_diff_stim": 12.888264639307538,
    "a_early_diff_inhib": 19.652483932592983,
    "a_late_diff_stim": 11.713230807249415,
    "a_late_diff_inhib": 10.29929171618619,
    "early_diff_slow": 0.29117154664407746,
    "early_diff_fast": 0.5373423263141854,
    "early_diff_very_fast": 0.7145581074268571,
    "late_diff_slow": 0.21797079309255127,
    "late_diff_fast": 0.6926916476286763,
    "Mg_stim": 9.371279443758336,
    "Mg_dest": 24.99313558080064,
    "IL1b_ineffective": 111.84261482266508,
    "IL1b_stim": 3.9215711440654886,
    "IL8_favorable": 11.187228626908578,
    "ALP_M_n": 1.2703487003081273,
    "ARS_M_n": 0.9191923323123755,
    "OC_M_n": 0.13757289463313263,
    "ALP_0": 0.2609350709618248,
    "ARS_0": 0.10607774247744141,
    "OC_0": 1.9975097094991603,
    "diff_time": 937.2946411338038,
    "maturity_t": 0.8
}