{
    "a_Ber_2016_ALP": 0.6398488193171749,
    "a_Ber_2016_OC": 0.40838818655752174,
    "a_Valles_2020_ALP": 299.59300999226156,
    "a_Valles_2020_ARS": 474.9555455280372,
    "a_Chen_2018_ALP": 6.596065972531236,
    "a_Chen_2018_ARS": 2.2090329694744457,
    "a_Qiao_2021_ALP": 28.992990894290774,
    "a_early_diff_stim": 7.245060423673231,
    "a_early_diff_inhib": 8.958538748309069,
    "a_late_diff_stim": 11.81252997591626,
    "a_late_diff_inhib": 2.9516862032462443,
    "early_diff_slow": 0.30064439020443734,
    "early_diff_fast": 0.5718817221104661,
    "early_diff_very_fast": 0.8504939522603752,
    "late_diff_slow": 0.26140767119852343,
    "late_diff_fast": 0.7813389549319735,
    "Mg_stim": 8.12027516319049,
    "Mg_dest": 26.756667862042548,
    "IL1b_ineffective": 118.80641957552444,
    "IL1b_stim": 3.2304127049339684,
    "IL8_favorable": 6.081116022358124,
    "ALP_M_n": 1.2801738041459967,
    "ARS_M_n": 1.694449966354527,
    "OC_M_n": 0.3214979505853944,
    "ALP_0": 0.31085605388228366,
    "ARS_0": 0.4161108204817716,
    "OC_0": 7.464993124315986,
    "diff_time": 798.7226195795713,
    "maturity_t": 1.0
}