{
    "a_Ber_2016_ALP": 0.4776047760204907,
    "a_Ber_2016_OC": 0.3566866223332601,
    "a_Valles_2020_ALP": 259.97891352914826,
    "a_Valles_2020_ARS": 518.8634764122329,
    "a_Chen_2018_ALP": 6.388114379301123,
    "a_Chen_2018_ARS": 2.0178230005171125,
    "a_Qiao_2021_ALP": 20.054210055726145,
    "a_early_diff_stim": 3.5666186274310827,
    "a_early_diff_inhib": 5.871553533035899,
    "a_late_diff_stim": 5.817911277671693,
    "a_late_diff_inhib": 0.7736172579004723,
    "early_diff_slow": 0.19736503822023416,
    "early_diff_fast": 0.5444626894957383,
    "early_diff_very_fast": 0.9546190025751425,
    "late_diff_slow": 0.2099817691586817,
    "late_diff_fast": 0.8028461127934146,
    "Mg_stim": 2.7714781968388236,
    "Mg_dest": 30.11504809517083,
    "IL1b_ineffective": 118.70393578686905,
    "IL1b_stim": 2.70975888225696,
    "IL8_favorable": 12.206739311618676,
    "ALP_M_n": 1.8116471928611262,
    "ARS_M_n": 1.3681001173220753,
    "OC_M_n": 2.2865102599846527,
    "ALP_0": 0.546462202903942,
    "ARS_0": 0.36067288951724424,
    "OC_0": 0.5933010547546671,
    "diff_time": 750.0530420717749,
    "maturity_t": 0.9375366093037897
}