{
    "a_Ber_2016_ALP": 0.7040217792327637,
    "a_Ber_2016_OC": 0.16516397448784148,
    "a_Valles_2020_ALP": 316.12034048701565,
    "a_Valles_2020_ARS": 406.9161419720458,
    "a_Chen_2018_ALP": 6.951368639204556,
    "a_Chen_2018_ARS": 1.0154271090309899,
    "a_Qiao_2021_ALP": 31.34740673545734,
    "a_early_diff_stim": 6.559438214744193,
    "a_early_diff_inhib": 12.904852252322714,
    "a_late_diff_stim": 9.631338207491316,
    "a_late_diff_inhib": 9.804931193146407,
    "early_diff_slow": 0.22392539627588326,
    "early_diff_fast": 0.5709209373471937,
    "early_diff_very_fast": 0.9475219785053852,
    "late_diff_slow": 0.22666231194492228,
    "late_diff_fast": 0.7136219846914577,
    "Mg_stim": 7.845479101721315,
    "Mg_dest": 25.955458005633538,
    "IL1b_ineffective": 123.0772195332651,
    "IL1b_stim": 4.350637762995598,
    "IL8_favorable": 14.617066785703308,
    "ALP_M_n": 1.8220451014473864,
    "ARS_M_n": 0.183271095012238,
    "OC_M_n": 0.6715258688198893,
    "ALP_0": 0.43893255024587563,
    "ARS_0": 4.872188453703589,
    "OC_0": 3.882803605820472,
    "diff_time": 1027.722855055626,
    "maturity_t": 0.7198028530299214
}