{
    "a_Ber_2016_ALP": 0.7456036042281519,
    "a_Ber_2016_OC": 0.2536871595586608,
    "a_Valles_2020_ALP": 346.57726516888266,
    "a_Valles_2020_ARS": 805.0481381064411,
    "a_Chen_2018_ALP": 6.552683180447736,
    "a_Chen_2018_ARS": 3.6882065866317535,
    "a_Qiao_2021_ALP": 30.46003367458418,
    "a_early_diff_stim": 9.090282179265417,
    "a_early_diff_inhib": 8.055299768393635,
    "a_late_diff_stim": 12.313204531175,
    "a_late_diff_inhib": 6.939327164948627,
    "early_diff_slow": 0.2798835291560277,
    "early_diff_fast": 0.5571585982529641,
    "early_diff_very_fast": 0.8623428378914563,
    "late_diff_slow": 0.30984846768545193,
    "late_diff_fast": 0.8020767614584748,
    "Mg_stim": 8.15997802263148,
    "Mg_dest": 29.725653756592145,
    "IL1b_ineffective": 119.74065254621573,
    "IL1b_stim": 2.9861214551067725,
    "IL8_favorable": 6.443162149289833,
    "ALP_M_n": 1.2033401075973649,
    "ARS_M_n": 0.7853256703692866,
    "OC_M_n": 0.09198391033438315,
    "ALP_0": 0.2981480116224081,
    "ARS_0": 0.07051822314525293,
    "OC_0": 2.123061047606679,
    "diff_time": 1002.6712483324688,
    "maturity_t": 0.981927844490369
}