{
    "a_Ber_2016_ALP": 0.5286611173311043,
    "a_Ber_2016_OC": 0.38036356080032,
    "a_Valles_2020_ALP": 258.26776288353346,
    "a_Valles_2020_ARS": 185.81815618354915,
    "a_Chen_2018_ALP": 6.155766933358257,
    "a_Chen_2018_ARS": 0.9692975000567112,
    "a_Qiao_2021_ALP": 27.527894917805423,
    "a_early_diff_stim": 5.484115677698957,
    "a_early_diff_inhib": 10.700104720802038,
    "a_late_diff_stim": 15.521425003043134,
    "a_late_diff_inhib": 6.938728443095616,
    "early_diff_slow": 0.1729622790617208,
    "early_diff_fast": 0.6351346880608914,
    "early_diff_very_fast": 0.9248742039631905,
    "late_diff_slow": 0.2606250978514725,
    "late_diff_fast": 0.7588924812846881,
    "Mg_stim": 9.983545267410944,
    "Mg_dest": 32.53051739307044,
    "IL1b_ineffective": 115.29230897161996,
    "IL1b_stim": 3.535505864263264,
    "IL8_favorable": 9.76159854975694,
    "ALP_M_n": 1.316817256853513,
    "ARS_M_n": 2.5889513814175347,
    "OC_M_n": 0.43651833962692504,
    "ALP_0": 0.34402484059411426,
    "ARS_0": 0.7708907787275787,
    "OC_0": 4.766208074411213,
    "diff_time": 702.7510001373165,
    "maturity_t": 1.0
}