{
    "a_Ber_2016_ALP": 0.7904145476477462,
    "a_Ber_2016_OC": 0.18246835050380925,
    "a_Valles_2020_ALP": 324.61975268937124,
    "a_Valles_2020_ARS": 760.778491483733,
    "a_Chen_2018_ALP": 6.674685987553977,
    "a_Chen_2018_ARS": 2.1614470432427693,
    "a_Qiao_2021_ALP": 37.88655082370642,
    "a_early_diff_stim": 13.522197431217993,
    "a_early_diff_inhib": 2.512195688601796,
    "a_late_diff_stim": 9.230796829292263,
    "a_late_diff_inhib": 11.668356909107727,
    "early_diff_slow": 0.230873182426955,
    "early_diff_fast": 0.5683181865047514,
    "early_diff_very_fast": 0.9714770368244321,
    "late_diff_slow": 0.33185250543202915,
    "late_diff_fast": 0.8063791122066156,
    "Mg_stim": 9.151320235409582,
    "Mg_dest": 32.79409686005561,
    "IL1b_ineffective": 39.25284324223294,
    "IL1b_stim": 8.163555307520468,
    "IL8_favorable": 18.45943328836816,
    "ALP_M_n": 1.274357843723537,
    "ARS_M_n": 0.7847250573653268,
    "OC_M_n": 0.18902119274167226,
    "ALP_0": 0.2689902257963458,
    "ARS_0": 0.15250463261543806,
    "OC_0": 8.690897201397437,
    "diff_time": 1029.6709071584899,
    "maturity_t": 0.7988550312833562
}