{
    "a_Ber_2016_ALP": 0.690490063732582,
    "a_Ber_2016_OC": 0.4346733431737212,
    "a_Valles_2020_ALP": 333.8505166274701,
    "a_Valles_2020_ARS": 719.3989951000485,
    "a_Chen_2018_ALP": 7.337063818040165,
    "a_Chen_2018_ARS": 3.335536005247947,
    "a_Qiao_2021_ALP": 33.95962682833304,
    "a_early_diff_stim": 13.634909295140917,
    "a_early_diff_inhib": 15.08941026383442,
    "a_late_diff_stim": 9.761174365248205,
    "a_late_diff_inhib": 6.447409248531198,
    "early_diff_slow": 0.32352199095894685,
    "early_diff_fast": 0.5406082151932914,
    "early_diff_very_fast": 0.6960096717177733,
    "late_diff_slow": 0.303991890333425,
    "late_diff_fast": 0.8308340950148214,
    "Mg_stim": 9.187974313654113,
    "Mg_dest": 34.8917613738899,
    "IL1b_ineffective": 115.44083953403764,
    "IL1b_stim": 3.2822128306201996,
    "IL8_favorable": 8.682743843026529,
    "ALP_M_n": 1.0549528113859232,
    "ARS_M_n": 1.1003451755785727,
    "OC_M_n": 0.3367248950713072,
    "ALP_0": 0.22287411351221006,
    "ARS_0": 0.15554158088786907,
    "OC_0": 5.531741083302632,
    "diff_time": 856.2674518693942,
    "maturity_t": 1.0
}