{
    "a_Ber_2016_ALP": 0.7169184771931117,
    "a_Ber_2016_OC": 0.20304106525670465,
    "a_Valles_2020_ALP": 334.048529386276,
    "a_Valles_2020_ARS": 799.860732330637,
    "a_Chen_2018_ALP": 7.422280969534744,
    "a_Chen_2018_ARS": 3.632819816079293,
    "a_Qiao_2021_ALP": 31.858695656830687,
    "a_early_diff_stim": 8.380849596143765,
    "a_early_diff_inhib": 5.734001646784822,
    "a_late_diff_stim": 13.38644529771318,
    "a_late_diff_inhib": 10.180662546024365,
    "early_diff_slow": 0.14212291393029203,
    "early_diff_fast": 0.5759896284111976,
    "early_diff_very_fast": 0.8928364265468521,
    "late_diff_slow": 0.323715057378523,
    "late_diff_fast": 0.7969274963912725,
    "Mg_stim": 8.139757298934136,
    "Mg_dest": 30.979552510799753,
    "IL1b_ineffective": 120.43363080340205,
    "IL1b_stim": 3.0906862127360775,
    "IL8_favorable": 6.28522608837185,
    "ALP_M_n": 1.2340505057036497,
    "ARS_M_n": 0.6921717086840312,
    "OC_M_n": 0.6409018030090873,
    "ALP_0": 0.2887433409829208,
    "ARS_0": 0.046034883325873036,
    "OC_0": 4.024863133929491,
    "diff_time": 1024.3213732344825,
    "maturity_t": 0.9380679874320997
}