{
    "a_Ber_2016_ALP": 0.7117527080593385,
    "a_Ber_2016_OC": 0.4026869823996225,
    "a_Valles_2020_ALP": 299.31028831675064,
    "a_Valles_2020_ARS": 650.6871313756309,
    "a_Chen_2018_ALP": 7.286143310462121,
    "a_Chen_2018_ARS": 3.4277969620804356,
    "a_Qiao_2021_ALP": 29.672293464133187,
    "a_early_diff_stim": 11.349610092624006,
    "a_early_diff_inhib": 3.0001472579452297,
    "a_late_diff_stim": 3.3432869484532146,
    "a_late_diff_inhib": 16.460702893055554,
    "early_diff_slow": 0.20804169479277373,
    "early_diff_fast": 0.5448838105754688,
    "early_diff_very_fast": 0.970238719022926,
    "late_diff_slow": 0.2528566700979317,
    "late_diff_fast": 0.719492122497368,
    "Mg_stim": 7.316121491770996,
    "Mg_dest": 29.061931336146156,
    "IL1b_ineffective": 113.03375174317233,
    "IL1b_stim": 13.789081699878876,
    "IL8_favorable": 20.384434019045592,
    "ALP_M_n": 1.610234028162917,
    "ARS_M_n": 0.9005768809692182,
    "OC_M_n": 0.10789369065342781,
    "ALP_0": 0.3979240340223945,
    "ARS_0": 0.14004043078159462,
    "OC_0": 7.6265490745419715,
    "diff_time": 899.1336849627013,
    "maturity_t": 0.8296309890127468
}