{
    "a_Ber_2016_ALP": 0.7677340335212279,
    "a_Ber_2016_OC": 0.4535136148077415,
    "a_Valles_2020_ALP": 348.0496917643926,
    "a_Valles_2020_ARS": 830.745353819104,
    "a_Chen_2018_ALP": 8.516603869932506,
    "a_Chen_2018_ARS": 2.4978948554406584,
    "a_Qiao_2021_ALP": 35.5032283801722,
    "a_early_diff_stim": 10.778976012955674,
    "a_early_diff_inhib": 12.934199734991,
    "a_late_diff_stim": 19.218692377846857,
    "a_late_diff_inhib": 13.055085134379251,
    "early_diff_slow": 0.26790879250547706,
    "early_diff_fast": 0.5611159959241867,
    "early_diff_very_fast": 0.7372038951859423,
    "late_diff_slow": 0.3417238606116094,
    "late_diff_fast": 0.7091013173209502,
    "Mg_stim": 6.5826260814232285,
    "Mg_dest": 21.772995455374446,
    "IL1b_ineffective": 127.95099134836936,
    "IL1b_stim": 3.027509166213001,
    "IL8_favorable": 4.74878272956056,
    "ALP_M_n": 1.2223211094537312,
    "ARS_M_n": 0.6622203492999261,
    "OC_M_n": 0.3693006626940966,
    "ALP_0": 0.2551523084940493,
    "ARS_0": 0.06290959761184435,
    "OC_0": 2.916597575121944,
    "diff_time": 1025.3241175041924,
    "maturity_t": 0.869829051200746
}