{
    "a_Ber_2016_ALP": 0.5996743921843258,
    "a_Ber_2016_OC": 0.21860708739734966,
    "a_Valles_2020_ALP": 277.16914545294014,
    "a_Valles_2020_ARS": 724.5257274281915,
    "a_Chen_2018_ALP": 6.344932547617994,
    "a_Chen_2018_ARS": 2.317713517287289,
    "a_Qiao_2021_ALP": 27.96134923212509,
    "a_early_diff_stim": 8.10038972554205,
    "a_early_diff_inhib": 4.824363077968659,
    "a_late_diff_stim": 18.80185864708554,
    "a_late_diff_inhib": 7.225339846153642,
    "early_diff_slow": 0.25314182896601056,
    "early_diff_fast": 0.6366844037103633,
    "early_diff_very_fast": 0.9828598457455896,
    "late_diff_slow": 0.11760800110678526,
    "late_diff_fast": 0.6505848402219935,
    "Mg_stim": 4.8579649604360196,
    "Mg_dest": 23.859986296731147,
    "IL1b_ineffective": 121.64105141193012,
    "IL1b_stim": 7.064573264584855,
    "IL8_favorable": 24.15121038352264,
    "ALP_M_n": 1.4737979334968607,
    "ARS_M_n": 0.660082055802972,
    "OC_M_n": 1.6365077197626785,
    "ALP_0": 0.39291428769452025,
    "ARS_0": 0.09792399616888364,
    "OC_0": 1.7214987194117863,
    "diff_time": 1032.88112719829,
    "maturity_t": 0.9036305021840695
}