{
    "a_Ber_2016_ALP": 0.6437482940701852,
    "a_Ber_2016_OC": 0.22909622902868132,
    "a_Valles_2020_ALP": 340.32631874861346,
    "a_Valles_2020_ARS": 541.4213454061717,
    "a_Chen_2018_ALP": 8.509641588372038,
    "a_Chen_2018_ARS": 2.0562137363209074,
    "a_Qiao_2021_ALP": 29.63563793144039,
    "a_early_diff_stim": 5.436938847728683,
    "a_early_diff_inhib": 5.684625068975475,
    "a_late_diff_stim": 17.61169403091523,
    "a_late_diff_inhib": 2.8100308447667963,
    "early_diff_slow": 0.21113742187012058,
    "early_diff_fast": 0.6925613344874977,
    "early_diff_very_fast": 0.8334717676690963,
    "late_diff_slow": 0.25835331115548316,
    "late_diff_fast": 0.7148135972046773,
    "Mg_stim": 8.303624139923354,
    "Mg_dest": 21.922804351528708,
    "IL1b_ineffective": 144.2893991867596,
    "IL1b_stim": 3.2134612226205945,
    "IL8_favorable": 3.839201390570196,
    "ALP_M_n": 1.4602381558923412,
    "ARS_M_n": 1.3454576935630644,
    "OC_M_n": 0.14093986062657507,
    "ALP_0": 0.32379396062621196,
    "ARS_0": 0.35546623883829653,
    "OC_0": 3.1522025731750936,
    "diff_time": 900.6437496269996,
    "maturity_t": 0.924345508987336
}