{
    "a_Ber_2016_ALP": 0.5575609705094313,
    "a_Ber_2016_OC": 0.5182646893742758,
    "a_Valles_2020_ALP": 272.7346559668359,
    "a_Valles_2020_ARS": 613.3434411688589,
    "a_Chen_2018_ALP": 6.4033419277693415,
    "a_Chen_2018_ARS": 2.899700214876934,
    "a_Qiao_2021_ALP": 29.59534793214634,
    "a_early_diff_stim": 9.967531408065964,
    "a_early_diff_inhib": 10.921530854272916,
    "a_late_diff_stim": 3.547565994668651,
    "a_late_diff_inhib": 7.677202675255166,
    "early_diff_slow": 0.1273248078093225,
    "early_diff_fast": 0.5804017706132928,
    "early_diff_very_fast": 0.7616617613482418,
    "late_diff_slow": 0.25576550421866145,
    "late_diff_fast": 0.7578587872136707,
    "Mg_stim": 9.829618042643753,
    "Mg_dest": 25.286372917692802,
    "IL1b_ineffective": 109.30086931257729,
    "IL1b_stim": 4.1004542095388725,
    "IL8_favorable": 10.771854036995457,
    "ALP_M_n": 1.6460444404083863,
    "ARS_M_n": 1.2631564893868912,
    "OC_M_n": 0.2100986362460809,
    "ALP_0": 0.40928630936191845,
    "ARS_0": 0.24542403549091651,
    "OC_0": 7.267065071786656,
    "diff_time": 801.9789987296738,
    "maturity_t": 0.8
}