{
    "a_Ber_2016_ALP": 0.692060955934638,
    "a_Ber_2016_OC": 0.6852477150721951,
    "a_Valles_2020_ALP": 331.8834989633763,
    "a_Valles_2020_ARS": 749.72184752409,
    "a_Chen_2018_ALP": 7.101019975610791,
    "a_Chen_2018_ARS": 3.428437810021793,
    "a_Qiao_2021_ALP": 32.43728061498879,
    "a_early_diff_stim": 12.444189535666787,
    "a_early_diff_inhib": 4.866017193589824,
    "a_late_diff_stim": 15.506044228572131,
    "a_late_diff_inhib": 10.227610419340532,
    "early_diff_slow": 0.2474116556299233,
    "early_diff_fast": 0.5415228080508929,
    "early_diff_very_fast": 0.7246149761254809,
    "late_diff_slow": 0.328739782459958,
    "late_diff_fast": 0.8177894197127722,
    "Mg_stim": 7.990148529461011,
    "Mg_dest": 32.69715431305307,
    "IL1b_ineffective": 116.46558622873086,
    "IL1b_stim": 3.2471811951668084,
    "IL8_favorable": 7.902283365512687,
    "ALP_M_n": 1.1652094923591025,
    "ARS_M_n": 1.0343587564436107,
    "OC_M_n": 0.07293974533957522,
    "ALP_0": 0.26550922460813065,
    "ARS_0": 0.12628895462723497,
    "OC_0": 7.778701602512461,
    "diff_time": 876.2140269899126,
    "maturity_t": 0.97752430696342
}