{
    "a_Ber_2016_ALP": 0.6236996113243098,
    "a_Ber_2016_OC": 0.49862706827701003,
    "a_Valles_2020_ALP": 329.4906201063036,
    "a_Valles_2020_ARS": 666.6935177124254,
    "a_Chen_2018_ALP": 7.59562818927301,
    "a_Chen_2018_ARS": 3.2209918229251158,
    "a_Qiao_2021_ALP": 37.36502761182895,
    "a_early_diff_stim": 5.788503925908041,
    "a_early_diff_inhib": 5.988132824945489,
    "a_late_diff_stim": 2.045769507124618,
    "a_late_diff_inhib": 3.7313301044866183,
    "early_diff_slow": 0.18186256167776757,
    "early_diff_fast": 0.6246842629022893,
    "early_diff_very_fast": 0.9913428360677565,
    "late_diff_slow": 0.23551201403405897,
    "late_diff_fast": 0.6635742230932875,
    "Mg_stim": 2.11580796643421,
    "Mg_dest": 23.889776587925546,
    "IL1b_ineffective": 109.81421921962043,
    "IL1b_stim": 4.601402810279524,
    "IL8_favorable": 13.511612444664735,
    "ALP_M_n": 1.2563204781810855,
    "ARS_M_n": 1.216780038443007,
    "OC_M_n": 0.24776252397000262,
    "ALP_0": 0.27491215926639767,
    "ARS_0": 0.19520949057322007,
    "OC_0": 3.90973350554286,
    "diff_time": 855.2412921207156,
    "maturity_t": 0.8
}