{
    "a_Ber_2016_ALP": 0.7000268714051248,
    "a_Ber_2016_OC": 0.27315713275763454,
    "a_Valles_2020_ALP": 344.3554404841431,
    "a_Valles_2020_ARS": 525.232862997419,
    "a_Chen_2018_ALP": 6.203992878074539,
    "a_Chen_2018_ARS": 1.9158745191816462,
    "a_Qiao_2021_ALP": 28.712969079578308,
    "a_early_diff_stim": 16.891848574962744,
    "a_early_diff_inhib": 13.766430216571205,
    "a_late_diff_stim": 6.857959833320355,
    "a_late_diff_inhib": 17.671449349709313,
    "early_diff_slow": 0.156038467216139,
    "early_diff_fast": 0.5241252239615255,
    "early_diff_very_fast": 0.7313528720833067,
    "late_diff_slow": 0.16201022325973552,
    "late_diff_fast": 0.7682056617896864,
    "Mg_stim": 8.084223595955862,
    "Mg_dest": 30.444964835255817,
    "IL1b_ineffective": 117.94311827527693,
    "IL1b_stim": 3.3338357362050335,
    "IL8_favorable": 6.6876425789699425,
    "ALP_M_n": 1.3594625331121364,
    "ARS_M_n": 1.6839048918962614,
    "OC_M_n": 0.11367237534398433,
    "ALP_0": 0.35694408545540307,
    "ARS_0": 0.52031168248683,
    "OC_0": 3.042472191682234,
    "diff_time": 1069.3112254663024,
    "maturity_t": 0.9426055789721461
}