{
    "a_Ber_2016_ALP": 0.6389540366261025,
    "a_Ber_2016_OC": 0.5538022929238198,
    "a_Valles_2020_ALP": 306.9661145626762,
    "a_Valles_2020_ARS": 649.7337202638035,
    "a_Chen_2018_ALP": 5.445933595191232,
    "a_Chen_2018_ARS": 2.977694940056488,
    "a_Qiao_2021_ALP": 32.70652912023888,
    "a_early_diff_stim": 9.195485034834439,
    "a_early_diff_inhib": 9.290598699399716,
    "a_late_diff_stim": 14.820942398119952,
    "a_late_diff_inhib": 4.537493959901754,
    "early_diff_slow": 0.18157572373888586,
    "early_diff_fast": 0.5739156432401388,
    "early_diff_very_fast": 0.9015597463320879,
    "late_diff_slow": 0.2566443154798319,
    "late_diff_fast": 0.8075797156806259,
    "Mg_stim": 2.9115268970328585,
    "Mg_dest": 36.29609831526666,
    "IL1b_ineffective": 86.17122329926227,
    "IL1b_stim": 7.507016962995913,
    "IL8_favorable": 11.329587179204609,
    "ALP_M_n": 1.1057849912532032,
    "ARS_M_n": 1.1458655436189744,
    "OC_M_n": 0.2611590179842476,
    "ALP_0": 0.2883807180243707,
    "ARS_0": 0.2515597774129069,
    "OC_0": 2.2737063738306067,
    "diff_time": 935.1617050133353,
    "maturity_t": 0.9383801921005175
}