{
    "a_Ber_2016_ALP": 0.6390939235924402,
    "a_Ber_2016_OC": 0.21089316984237494,
    "a_Valles_2020_ALP": 276.5216562003575,
    "a_Valles_2020_ARS": 625.3133244226632,
    "a_Chen_2018_ALP": 5.122160146944266,
    "a_Chen_2018_ARS": 2.3331825449081,
    "a_Qiao_2021_ALP": 27.052365424614194,
    "a_early_diff_stim": 7.645680056686891,
    "a_early_diff_inhib": 2.0260976415185254,
    "a_late_diff_stim": 15.506316542291001,
    "a_late_diff_inhib": 2.1801700898161247,
    "early_diff_slow": 0.10931877521947875,
    "early_diff_fast": 0.5433642308712573,
    "early_diff_very_fast": 0.845851177539351,
    "late_diff_slow": 0.1770900711977236,
    "late_diff_fast": 0.7932385845639127,
    "Mg_stim": 8.709426274955586,
    "Mg_dest": 28.779462265080888,
    "IL1b_ineffective": 135.43879903848392,
    "IL1b_stim": 1.2157717971298752,
    "IL8_favorable": 17.312804186148412,
    "ALP_M_n": 1.9244283104826976,
    "ARS_M_n": 1.3818077519554421,
    "OC_M_n": 0.9293398894856688,
    "ALP_0": 0.503518342025453,
    "ARS_0": 0.343174199133037,
    "OC_0": 0.6639618253717633,
    "diff_time": 983.8107615428611,
    "maturity_t": 0.7376182937901917
}