{
    "a_Ber_2016_ALP": 0.44737799430978514,
    "a_Ber_2016_OC": 0.19831893937447542,
    "a_Valles_2020_ALP": 201.3392582583048,
    "a_Valles_2020_ARS": 292.41544503934,
    "a_Chen_2018_ALP": 7.540496325177224,
    "a_Chen_2018_ARS": 1.0996824503369973,
    "a_Qiao_2021_ALP": 18.704556403587883,
    "a_early_diff_stim": 6.529340115583264,
    "a_early_diff_inhib": 7.194864141299782,
    "a_late_diff_stim": 8.82764572896149,
    "a_late_diff_inhib": 8.771466641782427,
    "early_diff_slow": 0.30240694876512,
    "early_diff_fast": 0.5698378841263098,
    "early_diff_very_fast": 0.8867381570120747,
    "late_diff_slow": 0.30138695984886177,
    "late_diff_fast": 0.6593642581431507,
    "Mg_stim": 2.9483710862420174,
    "Mg_dest": 35.41254406037115,
    "IL1b_ineffective": 111.28411065903111,
    "IL1b_stim": 2.4923843149946716,
    "IL8_favorable": 18.745700825826393,
    "ALP_M_n": 1.8077770468144996,
    "ARS_M_n": 2.059408594111594,
    "OC_M_n": 0.7535623707421525,
    "ALP_0": 0.584239468026025,
    "ARS_0": 0.6950252703073031,
    "OC_0": 5.7564462923811535,
    "diff_time": 831.1437912641132,
    "maturity_t": 0.9594513138656876
}