{
    "a_Ber_2016_ALP": 0.5408622480352451,
    "a_Ber_2016_OC": 0.2565396416149815,
    "a_Valles_2020_ALP": 257.3444697111275,
    "a_Valles_2020_ARS": 832.0149318693071,
    "a_Chen_2018_ALP": 4.99419285508183,
    "a_Chen_2018_ARS": 3.5513384180222993,
    "a_Qiao_2021_ALP": 21.299325952253554,
    "a_early_diff_stim": 7.926955684690622,
    "a_early_diff_inhib": 8.179321718632023,
    "a_late_diff_stim": 11.016475948586903,
    "a_late_diff_inhib": 14.510759420599943,
    "early_diff_slow": 0.3611854484316809,
    "early_diff_fast": 0.5578890534014838,
    "early_diff_very_fast": 0.9149055361104897,
    "late_diff_slow": 0.26119475426747985,
    "late_diff_fast": 0.7923049144484641,
    "Mg_stim": 7.85450294897176,
    "Mg_dest": 31.483102227943206,
    "IL1b_ineffective": 121.97336807021543,
    "IL1b_stim": 3.1013386824954985,
    "IL8_favorable": 6.079662657387566,
    "ALP_M_n": 1.9464296842900595,
    "ARS_M_n": 0.7802577619243382,
    "OC_M_n": 0.06463712189895952,
    "ALP_0": 0.5625613298658207,
    "ARS_0": 0.07387156036412605,
    "OC_0": 3.1392619073115235,
    "diff_time": 1063.4451639207434,
    "maturity_t": 0.8376599094487788
}