{
    "a_Ber_2016_ALP": 0.6370126382216358,
    "a_Ber_2016_OC": 0.5413095862879304,
    "a_Valles_2020_ALP": 267.2878981985549,
    "a_Valles_2020_ARS": 811.6272948528322,
    "a_Chen_2018_ALP": 5.949098030741282,
    "a_Chen_2018_ARS": 3.643382556482618,
    "a_Qiao_2021_ALP": 27.395975905545562,
    "a_early_diff_stim": 5.9866532942007105,
    "a_early_diff_inhib": 12.112456741762825,
    "a_late_diff_stim": 8.783239957165382,
    "a_late_diff_inhib": 9.745607245767976,
    "early_diff_slow": 0.37891956153034595,
    "early_diff_fast": 0.5656317495993891,
    "early_diff_very_fast": 0.9120895720874747,
    "late_diff_slow": 0.26754108144895183,
    "late_diff_fast": 0.7033045358104615,
    "Mg_stim": 8.426811627761653,
    "Mg_dest": 33.078394466014885,
    "IL1b_ineffective": 115.49902289171663,
    "IL1b_stim": 3.6409671330349926,
    "IL8_favorable": 9.110171565021837,
    "ALP_M_n": 2.0997674221032163,
    "ARS_M_n": 0.8074716471926789,
    "OC_M_n": 0.2048808745025012,
    "ALP_0": 0.5264306557415787,
    "ARS_0": 0.06483229195476602,
    "OC_0": 6.029707443490465,
    "diff_time": 975.9641728913251,
    "maturity_t": 0.7138912443138385
}