{
    "a_Ber_2016_ALP": 0.6593442241820473,
    "a_Ber_2016_OC": 0.5888055126755584,
    "a_Valles_2020_ALP": 324.02173235351023,
    "a_Valles_2020_ARS": 521.6222537241018,
    "a_Chen_2018_ALP": 5.829338137397361,
    "a_Chen_2018_ARS": 1.5336506300442718,
    "a_Qiao_2021_ALP": 30.68573545273578,
    "a_early_diff_stim": 15.887984623559715,
    "a_early_diff_inhib": 14.094622876508492,
    "a_late_diff_stim": 14.511623423507402,
    "a_late_diff_inhib": 11.792538696508405,
    "early_diff_slow": 0.26026993880643656,
    "early_diff_fast": 0.5454048944037487,
    "early_diff_very_fast": 0.8420987180828438,
    "late_diff_slow": 0.19664643593546866,
    "late_diff_fast": 0.6705278463422822,
    "Mg_stim": 8.858185896862812,
    "Mg_dest": 38.369730704205615,
    "IL1b_ineffective": 115.12790899859985,
    "IL1b_stim": 6.060541514876947,
    "IL8_favorable": 12.648432578052542,
    "ALP_M_n": 1.2253361105251765,
    "ARS_M_n": 1.1905985787074536,
    "OC_M_n": 0.25830382286418424,
    "ALP_0": 0.33394680081412387,
    "ARS_0": 0.5028047875268107,
    "OC_0": 2.7851901948950766,
    "diff_time": 1026.7019686723006,
    "maturity_t": 0.932694927090633
}