{
    "a_Ber_2016_ALP": 0.6136440286516923,
    "a_Ber_2016_OC": 0.23174136913215393,
    "a_Valles_2020_ALP": 263.9053524709709,
    "a_Valles_2020_ARS": 575.075330104301,
    "a_Chen_2018_ALP": 7.585527160558488,
    "a_Chen_2018_ARS": 2.051199936737304,
    "a_Qiao_2021_ALP": 27.081666117784177,
    "a_early_diff_stim": 7.145551379739669,
    "a_early_diff_inhib": 4.105045298863556,
    "a_late_diff_stim": 14.33065555827106,
    "a_late_diff_inhib": 7.467630861217369,
    "early_diff_slow": 0.21609870923441374,
    "early_diff_fast": 0.5551372705156401,
    "early_diff_very_fast": 0.9956886271609153,
    "late_diff_slow": 0.38262196834247475,
    "late_diff_fast": 0.7287576726122494,
    "Mg_stim": 8.313312267828621,
    "Mg_dest": 34.02942077140962,
    "IL1b_ineffective": 72.02119086750751,
    "IL1b_stim": 5.234321234730642,
    "IL8_favorable": 11.773986714052462,
    "ALP_M_n": 1.4760365017363626,
    "ARS_M_n": 1.244387429950593,
    "OC_M_n": 0.42039250838574366,
    "ALP_0": 0.3998758879346836,
    "ARS_0": 0.32164603040053374,
    "OC_0": 5.174980148768076,
    "diff_time": 822.0372922850843,
    "maturity_t": 0.92453181544899
}