{
    "a_Ber_2016_ALP": 0.7444930492955212,
    "a_Ber_2016_OC": 0.2977742323947252,
    "a_Valles_2020_ALP": 351.26466329111395,
    "a_Valles_2020_ARS": 808.508349088727,
    "a_Chen_2018_ALP": 6.983980637641778,
    "a_Chen_2018_ARS": 3.2505558226235367,
    "a_Qiao_2021_ALP": 34.28240257992234,
    "a_early_diff_stim": 4.871686390964165,
    "a_early_diff_inhib": 9.312468597363575,
    "a_late_diff_stim": 8.003749154990443,
    "a_late_diff_inhib": 9.075783418833732,
    "early_diff_slow": 0.28496320750441406,
    "early_diff_fast": 0.5786709899242399,
    "early_diff_very_fast": 0.8225988530653459,
    "late_diff_slow": 0.11181978105181514,
    "late_diff_fast": 0.7676008981807937,
    "Mg_stim": 6.912904780220923,
    "Mg_dest": 30.347750612429035,
    "IL1b_ineffective": 132.35723044129668,
    "IL1b_stim": 2.090539228777949,
    "IL8_favorable": 5.358935059029804,
    "ALP_M_n": 1.3228964836695125,
    "ARS_M_n": 1.0302656818531963,
    "OC_M_n": 0.2746100196448114,
    "ALP_0": 0.31264100137406814,
    "ARS_0": 0.13086757015856992,
    "OC_0": 6.772822186323806,
    "diff_time": 964.2368665973531,
    "maturity_t": 0.8322622937468764
}