{
    "a_Ber_2016_ALP": 0.8961703658349076,
    "a_Ber_2016_OC": 0.573174411597165,
    "a_Valles_2020_ALP": 413.04766374216223,
    "a_Valles_2020_ARS": 830.020283879419,
    "a_Chen_2018_ALP": 8.599612671953334,
    "a_Chen_2018_ARS": 3.7696504656484953,
    "a_Qiao_2021_ALP": 40.8016177288163,
    "a_early_diff_stim": 7.446055338763664,
    "a_early_diff_inhib": 15.538863460240208,
    "a_late_diff_stim": 2.719873254007088,
    "a_late_diff_inhib": 12.013602173190696,
    "early_diff_slow": 0.28858406633680933,
    "early_diff_fast": 0.5618660931017508,
    "early_diff_very_fast": 0.8728694368512494,
    "late_diff_slow": 0.20677198087742357,
    "late_diff_fast": 0.7587060711834634,
    "Mg_stim": 8.060380824553445,
    "Mg_dest": 27.330710649312845,
    "IL1b_ineffective": 118.50520061858936,
    "IL1b_stim": 3.4404834591783846,
    "IL8_favorable": 7.413559672468409,
    "ALP_M_n": 1.2527292380286263,
    "ARS_M_n": 0.7577879362176363,
    "OC_M_n": 0.19377844137603087,
    "ALP_0": 0.24483352393700822,
    "ARS_0": 0.05839214499951589,
    "OC_0": 4.392662465769887,
    "diff_time": 1053.548918245874,
    "maturity_t": 0.7672600705400744
}