{
    "a_Ber_2016_ALP": 0.5911950109321243,
    "a_Ber_2016_OC": 0.6375227157620208,
    "a_Valles_2020_ALP": 268.4806398753856,
    "a_Valles_2020_ARS": 748.3632129817403,
    "a_Chen_2018_ALP": 5.09586276861592,
    "a_Chen_2018_ARS": 2.9857091707095447,
    "a_Qiao_2021_ALP": 26.86697542303771,
    "a_early_diff_stim": 8.157401650828577,
    "a_early_diff_inhib": 14.16798815003623,
    "a_late_diff_stim": 17.719386558534367,
    "a_late_diff_inhib": 15.895974994545366,
    "early_diff_slow": 0.35842409829805677,
    "early_diff_fast": 0.557905482234932,
    "early_diff_very_fast": 0.7089371869799101,
    "late_diff_slow": 0.27583891032207863,
    "late_diff_fast": 0.6031771136031183,
    "Mg_stim": 2.074692577177675,
    "Mg_dest": 30.02558026818364,
    "IL1b_ineffective": 134.97614971405778,
    "IL1b_stim": 2.823493248673776,
    "IL8_favorable": 5.5220762621245,
    "ALP_M_n": 1.4434204027539193,
    "ARS_M_n": 0.8345279741470466,
    "OC_M_n": 0.01712705410179727,
    "ALP_0": 0.4294191315744132,
    "ARS_0": 0.09150928540894168,
    "OC_0": 0.5314698312035728,
    "diff_time": 870.3746868990149,
    "maturity_t": 0.9107934107687833
}