{
    "a_Ber_2016_ALP": 0.6604236972200349,
    "a_Ber_2016_OC": 0.5178319144392985,
    "a_Valles_2020_ALP": 275.78672429956646,
    "a_Valles_2020_ARS": 620.536455450985,
    "a_Chen_2018_ALP": 6.225375613104038,
    "a_Chen_2018_ARS": 3.1339073155682393,
    "a_Qiao_2021_ALP": 26.964076815962148,
    "a_early_diff_stim": 11.26408181948161,
    "a_early_diff_inhib": 3.8936111970109906,
    "a_late_diff_stim": 12.60570261917582,
    "a_late_diff_inhib": 12.750334557342935,
    "early_diff_slow": 0.24937909691982782,
    "early_diff_fast": 0.5489547725552665,
    "early_diff_very_fast": 0.7067432298649511,
    "late_diff_slow": 0.22627843097139647,
    "late_diff_fast": 0.745011764394329,
    "Mg_stim": 7.4221704310033685,
    "Mg_dest": 22.74947590986757,
    "IL1b_ineffective": 127.91988712486943,
    "IL1b_stim": 2.343552648290455,
    "IL8_favorable": 5.946298445549715,
    "ALP_M_n": 1.4171427794555744,
    "ARS_M_n": 1.29385941663467,
    "OC_M_n": 0.1942141722812184,
    "ALP_0": 0.3678403195700382,
    "ARS_0": 0.24184602539762606,
    "OC_0": 8.777576371137354,
    "diff_time": 818.7701862730963,
    "maturity_t": 0.9759607295498256
}