{
    "a_Ber_2016_ALP": 0.8118205604803098,
    "a_Ber_2016_OC": 0.3946586514761197,
    "a_Valles_2020_ALP": 391.5051642106713,
    "a_Valles_2020_ARS": 779.4975248023162,
    "a_Chen_2018_ALP": 9.028202917012374,
    "a_Chen_2018_ARS": 3.5159417007288347,
    "a_Qiao_2021_ALP": 37.53479107346662,
    "a_early_diff_stim": 18.561777649092864,
    "a_early_diff_inhib": 3.2408669169036397,
    "a_late_diff_stim": 12.036342030881817,
    "a_late_diff_inhib": 13.273265104829663,
    "early_diff_slow": 0.12188260562848963,
    "early_diff_fast": 0.5292255055281593,
    "early_diff_very_fast": 0.7955188548875372,
    "late_diff_slow": 0.15762053474680804,
    "late_diff_fast": 0.6389299224084024,
    "Mg_stim": 8.774547107891465,
    "Mg_dest": 37.26145436815283,
    "IL1b_ineffective": 107.0301195444645,
    "IL1b_stim": 7.8997514619474645,
    "IL8_favorable": 21.362247011152284,
    "ALP_M_n": 1.0859992720175062,
    "ARS_M_n": 1.148486871932651,
    "OC_M_n": 0.6443239196850417,
    "ALP_0": 0.19663648387482485,
    "ARS_0": 0.1835109049900932,
    "OC_0": 2.4800124835078488,
    "diff_time": 982.1114107665734,
    "maturity_t": 0.8880861295186221
}