{
    "a_Ber_2016_ALP": 0.7822148917515862,
    "a_Ber_2016_OC": 0.7530986586092732,
    "a_Valles_2020_ALP": 369.8242368316408,
    "a_Valles_2020_ARS": 471.01789555238986,
    "a_Chen_2018_ALP": 7.583410430400403,
    "a_Chen_2018_ARS": 2.020327345582789,
    "a_Qiao_2021_ALP": 34.43505729690585,
    "a_early_diff_stim": 4.397128837278663,
    "a_early_diff_inhib": 15.355629975528839,
    "a_late_diff_stim": 11.523401968246228,
    "a_late_diff_inhib": 0.33969842729146116,
    "early_diff_slow": 0.25663895084615346,
    "early_diff_fast": 0.5742991738964719,
    "early_diff_very_fast": 0.9506949616640017,
    "late_diff_slow": 0.3376747914179658,
    "late_diff_fast": 0.7115475792461695,
    "Mg_stim": 5.1125214068033475,
    "Mg_dest": 29.750771792942203,
    "IL1b_ineffective": 124.13555254309296,
    "IL1b_stim": 2.1598625799890936,
    "IL8_favorable": 6.55755317990851,
    "ALP_M_n": 1.1234061868124654,
    "ARS_M_n": 1.6744723019185817,
    "OC_M_n": 0.0628693473583731,
    "ALP_0": 0.2200277893116342,
    "ARS_0": 0.42462129271100313,
    "OC_0": 2.018637680306531,
    "diff_time": 846.2194980701275,
    "maturity_t": 0.9384446721197458
}