{
    "a_Ber_2016_ALP": 0.5351457609823711,
    "a_Ber_2016_OC": 0.20421169836858727,
    "a_Valles_2020_ALP": 247.78067369388663,
    "a_Valles_2020_ARS": 797.8454159945652,
    "a_Chen_2018_ALP": 5.115706336349627,
    "a_Chen_2018_ARS": 3.162034057589671,
    "a_Qiao_2021_ALP": 22.695522279665443,
    "a_early_diff_stim": 18.92680997659948,
    "a_early_diff_inhib": 17.97087821586044,
    "a_late_diff_stim": 9.978199555624217,
    "a_late_diff_inhib": 0.4533344013515155,
    "early_diff_slow": 0.2838730425274052,
    "early_diff_fast": 0.5357273647847701,
    "early_diff_very_fast": 0.6984382088029953,
    "late_diff_slow": 0.28054506903494064,
    "late_diff_fast": 0.7557835561219003,
    "Mg_stim": 8.21827057401883,
    "Mg_dest": 31.335684036746947,
    "IL1b_ineffective": 120.88550056502498,
    "IL1b_stim": 3.067402537595065,
    "IL8_favorable": 6.090106287868352,
    "ALP_M_n": 1.5271241547709677,
    "ARS_M_n": 0.7935886739634034,
    "OC_M_n": 0.13319120666925863,
    "ALP_0": 0.4727823896526038,
    "ARS_0": 0.0852270974501375,
    "OC_0": 9.815187393297311,
    "diff_time": 1011.5659731288958,
    "maturity_t": 1.0
}