{
    "a_Ber_2016_ALP": 0.6461160556877307,
    "a_Ber_2016_OC": 0.38655636340389526,
    "a_Valles_2020_ALP": 310.3580416888735,
    "a_Valles_2020_ARS": 776.1893127683383,
    "a_Chen_2018_ALP": 6.431183892903078,
    "a_Chen_2018_ARS": 3.520204440898357,
    "a_Qiao_2021_ALP": 28.350098521013738,
    "a_early_diff_stim": 8.373203187357474,
    "a_early_diff_inhib": 11.328945310379472,
    "a_late_diff_stim": 0.4761843347024026,
    "a_late_diff_inhib": 4.251068499660507,
    "early_diff_slow": 0.1555685746738278,
    "early_diff_fast": 0.5671420639896616,
    "early_diff_very_fast": 0.8857253173638142,
    "late_diff_slow": 0.33988049746664206,
    "late_diff_fast": 0.8460284865155122,
    "Mg_stim": 8.030511007131748,
    "Mg_dest": 28.224019833268862,
    "IL1b_ineffective": 120.90246348997393,
    "IL1b_stim": 3.052236814933268,
    "IL8_favorable": 6.4820417967199475,
    "ALP_M_n": 1.2789692802201904,
    "ARS_M_n": 0.9328531054861631,
    "OC_M_n": 0.35406939272982446,
    "ALP_0": 0.33532042684488134,
    "ARS_0": 0.12007761291000284,
    "OC_0": 7.269226701845516,
    "diff_time": 948.3111060888536,
    "maturity_t": 1.0
}