{
    "a_Ber_2016_ALP": 0.7923148306323757,
    "a_Ber_2016_OC": 0.34968822840087976,
    "a_Valles_2020_ALP": 350.47567570569373,
    "a_Valles_2020_ARS": 536.6248748343361,
    "a_Chen_2018_ALP": 8.675886303259206,
    "a_Chen_2018_ARS": 1.7413199915824678,
    "a_Qiao_2021_ALP": 34.26363393637892,
    "a_early_diff_stim": 12.747850840738774,
    "a_early_diff_inhib": 15.7937893541472,
    "a_late_diff_stim": 6.0124544595270475,
    "a_late_diff_inhib": 13.865180228712688,
    "early_diff_slow": 0.36401779251326905,
    "early_diff_fast": 0.553305051372398,
    "early_diff_very_fast": 0.8757779305313571,
    "late_diff_slow": 0.3297040149778107,
    "late_diff_fast": 0.7010023178728914,
    "Mg_stim": 8.502584857482011,
    "Mg_dest": 34.79918304085087,
    "IL1b_ineffective": 114.38122929483752,
    "IL1b_stim": 5.747792673739047,
    "IL8_favorable": 25.764787809695235,
    "ALP_M_n": 1.1568061521204847,
    "ARS_M_n": 1.374149772028701,
    "OC_M_n": 0.4856970757173882,
    "ALP_0": 0.2533720297924444,
    "ARS_0": 0.4747813942976777,
    "OC_0": 5.016934605508708,
    "diff_time": 1053.742395273899,
    "maturity_t": 0.9144701221577133
}