{
    "a_Ber_2016_ALP": 0.6173418784669357,
    "a_Ber_2016_OC": 0.33919053606607025,
    "a_Valles_2020_ALP": 287.1875796174197,
    "a_Valles_2020_ARS": 639.8464756168063,
    "a_Chen_2018_ALP": 6.108447887416365,
    "a_Chen_2018_ARS": 2.3879169404309892,
    "a_Qiao_2021_ALP": 28.104362741981028,
    "a_early_diff_stim": 9.69665895999123,
    "a_early_diff_inhib": 7.895857237732896,
    "a_late_diff_stim": 10.877182038978173,
    "a_late_diff_inhib": 8.485908026352533,
    "early_diff_slow": 0.2391888163662622,
    "early_diff_fast": 0.5681764417231849,
    "early_diff_very_fast": 0.8606466484334185,
    "late_diff_slow": 0.2594598472252074,
    "late_diff_fast": 0.7424717128665398,
    "Mg_stim": 7.848296074971355,
    "Mg_dest": 27.79080730244671,
    "IL1b_ineffective": 120.71637938575432,
    "IL1b_stim": 4.304992556229178,
    "IL8_favorable": 14.148256614812619,
    "ALP_M_n": 1.6301175483835109,
    "ARS_M_n": 0.9697586518526387,
    "OC_M_n": 0.46904240859188034,
    "ALP_0": 0.4279066902273897,
    "ARS_0": 0.5663093444805455,
    "OC_0": 4.838410794495647,
    "diff_time": 951.5236023856746,
    "maturity_t": 0.860198563007521
}