{
    "a_Ber_2016_ALP": 0.7686162982063115,
    "a_Ber_2016_OC": 0.37358809744382077,
    "a_Valles_2020_ALP": 402.562174829091,
    "a_Valles_2020_ARS": 679.1207021204793,
    "a_Chen_2018_ALP": 6.420281982356193,
    "a_Chen_2018_ARS": 1.865314670319515,
    "a_Qiao_2021_ALP": 33.24089060291606,
    "a_early_diff_stim": 19.28509029398422,
    "a_early_diff_inhib": 8.049575198651603,
    "a_late_diff_stim": 11.93123412049648,
    "a_late_diff_inhib": 9.701071919223564,
    "early_diff_slow": 0.1299170627368546,
    "early_diff_fast": 0.5148890989378689,
    "early_diff_very_fast": 0.7485493402249643,
    "late_diff_slow": 0.20120109523511803,
    "late_diff_fast": 0.781046137557174,
    "Mg_stim": 4.6684496451699795,
    "Mg_dest": 36.73306983948259,
    "IL1b_ineffective": 111.16474060767032,
    "IL1b_stim": 5.900878774108126,
    "IL8_favorable": 14.27966656401643,
    "ALP_M_n": 1.1961042291930912,
    "ARS_M_n": 0.755867827274703,
    "OC_M_n": 0.3426011072051687,
    "ALP_0": 0.27186370757831024,
    "ARS_0": 0.21200582616973093,
    "OC_0": 8.433905506344038,
    "diff_time": 954.3897535454031,
    "maturity_t": 0.9199256157585491
}