{
    "a_Ber_2016_ALP": 0.6216990206280438,
    "a_Ber_2016_OC": 0.43768226112898484,
    "a_Valles_2020_ALP": 310.70147633469173,
    "a_Valles_2020_ARS": 726.3449443393349,
    "a_Chen_2018_ALP": 5.925046116126791,
    "a_Chen_2018_ARS": 3.1466846008049196,
    "a_Qiao_2021_ALP": 26.65549869600663,
    "a_early_diff_stim": 7.684491218381707,
    "a_early_diff_inhib": 4.984802616742847,
    "a_late_diff_stim": 5.7701332107609735,
    "a_late_diff_inhib": 9.62955068672268,
    "early_diff_slow": 0.227160371884852,
    "early_diff_fast": 0.56543110019981,
    "early_diff_very_fast": 0.716983772288398,
    "late_diff_slow": 0.12534926493204557,
    "late_diff_fast": 0.7113699782460218,
    "Mg_stim": 8.167446756778418,
    "Mg_dest": 26.77479669075785,
    "IL1b_ineffective": 146.11660749632554,
    "IL1b_stim": 2.4686023758628757,
    "IL8_favorable": 3.2093307897017667,
    "ALP_M_n": 1.3764949448637251,
    "ARS_M_n": 0.47749158393376007,
    "OC_M_n": 0.37283657888058513,
    "ALP_0": 0.3777491696383122,
    "ARS_0": 0.021307473261789455,
    "OC_0": 4.505175427605823,
    "diff_time": 940.2178362432086,
    "maturity_t": 1.0
}