{
    "a_Ber_2016_ALP": 0.732459289521939,
    "a_Ber_2016_OC": 0.5464050572434216,
    "a_Valles_2020_ALP": 372.9393536510116,
    "a_Valles_2020_ARS": 523.9650929636666,
    "a_Chen_2018_ALP": 6.282876049070928,
    "a_Chen_2018_ARS": 2.0174665434138257,
    "a_Qiao_2021_ALP": 38.791581147471625,
    "a_early_diff_stim": 8.020514945052698,
    "a_early_diff_inhib": 11.066120739795055,
    "a_late_diff_stim": 1.9688246597481847,
    "a_late_diff_inhib": 1.360512403271434,
    "early_diff_slow": 0.2413508426839412,
    "early_diff_fast": 0.5574787544747967,
    "early_diff_very_fast": 0.6841823022377381,
    "late_diff_slow": 0.1797936858643239,
    "late_diff_fast": 0.7623013747300956,
    "Mg_stim": 7.353102489003056,
    "Mg_dest": 20.52746604348599,
    "IL1b_ineffective": 116.44012763853029,
    "IL1b_stim": 2.7963848972252645,
    "IL8_favorable": 4.001515463432803,
    "ALP_M_n": 1.0679774647417526,
    "ARS_M_n": 1.1672094273572118,
    "OC_M_n": 0.2358833443137338,
    "ALP_0": 0.2326447053145258,
    "ARS_0": 0.5133286693107352,
    "OC_0": 4.546644299821161,
    "diff_time": 1040.9460296407283,
    "maturity_t": 1.0
}