{
    "a_Ber_2016_ALP": 0.32628971443771854,
    "a_Ber_2016_OC": 0.5215453230618884,
    "a_Valles_2020_ALP": 157.05507124094336,
    "a_Valles_2020_ARS": 549.8326959550193,
    "a_Chen_2018_ALP": 4.567967412822381,
    "a_Chen_2018_ARS": 2.3453392049473547,
    "a_Qiao_2021_ALP": 17.77371134845458,
    "a_early_diff_stim": 5.451608016486771,
    "a_early_diff_inhib": 5.652779753807913,
    "a_late_diff_stim": 8.781252373034327,
    "a_late_diff_inhib": 10.240927767035071,
    "early_diff_slow": 0.3062354386702584,
    "early_diff_fast": 0.5963437493830421,
    "early_diff_very_fast": 0.6801626115257916,
    "late_diff_slow": 0.18833795860019173,
    "late_diff_fast": 0.79529206549556,
    "Mg_stim": 6.445756026757405,
    "Mg_dest": 35.60816583760103,
    "IL1b_ineffective": 152.82528289337728,
    "IL1b_stim": 1.48560262398931,
    "IL8_favorable": 5.488130302588992,
    "ALP_M_n": 2.4125211148797634,
    "ARS_M_n": 1.6653532553799064,
    "OC_M_n": 0.11419143373756077,
    "ALP_0": 0.668651441808871,
    "ARS_0": 0.3953128896799737,
    "OC_0": 5.655585881221293,
    "diff_time": 859.9543938159884,
    "maturity_t": 1.0
}