{
    "a_Ber_2016_ALP": 0.5345876532163198,
    "a_Ber_2016_OC": 0.26665694631452386,
    "a_Valles_2020_ALP": 315.2264532402092,
    "a_Valles_2020_ARS": 713.86865748014,
    "a_Chen_2018_ALP": 3.101442170347359,
    "a_Chen_2018_ARS": 2.0248182134470425,
    "a_Qiao_2021_ALP": 26.766935255494474,
    "a_early_diff_stim": 17.530868733066495,
    "a_early_diff_inhib": 11.51675957379525,
    "a_late_diff_stim": 12.130464200182693,
    "a_late_diff_inhib": 10.782804835298325,
    "early_diff_slow": 0.11436327091262483,
    "early_diff_fast": 0.5281375726187383,
    "early_diff_very_fast": 0.7473978551622873,
    "late_diff_slow": 0.2866782680713624,
    "late_diff_fast": 0.7433539148341516,
    "Mg_stim": 7.750287658238257,
    "Mg_dest": 33.47338230271807,
    "IL1b_ineffective": 105.24492604611457,
    "IL1b_stim": 5.8083794549373025,
    "IL8_favorable": 11.297120697312444,
    "ALP_M_n": 1.564694967070856,
    "ARS_M_n": 0.44197275848912015,
    "OC_M_n": 0.4686399740880754,
    "ALP_0": 0.49745644734674577,
    "ARS_0": 0.0422252964675732,
    "OC_0": 2.803311498061203,
    "diff_time": 1066.3715891110003,
    "maturity_t": 0.8158090212215253
}