{
    "a_Ber_2016_ALP": 0.5263119819894222,
    "a_Ber_2016_OC": 0.35327543221060975,
    "a_Valles_2020_ALP": 240.87464031111236,
    "a_Valles_2020_ARS": 745.3286741825177,
    "a_Chen_2018_ALP": 4.797524398812788,
    "a_Chen_2018_ARS": 3.2775135964881956,
    "a_Qiao_2021_ALP": 22.07610646076111,
    "a_early_diff_stim": 9.161668215785918,
    "a_early_diff_inhib": 9.247456037981935,
    "a_late_diff_stim": 7.70633044353969,
    "a_late_diff_inhib": 9.462657491582773,
    "early_diff_slow": 0.3225600494461287,
    "early_diff_fast": 0.5505834461163834,
    "early_diff_very_fast": 0.8307291916457971,
    "late_diff_slow": 0.28252205400794506,
    "late_diff_fast": 0.8129832351119091,
    "Mg_stim": 8.218847560212144,
    "Mg_dest": 26.755461594977824,
    "IL1b_ineffective": 120.44391257998062,
    "IL1b_stim": 3.1638871702455162,
    "IL8_favorable": 6.247540819319866,
    "ALP_M_n": 1.5814980032042576,
    "ARS_M_n": 0.9881514829444631,
    "OC_M_n": 0.4031550558900437,
    "ALP_0": 0.48289031624982304,
    "ARS_0": 0.11900476130529339,
    "OC_0": 7.005518858652831,
    "diff_time": 855.7881083055169,
    "maturity_t": 0.9962312055078821
}