{
    "a_Ber_2016_ALP": 0.6625002469417589,
    "a_Ber_2016_OC": 0.5670212863309292,
    "a_Valles_2020_ALP": 315.99369720940285,
    "a_Valles_2020_ARS": 757.942403844526,
    "a_Chen_2018_ALP": 6.847803599316194,
    "a_Chen_2018_ARS": 3.3959645504800773,
    "a_Qiao_2021_ALP": 29.589360601488668,
    "a_early_diff_stim": 13.698772117714647,
    "a_early_diff_inhib": 4.331731056820751,
    "a_late_diff_stim": 8.802977439070606,
    "a_late_diff_inhib": 6.907983512408801,
    "early_diff_slow": 0.2593979030642953,
    "early_diff_fast": 0.542164379178754,
    "early_diff_very_fast": 0.7725630339991496,
    "late_diff_slow": 0.12217564214571644,
    "late_diff_fast": 0.77233845712058,
    "Mg_stim": 8.067335155090007,
    "Mg_dest": 34.12818247982617,
    "IL1b_ineffective": 113.41478354960066,
    "IL1b_stim": 4.089328399784643,
    "IL8_favorable": 8.318071261394664,
    "ALP_M_n": 1.2270932335624496,
    "ARS_M_n": 0.9103227807679837,
    "OC_M_n": 0.2519695368109829,
    "ALP_0": 0.30453847865631284,
    "ARS_0": 0.10572377293914073,
    "OC_0": 3.364627243650403,
    "diff_time": 907.5419913972164,
    "maturity_t": 0.9999314122172634
}