{
    "a_Ber_2016_ALP": 0.7296962665528376,
    "a_Ber_2016_OC": 0.19660093884573965,
    "a_Valles_2020_ALP": 330.43069133357966,
    "a_Valles_2020_ARS": 673.3016952040545,
    "a_Chen_2018_ALP": 8.298732046421172,
    "a_Chen_2018_ARS": 2.690582532965479,
    "a_Qiao_2021_ALP": 34.850556712391686,
    "a_early_diff_stim": 4.423418149792585,
    "a_early_diff_inhib": 9.371368082518064,
    "a_late_diff_stim": 3.6676759127344205,
    "a_late_diff_inhib": 3.934601421910715,
    "early_diff_slow": 0.3996458463549091,
    "early_diff_fast": 0.6038233278813658,
    "early_diff_very_fast": 0.855274969575059,
    "late_diff_slow": 0.16065009199813687,
    "late_diff_fast": 0.6078648082068056,
    "Mg_stim": 8.143268688013976,
    "Mg_dest": 28.16506147543664,
    "IL1b_ineffective": 141.27388558138202,
    "IL1b_stim": 12.780333120749313,
    "IL8_favorable": 4.757499502519217,
    "ALP_M_n": 1.689256630877739,
    "ARS_M_n": 0.7991240207123579,
    "OC_M_n": 0.26721937987545596,
    "ALP_0": 0.370400198427571,
    "ARS_0": 0.15987669954120645,
    "OC_0": 6.184253233230195,
    "diff_time": 921.3950981557381,
    "maturity_t": 0.7305767362682319
}