{
    "a_Ber_2016_ALP": 0.46413864124670234,
    "a_Ber_2016_OC": 0.18092630156897593,
    "a_Valles_2020_ALP": 210.0934982946603,
    "a_Valles_2020_ARS": 524.6834053946727,
    "a_Chen_2018_ALP": 3.6405882513169887,
    "a_Chen_2018_ARS": 1.8666553178121952,
    "a_Qiao_2021_ALP": 20.89717697567512,
    "a_early_diff_stim": 9.729081353057815,
    "a_early_diff_inhib": 12.33252232871342,
    "a_late_diff_stim": 18.855557169818873,
    "a_late_diff_inhib": 13.164932723539087,
    "early_diff_slow": 0.36755769480445927,
    "early_diff_fast": 0.5471922031751617,
    "early_diff_very_fast": 0.934946961043246,
    "late_diff_slow": 0.1415264860726121,
    "late_diff_fast": 0.7543905402783883,
    "Mg_stim": 9.662068572876924,
    "Mg_dest": 26.712404794218855,
    "IL1b_ineffective": 109.75928628589472,
    "IL1b_stim": 5.770288744687415,
    "IL8_favorable": 17.838161284058522,
    "ALP_M_n": 1.7576922118536242,
    "ARS_M_n": 1.4214053039019516,
    "OC_M_n": 0.21430248261340784,
    "ALP_0": 0.5793652959439216,
    "ARS_0": 0.39616677634274855,
    "OC_0": 6.827734496596668,
    "diff_time": 854.94753905834,
    "maturity_t": 0.8879486027434462
}