{
    "a_Ber_2016_ALP": 0.4359329234734706,
    "a_Ber_2016_OC": 0.307465215676252,
    "a_Valles_2020_ALP": 190.5393318009783,
    "a_Valles_2020_ARS": 625.6971838208605,
    "a_Chen_2018_ALP": 4.21387429661766,
    "a_Chen_2018_ARS": 3.141840849458169,
    "a_Qiao_2021_ALP": 18.777613715950743,
    "a_early_diff_stim": 5.739342643994728,
    "a_early_diff_inhib": 15.192115883120934,
    "a_late_diff_stim": 8.62700481318723,
    "a_late_diff_inhib": 5.8531466938547965,
    "early_diff_slow": 0.2755292708509216,
    "early_diff_fast": 0.6468834882686783,
    "early_diff_very_fast": 0.953694582891037,
    "late_diff_slow": 0.2236611114133899,
    "late_diff_fast": 0.6850950222765494,
    "Mg_stim": 9.861666690301355,
    "Mg_dest": 32.01028115110202,
    "IL1b_ineffective": 116.85850482070757,
    "IL1b_stim": 3.5548311121597287,
    "IL8_favorable": 7.7880157458108386,
    "ALP_M_n": 1.9165475872620492,
    "ARS_M_n": 1.3037173490349119,
    "OC_M_n": 0.011801952483519071,
    "ALP_0": 0.5942205770537151,
    "ARS_0": 0.20577741092462007,
    "OC_0": 9.611931282310644,
    "diff_time": 779.3291730356327,
    "maturity_t": 0.9140957977438663
}