{
    "a_Ber_2016_ALP": 0.6434072576244558,
    "a_Ber_2016_OC": 0.6383430446240173,
    "a_Valles_2020_ALP": 292.5658917580735,
    "a_Valles_2020_ARS": 535.5137824147077,
    "a_Chen_2018_ALP": 6.677572620288224,
    "a_Chen_2018_ARS": 2.59847006453091,
    "a_Qiao_2021_ALP": 31.128477421720774,
    "a_early_diff_stim": 19.38453424735917,
    "a_early_diff_inhib": 4.295367047468988,
    "a_late_diff_stim": 9.1604388333779,
    "a_late_diff_inhib": 5.535564278611092,
    "early_diff_slow": 0.2040558956903975,
    "early_diff_fast": 0.5263272693678939,
    "early_diff_very_fast": 0.6438837252140105,
    "late_diff_slow": 0.13374473229196748,
    "late_diff_fast": 0.7203660253182567,
    "Mg_stim": 9.770890634422436,
    "Mg_dest": 25.908640317389597,
    "IL1b_ineffective": 111.98881864451673,
    "IL1b_stim": 3.8762706626449095,
    "IL8_favorable": 10.482042811361985,
    "ALP_M_n": 1.146759748716414,
    "ARS_M_n": 1.5759537293277015,
    "OC_M_n": 0.12267939332688296,
    "ALP_0": 0.27219586457916933,
    "ARS_0": 0.3147792484635297,
    "OC_0": 5.553717968975058,
    "diff_time": 755.9213371380813,
    "maturity_t": 1.0
}