{
    "a_Ber_2016_ALP": 0.6185077147273923,
    "a_Ber_2016_OC": 0.6834853336206732,
    "a_Valles_2020_ALP": 297.50131467642075,
    "a_Valles_2020_ARS": 817.228270771935,
    "a_Chen_2018_ALP": 5.63200861015549,
    "a_Chen_2018_ARS": 3.2754771658863207,
    "a_Qiao_2021_ALP": 24.946555011234558,
    "a_early_diff_stim": 19.795098658531614,
    "a_early_diff_inhib": 6.42914982258676,
    "a_late_diff_stim": 8.335748202823144,
    "a_late_diff_inhib": 10.957250276066372,
    "early_diff_slow": 0.15458909666585613,
    "early_diff_fast": 0.5260007232788235,
    "early_diff_very_fast": 0.6759479517943894,
    "late_diff_slow": 0.201140983000297,
    "late_diff_fast": 0.6503330653215826,
    "Mg_stim": 8.581725941250676,
    "Mg_dest": 34.45301989610084,
    "IL1b_ineffective": 121.9478038215554,
    "IL1b_stim": 3.0010964690321345,
    "IL8_favorable": 6.1787204662962125,
    "ALP_M_n": 1.6182590693020813,
    "ARS_M_n": 0.6823068829037716,
    "OC_M_n": 0.09120982596695693,
    "ALP_0": 0.4646829548025755,
    "ARS_0": 0.04647044443159171,
    "OC_0": 5.147546652781319,
    "diff_time": 1074.03894064146,
    "maturity_t": 0.8946838797557436
}