{
    "a_Ber_2016_ALP": 0.7437725309845119,
    "a_Ber_2016_OC": 0.6470654144336742,
    "a_Valles_2020_ALP": 363.1383914874217,
    "a_Valles_2020_ARS": 823.2556213012615,
    "a_Chen_2018_ALP": 6.53835627562785,
    "a_Chen_2018_ARS": 3.055938294234183,
    "a_Qiao_2021_ALP": 30.56054914473932,
    "a_early_diff_stim": 10.514440464365153,
    "a_early_diff_inhib": 11.087461672737922,
    "a_late_diff_stim": 2.596666988506948,
    "a_late_diff_inhib": 17.1816402998957,
    "early_diff_slow": 0.2896719282959866,
    "early_diff_fast": 0.5564675802361575,
    "early_diff_very_fast": 0.8883430118357911,
    "late_diff_slow": 0.25649375921844253,
    "late_diff_fast": 0.6574708552474742,
    "Mg_stim": 8.067318981377309,
    "Mg_dest": 26.0415370070891,
    "IL1b_ineffective": 118.10676099085605,
    "IL1b_stim": 3.372941829155682,
    "IL8_favorable": 7.221341394668258,
    "ALP_M_n": 1.1885150166218161,
    "ARS_M_n": 0.665350103921839,
    "OC_M_n": 0.06952638237098573,
    "ALP_0": 0.2904357335818903,
    "ARS_0": 0.04707084669250283,
    "OC_0": 3.623693688700606,
    "diff_time": 1068.0893885595685,
    "maturity_t": 0.990052467239527
}