{
    "a_Ber_2016_ALP": 0.5052234069354026,
    "a_Ber_2016_OC": 0.7144556156301153,
    "a_Valles_2020_ALP": 212.38951528214045,
    "a_Valles_2020_ARS": 647.6854163199469,
    "a_Chen_2018_ALP": 5.144605315589938,
    "a_Chen_2018_ARS": 3.251980304772686,
    "a_Qiao_2021_ALP": 23.947893909808645,
    "a_early_diff_stim": 8.22714109026672,
    "a_early_diff_inhib": 8.343049286497692,
    "a_late_diff_stim": 18.970978478211006,
    "a_late_diff_inhib": 15.784059003009322,
    "early_diff_slow": 0.28157986961117437,
    "early_diff_fast": 0.5686089369965668,
    "early_diff_very_fast": 0.7741567073444049,
    "late_diff_slow": 0.35048460230871376,
    "late_diff_fast": 0.6591896746249999,
    "Mg_stim": 9.988832756195084,
    "Mg_dest": 25.44775169052875,
    "IL1b_ineffective": 111.57744703999039,
    "IL1b_stim": 4.347477905611235,
    "IL8_favorable": 10.060428121573281,
    "ALP_M_n": 2.0218481734596465,
    "ARS_M_n": 1.2133397955120204,
    "OC_M_n": 0.04809479238618047,
    "ALP_0": 0.5440643188403411,
    "ARS_0": 0.18799162546014833,
    "OC_0": 9.860806102856005,
    "diff_time": 787.9909886976875,
    "maturity_t": 0.7484114091007062
}