{
    "a_Ber_2016_ALP": 0.6622688581098198,
    "a_Ber_2016_OC": 0.216707455992826,
    "a_Valles_2020_ALP": 352.96887105194884,
    "a_Valles_2020_ARS": 674.9971276592016,
    "a_Chen_2018_ALP": 9.066813228394203,
    "a_Chen_2018_ARS": 3.3915092800615674,
    "a_Qiao_2021_ALP": 41.243196606943926,
    "a_early_diff_stim": 6.39536250296755,
    "a_early_diff_inhib": 16.925271636491885,
    "a_late_diff_stim": 11.362663758160117,
    "a_late_diff_inhib": 6.03762408075831,
    "early_diff_slow": 0.2810413829940091,
    "early_diff_fast": 0.6411806803599391,
    "early_diff_very_fast": 0.8251862855174343,
    "late_diff_slow": 0.13605777462822732,
    "late_diff_fast": 0.6098093228989068,
    "Mg_stim": 2.341286200706475,
    "Mg_dest": 20.659354132750714,
    "IL1b_ineffective": 111.41360030795559,
    "IL1b_stim": 3.608161429846014,
    "IL8_favorable": 11.228018629672036,
    "ALP_M_n": 1.2892084331073426,
    "ARS_M_n": 1.0807053464125675,
    "OC_M_n": 0.17761551886388433,
    "ALP_0": 0.25037362204471736,
    "ARS_0": 0.17005882330507124,
    "OC_0": 3.231996899956212,
    "diff_time": 865.6762449200409,
    "maturity_t": 0.7452655014422601
}