{
    "a_Ber_2016_ALP": 0.6012291273413066,
    "a_Ber_2016_OC": 0.3694390847629431,
    "a_Valles_2020_ALP": 285.43204224966064,
    "a_Valles_2020_ARS": 627.7896198506522,
    "a_Chen_2018_ALP": 6.173030124233272,
    "a_Chen_2018_ARS": 2.9884340400446514,
    "a_Qiao_2021_ALP": 28.68130570409373,
    "a_early_diff_stim": 8.955543984646374,
    "a_early_diff_inhib": 11.033493718211984,
    "a_late_diff_stim": 10.27198482551473,
    "a_late_diff_inhib": 8.043541539095092,
    "early_diff_slow": 0.2669831907070986,
    "early_diff_fast": 0.5777488850676045,
    "early_diff_very_fast": 0.8545583176415426,
    "late_diff_slow": 0.23737599440506466,
    "late_diff_fast": 0.7520657289633473,
    "Mg_stim": 8.72938546755538,
    "Mg_dest": 29.178932041341927,
    "IL1b_ineffective": 115.46819335067836,
    "IL1b_stim": 3.5680647746037963,
    "IL8_favorable": 8.65035353762674,
    "ALP_M_n": 1.319535917141527,
    "ARS_M_n": 1.3169089367338507,
    "OC_M_n": 0.15342490118448662,
    "ALP_0": 0.3439985284661371,
    "ARS_0": 0.23604890852614557,
    "OC_0": 5.841428667399944,
    "diff_time": 817.9717226888409,
    "maturity_t": 0.9742763013956127
}