{
    "a_Ber_2016_ALP": 0.7721951150178044,
    "a_Ber_2016_OC": 0.21975860137875267,
    "a_Valles_2020_ALP": 338.87913857790056,
    "a_Valles_2020_ARS": 798.9538108857971,
    "a_Chen_2018_ALP": 9.373298356822623,
    "a_Chen_2018_ARS": 4.104734795050984,
    "a_Qiao_2021_ALP": 36.430821531015255,
    "a_early_diff_stim": 19.503627598645497,
    "a_early_diff_inhib": 8.44451184597313,
    "a_late_diff_stim": 9.64143321123202,
    "a_late_diff_inhib": 12.897569265834615,
    "early_diff_slow": 0.2254744492728548,
    "early_diff_fast": 0.5222713515661469,
    "early_diff_very_fast": 0.8718769949184845,
    "late_diff_slow": 0.27444758980054823,
    "late_diff_fast": 0.8238396689916937,
    "Mg_stim": 9.285341006941277,
    "Mg_dest": 28.508632804247934,
    "IL1b_ineffective": 108.48950266660779,
    "IL1b_stim": 9.805252086690711,
    "IL8_favorable": 29.31551974248578,
    "ALP_M_n": 1.102377569858087,
    "ARS_M_n": 0.7605733601526387,
    "OC_M_n": 0.5605396599506147,
    "ALP_0": 0.22438166304826027,
    "ARS_0": 0.05003086925045075,
    "OC_0": 1.7313437736760586,
    "diff_time": 905.8960853272285,
    "maturity_t": 0.8887570534823391
}