{
    "a_Ber_2016_ALP": 0.7074183304982208,
    "a_Ber_2016_OC": 0.4836594352391988,
    "a_Valles_2020_ALP": 286.56391187144334,
    "a_Valles_2020_ARS": 412.4328845431159,
    "a_Chen_2018_ALP": 5.741806119550581,
    "a_Chen_2018_ARS": 1.0487589571470795,
    "a_Qiao_2021_ALP": 28.587433432437056,
    "a_early_diff_stim": 8.007707231579515,
    "a_early_diff_inhib": 2.3141566092864077,
    "a_late_diff_stim": 7.756319298466419,
    "a_late_diff_inhib": 1.9267299020334505,
    "early_diff_slow": 0.38699414330369536,
    "early_diff_fast": 0.569805088096439,
    "early_diff_very_fast": 0.8418125610487004,
    "late_diff_slow": 0.38151820573652095,
    "late_diff_fast": 0.6766795724939408,
    "Mg_stim": 7.709064055262062,
    "Mg_dest": 31.85476148836277,
    "IL1b_ineffective": 119.09912345240045,
    "IL1b_stim": 3.7213760508232525,
    "IL8_favorable": 13.490923847659687,
    "ALP_M_n": 1.4635096304306499,
    "ARS_M_n": 0.15273794260169155,
    "OC_M_n": 0.06390131417070168,
    "ALP_0": 0.34307317270103155,
    "ARS_0": 7.654384319604456,
    "OC_0": 2.320837010493313,
    "diff_time": 790.8189017375294,
    "maturity_t": 0.9363346204377228
}