{
    "a_Ber_2016_ALP": 0.9387768509124955,
    "a_Ber_2016_OC": 0.4471475101346916,
    "a_Valles_2020_ALP": 359.7028031124982,
    "a_Valles_2020_ARS": 808.6359314085122,
    "a_Chen_2018_ALP": 9.008552179635696,
    "a_Chen_2018_ARS": 2.92428510802661,
    "a_Qiao_2021_ALP": 40.075716745935054,
    "a_early_diff_stim": 4.099145702777918,
    "a_early_diff_inhib": 7.648958677264705,
    "a_late_diff_stim": 15.562728234029677,
    "a_late_diff_inhib": 12.321581343374374,
    "early_diff_slow": 0.1911719408114368,
    "early_diff_fast": 0.6259523798549497,
    "early_diff_very_fast": 0.7150729104828516,
    "late_diff_slow": 0.36976622811028526,
    "late_diff_fast": 0.7275777421941767,
    "Mg_stim": 8.837599289963084,
    "Mg_dest": 31.16208068002068,
    "IL1b_ineffective": 160.1134895856713,
    "IL1b_stim": 2.149497290430345,
    "IL8_favorable": 2.6103239518407193,
    "ALP_M_n": 2.0926966174492088,
    "ARS_M_n": 0.6175196950700177,
    "OC_M_n": 0.4405316603319487,
    "ALP_0": 0.42407669801645187,
    "ARS_0": 0.05180160697534102,
    "OC_0": 2.2546340446873607,
    "diff_time": 1079.0763401808586,
    "maturity_t": 1.0
}