{
    "a_Ber_2016_ALP": 0.5997841004823704,
    "a_Ber_2016_OC": 0.2247684427659779,
    "a_Valles_2020_ALP": 277.6037065856503,
    "a_Valles_2020_ARS": 788.8919650127663,
    "a_Chen_2018_ALP": 5.382673667922678,
    "a_Chen_2018_ARS": 3.4979126264301073,
    "a_Qiao_2021_ALP": 23.862106930849937,
    "a_early_diff_stim": 11.478061519274858,
    "a_early_diff_inhib": 12.766205537122683,
    "a_late_diff_stim": 6.5769877952667954,
    "a_late_diff_inhib": 10.4931498980212,
    "early_diff_slow": 0.2727134146987831,
    "early_diff_fast": 0.5448350083924636,
    "early_diff_very_fast": 0.7881529177136771,
    "late_diff_slow": 0.1113907191339415,
    "late_diff_fast": 0.7233920329713076,
    "Mg_stim": 7.976405602298543,
    "Mg_dest": 33.54113249805252,
    "IL1b_ineffective": 120.61068841283004,
    "IL1b_stim": 3.174441564489026,
    "IL8_favorable": 6.293622693716301,
    "ALP_M_n": 1.5728413917007897,
    "ARS_M_n": 0.7583511212802045,
    "OC_M_n": 0.11353300079585901,
    "ALP_0": 0.464142057032493,
    "ARS_0": 0.060780594321384475,
    "OC_0": 6.106773106361403,
    "diff_time": 975.1511475013333,
    "maturity_t": 0.9466281496649556
}