{
    "a_Ber_2016_ALP": 0.6177524062172396,
    "a_Ber_2016_OC": 0.4595976472882364,
    "a_Valles_2020_ALP": 282.8193749846637,
    "a_Valles_2020_ARS": 287.3141149851851,
    "a_Chen_2018_ALP": 7.099875540046136,
    "a_Chen_2018_ARS": 1.1075613270287354,
    "a_Qiao_2021_ALP": 28.72268342678171,
    "a_early_diff_stim": 13.845431850051616,
    "a_early_diff_inhib": 11.786297169669773,
    "a_late_diff_stim": 8.655266631618263,
    "a_late_diff_inhib": 11.100767417468928,
    "early_diff_slow": 0.15307933217112882,
    "early_diff_fast": 0.5201945164016767,
    "early_diff_very_fast": 0.891832761341124,
    "late_diff_slow": 0.32772759959971276,
    "late_diff_fast": 0.8873940745467839,
    "Mg_stim": 8.516747669477118,
    "Mg_dest": 38.517282185700154,
    "IL1b_ineffective": 104.22192957424791,
    "IL1b_stim": 9.22054093181628,
    "IL8_favorable": 47.165364305994956,
    "ALP_M_n": 1.396427155586068,
    "ARS_M_n": 2.0990755040240012,
    "OC_M_n": 0.19097566470929137,
    "ALP_0": 0.36313730350688384,
    "ARS_0": 0.6634952509978089,
    "OC_0": 3.082318630243529,
    "diff_time": 738.5834990187402,
    "maturity_t": 0.9271357813971959
}