{
    "a_Ber_2016_ALP": 0.717518362604968,
    "a_Ber_2016_OC": 0.1126146637408809,
    "a_Valles_2020_ALP": 315.2099843378302,
    "a_Valles_2020_ARS": 707.5555086967422,
    "a_Chen_2018_ALP": 6.510495552323737,
    "a_Chen_2018_ARS": 1.877816081419513,
    "a_Qiao_2021_ALP": 30.634849067664057,
    "a_early_diff_stim": 9.348857321215874,
    "a_early_diff_inhib": 2.812704628208401,
    "a_late_diff_stim": 10.22023626145075,
    "a_late_diff_inhib": 0.6908095259962543,
    "early_diff_slow": 0.32177010718581434,
    "early_diff_fast": 0.5486629414255392,
    "early_diff_very_fast": 0.7420230886082708,
    "late_diff_slow": 0.233467697218842,
    "late_diff_fast": 0.7555321854396658,
    "Mg_stim": 9.965822429154333,
    "Mg_dest": 29.14671789623316,
    "IL1b_ineffective": 131.77803657648488,
    "IL1b_stim": 2.3974518555485247,
    "IL8_favorable": 6.195810622175429,
    "ALP_M_n": 1.3927930001077644,
    "ARS_M_n": 0.7165865919097965,
    "OC_M_n": 0.7772516382447471,
    "ALP_0": 0.34851246398284813,
    "ARS_0": 0.1578138363753631,
    "OC_0": 2.5157224382717778,
    "diff_time": 1002.6907133718807,
    "maturity_t": 0.8842229104465889
}