{
    "a_Ber_2016_ALP": 0.6824102088003149,
    "a_Ber_2016_OC": 0.24011280126576467,
    "a_Valles_2020_ALP": 306.4214837572292,
    "a_Valles_2020_ARS": 758.5815811592263,
    "a_Chen_2018_ALP": 6.3263394598877865,
    "a_Chen_2018_ARS": 3.751271319045959,
    "a_Qiao_2021_ALP": 29.954742500797096,
    "a_early_diff_stim": 9.328613032464265,
    "a_early_diff_inhib": 7.2100082270368615,
    "a_late_diff_stim": 0.20937930928637272,
    "a_late_diff_inhib": 5.60854339244246,
    "early_diff_slow": 0.2726093271132719,
    "early_diff_fast": 0.565649619183975,
    "early_diff_very_fast": 0.831710549810681,
    "late_diff_slow": 0.25452449743755234,
    "late_diff_fast": 0.8019320887894408,
    "Mg_stim": 9.232113586054876,
    "Mg_dest": 24.18417811977113,
    "IL1b_ineffective": 118.73657048521804,
    "IL1b_stim": 3.3975132883287866,
    "IL8_favorable": 7.248619115441635,
    "ALP_M_n": 1.2239750233492637,
    "ARS_M_n": 0.8529526576472184,
    "OC_M_n": 0.07894712274656446,
    "ALP_0": 0.30490623622810487,
    "ARS_0": 0.074213666266523,
    "OC_0": 6.097693737906627,
    "diff_time": 886.7215986439298,
    "maturity_t": 0.9881896846202851
}