{
    "a_Ber_2016_ALP": 0.5313082802112242,
    "a_Ber_2016_OC": 0.24192216313183185,
    "a_Valles_2020_ALP": 257.718913142512,
    "a_Valles_2020_ARS": 722.9862233124163,
    "a_Chen_2018_ALP": 5.133484592414342,
    "a_Chen_2018_ARS": 2.4505439005900027,
    "a_Qiao_2021_ALP": 23.97197677895806,
    "a_early_diff_stim": 5.674312934565934,
    "a_early_diff_inhib": 14.078192950701087,
    "a_late_diff_stim": 11.49510263151733,
    "a_late_diff_inhib": 3.758371559240816,
    "early_diff_slow": 0.28455501577628634,
    "early_diff_fast": 0.5887400525206077,
    "early_diff_very_fast": 0.7594778605516707,
    "late_diff_slow": 0.3129367903817801,
    "late_diff_fast": 0.7285149364850809,
    "Mg_stim": 8.004456693502108,
    "Mg_dest": 32.32563471433084,
    "IL1b_ineffective": 152.80041326166713,
    "IL1b_stim": 1.6059927056892604,
    "IL8_favorable": 4.847601888428144,
    "ALP_M_n": 1.7896606051725978,
    "ARS_M_n": 1.025321404529309,
    "OC_M_n": 0.17364483669097294,
    "ALP_0": 0.5193084672982523,
    "ARS_0": 0.21447158868308752,
    "OC_0": 1.52607241809395,
    "diff_time": 1010.7470351205122,
    "maturity_t": 0.9279047906844691
}