{
    "a_Ber_2016_ALP": 0.5324999804176391,
    "a_Ber_2016_OC": 0.6361167657803891,
    "a_Valles_2020_ALP": 245.66916617669244,
    "a_Valles_2020_ARS": 546.76645562844,
    "a_Chen_2018_ALP": 5.241623979666209,
    "a_Chen_2018_ARS": 2.6056266869241678,
    "a_Qiao_2021_ALP": 23.36578675964698,
    "a_early_diff_stim": 9.13252937930661,
    "a_early_diff_inhib": 15.9490442520109,
    "a_late_diff_stim": 6.115266075756853,
    "a_late_diff_inhib": 14.583825010688226,
    "early_diff_slow": 0.12116179411928873,
    "early_diff_fast": 0.5589596335893167,
    "early_diff_very_fast": 0.8596192425808759,
    "late_diff_slow": 0.37278574093109274,
    "late_diff_fast": 0.8014388985657027,
    "Mg_stim": 8.143622593089557,
    "Mg_dest": 28.679929300957948,
    "IL1b_ineffective": 117.00620151893376,
    "IL1b_stim": 4.586696933169829,
    "IL8_favorable": 8.704909029308624,
    "ALP_M_n": 1.6348103815020665,
    "ARS_M_n": 1.554783823965354,
    "OC_M_n": 0.06225348835102554,
    "ALP_0": 0.47839888208277354,
    "ARS_0": 0.34578997867673184,
    "OC_0": 4.586387942885712,
    "diff_time": 855.0864693489696,
    "maturity_t": 0.9319212523734235
}