{
    "a_Ber_2016_ALP": 0.6868731944283313,
    "a_Ber_2016_OC": 0.1357036659610552,
    "a_Valles_2020_ALP": 311.2117671067008,
    "a_Valles_2020_ARS": 456.1547145176063,
    "a_Chen_2018_ALP": 8.72660864556571,
    "a_Chen_2018_ARS": 1.3205182320257656,
    "a_Qiao_2021_ALP": 32.82334281859629,
    "a_early_diff_stim": 9.0059979852298,
    "a_early_diff_inhib": 10.076676665622482,
    "a_late_diff_stim": 15.03142944727017,
    "a_late_diff_inhib": 7.629686370904569,
    "early_diff_slow": 0.15318260788864296,
    "early_diff_fast": 0.5451767924195798,
    "early_diff_very_fast": 0.7386087274651203,
    "late_diff_slow": 0.20769878545424453,
    "late_diff_fast": 0.7927940648484457,
    "Mg_stim": 8.30926996269941,
    "Mg_dest": 30.492018267065788,
    "IL1b_ineffective": 114.6633933702502,
    "IL1b_stim": 3.6591307827801476,
    "IL8_favorable": 3.5820778681662944,
    "ALP_M_n": 1.6903075455518786,
    "ARS_M_n": 1.2520300435010556,
    "OC_M_n": 0.8781495317060344,
    "ALP_0": 0.37614066607234425,
    "ARS_0": 0.558433394941078,
    "OC_0": 1.4259424548785091,
    "diff_time": 857.2259563152227,
    "maturity_t": 0.7678661331816742
}