{
    "a_Ber_2016_ALP": 0.5428003921224513,
    "a_Ber_2016_OC": 0.2611003273364195,
    "a_Valles_2020_ALP": 248.51503998905056,
    "a_Valles_2020_ARS": 781.899012479659,
    "a_Chen_2018_ALP": 4.665402273035889,
    "a_Chen_2018_ARS": 3.1099727568953224,
    "a_Qiao_2021_ALP": 21.116612847076265,
    "a_early_diff_stim": 15.422059867803135,
    "a_early_diff_inhib": 1.9631136873016177,
    "a_late_diff_stim": 10.984047846655109,
    "a_late_diff_inhib": 8.05788720272961,
    "early_diff_slow": 0.2834193657492701,
    "early_diff_fast": 0.5323566373270907,
    "early_diff_very_fast": 0.7181929450087625,
    "late_diff_slow": 0.3466189219371628,
    "late_diff_fast": 0.899832497776734,
    "Mg_stim": 7.816057068092074,
    "Mg_dest": 36.22676065962043,
    "IL1b_ineffective": 122.11424301078614,
    "IL1b_stim": 3.0211074581932653,
    "IL8_favorable": 6.235931190572863,
    "ALP_M_n": 1.6323486232709725,
    "ARS_M_n": 0.750920113218768,
    "OC_M_n": 0.03251382996299745,
    "ALP_0": 0.5169754501181741,
    "ARS_0": 0.05354260909810508,
    "OC_0": 7.729999255899214,
    "diff_time": 947.6138028434075,
    "maturity_t": 0.9845553187303484
}