{
    "a_Ber_2016_ALP": 0.6170333364195228,
    "a_Ber_2016_OC": 0.6552274356485362,
    "a_Valles_2020_ALP": 292.6553750589916,
    "a_Valles_2020_ARS": 631.3759502127084,
    "a_Chen_2018_ALP": 6.263102063986009,
    "a_Chen_2018_ARS": 2.9977861687070066,
    "a_Qiao_2021_ALP": 29.48368942042003,
    "a_early_diff_stim": 15.032569753376634,
    "a_early_diff_inhib": 18.2491593809209,
    "a_late_diff_stim": 18.759785197275846,
    "a_late_diff_inhib": 6.209972019019002,
    "early_diff_slow": 0.21807026025447343,
    "early_diff_fast": 0.5334668799079246,
    "early_diff_very_fast": 0.692285053460229,
    "late_diff_slow": 0.3999266566786499,
    "late_diff_fast": 0.7640756932391756,
    "Mg_stim": 8.07836488543963,
    "Mg_dest": 27.357606303933967,
    "IL1b_ineffective": 113.74566009011492,
    "IL1b_stim": 3.6399933581628883,
    "IL8_favorable": 8.737717873240044,
    "ALP_M_n": 1.2391357252293203,
    "ARS_M_n": 1.3668451147494154,
    "OC_M_n": 0.10544931078704012,
    "ALP_0": 0.31421421514637443,
    "ARS_0": 0.23479042895549504,
    "OC_0": 6.010927918768008,
    "diff_time": 801.0226002678876,
    "maturity_t": 1.0
}