{
    "a_Ber_2016_ALP": 0.5766816607767495,
    "a_Ber_2016_OC": 0.6874386542037427,
    "a_Valles_2020_ALP": 269.220851485191,
    "a_Valles_2020_ARS": 803.3774590049929,
    "a_Chen_2018_ALP": 4.96464400765315,
    "a_Chen_2018_ARS": 3.063656647137026,
    "a_Qiao_2021_ALP": 21.96243124546979,
    "a_early_diff_stim": 11.812144022739062,
    "a_early_diff_inhib": 14.52715177570354,
    "a_late_diff_stim": 11.833235031066485,
    "a_late_diff_inhib": 9.983726427463003,
    "early_diff_slow": 0.20143080051217133,
    "early_diff_fast": 0.540359771785485,
    "early_diff_very_fast": 0.782960776695949,
    "late_diff_slow": 0.3010122361550121,
    "late_diff_fast": 0.7547181197118369,
    "Mg_stim": 7.923551469488334,
    "Mg_dest": 27.998169230939745,
    "IL1b_ineffective": 123.53469573343709,
    "IL1b_stim": 3.1255454985403635,
    "IL8_favorable": 5.812393260920189,
    "ALP_M_n": 1.7539197965268056,
    "ARS_M_n": 0.6831300933993127,
    "OC_M_n": 0.05311163550247246,
    "ALP_0": 0.5271552722406175,
    "ARS_0": 0.0703228021653158,
    "OC_0": 6.69505480445173,
    "diff_time": 1053.7093531859489,
    "maturity_t": 0.9002822933897684
}