{
    "a_Ber_2016_ALP": 0.713606047442818,
    "a_Ber_2016_OC": 0.45141349860459834,
    "a_Valles_2020_ALP": 335.9156784370054,
    "a_Valles_2020_ARS": 790.7619273456936,
    "a_Chen_2018_ALP": 6.613543958935165,
    "a_Chen_2018_ARS": 3.6122803396303205,
    "a_Qiao_2021_ALP": 29.458665948936325,
    "a_early_diff_stim": 12.5586693959138,
    "a_early_diff_inhib": 10.451670150893502,
    "a_late_diff_stim": 7.676357028181443,
    "a_late_diff_inhib": 10.174093540414688,
    "early_diff_slow": 0.30116886994993475,
    "early_diff_fast": 0.5412476035362115,
    "early_diff_very_fast": 0.7524238980324618,
    "late_diff_slow": 0.20234102615397526,
    "late_diff_fast": 0.7347090828849916,
    "Mg_stim": 8.049338503539012,
    "Mg_dest": 27.450869976761986,
    "IL1b_ineffective": 118.96696908366626,
    "IL1b_stim": 3.0593870827084935,
    "IL8_favorable": 6.0851479690023424,
    "ALP_M_n": 1.3778053110588704,
    "ARS_M_n": 0.6712828811101982,
    "OC_M_n": 0.26057518061481627,
    "ALP_0": 0.3515752094166745,
    "ARS_0": 0.03775295702048945,
    "OC_0": 8.486982459631795,
    "diff_time": 1003.6438753600346,
    "maturity_t": 0.9195811539132324
}