{
    "a_Ber_2016_ALP": 0.45214229448293636,
    "a_Ber_2016_OC": 0.6810930633045936,
    "a_Valles_2020_ALP": 198.8017167010289,
    "a_Valles_2020_ARS": 259.21939139184354,
    "a_Chen_2018_ALP": 3.900883017112699,
    "a_Chen_2018_ARS": 0.8275321847905636,
    "a_Qiao_2021_ALP": 18.901987671844964,
    "a_early_diff_stim": 12.086620504644944,
    "a_early_diff_inhib": 15.91460394859125,
    "a_late_diff_stim": 5.5831613220011045,
    "a_late_diff_inhib": 9.986436903808277,
    "early_diff_slow": 0.1436051602979843,
    "early_diff_fast": 0.5340149018038598,
    "early_diff_very_fast": 0.9102627000961063,
    "late_diff_slow": 0.14965436482379446,
    "late_diff_fast": 0.7203198726381767,
    "Mg_stim": 8.247007393122834,
    "Mg_dest": 26.75432150279782,
    "IL1b_ineffective": 41.605682041721835,
    "IL1b_stim": 6.307589016869983,
    "IL8_favorable": 13.407347918510133,
    "ALP_M_n": 2.03995491135936,
    "ARS_M_n": 0.555546196816846,
    "OC_M_n": 0.38442524015445123,
    "ALP_0": 0.6188155589270184,
    "ARS_0": 3.38697291027574,
    "OC_0": 0.9314529820504749,
    "diff_time": 874.4214831819488,
    "maturity_t": 0.8431058861101347
}