{
    "a_Ber_2016_ALP": 0.6570959169989844,
    "a_Ber_2016_OC": 0.21073969544039395,
    "a_Valles_2020_ALP": 297.5703390166834,
    "a_Valles_2020_ARS": 573.9421226107972,
    "a_Chen_2018_ALP": 6.443654139808026,
    "a_Chen_2018_ARS": 2.7697709748638073,
    "a_Qiao_2021_ALP": 30.858291423396697,
    "a_early_diff_stim": 6.593722854308861,
    "a_early_diff_inhib": 15.291350286744489,
    "a_late_diff_stim": 17.407051703095483,
    "a_late_diff_inhib": 13.887022855347379,
    "early_diff_slow": 0.26174078331720535,
    "early_diff_fast": 0.5744439702411684,
    "early_diff_very_fast": 0.9114483329975456,
    "late_diff_slow": 0.1952280537357362,
    "late_diff_fast": 0.7732692000572166,
    "Mg_stim": 8.966395764580371,
    "Mg_dest": 22.693341769234898,
    "IL1b_ineffective": 114.09905962161105,
    "IL1b_stim": 3.625185068940741,
    "IL8_favorable": 9.954776834282,
    "ALP_M_n": 1.1857176301512624,
    "ARS_M_n": 1.4522973391377145,
    "OC_M_n": 0.6629019817391,
    "ALP_0": 0.2861793868524431,
    "ARS_0": 0.2879706268805907,
    "OC_0": 6.835576954947034,
    "diff_time": 781.1137139079141,
    "maturity_t": 1.0
}