{
    "a_Ber_2016_ALP": 0.9314064461025202,
    "a_Ber_2016_OC": 0.049882144572564235,
    "a_Valles_2020_ALP": 435.7566682352728,
    "a_Valles_2020_ARS": 684.588608325879,
    "a_Chen_2018_ALP": 6.783098664383776,
    "a_Chen_2018_ARS": 2.9015305274300784,
    "a_Qiao_2021_ALP": 33.82461610592573,
    "a_early_diff_stim": 10.835656360483696,
    "a_early_diff_inhib": 12.472966092743182,
    "a_late_diff_stim": 12.216085831026902,
    "a_late_diff_inhib": 13.86152183709174,
    "early_diff_slow": 0.3760461648740153,
    "early_diff_fast": 0.5335839084899846,
    "early_diff_very_fast": 0.7056287446864351,
    "late_diff_slow": 0.2914030564913045,
    "late_diff_fast": 0.806492279939225,
    "Mg_stim": 9.780099575691768,
    "Mg_dest": 37.88238996459637,
    "IL1b_ineffective": 133.06819012266823,
    "IL1b_stim": 1.6948312524792577,
    "IL8_favorable": 3.8883701148718615,
    "ALP_M_n": 1.4086094509811211,
    "ARS_M_n": 0.6069036461586013,
    "OC_M_n": 1.21137370023993,
    "ALP_0": 0.3041705681880078,
    "ARS_0": 0.14533868204966804,
    "OC_0": 4.21729587260124,
    "diff_time": 1073.1388207682453,
    "maturity_t": 0.8498901746523182
}