{
    "a_Ber_2016_ALP": 0.6167820733360831,
    "a_Ber_2016_OC": 0.18620555820677467,
    "a_Valles_2020_ALP": 262.64390449274975,
    "a_Valles_2020_ARS": 646.7645058835803,
    "a_Chen_2018_ALP": 6.856564807773908,
    "a_Chen_2018_ARS": 3.454643327252613,
    "a_Qiao_2021_ALP": 27.8799037841792,
    "a_early_diff_stim": 5.8785107722079415,
    "a_early_diff_inhib": 19.862283431315014,
    "a_late_diff_stim": 11.033570403496665,
    "a_late_diff_inhib": 7.722172841992886,
    "early_diff_slow": 0.2307417493907991,
    "early_diff_fast": 0.5722724360561515,
    "early_diff_very_fast": 0.7900705350656192,
    "late_diff_slow": 0.18762296038519685,
    "late_diff_fast": 0.7486961743243279,
    "Mg_stim": 8.646723677473886,
    "Mg_dest": 28.088916832169165,
    "IL1b_ineffective": 102.13026463378968,
    "IL1b_stim": 1.7965462692840592,
    "IL8_favorable": 5.131497661142326,
    "ALP_M_n": 1.4990939553925722,
    "ARS_M_n": 1.0916092158778454,
    "OC_M_n": 0.43497501145467876,
    "ALP_0": 0.39781230402606127,
    "ARS_0": 0.2150501477938857,
    "OC_0": 7.83174717862276,
    "diff_time": 852.6001445372586,
    "maturity_t": 0.8957244965717379
}