{
    "a_Ber_2016_ALP": 0.7246318221408979,
    "a_Ber_2016_OC": 0.17620518111937278,
    "a_Valles_2020_ALP": 400.8270992575028,
    "a_Valles_2020_ARS": 741.4566544542437,
    "a_Chen_2018_ALP": 7.585763917399103,
    "a_Chen_2018_ARS": 3.157707279129037,
    "a_Qiao_2021_ALP": 37.51779719274105,
    "a_early_diff_stim": 8.05682632045187,
    "a_early_diff_inhib": 1.8541400399778887,
    "a_late_diff_stim": 16.15828301945951,
    "a_late_diff_inhib": 2.7340586828573032,
    "early_diff_slow": 0.2291993315191002,
    "early_diff_fast": 0.5551067686048823,
    "early_diff_very_fast": 0.6933212434283484,
    "late_diff_slow": 0.220108493283301,
    "late_diff_fast": 0.7100842347833544,
    "Mg_stim": 6.615572325996949,
    "Mg_dest": 39.09656258621508,
    "IL1b_ineffective": 55.63010886705534,
    "IL1b_stim": 4.994196832505022,
    "IL8_favorable": 7.715241398809553,
    "ALP_M_n": 0.8523148629103175,
    "ARS_M_n": 1.16365688895568,
    "OC_M_n": 0.21059077812467583,
    "ALP_0": 0.13997657888584733,
    "ARS_0": 0.17334485189909235,
    "OC_0": 8.101272704616092,
    "diff_time": 894.1994069233787,
    "maturity_t": 0.9697747834840426
}