{
    "a_Ber_2016_ALP": 0.6450906623923244,
    "a_Ber_2016_OC": 0.5856442820771278,
    "a_Valles_2020_ALP": 316.72029466403853,
    "a_Valles_2020_ARS": 665.4832372587905,
    "a_Chen_2018_ALP": 7.942640796626004,
    "a_Chen_2018_ARS": 3.2386171948601183,
    "a_Qiao_2021_ALP": 35.371264898219756,
    "a_early_diff_stim": 5.20478441627767,
    "a_early_diff_inhib": 5.087243685848564,
    "a_late_diff_stim": 4.294078226795319,
    "a_late_diff_inhib": 6.50177749784315,
    "early_diff_slow": 0.17782449562349084,
    "early_diff_fast": 0.6309898861218797,
    "early_diff_very_fast": 0.9339663163218334,
    "late_diff_slow": 0.24403968952433924,
    "late_diff_fast": 0.7328882832975466,
    "Mg_stim": 9.913002547933324,
    "Mg_dest": 35.97021370896798,
    "IL1b_ineffective": 112.81807088065113,
    "IL1b_stim": 3.751464518820937,
    "IL8_favorable": 10.364780995216037,
    "ALP_M_n": 1.4455317309532034,
    "ARS_M_n": 1.170584531118339,
    "OC_M_n": 0.14409908132131272,
    "ALP_0": 0.31960490110082634,
    "ARS_0": 0.19765850406235608,
    "OC_0": 8.051006197131771,
    "diff_time": 827.4905798336865,
    "maturity_t": 0.787927929421154
}