{
    "a_Ber_2016_ALP": 0.6650520023034092,
    "a_Ber_2016_OC": 0.3937059448871519,
    "a_Valles_2020_ALP": 304.3049220963797,
    "a_Valles_2020_ARS": 550.9846026127088,
    "a_Chen_2018_ALP": 6.778824807255328,
    "a_Chen_2018_ARS": 2.1128085167399173,
    "a_Qiao_2021_ALP": 28.34550429894719,
    "a_early_diff_stim": 5.4865104009308245,
    "a_early_diff_inhib": 18.29633644511528,
    "a_late_diff_stim": 13.675535260872312,
    "a_late_diff_inhib": 14.895745857074756,
    "early_diff_slow": 0.21551523019595709,
    "early_diff_fast": 0.6074693764791579,
    "early_diff_very_fast": 0.9767941815178439,
    "late_diff_slow": 0.25518624716987504,
    "late_diff_fast": 0.6920243755108165,
    "Mg_stim": 7.123801929618525,
    "Mg_dest": 30.62241972795409,
    "IL1b_ineffective": 122.12536134200963,
    "IL1b_stim": 3.3427954716141457,
    "IL8_favorable": 14.927630518790714,
    "ALP_M_n": 1.3845190096235422,
    "ARS_M_n": 1.322969060308634,
    "OC_M_n": 0.5325743636872069,
    "ALP_0": 0.36416792412963916,
    "ARS_0": 0.38896900484163494,
    "OC_0": 3.2419995836999136,
    "diff_time": 931.3666469056395,
    "maturity_t": 0.941228311368473
}