{
    "a_Ber_2016_ALP": 0.7341322347948351,
    "a_Ber_2016_OC": 0.18024792100169312,
    "a_Valles_2020_ALP": 399.0175919710416,
    "a_Valles_2020_ARS": 692.8576418765026,
    "a_Chen_2018_ALP": 7.1244427799301775,
    "a_Chen_2018_ARS": 2.4239826110941953,
    "a_Qiao_2021_ALP": 36.90728322463638,
    "a_early_diff_stim": 15.037801041550189,
    "a_early_diff_inhib": 10.809270041060714,
    "a_late_diff_stim": 3.7450912877508085,
    "a_late_diff_inhib": 19.650602326094013,
    "early_diff_slow": 0.3783002497479383,
    "early_diff_fast": 0.5464137853014484,
    "early_diff_very_fast": 0.9071640324735029,
    "late_diff_slow": 0.25134619460218904,
    "late_diff_fast": 0.8860152590369117,
    "Mg_stim": 3.2208909079045265,
    "Mg_dest": 26.834845167353215,
    "IL1b_ineffective": 54.786550783579614,
    "IL1b_stim": 6.921430871117105,
    "IL8_favorable": 18.2995371958878,
    "ALP_M_n": 1.051949047877788,
    "ARS_M_n": 0.6975324639399835,
    "OC_M_n": 0.3234670365697514,
    "ALP_0": 0.22738208212364266,
    "ARS_0": 0.14122603723673213,
    "OC_0": 2.9041138545409546,
    "diff_time": 1061.8470756114934,
    "maturity_t": 0.877922235802735
}