{
    "a_Ber_2016_ALP": 0.5849045508037496,
    "a_Ber_2016_OC": 0.27191873554673823,
    "a_Valles_2020_ALP": 273.4190404878859,
    "a_Valles_2020_ARS": 793.9434628300542,
    "a_Chen_2018_ALP": 5.312683918140422,
    "a_Chen_2018_ARS": 3.3906861618137363,
    "a_Qiao_2021_ALP": 23.990053338960337,
    "a_early_diff_stim": 15.247123769265393,
    "a_early_diff_inhib": 16.88891556891261,
    "a_late_diff_stim": 18.426556038468895,
    "a_late_diff_inhib": 9.733749074190245,
    "early_diff_slow": 0.3169962159582884,
    "early_diff_fast": 0.5388469978582342,
    "early_diff_very_fast": 0.7366625097020827,
    "late_diff_slow": 0.32243828795616863,
    "late_diff_fast": 0.7169594036987593,
    "Mg_stim": 8.173022610899437,
    "Mg_dest": 31.130618496116902,
    "IL1b_ineffective": 120.5034432701724,
    "IL1b_stim": 3.378816122116362,
    "IL8_favorable": 6.269943773416337,
    "ALP_M_n": 1.534108343099284,
    "ARS_M_n": 0.7736026822427711,
    "OC_M_n": 0.10522416429064485,
    "ALP_0": 0.4548109464855701,
    "ARS_0": 0.07521622121586446,
    "OC_0": 5.8317259784900095,
    "diff_time": 986.3787129662027,
    "maturity_t": 0.9626222021884503
}