{
    "a_Ber_2016_ALP": 0.6284756312292479,
    "a_Ber_2016_OC": 0.4573405445196654,
    "a_Valles_2020_ALP": 289.79546441975407,
    "a_Valles_2020_ARS": 719.4831689325986,
    "a_Chen_2018_ALP": 5.665896173421348,
    "a_Chen_2018_ARS": 2.3176141513467075,
    "a_Qiao_2021_ALP": 28.226506853810914,
    "a_early_diff_stim": 6.292472398010887,
    "a_early_diff_inhib": 9.94823608766358,
    "a_late_diff_stim": 14.29493629859853,
    "a_late_diff_inhib": 13.649195853971225,
    "early_diff_slow": 0.18987795289142506,
    "early_diff_fast": 0.5594772157752632,
    "early_diff_very_fast": 0.8179016265958466,
    "late_diff_slow": 0.2263687809359028,
    "late_diff_fast": 0.6598546257234228,
    "Mg_stim": 5.491867361537398,
    "Mg_dest": 38.58793683363699,
    "IL1b_ineffective": 134.06098249636102,
    "IL1b_stim": 2.199777700933236,
    "IL8_favorable": 10.97929342903074,
    "ALP_M_n": 1.422424292498813,
    "ARS_M_n": 0.7904079271151595,
    "OC_M_n": 0.33738697584375754,
    "ALP_0": 0.41582207917241465,
    "ARS_0": 0.1432183925525111,
    "OC_0": 4.886397117529664,
    "diff_time": 978.9606114469175,
    "maturity_t": 0.8842850990339316
}