{
    "a_Ber_2016_ALP": 0.8573530751398176,
    "a_Ber_2016_OC": 0.21893492946612883,
    "a_Valles_2020_ALP": 326.91322530619965,
    "a_Valles_2020_ARS": 463.8378360085588,
    "a_Chen_2018_ALP": 7.85099765810652,
    "a_Chen_2018_ARS": 1.098856722363302,
    "a_Qiao_2021_ALP": 40.05790990740232,
    "a_early_diff_stim": 4.8502083604633,
    "a_early_diff_inhib": 9.911325691446994,
    "a_late_diff_stim": 17.59295450954628,
    "a_late_diff_inhib": 12.216000604691327,
    "early_diff_slow": 0.2661180791715757,
    "early_diff_fast": 0.6242250304216649,
    "early_diff_very_fast": 0.7626708600376413,
    "late_diff_slow": 0.31746136593572905,
    "late_diff_fast": 0.8140076660163922,
    "Mg_stim": 9.88400671971453,
    "Mg_dest": 25.65864850228559,
    "IL1b_ineffective": 117.64734437690663,
    "IL1b_stim": 2.299398073464003,
    "IL8_favorable": 4.479965073829412,
    "ALP_M_n": 1.7062982004455443,
    "ARS_M_n": 1.1809613372062222,
    "OC_M_n": 0.1546603160778051,
    "ALP_0": 0.37579231164432275,
    "ARS_0": 0.6600698310026447,
    "OC_0": 4.1250190006637935,
    "diff_time": 1063.9123546976944,
    "maturity_t": 0.637924501374846
}