{
    "a_Ber_2016_ALP": 0.4907752895091164,
    "a_Ber_2016_OC": 0.27999999926227037,
    "a_Valles_2020_ALP": 235.05571076990023,
    "a_Valles_2020_ARS": 690.8396354266237,
    "a_Chen_2018_ALP": 5.30533745677636,
    "a_Chen_2018_ARS": 3.406151205175737,
    "a_Qiao_2021_ALP": 24.520236606330887,
    "a_early_diff_stim": 8.768155236926537,
    "a_early_diff_inhib": 4.535293541573713,
    "a_late_diff_stim": 9.351712793537015,
    "a_late_diff_inhib": 9.730387707338796,
    "early_diff_slow": 0.20376889985302318,
    "early_diff_fast": 0.5948658935123006,
    "early_diff_very_fast": 0.771686839439536,
    "late_diff_slow": 0.3149833370941114,
    "late_diff_fast": 0.683419460204977,
    "Mg_stim": 9.9139174373835,
    "Mg_dest": 39.53621295674094,
    "IL1b_ineffective": 115.21220007051528,
    "IL1b_stim": 3.535794787437748,
    "IL8_favorable": 8.126145566838566,
    "ALP_M_n": 1.90602323039409,
    "ARS_M_n": 1.0976660671410976,
    "OC_M_n": 0.0,
    "ALP_0": 0.5180422332697346,
    "ARS_0": 0.15221473243403186,
    "OC_0": 5.790494320622188,
    "diff_time": 837.6423688710146,
    "maturity_t": 0.7920553114278807
}