{
    "a_Ber_2016_ALP": 0.7425813686251772,
    "a_Ber_2016_OC": 0.17180262781150066,
    "a_Valles_2020_ALP": 361.2352551073095,
    "a_Valles_2020_ARS": 762.8581314942348,
    "a_Chen_2018_ALP": 8.60035105483517,
    "a_Chen_2018_ARS": 2.738738636920242,
    "a_Qiao_2021_ALP": 39.823853312421086,
    "a_early_diff_stim": 12.042478824214559,
    "a_early_diff_inhib": 14.987867077170147,
    "a_late_diff_stim": 1.371422993160369,
    "a_late_diff_inhib": 11.107484080407113,
    "early_diff_slow": 0.17562982312645012,
    "early_diff_fast": 0.5270791527482821,
    "early_diff_very_fast": 0.6335109891042026,
    "late_diff_slow": 0.17692869103383368,
    "late_diff_fast": 0.7266023875419806,
    "Mg_stim": 3.344010173831551,
    "Mg_dest": 34.55511561145937,
    "IL1b_ineffective": 125.19620622438514,
    "IL1b_stim": 2.702501531591727,
    "IL8_favorable": 10.714392580862864,
    "ALP_M_n": 1.768402390557085,
    "ARS_M_n": 1.0808557301865933,
    "OC_M_n": 0.4792141790047146,
    "ALP_0": 0.3724262297503541,
    "ARS_0": 0.1977685961611517,
    "OC_0": 4.3202980819114964,
    "diff_time": 978.4549493514395,
    "maturity_t": 0.6441769722899724
}