{
    "a_Ber_2016_ALP": 0.626459287796466,
    "a_Ber_2016_OC": 0.36715293023373474,
    "a_Valles_2020_ALP": 297.93960719763675,
    "a_Valles_2020_ARS": 412.16026990589313,
    "a_Chen_2018_ALP": 7.101596946253233,
    "a_Chen_2018_ARS": 1.1074363042911455,
    "a_Qiao_2021_ALP": 27.739083750440653,
    "a_early_diff_stim": 9.141862140152115,
    "a_early_diff_inhib": 12.377721918579667,
    "a_late_diff_stim": 7.179060062559849,
    "a_late_diff_inhib": 2.543475882473917,
    "early_diff_slow": 0.3712154635078951,
    "early_diff_fast": 0.5662556280466129,
    "early_diff_very_fast": 0.812602729568539,
    "late_diff_slow": 0.3190429649537738,
    "late_diff_fast": 0.8485095899362878,
    "Mg_stim": 6.75301633838605,
    "Mg_dest": 32.14397789913309,
    "IL1b_ineffective": 115.62430976857392,
    "IL1b_stim": 6.222888195401282,
    "IL8_favorable": 6.115353294612881,
    "ALP_M_n": 1.4230265987310313,
    "ARS_M_n": 0.22532693881216997,
    "OC_M_n": 0.0,
    "ALP_0": 0.38161509157290063,
    "ARS_0": 3.633775564066561,
    "OC_0": 8.726942564889844,
    "diff_time": 948.1375045701184,
    "maturity_t": 0.9352876349974529
}