{
    "a_Ber_2016_ALP": 0.5901128754713704,
    "a_Ber_2016_OC": 0.5498283023321009,
    "a_Valles_2020_ALP": 293.135319373385,
    "a_Valles_2020_ARS": 614.3044526062943,
    "a_Chen_2018_ALP": 7.0099337859328275,
    "a_Chen_2018_ARS": 2.976044038186591,
    "a_Qiao_2021_ALP": 32.1890914061084,
    "a_early_diff_stim": 6.378226528884411,
    "a_early_diff_inhib": 5.286848226856945,
    "a_late_diff_stim": 0.23319875326421702,
    "a_late_diff_inhib": 16.39054033515753,
    "early_diff_slow": 0.18225569456133484,
    "early_diff_fast": 0.5864130699325552,
    "early_diff_very_fast": 0.8773542058254894,
    "late_diff_slow": 0.3161339209640238,
    "late_diff_fast": 0.8064767431924181,
    "Mg_stim": 8.50466932793036,
    "Mg_dest": 29.68015632742796,
    "IL1b_ineffective": 108.43313484139325,
    "IL1b_stim": 3.9964360213232624,
    "IL8_favorable": 10.671633004048303,
    "ALP_M_n": 1.4839776735488517,
    "ARS_M_n": 1.3085646319053188,
    "OC_M_n": 0.11732968605318496,
    "ALP_0": 0.35387509628073643,
    "ARS_0": 0.25078129334438753,
    "OC_0": 6.789299573504168,
    "diff_time": 797.7868546806521,
    "maturity_t": 0.8
}