{
    "a_Ber_2016_ALP": 0.6202816980100895,
    "a_Ber_2016_OC": 0.7216517173371546,
    "a_Valles_2020_ALP": 283.2296427530595,
    "a_Valles_2020_ARS": 823.8732650078629,
    "a_Chen_2018_ALP": 5.372116029548578,
    "a_Chen_2018_ARS": 3.649631501912608,
    "a_Qiao_2021_ALP": 22.77225151731722,
    "a_early_diff_stim": 14.613232857068159,
    "a_early_diff_inhib": 5.218364287339767,
    "a_late_diff_stim": 3.9305282960357824,
    "a_late_diff_inhib": 0.7057354416058477,
    "early_diff_slow": 0.1996426137478582,
    "early_diff_fast": 0.5278776302290764,
    "early_diff_very_fast": 0.7283950271330214,
    "late_diff_slow": 0.3794768676962761,
    "late_diff_fast": 0.822035252049791,
    "Mg_stim": 8.199057139557887,
    "Mg_dest": 29.781686303913148,
    "IL1b_ineffective": 124.61616300128681,
    "IL1b_stim": 2.9398274102670214,
    "IL8_favorable": 5.724834613161953,
    "ALP_M_n": 1.7310295561663702,
    "ARS_M_n": 0.7981502125805371,
    "OC_M_n": 0.2508182782376456,
    "ALP_0": 0.496604551752839,
    "ARS_0": 0.08131919595067584,
    "OC_0": 0.9325648803640454,
    "diff_time": 1045.519432324008,
    "maturity_t": 0.9079571566306904
}