{
    "a_Ber_2016_ALP": 0.6321171862401276,
    "a_Ber_2016_OC": 0.1660916908152443,
    "a_Valles_2020_ALP": 291.8011531373194,
    "a_Valles_2020_ARS": 820.1177532986966,
    "a_Chen_2018_ALP": 5.34314538101722,
    "a_Chen_2018_ARS": 3.6521909304465505,
    "a_Qiao_2021_ALP": 24.68784066884622,
    "a_early_diff_stim": 8.932016871643974,
    "a_early_diff_inhib": 9.82374455137142,
    "a_late_diff_stim": 15.480933290926597,
    "a_late_diff_inhib": 7.502691998069258,
    "early_diff_slow": 0.17529878885020206,
    "early_diff_fast": 0.5623398186431328,
    "early_diff_very_fast": 0.8715385300032378,
    "late_diff_slow": 0.28295322182365595,
    "late_diff_fast": 0.7596676570423596,
    "Mg_stim": 7.791859174370473,
    "Mg_dest": 22.980699654935513,
    "IL1b_ineffective": 124.67891799022229,
    "IL1b_stim": 2.7445799207939956,
    "IL8_favorable": 5.607729473094729,
    "ALP_M_n": 1.4575169680856839,
    "ARS_M_n": 0.7314690653865819,
    "OC_M_n": 0.3334126446691425,
    "ALP_0": 0.43024438333205467,
    "ARS_0": 0.049339670403721565,
    "OC_0": 8.10808945933822,
    "diff_time": 1024.0037524130694,
    "maturity_t": 0.9860319025679534
}