{
    "a_Ber_2016_ALP": 0.6547132725611949,
    "a_Ber_2016_OC": 0.7624847932920168,
    "a_Valles_2020_ALP": 300.34578039793354,
    "a_Valles_2020_ARS": 802.1307861893679,
    "a_Chen_2018_ALP": 6.540413252448752,
    "a_Chen_2018_ARS": 3.6336205122655545,
    "a_Qiao_2021_ALP": 29.648360519313684,
    "a_early_diff_stim": 18.463138108552002,
    "a_early_diff_inhib": 6.639579757045629,
    "a_late_diff_stim": 17.52479731517517,
    "a_late_diff_inhib": 7.407482651997959,
    "early_diff_slow": 0.20258303741894607,
    "early_diff_fast": 0.5216543882124759,
    "early_diff_very_fast": 0.639270339373088,
    "late_diff_slow": 0.37483334521170963,
    "late_diff_fast": 0.8841093000634674,
    "Mg_stim": 8.189186145898482,
    "Mg_dest": 22.86633492193129,
    "IL1b_ineffective": 117.62381457903285,
    "IL1b_stim": 3.4799565814751787,
    "IL8_favorable": 7.468374784463748,
    "ALP_M_n": 1.8455863184899106,
    "ARS_M_n": 0.8161538998932664,
    "OC_M_n": 0.06472522354660022,
    "ALP_0": 0.455646545958221,
    "ARS_0": 0.06914012689454788,
    "OC_0": 1.5421817465793035,
    "diff_time": 969.3733266403085,
    "maturity_t": 0.7401997279408931
}