{
    "a_Ber_2016_ALP": 0.3987819171258828,
    "a_Ber_2016_OC": 0.3763811372476335,
    "a_Valles_2020_ALP": 221.4197142470269,
    "a_Valles_2020_ARS": 566.6662803761071,
    "a_Chen_2018_ALP": 5.961175264014884,
    "a_Chen_2018_ARS": 2.5611799843527225,
    "a_Qiao_2021_ALP": 23.92654479286849,
    "a_early_diff_stim": 5.928816353179782,
    "a_early_diff_inhib": 9.080379963856513,
    "a_late_diff_stim": 10.198831890728911,
    "a_late_diff_inhib": 16.787638197023416,
    "early_diff_slow": 0.13074847142984103,
    "early_diff_fast": 0.6140187575854532,
    "early_diff_very_fast": 0.6786065995694549,
    "late_diff_slow": 0.23666262338638128,
    "late_diff_fast": 0.8057279695205978,
    "Mg_stim": 6.153110910893874,
    "Mg_dest": 21.860426709564912,
    "IL1b_ineffective": 153.96957141917616,
    "IL1b_stim": 1.4880589971354752,
    "IL8_favorable": 4.492135810831861,
    "ALP_M_n": 1.814035005663346,
    "ARS_M_n": 1.3361214928903018,
    "OC_M_n": 0.3508246097875682,
    "ALP_0": 0.49205947339856093,
    "ARS_0": 0.294447472732395,
    "OC_0": 7.939282419295944,
    "diff_time": 788.9664182808954,
    "maturity_t": 0.9310442935738722
}