{
    "a_Ber_2016_ALP": 0.6013511155503879,
    "a_Ber_2016_OC": 0.22107139676264975,
    "a_Valles_2020_ALP": 294.65160564733077,
    "a_Valles_2020_ARS": 398.75047232942075,
    "a_Chen_2018_ALP": 6.297220386892298,
    "a_Chen_2018_ARS": 1.3337495899366278,
    "a_Qiao_2021_ALP": 28.156716755389755,
    "a_early_diff_stim": 7.61338328198372,
    "a_early_diff_inhib": 19.964073516151032,
    "a_late_diff_stim": 12.37447635663709,
    "a_late_diff_inhib": 7.864154418807114,
    "early_diff_slow": 0.2236249116212326,
    "early_diff_fast": 0.5829644294974963,
    "early_diff_very_fast": 0.7021891486314499,
    "late_diff_slow": 0.11714154256784198,
    "late_diff_fast": 0.8974097461817143,
    "Mg_stim": 6.277670084356789,
    "Mg_dest": 29.98454050644047,
    "IL1b_ineffective": 156.90583262308354,
    "IL1b_stim": 1.504454734161854,
    "IL8_favorable": 2.638193836568547,
    "ALP_M_n": 1.5036550314273538,
    "ARS_M_n": 1.519252104074764,
    "OC_M_n": 0.12306005814305178,
    "ALP_0": 0.396006320044844,
    "ARS_0": 0.6647737275056371,
    "OC_0": 5.830422501220835,
    "diff_time": 994.2221115692788,
    "maturity_t": 1.0
}