{
    "a_Ber_2016_ALP": 0.8256854788599414,
    "a_Ber_2016_OC": 0.35219872431782984,
    "a_Valles_2020_ALP": 398.5395551797187,
    "a_Valles_2020_ARS": 618.8400843987613,
    "a_Chen_2018_ALP": 9.50688999921033,
    "a_Chen_2018_ARS": 1.6899594410664467,
    "a_Qiao_2021_ALP": 40.9097619654417,
    "a_early_diff_stim": 5.452634211246132,
    "a_early_diff_inhib": 18.244234567018356,
    "a_late_diff_stim": 5.310690605582358,
    "a_late_diff_inhib": 17.668030321714106,
    "early_diff_slow": 0.19113816264685135,
    "early_diff_fast": 0.5910902046116646,
    "early_diff_very_fast": 0.7225306613573302,
    "late_diff_slow": 0.24321274205055637,
    "late_diff_fast": 0.6716480236776043,
    "Mg_stim": 5.86797418109755,
    "Mg_dest": 26.380568800288575,
    "IL1b_ineffective": 122.54749248061985,
    "IL1b_stim": 1.992809451725444,
    "IL8_favorable": 10.96896928652722,
    "ALP_M_n": 1.3765135277901561,
    "ARS_M_n": 0.9121184239165684,
    "OC_M_n": 0.1704151168084053,
    "ALP_0": 0.2760594727189,
    "ARS_0": 0.31874483365593087,
    "OC_0": 1.7621716308147914,
    "diff_time": 987.0653486757685,
    "maturity_t": 0.7255424846404167
}