{
    "a_Ber_2016_ALP": 0.5790295678335688,
    "a_Ber_2016_OC": 0.2565817529395685,
    "a_Valles_2020_ALP": 288.46066753241524,
    "a_Valles_2020_ARS": 582.6116000239399,
    "a_Chen_2018_ALP": 6.121136596686325,
    "a_Chen_2018_ARS": 2.8453459780381074,
    "a_Qiao_2021_ALP": 29.064786715394835,
    "a_early_diff_stim": 11.166844817324861,
    "a_early_diff_inhib": 11.336351821911304,
    "a_late_diff_stim": 4.810191793909478,
    "a_late_diff_inhib": 13.40653379927466,
    "early_diff_slow": 0.3177022558123228,
    "early_diff_fast": 0.5449729902200663,
    "early_diff_very_fast": 0.7513500180623246,
    "late_diff_slow": 0.16327363642781656,
    "late_diff_fast": 0.8413106825132819,
    "Mg_stim": 8.397824636093727,
    "Mg_dest": 25.719483624935762,
    "IL1b_ineffective": 115.25811504151157,
    "IL1b_stim": 3.6303050785128352,
    "IL8_favorable": 9.234982992400298,
    "ALP_M_n": 1.235123965640567,
    "ARS_M_n": 1.4194700992084028,
    "OC_M_n": 0.48726702043956704,
    "ALP_0": 0.3158111708012356,
    "ARS_0": 0.268866605009205,
    "OC_0": 9.666028823957317,
    "diff_time": 774.7862980952838,
    "maturity_t": 1.0
}