{
    "a_Ber_2016_ALP": 0.5033410634269434,
    "a_Ber_2016_OC": 0.41781880686500206,
    "a_Valles_2020_ALP": 235.56391981662958,
    "a_Valles_2020_ARS": 689.0837238181066,
    "a_Chen_2018_ALP": 4.009293997383417,
    "a_Chen_2018_ARS": 3.3013962919670816,
    "a_Qiao_2021_ALP": 20.829115666560714,
    "a_early_diff_stim": 10.674302810679833,
    "a_early_diff_inhib": 7.600976442335147,
    "a_late_diff_stim": 6.8012028540171485,
    "a_late_diff_inhib": 11.362257740193233,
    "early_diff_slow": 0.3311357646852319,
    "early_diff_fast": 0.5735188307663364,
    "early_diff_very_fast": 0.7688249456990979,
    "late_diff_slow": 0.24722383871604242,
    "late_diff_fast": 0.8454765627959013,
    "Mg_stim": 7.037667525113467,
    "Mg_dest": 37.83207460798187,
    "IL1b_ineffective": 122.38146620367645,
    "IL1b_stim": 2.8922814152847565,
    "IL8_favorable": 8.710050143752078,
    "ALP_M_n": 1.6723097417536006,
    "ARS_M_n": 1.075169134445251,
    "OC_M_n": 0.015658600711112497,
    "ALP_0": 0.5266603000510414,
    "ARS_0": 0.17277725458433413,
    "OC_0": 0.7617670048737077,
    "diff_time": 880.172651639802,
    "maturity_t": 0.9725837596762634
}