{
    "a_Ber_2016_ALP": 0.85274241730149,
    "a_Ber_2016_OC": 0.374995634460343,
    "a_Valles_2020_ALP": 375.621351211616,
    "a_Valles_2020_ARS": 787.1680111708662,
    "a_Chen_2018_ALP": 6.397061311626464,
    "a_Chen_2018_ARS": 2.211773258141447,
    "a_Qiao_2021_ALP": 32.976817573717724,
    "a_early_diff_stim": 14.254506562479795,
    "a_early_diff_inhib": 8.28672047293395,
    "a_late_diff_stim": 5.112877586723894,
    "a_late_diff_inhib": 15.342883128202532,
    "early_diff_slow": 0.2310452264346744,
    "early_diff_fast": 0.5283364918240911,
    "early_diff_very_fast": 0.7942911214713351,
    "late_diff_slow": 0.3587899356848915,
    "late_diff_fast": 0.6988479803085986,
    "Mg_stim": 7.5844327845813515,
    "Mg_dest": 37.04766742551349,
    "IL1b_ineffective": 120.08431942749888,
    "IL1b_stim": 3.893649770563716,
    "IL8_favorable": 35.72152600158296,
    "ALP_M_n": 1.750265268564717,
    "ARS_M_n": 0.9811188936896655,
    "OC_M_n": 0.22721012941779276,
    "ALP_0": 0.39382384233261003,
    "ARS_0": 0.21980466481287964,
    "OC_0": 1.0641225186877588,
    "diff_time": 1072.0433510891044,
    "maturity_t": 0.7384121021565574
}