{
    "a_Ber_2016_ALP": 0.6831643205473686,
    "a_Ber_2016_OC": 0.284172897742243,
    "a_Valles_2020_ALP": 294.20218463678856,
    "a_Valles_2020_ARS": 734.5978097651457,
    "a_Chen_2018_ALP": 6.912816413191168,
    "a_Chen_2018_ARS": 3.5265279267497625,
    "a_Qiao_2021_ALP": 31.069003766212543,
    "a_early_diff_stim": 6.782545463163424,
    "a_early_diff_inhib": 15.15891172074766,
    "a_late_diff_stim": 18.41907252210217,
    "a_late_diff_inhib": 8.877127050244802,
    "early_diff_slow": 0.39752622914278013,
    "early_diff_fast": 0.6006374694085583,
    "early_diff_very_fast": 0.8493212812381004,
    "late_diff_slow": 0.10090155109461874,
    "late_diff_fast": 0.7744117626969338,
    "Mg_stim": 9.952237081468054,
    "Mg_dest": 35.69885912931835,
    "IL1b_ineffective": 117.21020904478955,
    "IL1b_stim": 3.8790560503369793,
    "IL8_favorable": 8.754009689324093,
    "ALP_M_n": 1.6181256226550993,
    "ARS_M_n": 1.020647730538306,
    "OC_M_n": 0.09076159624263115,
    "ALP_0": 0.3911942180455595,
    "ARS_0": 0.11853206636007242,
    "OC_0": 1.1464586750104842,
    "diff_time": 847.1947669124397,
    "maturity_t": 0.7766773813730465
}