{
    "a_Ber_2016_ALP": 0.5658611492766923,
    "a_Ber_2016_OC": 0.4375912506169402,
    "a_Valles_2020_ALP": 258.1911370164189,
    "a_Valles_2020_ARS": 671.8159000537835,
    "a_Chen_2018_ALP": 5.512360313972541,
    "a_Chen_2018_ARS": 3.37291728465251,
    "a_Qiao_2021_ALP": 25.31204539455699,
    "a_early_diff_stim": 6.151248081186025,
    "a_early_diff_inhib": 14.814517557938142,
    "a_late_diff_stim": 12.34180315069107,
    "a_late_diff_inhib": 17.24015778222115,
    "early_diff_slow": 0.3637413334646438,
    "early_diff_fast": 0.5885813132042867,
    "early_diff_very_fast": 0.9531101018784509,
    "late_diff_slow": 0.10300950663689201,
    "late_diff_fast": 0.896743653149257,
    "Mg_stim": 8.532277538414988,
    "Mg_dest": 22.114760915988963,
    "IL1b_ineffective": 117.5327676582991,
    "IL1b_stim": 3.433476469970774,
    "IL8_favorable": 8.205778100260545,
    "ALP_M_n": 1.4307800467239324,
    "ARS_M_n": 1.2079878702791813,
    "OC_M_n": 0.2676003224040885,
    "ALP_0": 0.40749065577292043,
    "ARS_0": 0.1711099000156628,
    "OC_0": 8.208891305969429,
    "diff_time": 785.7406958219141,
    "maturity_t": 0.9958902923432762
}