{
    "a_Ber_2016_ALP": 0.6377000939195351,
    "a_Ber_2016_OC": 0.23876378106076918,
    "a_Valles_2020_ALP": 339.78025554008263,
    "a_Valles_2020_ARS": 485.43243251755126,
    "a_Chen_2018_ALP": 7.541211899821269,
    "a_Chen_2018_ARS": 2.2826467626060425,
    "a_Qiao_2021_ALP": 34.55317348558867,
    "a_early_diff_stim": 7.368835652766526,
    "a_early_diff_inhib": 2.9271673932642273,
    "a_late_diff_stim": 13.778133412618443,
    "a_late_diff_inhib": 18.353965131730476,
    "early_diff_slow": 0.2791993228390882,
    "early_diff_fast": 0.562708324916144,
    "early_diff_very_fast": 0.9848736652901139,
    "late_diff_slow": 0.3432994985735076,
    "late_diff_fast": 0.671141327130077,
    "Mg_stim": 5.89929765717898,
    "Mg_dest": 27.18315628187167,
    "IL1b_ineffective": 107.5318820706108,
    "IL1b_stim": 15.665664310323233,
    "IL8_favorable": 15.7657205446664,
    "ALP_M_n": 1.4448787796262204,
    "ARS_M_n": 0.5558831272991722,
    "OC_M_n": 0.5623770193108236,
    "ALP_0": 0.3262255052289052,
    "ARS_0": 0.6760280138315604,
    "OC_0": 1.7871983250352632,
    "diff_time": 873.7162708663843,
    "maturity_t": 0.7994680296400896
}