{
    "a_Ber_2016_ALP": 0.6890409433052428,
    "a_Ber_2016_OC": 0.7089854535933019,
    "a_Valles_2020_ALP": 315.79195129131665,
    "a_Valles_2020_ARS": 750.3777809006091,
    "a_Chen_2018_ALP": 6.818449568150511,
    "a_Chen_2018_ARS": 3.538491357211101,
    "a_Qiao_2021_ALP": 30.8319499231173,
    "a_early_diff_stim": 17.56542104174378,
    "a_early_diff_inhib": 8.796762615152321,
    "a_late_diff_stim": 12.221681819561482,
    "a_late_diff_inhib": 11.483659541052958,
    "early_diff_slow": 0.2099954931411031,
    "early_diff_fast": 0.5470577284429623,
    "early_diff_very_fast": 0.6560619036683242,
    "late_diff_slow": 0.1550496801081346,
    "late_diff_fast": 0.8067199436127188,
    "Mg_stim": 9.424988408109598,
    "Mg_dest": 35.73411096874399,
    "IL1b_ineffective": 116.95952448711422,
    "IL1b_stim": 3.6305963665727585,
    "IL8_favorable": 8.383498691080668,
    "ALP_M_n": 1.5450723647830449,
    "ARS_M_n": 0.946270671138952,
    "OC_M_n": 0.03963071553774556,
    "ALP_0": 0.38271461520546946,
    "ARS_0": 0.11622856578467781,
    "OC_0": 4.593444203085835,
    "diff_time": 929.8599966361595,
    "maturity_t": 0.7892514516221144
}