{
    "a_Ber_2016_ALP": 0.7810560824300999,
    "a_Ber_2016_OC": 0.5913674052885728,
    "a_Valles_2020_ALP": 412.55505595312763,
    "a_Valles_2020_ARS": 677.7387218430846,
    "a_Chen_2018_ALP": 6.896462942009018,
    "a_Chen_2018_ARS": 2.136100115157799,
    "a_Qiao_2021_ALP": 31.954762890104735,
    "a_early_diff_stim": 5.393180151500983,
    "a_early_diff_inhib": 10.983541271191937,
    "a_late_diff_stim": 7.137636740172861,
    "a_late_diff_inhib": 0.9475018214389959,
    "early_diff_slow": 0.2836742901972963,
    "early_diff_fast": 0.5679204541381777,
    "early_diff_very_fast": 0.8571100073294249,
    "late_diff_slow": 0.2657279417399027,
    "late_diff_fast": 0.8511898269893816,
    "Mg_stim": 7.683981329893061,
    "Mg_dest": 28.71699195094059,
    "IL1b_ineffective": 129.58388231214605,
    "IL1b_stim": 1.6656523570058113,
    "IL8_favorable": 3.966641395373493,
    "ALP_M_n": 1.1343105506705327,
    "ARS_M_n": 1.2295175650640984,
    "OC_M_n": 0.16895058094162535,
    "ALP_0": 0.26197047591308154,
    "ARS_0": 0.3365978030684369,
    "OC_0": 5.1253883105709335,
    "diff_time": 1065.1287251278748,
    "maturity_t": 0.983779482151384
}