{
    "a_Ber_2016_ALP": 0.7938377393377336,
    "a_Ber_2016_OC": 0.5764837373234482,
    "a_Valles_2020_ALP": 395.6469881572908,
    "a_Valles_2020_ARS": 515.373678738246,
    "a_Chen_2018_ALP": 8.547886621213621,
    "a_Chen_2018_ARS": 1.4977548754082828,
    "a_Qiao_2021_ALP": 39.35529929166696,
    "a_early_diff_stim": 9.808852368484006,
    "a_early_diff_inhib": 18.824341309800495,
    "a_late_diff_stim": 7.234397680973375,
    "a_late_diff_inhib": 2.142395132696697,
    "early_diff_slow": 0.36464581089580433,
    "early_diff_fast": 0.543911760921107,
    "early_diff_very_fast": 0.9673826530420881,
    "late_diff_slow": 0.23675123905191658,
    "late_diff_fast": 0.6239642905596163,
    "Mg_stim": 7.802015931834264,
    "Mg_dest": 30.414087942449722,
    "IL1b_ineffective": 76.42502820899051,
    "IL1b_stim": 5.3326640006774255,
    "IL8_favorable": 18.648934166262254,
    "ALP_M_n": 1.0004502230412573,
    "ARS_M_n": 1.2977330608395394,
    "OC_M_n": 0.25529715771140143,
    "ALP_0": 0.17779629808949854,
    "ARS_0": 0.4737997216687279,
    "OC_0": 0.15191613182449842,
    "diff_time": 945.9535936584846,
    "maturity_t": 0.8639755895315603
}