{"ALP_M_n": 4.078237361285772, "ARS_M_n": 1.7706113496556295, "ALP_0": 0.7519660600417909, "ARS_0": 0.40651825661017876, "maturity_t": 0.5287755918509235, "early_diff_slow": 0.37392535102666113, "early_diff_fast": 0.7464029055810892, "early_diff_very_fast": 0.6639112801507139, "late_diff_slow": 0.3568207832801006, "late_diff_fast": 0.7055439778710318, "a_early_diff_stim": 4.840659807802147, "a_early_diff_inhib": 0.7760871698540337, "a_late_diff_stim": 3.6824284175379205, "a_late_diff_inhib": 0.7448085166436575, "diff_time": 706.5189863674525, "a_Chen_2018_ALP": 3.8447125119667125, "a_Chen_2018_ARS": 2.180703850308053}