{"ALP_M_n": 5.194033632900709, "ARS_M_n": 1.3943232143801199, "ALP_0": 0.7035480020921739, "ARS_0": 0.1728603251777621, "maturity_t": 0.5843120601895258, "early_diff_slow": 0.3094259708517568, "early_diff_fast": 0.7457611875499132, "early_diff_very_fast": 0.6659029730425906, "late_diff_slow": 0.34163831181192694, "late_diff_fast": 0.8220694166378482, "a_early_diff_stim": 4.971324899548494, "a_early_diff_inhib": 0.9145387247116258, "a_late_diff_stim": 3.255494384867057, "a_late_diff_inhib": 0.34875163400618076, "diff_time": 1035.0298141201467, "a_Chen_2018_ALP": 7.612107576390954, "a_Chen_2018_ARS": 4.690285158365507}