{"ALP_M_n": 2.56058046837498, "ARS_M_n": 2.2054709990534382, "ALP_0": 0.45666432573565435, "ARS_0": 0.5432590347795089, "maturity_t": 0.8667377720977791, "early_diff_slow": 0.35826653627698796, "early_diff_fast": 0.7496692565870582, "early_diff_very_fast": 0.6580292416376738, "late_diff_slow": 0.16756594313738135, "late_diff_fast": 0.8748143191289076, "a_early_diff_stim": 4.952544619486242, "a_early_diff_inhib": 0.372130600629557, "a_late_diff_stim": 2.116782561050157, "a_late_diff_inhib": 0.4734172118740465, "diff_time": 683.3749957162539, "a_Chen_2018_ALP": 9.277361884187064, "a_Chen_2018_ARS": 1.5368095062793266}