{
    "ALP_M_n": 3.0749688189138698,
    "ARS_M_n": 0.8817578757847473,
    "ALP_0": 0.4692172065037503,
    "ARS_0": 0.029142209082539408,
    "maturity_t": 0.6363750457448846,
    "early_diff_slow": 0.35153980963942294,
    "early_diff_fast": 0.5408329701127186,
    "early_diff_very_fast": 0.9140760604085423,
    "late_diff_slow": 0.14882360799179262,
    "late_diff_fast": 0.7979353907341032,
    "a_early_diff_stim": 4.433790458904273,
    "a_early_diff_inhib": 0.6855374122953841,
    "a_late_diff_stim": 1.7769199833875726,
    "a_late_diff_inhib": 0.3405892425244816,
    "diff_time": 841.352726086176,
    "a_Valles_2020_ALP": 308.4585487775206,
    "a_Valles_2020_ARS": 828.7148599828615
}