{
    "ALP_M_n": 4.639605142577647,
    "ARS_M_n": 2.2342832403937494,
    "ALP_0": 0.5607197512535466,
    "ARS_0": 0.5808582290652904,
    "maturity_t": 0.5964706690704827,
    "early_diff_slow": 0.1531361120185858,
    "early_diff_fast": 0.6593957267968781,
    "early_diff_very_fast": 0.7462608724621631,
    "late_diff_slow": 0.25998360158281947,
    "late_diff_fast": 0.8324018473683146,
    "a_early_diff_stim": 0.9537071470892335,
    "a_early_diff_inhib": 0.46053495323347093,
    "a_late_diff_stim": 1.8335367313073072,
    "a_late_diff_inhib": 0.10131403178758946,
    "diff_time": 1023.9039826139781,
    "a_Valles_2020_ALP": 345.4488880473521,
    "a_Valles_2020_ARS": 469.0289784839172
}