{
    "ALP_M_n": 2.6210548977741404,
    "ARS_M_n": 1.897632683227081,
    "ALP_0": 0.3843810327840629,
    "ARS_0": 0.8617377821329122,
    "maturity_t": 0.81446223394934,
    "early_diff_slow": 0.28866858802283274,
    "early_diff_fast": 0.6585589002206852,
    "early_diff_very_fast": 0.7350375401319665,
    "late_diff_slow": 0.16717688138160888,
    "late_diff_fast": 0.7798070199486181,
    "a_early_diff_stim": 1.5413916896562663,
    "a_early_diff_inhib": 0.3480692393504224,
    "a_late_diff_stim": 0.013250547761460396,
    "a_late_diff_inhib": 0.08205535128382063,
    "diff_time": 1066.4101840397832,
    "a_Valles_2020_ALP": 510.23579853988264,
    "a_Valles_2020_ARS": 317.96502679667765
}