{
    "ALP_M_n": 2.794867408093298,
    "ARS_M_n": 0.8169638210923685,
    "ALP_0": 0.5647706536303888,
    "ARS_0": 0.09181682705347909,
    "maturity_t": 0.9603503433150941,
    "early_diff_slow": 0.20324177763211007,
    "early_diff_fast": 0.6511831511392838,
    "early_diff_very_fast": 0.7533987800549287,
    "late_diff_slow": 0.15441445712672902,
    "late_diff_fast": 0.7469031679942245,
    "a_early_diff_stim": 1.6644766583172454,
    "a_early_diff_inhib": 0.7444321891196929,
    "a_late_diff_stim": 1.0144236988659896,
    "a_late_diff_inhib": 0.4020154715767137,
    "diff_time": 1054.7118000617513,
    "a_Valles_2020_ALP": 282.874553327087,
    "a_Valles_2020_ARS": 870.2967197628237
}