{
    "ALP_M_n": 2.481156841934347,
    "ARS_M_n": 0.848364228935281,
    "ALP_0": 0.6937544731527753,
    "ARS_0": 0.2976832074111275,
    "maturity_t": 0.6725735697119012,
    "early_diff_slow": 0.3115265243032985,
    "early_diff_fast": 0.5803131560829063,
    "early_diff_very_fast": 0.6818415129435351,
    "late_diff_slow": 0.11041086186370153,
    "late_diff_fast": 0.7550871928920446,
    "a_early_diff_stim": 4.207737858897846,
    "a_early_diff_inhib": 0.661139593138915,
    "a_late_diff_stim": 2.4000630736361765,
    "a_late_diff_inhib": 0.6269883199686428,
    "diff_time": 1051.8809849389909,
    "a_Valles_2020_ALP": 193.6047994391541,
    "a_Valles_2020_ARS": 681.4117174176192
}