{
    "ALP_M_n": 1.7552061884795294,
    "ARS_M_n": 1.3596041098469536,
    "ALP_0": 0.07844669375958088,
    "ARS_0": 0.655825086502536,
    "maturity_t": 0.589522841039811,
    "early_diff_slow": 0.11245861195033299,
    "early_diff_fast": 0.6115074827874026,
    "early_diff_very_fast": 0.7457051491983459,
    "late_diff_slow": 0.2875099862243078,
    "late_diff_fast": 0.8438151417351374,
    "a_early_diff_stim": 1.704962420283784,
    "a_early_diff_inhib": 0.5978026640231106,
    "a_late_diff_stim": 3.7581929097880105,
    "a_late_diff_inhib": 0.4981935419481092,
    "diff_time": 935.25080688594,
    "a_Valles_2020_ALP": 852.7537439447947,
    "a_Valles_2020_ARS": 431.82953112300436
}