{
    "a_Ber_2016_ALP": 0.6254336298748976,
    "a_Ber_2016_OC": 0.38445281064186154,
    "a_Valles_2020_ALP": 293.63592009437605,
    "a_Valles_2020_ARS": 654.4154008915485,
    "a_Chen_2018_ALP": 6.444437053465179,
    "a_Chen_2018_ARS": 2.6969031203656204,
    "a_Qiao_2021_ALP": 29.124117407080192,
    "a_early_diff_stim": 8.810413431662582,
    "a_early_diff_inhib": 11.327715762422605,
    "a_late_diff_stim": 9.895784478774766,
    "a_late_diff_inhib": 9.532224683371755,
    "early_diff_slow": 0.25297745525095494,
    "early_diff_fast": 0.5704690320955557,
    "early_diff_very_fast": 0.8287741313531243,
    "late_diff_slow": 0.259753076788502,
    "late_diff_fast": 0.7559838950830382,
    "Mg_stim": 7.318761451755684,
    "Mg_dest": 30.214788422417236,
    "IL1b_ineffective": 124.23248318586982,
    "IL1b_stim": 4.418677017007903,
    "IL8_favorable": 11.691179619035877,
    "ALP_M_n": 1.5263322486745208,
    "ARS_M_n": 1.0786450945882038,
    "OC_M_n": 0.3244254112805811,
    "ALP_0": 0.3949616431438395,
    "ARS_0": 0.25077304013000423,
    "OC_0": 3.854022827132751,
    "diff_time": 941.4348044983744,
    "maturity_t": 0.9007228923651929
}