{
    "a_Ber_2016_ALP": 0.6429651262423127,
    "a_Ber_2016_OC": 0.3697316759723286,
    "a_Valles_2020_ALP": 300.03906647020574,
    "a_Valles_2020_ARS": 660.9078794039824,
    "a_Chen_2018_ALP": 6.5061006889265585,
    "a_Chen_2018_ARS": 2.635740059792383,
    "a_Qiao_2021_ALP": 29.612372039865985,
    "a_early_diff_stim": 9.140674036754838,
    "a_early_diff_inhib": 10.55494212549275,
    "a_late_diff_stim": 9.93823203222134,
    "a_late_diff_inhib": 9.863924478333962,
    "early_diff_slow": 0.2534572810574131,
    "early_diff_fast": 0.5693675084567904,
    "early_diff_very_fast": 0.819525476324145,
    "late_diff_slow": 0.2506916884938189,
    "late_diff_fast": 0.7515606099282277,
    "Mg_stim": 7.435036197935208,
    "Mg_dest": 30.054726030655658,
    "IL1b_ineffective": 124.00088581634769,
    "IL1b_stim": 4.313908051884814,
    "IL8_favorable": 10.951281831511784,
    "ALP_M_n": 1.5203673866517442,
    "ARS_M_n": 1.0403490349739324,
    "OC_M_n": 0.34538394846094755,
    "ALP_0": 0.3908247653138517,
    "ARS_0": 0.24027240422813542,
    "OC_0": 4.219439043588214,
    "diff_time": 946.9554026980272,
    "maturity_t": 0.8882234955492839
}