{"a_Ber_2016_ALP": 0.23924061945910113, "a_Ber_2016_OC": 0.27436487533081644, "a_early_diff_stim": 1.6126633117902087, "a_late_diff_inhib": 13.707525928464253, "early_diff_very_fast": 0.6456784528263316, "late_diff_slow": 0.1888007027417416, "Mg_stim": 9.449988101677874, "Mg_dest": 26.730724013345615, "ALP_M_n": 1.9051487834750025, "OC_M_n": 2.686667065938942, "ALP_0": 0.7885598927873375, "OC_0": 0.48929323851674666, "diff_time": 497.8198365677509, "maturity_t": 0.41970942058693017}