{"a_Ber_2016_ALP": 0.34200256495091425, "a_Ber_2016_OC": 0.6615458500995605, "a_early_diff_stim": 0.886499544853327, "a_late_diff_inhib": 15.386966189339237, "early_diff_very_fast": 0.9338792931121271, "late_diff_slow": 0.13150974995326425, "Mg_stim": 4.941810842526486, "Mg_dest": 22.9405596653776, "ALP_M_n": 1.6904826827448958, "OC_M_n": 2.292228804716996, "ALP_0": 0.6437411610108307, "OC_0": 0.24141323425932784, "diff_time": 596.4334019878463, "maturity_t": 0.3526374461632799}