{"a_Ber_2016_ALP": 0.2944352703505068, "a_Ber_2016_OC": 0.281620473872079, "a_early_diff_stim": 3.3528701124304714, "a_late_diff_inhib": 16.281634305683518, "early_diff_very_fast": 0.7903503979737643, "late_diff_slow": 0.21965047137846014, "Mg_stim": 6.614923473903845, "Mg_dest": 26.18423319275634, "ALP_M_n": 1.1037398689603901, "OC_M_n": 6.771268299597961, "ALP_0": 0.6582885870259559, "OC_0": 0.16671073905684558, "diff_time": 497.0595407843368, "maturity_t": 0.48226858877555323}