{"a_Ber_2016_ALP": 0.4741705022591198, "a_Ber_2016_OC": 0.5919223152027071, "a_early_diff_stim": 2.7193840854240054, "a_late_diff_inhib": 14.344550015872777, "early_diff_very_fast": 0.7030493056523526, "late_diff_slow": 0.1923393074116434, "Mg_stim": 7.077095295333938, "Mg_dest": 30.478820339171264, "ALP_M_n": 1.3148537290490738, "OC_M_n": 2.9847505835354506, "ALP_0": 0.39804452321481837, "OC_0": 0.18237838242774898, "diff_time": 545.5631601141773, "maturity_t": 0.3800914835121891}