{"a_Ber_2016_ALP": 0.47805702069993045, "a_Ber_2016_OC": 0.8602273528355567, "a_early_diff_stim": 1.9706867754435609, "a_late_diff_inhib": 18.182114535766683, "early_diff_very_fast": 0.8376069575427056, "late_diff_slow": 0.2832038306679056, "Mg_stim": 2.4119258693151093, "Mg_dest": 22.750488074219305, "ALP_M_n": 1.3374929080723665, "OC_M_n": 2.2318741485516127, "ALP_0": 0.4090886482110001, "OC_0": 0.0777626381759201, "diff_time": 566.1401469027685, "maturity_t": 0.36579169367477393}