{"a_Ber_2016_ALP": 0.8573108757812918, "a_Ber_2016_OC": 0.5519315737314658, "a_early_diff_stim": 0.9896615121575807, "a_late_diff_inhib": 13.421376316536946, "early_diff_very_fast": 0.9885759088428534, "late_diff_slow": 0.2147609622699691, "Mg_stim": 3.725105171623686, "Mg_dest": 21.91230670884641, "ALP_M_n": 4.176931036612554, "OC_M_n": 1.9790043128381412, "ALP_0": 0.474766779457508, "OC_0": 0.2996178332372013, "diff_time": 554.5075843419104, "maturity_t": 0.3266134589873468}