{"a_Ber_2016_ALP": 0.28438550239870647, "a_Ber_2016_OC": 0.8000914253362702, "a_early_diff_stim": 0.6914332606622074, "a_late_diff_inhib": 18.259180423353456, "early_diff_very_fast": 0.9116175749050968, "late_diff_slow": 0.22188989336247977, "Mg_stim": 8.94151936965002, "Mg_dest": 23.68514571227297, "ALP_M_n": 4.988726660235881, "OC_M_n": 1.5060912783260045, "ALP_0": 0.73061146910303, "OC_0": 0.15944593829597617, "diff_time": 599.6724708679603, "maturity_t": 0.3058409135596459}