{"a_Ber_2016_ALP": 0.5393712285622976, "a_Ber_2016_OC": 0.2526373424364376, "a_early_diff_stim": 0.7253070459517688, "a_late_diff_inhib": 8.546824060658354, "early_diff_very_fast": 0.7165056269752288, "late_diff_slow": 0.17758563574193398, "Mg_stim": 7.652095633939429, "Mg_dest": 31.917862222686722, "ALP_M_n": 2.007991032393975, "OC_M_n": 14.376739306207849, "ALP_0": 0.3971381657576101, "OC_0": 0.0834767817755942, "diff_time": 479.4955140773564, "maturity_t": 0.678899729958627}