{"a_Ber_2016_ALP": 0.10116729136492872, "a_Ber_2016_OC": 0.6530991114673063, "a_early_diff_stim": 2.4032961689963654, "a_late_diff_inhib": 19.492929218337512, "early_diff_very_fast": 0.9414620193147646, "late_diff_slow": 0.24290510045956154, "Mg_stim": 8.504117941303397, "Mg_dest": 31.929347093696748, "ALP_M_n": 1.8339520808816925, "OC_M_n": 3.470751623967108, "ALP_0": 1.466010392680372, "OC_0": 0.06019716033631304, "diff_time": 497.26469035429557, "maturity_t": 0.519198938296215}