{"a_Ber_2016_ALP": 0.26730782068265363, "a_Ber_2016_OC": 0.32608721187973905, "a_early_diff_stim": 2.2199273359054494, "a_late_diff_inhib": 8.415060416225174, "early_diff_very_fast": 0.7855998566251975, "late_diff_slow": 0.10840286602005847, "Mg_stim": 2.96981335844066, "Mg_dest": 22.05954846222563, "ALP_M_n": 1.6464466627903345, "OC_M_n": 3.5817417415108053, "ALP_0": 0.7424657648646603, "OC_0": 0.2996517094157319, "diff_time": 511.6257545219653, "maturity_t": 0.4321245430049436}