{"a_Ber_2016_ALP": 0.8345222639191916, "a_Ber_2016_OC": 0.29430697751352286, "a_early_diff_stim": 2.5229042411232774, "a_late_diff_inhib": 17.779857359248155, "early_diff_very_fast": 0.803852969151838, "late_diff_slow": 0.22893829725417472, "Mg_stim": 7.37111935184456, "Mg_dest": 29.06689949357247, "ALP_M_n": 2.2206915553924143, "OC_M_n": 4.692491408224135, "ALP_0": 0.4301633230147423, "OC_0": 0.6357595886024971, "diff_time": 837.46487148448, "maturity_t": 0.2383648133267578}