{"a_Ber_2016_ALP": 0.31308397436279173, "a_Ber_2016_OC": 0.4996989517487833, "a_early_diff_stim": 2.281766842498698, "a_late_diff_inhib": 12.893170873839212, "early_diff_very_fast": 0.8740738308851542, "late_diff_slow": 0.25780050514798597, "Mg_stim": 9.603645906925024, "Mg_dest": 21.76555762686695, "ALP_M_n": 1.7500242291802168, "OC_M_n": 6.392990784299258, "ALP_0": 0.7419998529686096, "OC_0": 0.37766059508186045, "diff_time": 721.3093371188619, "maturity_t": 0.4038384444919802}