{"a_Ber_2016_ALP": 0.27005498736574496, "a_Ber_2016_OC": 0.8904477116497819, "a_early_diff_stim": 0.5207968271703969, "a_late_diff_inhib": 17.15519199792731, "early_diff_very_fast": 0.641978184394641, "late_diff_slow": 0.15966139242439314, "Mg_stim": 9.473464535906558, "Mg_dest": 25.152584813509545, "ALP_M_n": 6.831598811596833, "OC_M_n": 3.383528641207569, "ALP_0": 0.769343522419657, "OC_0": 0.22993211160056415, "diff_time": 682.1595923225334, "maturity_t": 0.446665969646643}