{"medians": {"ALP_M_n": 3.9994499724985, "ARS_M_n": 1.3790689534475, "ALP_0": 0.39476973848700003, "ARS_0": 0.4278713935695, "a_Valles_2020_ALP": 510.9005450272515, "a_Valles_2020_ARS": 508.42542127106356}}