{"0": 0.05643901277867405, "1": 0.054820252381257685, "2": 0.061703062027845396, "3": 0.06478055777906441, "4": 0.06131202723390979, "5": 0.05571957424094681, "6": 0.057979390363392704, "7": 0.06455721609493513, "8": 0.06428192953603974, "9": 0.06273354108169107, "10": 0.061688804682154756, "11": 0.06174325146274204, "12": 0.05728595527241614, "13": 0.06372655483911907, "14": 0.059173631406539556, "15": 0.05797827682000178, "16": 0.06486035381087138, "17": 0.06444597056541504, "18": 0.061912250571391526, "19": 0.05481191503089661, "20": 0.06141334624379834, "21": 0.056848183081498506, "22": 0.06250774280288732, "23": 0.05859108144503373, "24": 0.055254855541977586, "25": 0.06222336218069722, "26": 0.05732711077504014, "27": 0.06306842179706294, "28": 0.062219342777483595, "29": 0.05804790574968092, "30": 0.06075758244713451, "31": 0.06178350112684428, "32": 0.05782429444140882, "33": 0.06472850806272389, "34": 0.05483194842295527, "35": 0.06268093057629105, "36": 0.061933225945768146, "37": 0.05477574556843859, "38": 0.06303845442325112, "39": 0.05529114263458624, "40": 0.06337168574967801, "41": 0.054372394290349756, "42": 0.062384847195114855, "43": 0.06068378211485309, "44": 0.06347276286396095, "45": 0.05450549395394207, "46": 0.06449644854930224, "47": 0.05525108971099483, "48": 0.05933230979065552, "49": 0.06201358790113024, "50": 0.057826789980538584, "51": 0.06136872891581141, "52": 0.06339125429873749, "53": 0.05937855484739138, "54": 0.053807309958381906, "55": 0.05713564372225213, "56": 0.061788201106860174, "57": 0.06238181158163999, "58": 0.06227998182711908, "59": 0.0639477818550406, "60": 0.056561193351460065, "61": 0.055296992752411865, "62": 0.056013205062066716, "63": 0.06176391455489635, "64": 0.06313981204816284, "65": 0.06141929520682655, "66": 0.057658220626822264, "67": 0.06257305173671669, "68": 0.06278864279961391, "69": 0.06171848407494748, "70": 0.05341996886731561, "71": 0.06255734136811301, "72": 0.06128014071951795, "73": 0.06139526101921633, "74": 0.061056887747015835, "75": 0.06273701883989198, "76": 0.06179678380032685, "77": 0.061553374098620085, "78": 0.06300093038816908, "79": 0.06415185479027764, "80": 0.061361803251236156, "81": 0.055866990341598234, "82": 0.06400185599287085, "83": 0.06236867318240178, "84": 0.05858219260754303, "85": 0.06485519208270683, "86": 0.05910741540172245, "87": 0.06368168454359409, "88": 0.061462509142188516, "89": 0.061597193958667355, "90": 0.05989081854015205, "91": 0.06477639690616058, "92": 0.054469283728337904, "93": 0.06294458846225395, "94": 0.06404670507666103, "95": 0.055993260862086364, "96": 0.06230605849653944, "97": 0.06249804907781958, "98": 0.057492869304511716, "99": 0.0614886666804629, "100": 0.06202714522791072, "101": 0.061576246490903826, "102": 0.06171817792358111, "103": 0.06466000213622387, "104": 0.061745907883892524, "105": 0.05494452433353459, "106": 0.06136031138018552, "107": 0.05342119356997572, "108": 0.06334913417493931, "109": 0.05628007318816439, "110": 0.057786691092300335, "111": 0.06170219095562102, "112": 0.06142252212124675, "113": 0.05445444676350656, "114": 0.06351196478831998, "115": 0.06298657710943925, "116": 0.06166294678002865, "117": 0.06459400579797792, "118": 0.056411406844567406, "119": 0.06176920894838293, "120": 0.05446298327359391, "121": 0.059291016081357784, "122": 0.05418858787128942, "123": 0.061913365378683666, "124": 0.058807127104202515, "125": 0.06305920834081212, "126": 0.057089266980044906, "127": 0.05498772188857629, "128": 0.05705343550697114, "129": 0.05916142088007367, "130": 0.06223416930672382, "131": 0.05492963847170281, "132": 0.06402098687153204, "133": 0.05590584806156507, "134": 0.05453124434018883, "135": 0.055143004780517514, "136": 0.0544308275693344, "137": 0.06338279436951241, "138": 0.06200877737223198, "139": 0.053126596153382534, "140": 0.05415526588646999, "141": 0.06196028438877151, "142": 0.062432457704459675, "143": 0.0611958846991856, "144": 0.057001608895471734, "145": 0.056783526345447866, "146": 0.06350223856080286, "147": 0.06158328030781338, "148": 0.062414522595512674, "149": 0.06036721294827874, "150": 0.05826589789771216, "151": 0.05340826265109314, "152": 0.05857460893459313, "153": 0.06315553324652773, "154": 0.0582668971758332, "155": 0.06266651058948458, "156": 0.05584780703299045, "157": 0.05774171474206279, "158": 0.06342739633862994, "159": 0.06149397541600082, "160": 0.05575964307302848, "161": 0.060827011897249574, "162": 0.0568032789027599, "163": 0.06122972762185921, "164": 0.06347765749268956, "165": 0.06234811634632214, "166": 0.05518906448104007, "167": 0.06135633274573051, "168": 0.06273723354261536, "169": 0.06170033681735626, "170": 0.06305396667781774, "171": 0.06313067797157655, "172": 0.06367732891031834, "173": 0.05478393090052508, "174": 0.055105311585443274, "175": 0.06280494025128165, "176": 0.054583284841607765, "177": 0.06373492773991382, "178": 0.05972591842092045, "179": 0.06208092722419729, "180": 0.061610649465164424, "181": 0.0634340935952594, "182": 0.05385714790753831, "183": 0.059836295989787874, "184": 0.06211328349483846, "185": 0.0613127298837468, "186": 0.054732262340512705, "187": 0.054801355262671846, "188": 0.06170649847037422, "189": 0.06333618801176452, "190": 0.06117103790279713, "191": 0.06159264064764285, "192": 0.0592517564129594, "193": 0.055018716423949204, "194": 0.061478115546727635, "195": 0.06392763927936691, "196": 0.06194234498847149, "197": 0.055083605470309584, "198": 0.06315698446503011, "199": 0.058467614601009514, "200": 0.06158566227546478, "201": 0.05774596815435554, "202": 0.062292232243283875, "203": 0.06420954597328132, "204": 0.062385862113355395, "205": 0.062286954334295846, "206": 0.062351910257723554, "207": 0.05673394229103378, "208": 0.06289918214294273, "209": 0.055126425739154744, "210": 0.06127608219437585, "211": 0.06424613578174733, "212": 0.05565754821691666, "213": 0.061812421224817664, "214": 0.05357643747298179, "215": 0.057311928288244995, "216": 0.061267600329706094, "217": 0.06471165488480703, "218": 0.061913236973878426, "219": 0.061850018462573375, "220": 0.06153964298436591, "221": 0.06117950493511179, "222": 0.05721770152098776, "223": 0.05933886656155631, "224": 0.061840821223432346, "225": 0.06497981696216189, "226": 0.06357511628167613, "227": 0.061093132453803066, "228": 0.061186326187589506, "229": 0.053629012947854666, "230": 0.06311425964417582, "231": 0.06192985164107589, "232": 0.06188141626259896, "233": 0.056702960393303636, "234": 0.05512639058789701}