{"a_Chen_2018_ALP": 1.2709682376043259, "a_Chen_2018_ARS": 1.474236855556006, "a_early_diff_stim": 9.213286890517374, "a_early_diff_inhib": 7.903987355844918, "a_late_diff_stim": 11.368365376431244, "a_late_diff_inhib": 9.576359820555357, "early_diff_slow": 0.24627625003188303, "early_diff_fast": 0.6159565769083581, "early_diff_very_fast": 0.9848310390514857, "late_diff_slow": 0.2750897318475357, "late_diff_fast": 0.762114676404258, "Mg_stim": 6.207544200081548, "Mg_dest": 33.388483134121095, "IL1b_ineffective": 87.16643240307525, "IL1b_stim": 26.23539682393213, "IL8_favorable": 18.408679321238576, "ALP_M_n": 4.665726683682771, "ARS_M_n": 2.1866875443157467, "ALP_0": 1.0166059753915082, "ARS_0": 0.5811702457419341, "diff_time": 843.1260758855287, "maturity_t": 0.3575924230329222}