{"a_Chen_2018_ALP": 9.593593297991134, "a_Chen_2018_ARS": 2.662717023933492, "a_early_diff_stim": 15.2445475295981, "a_early_diff_inhib": 14.894685064188982, "a_late_diff_stim": 10.188305903428233, "a_late_diff_inhib": 8.135654734098562, "early_diff_slow": 0.2853687109031243, "early_diff_fast": 0.585985176529031, "early_diff_very_fast": 0.8349258161523174, "late_diff_slow": 0.3098812795182316, "late_diff_fast": 0.8036645346982726, "Mg_stim": 7.1228759489143325, "Mg_dest": 38.8065608752419, "IL1b_ineffective": 121.26184807294196, "IL1b_stim": 11.702083939428675, "IL8_favorable": 38.164752244171794, "ALP_M_n": 2.319015510774725, "ARS_M_n": 1.5106816575942406, "ALP_0": 0.4350041259141497, "ARS_0": 0.3091521070708004, "diff_time": 1010.3299095976004, "maturity_t": 0.3578348674163406}