{"ALP_M_n": 4.391637116411077, "ARS_M_n": 1.5052962188552563, "ALP_0": 0.9864371035304373, "ARS_0": 0.3324473111835968, "maturity_t": 0.3472338855784609, "early_diff_slow": 0.1973175460453375, "early_diff_fast": 0.7447359163128924, "early_diff_very_fast": 0.6023073926110285, "late_diff_slow": 0.21284418492443458, "late_diff_fast": 0.7595611912019964, "a_early_diff_stim": 13.001866331936426, "a_early_diff_inhib": 12.680352561370729, "a_late_diff_stim": 5.368517198665321, "a_late_diff_inhib": 3.0454235035901505, "diff_time": 1030.1475961366934, "a_Chen_2018_ALP": 1.5813190197473377, "a_Chen_2018_ARS": 2.5967178086457046}