{"ALP_M_n": 3.009897998413533, "ARS_M_n": 1.14425009093879, "ALP_0": 0.6165832316394294, "ARS_0": 0.154391306121199, "maturity_t": 0.3448217738549535, "early_diff_slow": 0.3736750757922388, "early_diff_fast": 0.7499370526778096, "early_diff_very_fast": 0.601060580692947, "late_diff_slow": 0.26179095802072944, "late_diff_fast": 0.8748044028066686, "a_early_diff_stim": 13.56854343173515, "a_early_diff_inhib": 4.543862832889727, "a_late_diff_stim": 13.560591797187168, "a_late_diff_inhib": 16.177766916545465, "diff_time": 1076.8908880671802, "a_Chen_2018_ALP": 6.304315898927512, "a_Chen_2018_ARS": 3.39217601296094}