{"a_Chen_2018_ALP": 2.205069340350575, "a_Chen_2018_ARS": 1.5883127916634718, "a_early_diff_stim": 9.320724487237024, "a_early_diff_inhib": 11.984048503441043, "a_late_diff_stim": 15.870077222647597, "a_late_diff_inhib": 4.934419450505101, "early_diff_slow": 0.3781830671120415, "early_diff_fast": 0.6082062901621985, "early_diff_very_fast": 0.9538690738654474, "late_diff_slow": 0.10284691780340191, "late_diff_fast": 0.7532757391853869, "Mg_stim": 5.8470416283628595, "Mg_dest": 27.60879741311562, "IL1b_ineffective": 133.5559531104384, "IL1b_stim": 23.248591291054105, "IL8_favorable": 50.32877613039852, "ALP_M_n": 4.29465784323033, "ARS_M_n": 2.1555170314598966, "ALP_0": 0.8858244271125613, "ARS_0": 0.5372441026021696, "diff_time": 805.9118370892536, "maturity_t": 0.3565386572747432}