{"ALP_M_n": 3.4109133556425437, "ARS_M_n": 1.8216139061069347, "ALP_0": 0.6806596592003579, "ARS_0": 0.4575184114743124, "maturity_t": 0.34460956931243386, "early_diff_slow": 0.2559100662392992, "early_diff_fast": 0.7494501557680731, "early_diff_very_fast": 0.6003282989559322, "late_diff_slow": 0.2355792841187495, "late_diff_fast": 0.7253653500932362, "a_early_diff_stim": 11.868982645441491, "a_early_diff_inhib": 7.831517611627401, "a_late_diff_stim": 7.7873983228024235, "a_late_diff_inhib": 11.312252489608927, "diff_time": 929.4304554687393, "a_Chen_2018_ALP": 5.143050633344526, "a_Chen_2018_ARS": 2.0155032964426183}