{"ALP_M_n": 3.946056937233866, "ARS_M_n": 1.1749050484005266, "ALP_0": 0.8556175907905352, "ARS_0": 0.16479225948370116, "maturity_t": 0.34087882520014945, "early_diff_slow": 0.12441525203893569, "early_diff_fast": 0.7473464411202819, "early_diff_very_fast": 0.6011985939681517, "late_diff_slow": 0.2500600898225616, "late_diff_fast": 0.7025427357339281, "a_early_diff_stim": 12.845661038482403, "a_early_diff_inhib": 5.900568230676393, "a_late_diff_stim": 14.33541183833068, "a_late_diff_inhib": 13.7924761422748, "diff_time": 1036.826193894874, "a_Chen_2018_ALP": 2.758958702196555, "a_Chen_2018_ARS": 3.3312701170513184}