{"ALP_M_n": 5.225721723100822, "ARS_M_n": 1.4448565622223024, "ALP_0": 0.9460391467980804, "ARS_0": 0.2581296202476353, "maturity_t": 0.8004341970379094, "early_diff_slow": 0.3241346884253894, "early_diff_fast": 0.7482055909209807, "early_diff_very_fast": 0.6674469860480914, "late_diff_slow": 0.32974186750183165, "late_diff_fast": 0.7354801412754597, "a_early_diff_stim": 4.764672664051606, "a_early_diff_inhib": 0.4145843493830114, "a_late_diff_stim": 1.2807812330234754, "a_late_diff_inhib": 0.6367045980382138, "diff_time": 750.7197305484368, "a_Chen_2018_ALP": 1.6161595380856428, "a_Chen_2018_ARS": 2.9785511296483262}