{"ALP_M_n": 0.7210912267128752, "ARS_M_n": 2.4719987868639137, "ALP_0": 0.13286289066004428, "ARS_0": 0.7242812468761939, "maturity_t": 0.8126060597566223, "early_diff_slow": 0.3255717625611496, "early_diff_fast": 0.738836404907218, "early_diff_very_fast": 0.6136136520996418, "late_diff_slow": 0.2343352909257855, "late_diff_fast": 0.7530980270267336, "a_early_diff_stim": 17.820730209930996, "a_early_diff_inhib": 18.88392433915735, "a_late_diff_stim": 4.332558839898553, "a_late_diff_inhib": 9.638847368873831, "diff_time": 756.9511944316549, "a_Chen_2018_ALP": 5.831449090549233, "a_Chen_2018_ARS": 0.975792123415678}