{"a_Chen_2018_ALP": 0.7739630597334612, "a_Chen_2018_ARS": 3.1043666940969397, "a_early_diff_stim": 8.772333913981488, "a_early_diff_inhib": 1.818704667724623, "a_late_diff_stim": 16.429062859284613, "a_late_diff_inhib": 9.820828193709719, "early_diff_slow": 0.2913638640200912, "early_diff_fast": 0.6151591852967545, "early_diff_very_fast": 0.9365256145815335, "late_diff_slow": 0.12411908328877783, "late_diff_fast": 0.6457257883703468, "Mg_stim": 5.316130570705839, "Mg_dest": 36.66252155781636, "IL1b_ineffective": 99.8278869987163, "IL1b_stim": 24.335720487244057, "IL8_favorable": 29.406038467538473, "ALP_M_n": 5.260135503677566, "ARS_M_n": 1.4317009462627566, "ALP_0": 1.1110503010826493, "ARS_0": 0.19369241614540558, "diff_time": 832.1636579051552, "maturity_t": 0.34572813289104953}