{"ALP_M_n": 3.568003806479269, "ARS_M_n": 1.8612352764189732, "ALP_0": 0.6589854436661358, "ARS_0": 0.4214299954280923, "maturity_t": 0.8748046591556171, "early_diff_slow": 0.2749502222287251, "early_diff_fast": 0.7492082381360045, "early_diff_very_fast": 0.6642684528724543, "late_diff_slow": 0.3286083150987812, "late_diff_fast": 0.6694675238358206, "a_early_diff_stim": 4.953686390680891, "a_early_diff_inhib": 0.527854297246624, "a_late_diff_stim": 3.0491070893231282, "a_late_diff_inhib": 0.8053688491078211, "diff_time": 711.94844708774, "a_Chen_2018_ALP": 5.416965856513324, "a_Chen_2018_ARS": 2.0764592031700895}