{"ALP_M_n": 1.9839890753786145, "ARS_M_n": 2.1614213673009846, "ALP_0": 0.6484662052863218, "ARS_0": 0.6180374837339904, "maturity_t": 0.6144518698659601, "early_diff_slow": 0.31611561418998146, "early_diff_fast": 0.7497750634995519, "early_diff_very_fast": 0.6008304182074422, "late_diff_slow": 0.36738079679082347, "late_diff_fast": 0.6515814663532168, "a_early_diff_stim": 15.886566031065025, "a_early_diff_inhib": 5.681264579866385, "a_late_diff_stim": 14.02885888616548, "a_late_diff_inhib": 9.291974592370574, "diff_time": 697.7303195185374, "a_Chen_2018_ALP": 3.524201842002675, "a_Chen_2018_ARS": 1.1800609644263098}