{"ALP_M_n": 0.9025715676072659, "ARS_M_n": 1.7228044798230278, "ALP_0": 0.21843173322671788, "ARS_0": 0.42985950763246694, "maturity_t": 0.7419781894653663, "early_diff_slow": 0.1480616455861997, "early_diff_fast": 0.7392928192662183, "early_diff_very_fast": 0.6048456925240789, "late_diff_slow": 0.2670794946400522, "late_diff_fast": 0.6478964066454653, "a_early_diff_stim": 19.60616611781622, "a_early_diff_inhib": 17.96429090577511, "a_late_diff_stim": 11.14586755332491, "a_late_diff_inhib": 8.527216943949282, "diff_time": 799.4187314069801, "a_Chen_2018_ALP": 5.807939457142897, "a_Chen_2018_ARS": 1.848478276478472}