{"ALP_M_n": 1.464541467002699, "ARS_M_n": 2.067860956724489, "ALP_0": 0.42544919103750006, "ARS_0": 0.5513477835618709, "maturity_t": 0.6207212334837966, "early_diff_slow": 0.3106459927698261, "early_diff_fast": 0.7482113749747862, "early_diff_very_fast": 0.6007487736316646, "late_diff_slow": 0.3403616636512593, "late_diff_fast": 0.6156302833331954, "a_early_diff_stim": 16.20507126503644, "a_early_diff_inhib": 8.598341265763596, "a_late_diff_stim": 11.832543994578176, "a_late_diff_inhib": 6.545368812068608, "diff_time": 730.8729610171965, "a_Chen_2018_ALP": 5.241787834164157, "a_Chen_2018_ARS": 1.4106334612380174}