{"ALP_M_n": 3.538328607396724, "ARS_M_n": 1.5578033342824016, "ALP_0": 0.6322926263011561, "ARS_0": 0.297086438431093, "maturity_t": 0.4042052232156013, "early_diff_slow": 0.36288198933926696, "early_diff_fast": 0.7488921938866753, "early_diff_very_fast": 0.6655663300761264, "late_diff_slow": 0.16375825740968103, "late_diff_fast": 0.6639350289079776, "a_early_diff_stim": 4.986386343740271, "a_early_diff_inhib": 0.2854537099411858, "a_late_diff_stim": 3.2777197605219985, "a_late_diff_inhib": 0.23677013593582152, "diff_time": 731.8753108760488, "a_Chen_2018_ALP": 6.116520154158304, "a_Chen_2018_ARS": 2.6645212549646904}