{"a_Chen_2018_ALP": 2.869335243528773, "a_Chen_2018_ARS": 3.2106834778991136, "a_early_diff_stim": 11.4774783751557, "a_early_diff_inhib": 9.756722278924041, "a_late_diff_stim": 7.823810040451983, "a_late_diff_inhib": 14.064462492054528, "early_diff_slow": 0.19740375919399164, "early_diff_fast": 0.6192032442684678, "early_diff_very_fast": 0.9467949000713233, "late_diff_slow": 0.19433842449511543, "late_diff_fast": 0.7359615257295481, "Mg_stim": 9.21862492855394, "Mg_dest": 29.233921331101225, "IL1b_ineffective": 116.65503802159061, "IL1b_stim": 17.6297817783003, "IL8_favorable": 84.00499100073897, "ALP_M_n": 3.885778475062394, "ARS_M_n": 1.250175879263463, "ALP_0": 0.8430589674291065, "ARS_0": 0.19009634428827815, "diff_time": 1062.7121945584727, "maturity_t": 0.3447207423013237}