{"ALP_M_n": 2.747040788950403, "ARS_M_n": 3.490135413805787, "ALP_0": 0.9484600236938746, "ARS_0": 1.1182374347693012, "maturity_t": 0.5836090138558571, "early_diff_slow": 0.11863544749484645, "early_diff_fast": 0.7488308323907139, "early_diff_very_fast": 0.6009025064855238, "late_diff_slow": 0.24175576592264855, "late_diff_fast": 0.7658159537665478, "a_early_diff_stim": 15.199778931801267, "a_early_diff_inhib": 6.8667280345506505, "a_late_diff_stim": 14.099313303457478, "a_late_diff_inhib": 19.717842630650633, "diff_time": 698.4396732544641, "a_Chen_2018_ALP": 1.7346860896087595, "a_Chen_2018_ARS": 0.2887426059073978}