{"ALP_M_n": 1.0505315275902187, "ARS_M_n": 2.0677666565096615, "ALP_0": 0.2816735221495412, "ARS_0": 0.6276219261839862, "maturity_t": 0.7620721966273085, "early_diff_slow": 0.24461476324734668, "early_diff_fast": 0.7499653271667716, "early_diff_very_fast": 0.603093479003833, "late_diff_slow": 0.22261813722167487, "late_diff_fast": 0.726325690430095, "a_early_diff_stim": 17.024172904421903, "a_early_diff_inhib": 3.3453661449339407, "a_late_diff_stim": 12.522871388498997, "a_late_diff_inhib": 13.61955688137366, "diff_time": 657.2856821089, "a_Chen_2018_ALP": 5.3536608411614885, "a_Chen_2018_ARS": 1.0969259810419716}