{"ALP_M_n": 1.5451202491546974, "ARS_M_n": 2.9753271779825354, "ALP_0": 0.4989383554587824, "ARS_0": 0.9878094092360047, "maturity_t": 0.6776207759346532, "early_diff_slow": 0.17705567136814931, "early_diff_fast": 0.7459320980906392, "early_diff_very_fast": 0.6033227594296608, "late_diff_slow": 0.2535235960664394, "late_diff_fast": 0.602033953791311, "a_early_diff_stim": 15.810325409891265, "a_early_diff_inhib": 16.830410655674875, "a_late_diff_stim": 16.116335946471164, "a_late_diff_inhib": 13.457564502365475, "diff_time": 664.1145783172436, "a_Chen_2018_ALP": 4.355991157159097, "a_Chen_2018_ARS": 0.44470306347469113}