{"ALP_M_n": 1.1029934452054226, "ARS_M_n": 1.2432096780472177, "ALP_0": 0.16878316429051435, "ARS_0": 0.20375244780884785, "maturity_t": 0.4250950149009128, "early_diff_slow": 0.196851605578346, "early_diff_fast": 0.7469837045871959, "early_diff_very_fast": 0.602330837412608, "late_diff_slow": 0.2620384170700221, "late_diff_fast": 0.8564268938484556, "a_early_diff_stim": 14.946930178244331, "a_early_diff_inhib": 14.8767896377972, "a_late_diff_stim": 3.0460068437897547, "a_late_diff_inhib": 5.99524338685129, "diff_time": 1069.0342403253953, "a_Chen_2018_ALP": 9.949432372363614, "a_Chen_2018_ARS": 3.068636627866402}