{"ALP_M_n": 0.7633739982712748, "ARS_M_n": 2.555862546073119, "ALP_0": 0.13956477458129077, "ARS_0": 0.7559359410533609, "maturity_t": 0.7799899436958087, "early_diff_slow": 0.2293050348594424, "early_diff_fast": 0.7225127958376395, "early_diff_very_fast": 0.6024252136440494, "late_diff_slow": 0.2637440614144826, "late_diff_fast": 0.7219623906957293, "a_early_diff_stim": 18.36631050691548, "a_early_diff_inhib": 18.737132553969236, "a_late_diff_stim": 4.402844536243823, "a_late_diff_inhib": 3.2050120068527743, "diff_time": 726.4418175780444, "a_Chen_2018_ALP": 5.9702404576980435, "a_Chen_2018_ARS": 0.8757578347473042}