{"ALP_M_n": 2.409607535191747, "ARS_M_n": 1.287891640071767, "ALP_0": 0.4750477694043956, "ARS_0": 0.2040914316264516, "maturity_t": 0.3615795121026329, "early_diff_slow": 0.1066924900768475, "early_diff_fast": 0.7470174797736289, "early_diff_very_fast": 0.6023491050401434, "late_diff_slow": 0.3402224813583823, "late_diff_fast": 0.7486858723532694, "a_early_diff_stim": 12.986346282041644, "a_early_diff_inhib": 11.014353745248417, "a_late_diff_stim": 9.416852303474496, "a_late_diff_inhib": 10.28212354102471, "diff_time": 1012.9109194309766, "a_Chen_2018_ALP": 8.607072059425846, "a_Chen_2018_ARS": 3.0969264996563424}