{"ALP_M_n": 1.1048177526907494, "ARS_M_n": 2.3505214179879887, "ALP_0": 0.3375546040686431, "ARS_0": 0.6987327837495928, "maturity_t": 0.7851798200970163, "early_diff_slow": 0.31529564404563615, "early_diff_fast": 0.7216008333782371, "early_diff_very_fast": 0.6050864533619988, "late_diff_slow": 0.3621913660285913, "late_diff_fast": 0.8449730880760937, "a_early_diff_stim": 18.463692652907337, "a_early_diff_inhib": 6.257038054657567, "a_late_diff_stim": 15.348125017084994, "a_late_diff_inhib": 9.572601029550631, "diff_time": 690.982023694909, "a_Chen_2018_ALP": 4.932069001150861, "a_Chen_2018_ARS": 0.9744547807386704}