{"ALP_M_n": 4.869025044583628, "ARS_M_n": 1.5509456422194061, "ALP_0": 0.9469855787544992, "ARS_0": 0.29497934753845567, "maturity_t": 0.7797121201874831, "early_diff_slow": 0.26109712711178706, "early_diff_fast": 0.7485591231508141, "early_diff_very_fast": 0.666380605040787, "late_diff_slow": 0.1471753815779121, "late_diff_fast": 0.7160367718495367, "a_early_diff_stim": 4.977561580226037, "a_early_diff_inhib": 0.38136511021138936, "a_late_diff_stim": 2.6353898704573986, "a_late_diff_inhib": 0.5633082613240927, "diff_time": 736.1688393136086, "a_Chen_2018_ALP": 1.6418069723271556, "a_Chen_2018_ARS": 2.681198644310425}