{"ALP_M_n": 1.0541509689919313, "ARS_M_n": 2.800122680333385, "ALP_0": 0.25573090048048797, "ARS_0": 0.8651085911771794, "maturity_t": 0.6751619688559054, "early_diff_slow": 0.30681287532861823, "early_diff_fast": 0.7388971052016928, "early_diff_very_fast": 0.6022117581075427, "late_diff_slow": 0.1622050469079307, "late_diff_fast": 0.7060925884361566, "a_early_diff_stim": 17.623248998241944, "a_early_diff_inhib": 3.1281052671605707, "a_late_diff_stim": 15.551608791166151, "a_late_diff_inhib": 11.8518078224531, "diff_time": 750.998636692863, "a_Chen_2018_ALP": 6.01981374624073, "a_Chen_2018_ARS": 0.6716759405433339}