{"ALP_M_n": 2.422117834857424, "ARS_M_n": 1.3898012327013303, "ALP_0": 0.4764858945185629, "ARS_0": 0.25834119787532345, "maturity_t": 0.35690527292045976, "early_diff_slow": 0.3918334450218172, "early_diff_fast": 0.7435969309898115, "early_diff_very_fast": 0.6005430151850963, "late_diff_slow": 0.3424035307932529, "late_diff_fast": 0.6921828602893477, "a_early_diff_stim": 13.536714112324315, "a_early_diff_inhib": 11.184030839654177, "a_late_diff_stim": 0.9176558991613408, "a_late_diff_inhib": 6.75448889997413, "diff_time": 1045.8156299043087, "a_Chen_2018_ALP": 8.707657786276595, "a_Chen_2018_ARS": 2.899563288702761}