{"ALP_M_n": 0.609306210024763, "ARS_M_n": 2.5079957300403657, "ALP_0": 0.08284160291116166, "ARS_0": 0.7104751281767734, "maturity_t": 0.8690196683151604, "early_diff_slow": 0.3660827390119545, "early_diff_fast": 0.7305316951148328, "early_diff_very_fast": 0.617200101660453, "late_diff_slow": 0.32367062068148256, "late_diff_fast": 0.6335250884963137, "a_early_diff_stim": 18.028438456296122, "a_early_diff_inhib": 4.763173636024494, "a_late_diff_stim": 12.046216788136054, "a_late_diff_inhib": 10.620638243825846, "diff_time": 764.8037051237501, "a_Chen_2018_ALP": 5.744953107695447, "a_Chen_2018_ARS": 1.0180295231120855}