{"ALP_M_n": 1.018027843674085, "ARS_M_n": 2.2880027526304407, "ALP_0": 0.24741163112561038, "ARS_0": 0.7023507713042888, "maturity_t": 0.7023501116841386, "early_diff_slow": 0.2882753134078886, "early_diff_fast": 0.7420882628803422, "early_diff_very_fast": 0.6016424709311236, "late_diff_slow": 0.16814386370065643, "late_diff_fast": 0.7848807508735628, "a_early_diff_stim": 18.39215989142946, "a_early_diff_inhib": 3.2512467083787673, "a_late_diff_stim": 3.759310468510451, "a_late_diff_inhib": 6.116167743574525, "diff_time": 757.3962658465706, "a_Chen_2018_ALP": 5.943500786212549, "a_Chen_2018_ARS": 1.029105588742444}