{"ALP_M_n": 1.5903387744862705, "ARS_M_n": 2.0112072725446972, "ALP_0": 0.539657356583198, "ARS_0": 0.586918395264202, "maturity_t": 0.7024405635112722, "early_diff_slow": 0.27091725756713103, "early_diff_fast": 0.7463014722718129, "early_diff_very_fast": 0.6005146409296942, "late_diff_slow": 0.1703413556550285, "late_diff_fast": 0.7111906564620708, "a_early_diff_stim": 17.096329959492582, "a_early_diff_inhib": 12.234154051421314, "a_late_diff_stim": 19.835552974559985, "a_late_diff_inhib": 8.235262964545505, "diff_time": 651.8600168816753, "a_Chen_2018_ALP": 3.966831148417597, "a_Chen_2018_ARS": 1.1867983364218715}