{"ALP_M_n": 0.734695770560512, "ARS_M_n": 2.8019998655250395, "ALP_0": 0.12438982483819967, "ARS_0": 0.9153036761611404, "maturity_t": 0.8739605249793586, "early_diff_slow": 0.37265299842348143, "early_diff_fast": 0.7398602530481452, "early_diff_very_fast": 0.6108592581090501, "late_diff_slow": 0.3268696466120565, "late_diff_fast": 0.7564377871272027, "a_early_diff_stim": 15.397673219839227, "a_early_diff_inhib": 3.5114483333489104, "a_late_diff_stim": 17.968994117102092, "a_late_diff_inhib": 17.214476204242004, "diff_time": 602.304344068315, "a_Chen_2018_ALP": 5.617411986176435, "a_Chen_2018_ARS": 0.5074422995456785}