{"ALP_M_n": 4.72949792835086, "ARS_M_n": 1.8185028312670877, "ALP_0": 1.1104685974414263, "ARS_0": 0.4424140836595304, "maturity_t": 0.3624384899231167, "early_diff_slow": 0.2493182899839777, "early_diff_fast": 0.7401922464684083, "early_diff_very_fast": 0.6007071791584743, "late_diff_slow": 0.312143185662455, "late_diff_fast": 0.8056818733919975, "a_early_diff_stim": 12.385353910627998, "a_early_diff_inhib": 8.770689887602192, "a_late_diff_stim": 4.4337974942126905, "a_late_diff_inhib": 6.9462503681573295, "diff_time": 936.8868438480137, "a_Chen_2018_ALP": 0.8947032854581045, "a_Chen_2018_ARS": 2.0547285589123443}