{"ALP_M_n": 4.263678446427035, "ARS_M_n": 1.433260433075838, "ALP_0": 0.9495429935874188, "ARS_0": 0.264822647246051, "maturity_t": 0.34739925067252503, "early_diff_slow": 0.2780719670578359, "early_diff_fast": 0.7454834108721892, "early_diff_very_fast": 0.6006055928921911, "late_diff_slow": 0.287182626473996, "late_diff_fast": 0.7198365987816865, "a_early_diff_stim": 12.452573293411463, "a_early_diff_inhib": 14.467809988390137, "a_late_diff_stim": 10.050571232317289, "a_late_diff_inhib": 12.973210708744805, "diff_time": 986.1611702139755, "a_Chen_2018_ALP": 1.8481224303122716, "a_Chen_2018_ARS": 2.8571889553801957}