{"a_Chen_2018_ALP": 1.4972367418336985, "a_Chen_2018_ARS": 2.4474774782663054, "a_early_diff_stim": 17.86538927198247, "a_early_diff_inhib": 17.826259606515627, "a_late_diff_stim": 3.2997668415949013, "a_late_diff_inhib": 1.1283799812334312, "early_diff_slow": 0.12832887431989898, "early_diff_fast": 0.5786939223422825, "early_diff_very_fast": 0.7998449744283291, "late_diff_slow": 0.18429245470606337, "late_diff_fast": 0.879350448204708, "Mg_stim": 8.167487875329847, "Mg_dest": 22.029366155762936, "IL1b_ineffective": 54.654784546520794, "IL1b_stim": 25.65971803975941, "IL8_favorable": 2.5994424497417086, "ALP_M_n": 4.354622385814702, "ARS_M_n": 1.5811713470416575, "ALP_0": 1.0002035368651938, "ARS_0": 0.3630633530368432, "diff_time": 1055.264223131118, "maturity_t": 0.35361596725091693}