{"ALP_M_n": 7.03526725793429, "ARS_M_n": 1.4101712929825736, "ALP_0": 1.0089988634668363, "ARS_0": 0.17563923139710674, "maturity_t": 0.9426852318185766, "early_diff_slow": 0.24857515583150458, "early_diff_fast": 0.7441815551796553, "early_diff_very_fast": 0.6653034462652073, "late_diff_slow": 0.28221281240049234, "late_diff_fast": 0.8050754557119405, "a_early_diff_stim": 4.944492308810718, "a_early_diff_inhib": 0.09439129425987336, "a_late_diff_stim": 4.809687560875254, "a_late_diff_inhib": 0.20321104285297964, "diff_time": 1020.2899258927263, "a_Chen_2018_ALP": 1.1677693365914357, "a_Chen_2018_ARS": 4.648073946106526}