{"ALP_M_n": 4.124873379983282, "ARS_M_n": 2.2908289074963393, "ALP_0": 0.8915374936821173, "ARS_0": 0.6500039880993521, "maturity_t": 0.3598999674005216, "early_diff_slow": 0.14734628997193888, "early_diff_fast": 0.7385445696209454, "early_diff_very_fast": 0.6037989977362891, "late_diff_slow": 0.22988266415649797, "late_diff_fast": 0.614084156061006, "a_early_diff_stim": 10.77196438157531, "a_early_diff_inhib": 2.667657442426899, "a_late_diff_stim": 7.075925753807376, "a_late_diff_inhib": 17.56234039620497, "diff_time": 862.6634996868183, "a_Chen_2018_ALP": 2.220188299099716, "a_Chen_2018_ARS": 1.271715921596283}