{"a_Chen_2018_ALP": 7.7113534360621125, "a_Chen_2018_ARS": 0.5218630190559406, "a_early_diff_stim": 17.856885400686437, "a_early_diff_inhib": 8.626977093110355, "a_late_diff_stim": 10.04354816926809, "a_late_diff_inhib": 9.748966650420012, "early_diff_slow": 0.30370272721679387, "early_diff_fast": 0.5587248471617963, "early_diff_very_fast": 0.7548645557350668, "late_diff_slow": 0.29324794476603966, "late_diff_fast": 0.8396976147493472, "Mg_stim": 7.946305348200635, "Mg_dest": 32.12333544205173, "IL1b_ineffective": 162.38768689784536, "IL1b_stim": 17.72020984313514, "IL8_favorable": 60.987098798556005, "ALP_M_n": 2.754098798991844, "ARS_M_n": 2.9671986821598946, "ALP_0": 0.522051191819612, "ARS_0": 0.9793093149120127, "diff_time": 812.0743439615917, "maturity_t": 0.3693390589891616}