{"ALP_M_n": 3.866256835042916, "ARS_M_n": 2.2219384153493476, "ALP_0": 0.8291970054533976, "ARS_0": 0.5987939441951168, "maturity_t": 0.36092769160761756, "early_diff_slow": 0.2015404773372358, "early_diff_fast": 0.7482557166634096, "early_diff_very_fast": 0.6036013702070525, "late_diff_slow": 0.25642218567192643, "late_diff_fast": 0.7338611513090715, "a_early_diff_stim": 10.260496550952425, "a_early_diff_inhib": 13.983680831134503, "a_late_diff_stim": 5.622421834175659, "a_late_diff_inhib": 18.694656579120277, "diff_time": 837.573204715099, "a_Chen_2018_ALP": 2.857143487641279, "a_Chen_2018_ARS": 1.4101677796805199}