{"ALP_M_n": 0.802720856058762, "ARS_M_n": 2.693429775914191, "ALP_0": 0.16081017364025277, "ARS_0": 0.8499733989306224, "maturity_t": 0.7912736346173118, "early_diff_slow": 0.29834152041724116, "early_diff_fast": 0.7432044999360581, "early_diff_very_fast": 0.6097672060766611, "late_diff_slow": 0.35023646283121584, "late_diff_fast": 0.79883740359923, "a_early_diff_stim": 16.818150451228536, "a_early_diff_inhib": 10.234198505004208, "a_late_diff_stim": 4.356424077607873, "a_late_diff_inhib": 13.783085224063544, "diff_time": 696.9906500570735, "a_Chen_2018_ALP": 5.825131024625746, "a_Chen_2018_ARS": 0.670663263543188}