{"ALP_M_n": 1.156651327455208, "ARS_M_n": 2.221301443459023, "ALP_0": 0.2891912771442723, "ARS_0": 0.5917656912601443, "maturity_t": 0.6405418622487643, "early_diff_slow": 0.15506443861256708, "early_diff_fast": 0.7388901090566853, "early_diff_very_fast": 0.6014672340105419, "late_diff_slow": 0.3779960690417461, "late_diff_fast": 0.8423270910303687, "a_early_diff_stim": 17.45672020736629, "a_early_diff_inhib": 5.619480739245034, "a_late_diff_stim": 11.04194572343614, "a_late_diff_inhib": 3.8022054399435294, "diff_time": 776.6648508149975, "a_Chen_2018_ALP": 6.090988536431423, "a_Chen_2018_ARS": 1.362954440227694}