{"ALP_M_n": 5.615494604496027, "ARS_M_n": 1.367542553238609, "ALP_0": 0.8269667554861441, "ARS_0": 0.17198304688316646, "maturity_t": 0.8876130808756012, "early_diff_slow": 0.31878355591506663, "early_diff_fast": 0.7485583764607646, "early_diff_very_fast": 0.6660202801855014, "late_diff_slow": 0.1938949267288404, "late_diff_fast": 0.8395334720687039, "a_early_diff_stim": 4.953174130004496, "a_early_diff_inhib": 0.6279050679692878, "a_late_diff_stim": 0.9768845305126534, "a_late_diff_inhib": 0.9908193180072474, "diff_time": 1012.2486688015997, "a_Chen_2018_ALP": 3.7689540899973806, "a_Chen_2018_ARS": 4.545232691010406}