{"a_Chen_2018_ALP": 9.675203342872509, "a_Chen_2018_ARS": 1.3601926625632332, "a_early_diff_stim": 9.427422298479657, "a_early_diff_inhib": 8.877332968128083, "a_late_diff_stim": 8.593450714293066, "a_late_diff_inhib": 0.18881818796872274, "early_diff_slow": 0.38824738017080573, "early_diff_fast": 0.605922994896057, "early_diff_very_fast": 0.9571747830776755, "late_diff_slow": 0.2103622706591186, "late_diff_fast": 0.614907511095292, "Mg_stim": 7.668508892168521, "Mg_dest": 31.864295696393036, "IL1b_ineffective": 99.87510269944627, "IL1b_stim": 15.093652655117946, "IL8_favorable": 16.47774600255984, "ALP_M_n": 2.5103019548499477, "ARS_M_n": 2.290193318869373, "ALP_0": 0.44243005573819355, "ARS_0": 0.6033327081544801, "diff_time": 805.5012705444943, "maturity_t": 0.36183829219358943}