{"ALP_M_n": 4.959414620078089, "ARS_M_n": 1.4379786795130882, "ALP_0": 0.8403461720434988, "ARS_0": 0.2374547490062736, "maturity_t": 0.8281950721213058, "early_diff_slow": 0.27639481977435876, "early_diff_fast": 0.7479654936697184, "early_diff_very_fast": 0.6668405649881434, "late_diff_slow": 0.13010416136028716, "late_diff_fast": 0.7100282753339262, "a_early_diff_stim": 4.816552211116161, "a_early_diff_inhib": 0.3439927243949268, "a_late_diff_stim": 2.3030748679942272, "a_late_diff_inhib": 0.13456472373346318, "diff_time": 816.5726310735172, "a_Chen_2018_ALP": 2.9339776328846705, "a_Chen_2018_ARS": 3.3401136047459508}