{"ALP_M_n": 0.9498081107554069, "ARS_M_n": 2.063427686648027, "ALP_0": 0.21340661051620663, "ARS_0": 0.5684799985624178, "maturity_t": 0.6650447105638441, "early_diff_slow": 0.25806692977321016, "early_diff_fast": 0.745509803619268, "early_diff_very_fast": 0.6027233013105762, "late_diff_slow": 0.17465338098166075, "late_diff_fast": 0.7396322498849652, "a_early_diff_stim": 19.48125774557935, "a_early_diff_inhib": 12.076570387178904, "a_late_diff_stim": 8.418094152187326, "a_late_diff_inhib": 12.3613474016215, "diff_time": 860.089526558583, "a_Chen_2018_ALP": 6.3335207136593, "a_Chen_2018_ARS": 1.5075008900821762}