{"ALP_M_n": 4.394702586325495, "ARS_M_n": 1.3937198021260238, "ALP_0": 0.9245850935556178, "ARS_0": 0.2360458495342442, "maturity_t": 0.34026495729171485, "early_diff_slow": 0.36855417191562173, "early_diff_fast": 0.7477383453313574, "early_diff_very_fast": 0.6017758728574792, "late_diff_slow": 0.16791931576207003, "late_diff_fast": 0.7548570224652785, "a_early_diff_stim": 11.298250714817344, "a_early_diff_inhib": 13.75169710030139, "a_late_diff_stim": 1.4905912839759239, "a_late_diff_inhib": 5.500661226252098, "diff_time": 936.697982217107, "a_Chen_2018_ALP": 1.9941452431943145, "a_Chen_2018_ARS": 2.991764882442113}