{"a_Chen_2018_ALP": 5.655963744002025, "a_Chen_2018_ARS": 2.809992740430462, "a_early_diff_stim": 13.753345087680055, "a_early_diff_inhib": 15.618250957660587, "a_late_diff_stim": 0.38571220514772797, "a_late_diff_inhib": 11.421061359460294, "early_diff_slow": 0.29955492692713803, "early_diff_fast": 0.5847098324556989, "early_diff_very_fast": 0.8175757223401484, "late_diff_slow": 0.19560538491333213, "late_diff_fast": 0.7895038862035764, "Mg_stim": 3.0562175918568397, "Mg_dest": 30.759573858733663, "IL1b_ineffective": 133.17969312987503, "IL1b_stim": 17.08645788361725, "IL8_favorable": 41.75876057283808, "ALP_M_n": 3.2666410673705655, "ARS_M_n": 1.505325470531407, "ALP_0": 0.6507498667303365, "ARS_0": 0.2761505618903194, "diff_time": 938.9537221308633, "maturity_t": 0.346211966878127}