{"a_Chen_2018_ALP": 2.0732517069144607, "a_Chen_2018_ARS": 0.7875051213077031, "a_early_diff_stim": 11.1709092189486, "a_early_diff_inhib": 12.28600605237639, "a_late_diff_stim": 13.01500151229639, "a_late_diff_inhib": 16.88280101228601, "early_diff_slow": 0.15999732377483322, "early_diff_fast": 0.5857904906689645, "early_diff_very_fast": 0.866528423655818, "late_diff_slow": 0.15657178667203991, "late_diff_fast": 0.8047451913472828, "Mg_stim": 3.6007099806680865, "Mg_dest": 34.692300370965306, "IL1b_ineffective": 167.8984043089092, "IL1b_stim": 12.54807336036226, "IL8_favorable": 67.56955078581153, "ALP_M_n": 4.303999246298901, "ARS_M_n": 2.7263523136654335, "ALP_0": 0.8978435193119367, "ARS_0": 0.8125667324602239, "diff_time": 767.4460028307875, "maturity_t": 0.36184727853171267}