{"ALP_M_n": 3.6781287816945234, "ARS_M_n": 2.047451072242086, "ALP_0": 0.7822207259086433, "ARS_0": 0.5251213559089078, "maturity_t": 0.3622080813620784, "early_diff_slow": 0.16688661076151984, "early_diff_fast": 0.7452556799607802, "early_diff_very_fast": 0.602168497631208, "late_diff_slow": 0.29717423956647615, "late_diff_fast": 0.7637904786140918, "a_early_diff_stim": 10.52731275023227, "a_early_diff_inhib": 6.76265692311389, "a_late_diff_stim": 9.38450078706045, "a_late_diff_inhib": 5.2523497084339414, "diff_time": 842.2577367935731, "a_Chen_2018_ALP": 3.406649693741306, "a_Chen_2018_ARS": 1.6648665306466122}