{"a_Chen_2018_ALP": 1.8071614385295298, "a_Chen_2018_ARS": 2.51037744817968, "a_early_diff_stim": 13.970628412019602, "a_early_diff_inhib": 15.556802147607938, "a_late_diff_stim": 16.514697372646374, "a_late_diff_inhib": 4.806698045498063, "early_diff_slow": 0.1927476895570271, "early_diff_fast": 0.5910102477480146, "early_diff_very_fast": 0.8388639740311389, "late_diff_slow": 0.19395750978461496, "late_diff_fast": 0.6580625722092177, "Mg_stim": 9.326042826660464, "Mg_dest": 28.90542687786765, "IL1b_ineffective": 141.3072719315997, "IL1b_stim": 18.4591616204345, "IL8_favorable": 31.60735102942407, "ALP_M_n": 4.261880230138514, "ARS_M_n": 1.5875289136443136, "ALP_0": 0.9508116287212957, "ARS_0": 0.3402282200466633, "diff_time": 982.7659725451986, "maturity_t": 0.35311293850923514}