{"a_Chen_2018_ALP": 3.4085180256533376, "a_Chen_2018_ARS": 1.2272745639736307, "a_early_diff_stim": 9.911502451320013, "a_early_diff_inhib": 12.014199861255479, "a_late_diff_stim": 14.926456747393955, "a_late_diff_inhib": 10.718064936667528, "early_diff_slow": 0.3641071854329006, "early_diff_fast": 0.6123258441676759, "early_diff_very_fast": 0.9630506197629431, "late_diff_slow": 0.31219337002544456, "late_diff_fast": 0.8660979649016434, "Mg_stim": 5.155878051662318, "Mg_dest": 23.17894546134546, "IL1b_ineffective": 79.95891331923934, "IL1b_stim": 16.754210144400247, "IL8_favorable": 37.416002988690366, "ALP_M_n": 3.7045509095384928, "ARS_M_n": 2.3212165947790853, "ALP_0": 0.7794037790948443, "ARS_0": 0.6629157684047814, "diff_time": 854.9833706333031, "maturity_t": 0.3640108623652892}