{"ALP_M_n": 1.5977454373369246, "ARS_M_n": 1.6276045274698419, "ALP_0": 0.5157112049875112, "ARS_0": 0.41744797306407005, "maturity_t": 0.6607369052709026, "early_diff_slow": 0.20347872623154512, "early_diff_fast": 0.7498900144654023, "early_diff_very_fast": 0.6006361807212096, "late_diff_slow": 0.37616822126797855, "late_diff_fast": 0.6736927665656417, "a_early_diff_stim": 17.385421046563014, "a_early_diff_inhib": 10.217064242868464, "a_late_diff_stim": 4.353528858870721, "a_late_diff_inhib": 2.1452165099649783, "diff_time": 706.4491733332894, "a_Chen_2018_ALP": 4.319472486062123, "a_Chen_2018_ARS": 1.7003078289378668}