{"a_Chen_2018_ALP": 3.065856148311754, "a_Chen_2018_ARS": 2.913862940554378, "a_early_diff_stim": 10.712196078711248, "a_early_diff_inhib": 16.566923873051692, "a_late_diff_stim": 5.217726035292447, "a_late_diff_inhib": 5.223562588424545, "early_diff_slow": 0.37954709332946435, "early_diff_fast": 0.624489830292839, "early_diff_very_fast": 0.9749737123412054, "late_diff_slow": 0.18660442929612026, "late_diff_fast": 0.6110502858250153, "Mg_stim": 7.777266837587734, "Mg_dest": 23.46198388125184, "IL1b_ineffective": 73.5025224817702, "IL1b_stim": 25.49279743168428, "IL8_favorable": 36.27891273002867, "ALP_M_n": 3.7900111299634465, "ARS_M_n": 1.3918541451725663, "ALP_0": 0.8237016016975163, "ARS_0": 0.25463380132723357, "diff_time": 1032.861755732105, "maturity_t": 0.3485873140422076}