{"ALP_M_n": 0.871244468632338, "ARS_M_n": 2.205972655405993, "ALP_0": 0.20450640862239983, "ARS_0": 0.6730647672532605, "maturity_t": 0.8028587656024111, "early_diff_slow": 0.2829176884905476, "early_diff_fast": 0.7282200615082671, "early_diff_very_fast": 0.6007698432789951, "late_diff_slow": 0.1485917506324258, "late_diff_fast": 0.8191633937516178, "a_early_diff_stim": 18.763204201325337, "a_early_diff_inhib": 7.705379772868689, "a_late_diff_stim": 5.703986858887103, "a_late_diff_inhib": 17.33243243196919, "diff_time": 689.1923144651888, "a_Chen_2018_ALP": 5.564311408948421, "a_Chen_2018_ARS": 1.0301885803699466}