{"a_Chen_2018_ALP": 6.5914867113415205, "a_Chen_2018_ARS": 3.133209911406149, "a_early_diff_stim": 10.083706682349236, "a_early_diff_inhib": 10.392611101489917, "a_late_diff_stim": 12.409262338565084, "a_late_diff_inhib": 12.783168654823154, "early_diff_slow": 0.33226179488167507, "early_diff_fast": 0.6298847516257271, "early_diff_very_fast": 0.9870105489784335, "late_diff_slow": 0.21304366751160106, "late_diff_fast": 0.6563402657730893, "Mg_stim": 8.251383244703861, "Mg_dest": 20.516897492846923, "IL1b_ineffective": 94.96845675709592, "IL1b_stim": 25.74791986546684, "IL8_favorable": 13.472885616743078, "ALP_M_n": 2.930579346110388, "ARS_M_n": 1.2933625013713348, "ALP_0": 0.5958445900655436, "ARS_0": 0.20784874455833277, "diff_time": 1031.1421729572573, "maturity_t": 0.350049542622256}