{"ALP_M_n": 1.1240605292239627, "ARS_M_n": 2.1193054369933333, "ALP_0": 0.3198590236921027, "ARS_0": 0.6472131785416789, "maturity_t": 0.746907397313817, "early_diff_slow": 0.28507623343733235, "early_diff_fast": 0.7369701308150708, "early_diff_very_fast": 0.6014614130105762, "late_diff_slow": 0.2545407899668889, "late_diff_fast": 0.7196681014011787, "a_early_diff_stim": 17.96306495541762, "a_early_diff_inhib": 5.91339489481452, "a_late_diff_stim": 17.268316840109925, "a_late_diff_inhib": 3.2182709771428595, "diff_time": 673.0486466731703, "a_Chen_2018_ALP": 5.207628814139171, "a_Chen_2018_ARS": 1.0710270153084196}