{"a_Chen_2018_ALP": 5.647278808272257, "a_Chen_2018_ARS": 2.7114863558304414, "a_early_diff_stim": 10.814433384261743, "a_early_diff_inhib": 3.0862039033828337, "a_late_diff_stim": 5.624517269937712, "a_late_diff_inhib": 2.223144333335627, "early_diff_slow": 0.2612448579744881, "early_diff_fast": 0.6289554060898896, "early_diff_very_fast": 0.9846531875664308, "late_diff_slow": 0.22854382809424817, "late_diff_fast": 0.8539485054849125, "Mg_stim": 8.267075627304596, "Mg_dest": 24.373632405237892, "IL1b_ineffective": 126.13373317885018, "IL1b_stim": 8.533066734240942, "IL8_favorable": 43.83009335184939, "ALP_M_n": 2.754173696677918, "ARS_M_n": 1.4310635891209573, "ALP_0": 0.6174123998428037, "ARS_0": 0.2936590365860436, "diff_time": 1049.905414191856, "maturity_t": 0.379538841680916}