{"a_Chen_2018_ALP": 4.816665708780179, "a_Chen_2018_ARS": 2.3973318375038164, "a_early_diff_stim": 14.263053988319529, "a_early_diff_inhib": 4.966008914367349, "a_late_diff_stim": 14.542784556919951, "a_late_diff_inhib": 9.723474198971182, "early_diff_slow": 0.19197051811432547, "early_diff_fast": 0.5925910402052015, "early_diff_very_fast": 0.8529514501730082, "late_diff_slow": 0.3793555038064331, "late_diff_fast": 0.8059590509320438, "Mg_stim": 6.959838914658966, "Mg_dest": 36.329843545258996, "IL1b_ineffective": 121.4109881415267, "IL1b_stim": 2.1162467756865784, "IL8_favorable": 14.107567020408041, "ALP_M_n": 3.28825684115833, "ARS_M_n": 1.6249665352121239, "ALP_0": 0.6929490425005344, "ARS_0": 0.37026580938219567, "diff_time": 1011.2964836223924, "maturity_t": 0.3539422407454441}