{"a_Chen_2018_ALP": 6.965187855446344, "a_Chen_2018_ARS": 2.905395144659568, "a_early_diff_stim": 11.158387050458108, "a_early_diff_inhib": 15.764468097162647, "a_late_diff_stim": 2.302041523580078, "a_late_diff_inhib": 7.011493297094054, "early_diff_slow": 0.3710654042866731, "early_diff_fast": 0.6141853713589618, "early_diff_very_fast": 0.9249720143203709, "late_diff_slow": 0.1384633512109056, "late_diff_fast": 0.8734792176496919, "Mg_stim": 9.373653745080198, "Mg_dest": 20.715053126166097, "IL1b_ineffective": 135.68371938871456, "IL1b_stim": 14.65680517261953, "IL8_favorable": 49.797041666710605, "ALP_M_n": 2.7120122612685584, "ARS_M_n": 1.4316608681805012, "ALP_0": 0.5574536796282329, "ARS_0": 0.25342652691201295, "diff_time": 975.9882963731, "maturity_t": 0.3652553837485747}