{"ALP_M_n": 0.9822408556688679, "ARS_M_n": 1.7790918279972983, "ALP_0": 0.2236662148727291, "ARS_0": 0.4234013330924512, "maturity_t": 0.6658940750720374, "early_diff_slow": 0.24259051800935302, "early_diff_fast": 0.7396888586793672, "early_diff_very_fast": 0.6014511656200963, "late_diff_slow": 0.2755225315017403, "late_diff_fast": 0.8520044463090211, "a_early_diff_stim": 18.811896478636086, "a_early_diff_inhib": 14.276086468269204, "a_late_diff_stim": 18.652676523428553, "a_late_diff_inhib": 15.83744153816156, "diff_time": 820.8235306677524, "a_Chen_2018_ALP": 6.291909470678818, "a_Chen_2018_ARS": 1.9524202747831727}