{"ALP_M_n": 4.763592661187937, "ARS_M_n": 1.8831833560428486, "ALP_0": 1.0108941000505758, "ARS_0": 0.4325150069436746, "maturity_t": 0.3462910244594557, "early_diff_slow": 0.2149020165997019, "early_diff_fast": 0.7476912691597009, "early_diff_very_fast": 0.6001169579934813, "late_diff_slow": 0.3921475623884939, "late_diff_fast": 0.7651661626374967, "a_early_diff_stim": 10.866523864627315, "a_early_diff_inhib": 11.143861033653451, "a_late_diff_stim": 13.551641502176931, "a_late_diff_inhib": 10.117957498919026, "diff_time": 872.9402559013123, "a_Chen_2018_ALP": 1.3072223825816127, "a_Chen_2018_ARS": 2.0677544447493306}