{"ALP_M_n": 4.290553792168982, "ARS_M_n": 1.188740166735464, "ALP_0": 0.9302636782253958, "ARS_0": 0.16851068468937053, "maturity_t": 0.33876164635126155, "early_diff_slow": 0.26239007022733024, "early_diff_fast": 0.746450656730085, "early_diff_very_fast": 0.6000627973558044, "late_diff_slow": 0.15064352938950593, "late_diff_fast": 0.8014524734274977, "a_early_diff_stim": 13.48763647871399, "a_early_diff_inhib": 19.03710850207606, "a_late_diff_stim": 6.335545791300296, "a_late_diff_inhib": 9.528692985782033, "diff_time": 1058.6260478072547, "a_Chen_2018_ALP": 2.014853293579102, "a_Chen_2018_ARS": 3.321995352001487}