{"a_Chen_2018_ALP": 8.156545986058845, "a_Chen_2018_ARS": 3.2452275335691003, "a_early_diff_stim": 10.350409903000067, "a_early_diff_inhib": 10.910193527612202, "a_late_diff_stim": 4.452898584210001, "a_late_diff_inhib": 9.36869055273185, "early_diff_slow": 0.24092809986278169, "early_diff_fast": 0.6344363803850576, "early_diff_very_fast": 0.9848871958674466, "late_diff_slow": 0.24998927325266687, "late_diff_fast": 0.6849718063264764, "Mg_stim": 5.475730110654588, "Mg_dest": 29.978433151341118, "IL1b_ineffective": 189.33905337778074, "IL1b_stim": 13.099689261044645, "IL8_favorable": 92.8006167383229, "ALP_M_n": 2.550592191923613, "ARS_M_n": 1.2341706596489777, "ALP_0": 0.5094318480462935, "ARS_0": 0.1846398135453741, "diff_time": 1076.6497102871756, "maturity_t": 0.35348403281912877}