{"ALP_M_n": 7.122382269635824, "ARS_M_n": 2.464372553330079, "ALP_0": 0.6769396250939963, "ARS_0": 0.13058502419072862, "maturity_t": 0.38575098034093214, "early_diff_slow": 0.39741210512545305, "early_diff_fast": 0.7389279329448755, "early_diff_very_fast": 0.6622389007156457, "late_diff_slow": 0.32280345799557786, "late_diff_fast": 0.8150784523575108, "a_early_diff_stim": 1.9654026041187094, "a_early_diff_inhib": 0.8716400319776285, "a_late_diff_stim": 4.0145498924716225, "a_late_diff_inhib": 0.805942093861411, "diff_time": 545.0810235594691, "a_Chen_2018_ALP": 9.16031024206345, "a_Chen_2018_ARS": 4.96520330857616}