{"ALP_M_n": 1.2086187568027689, "ARS_M_n": 1.8857083727972552, "ALP_0": 0.3398046704393426, "ARS_0": 0.48937388781924523, "maturity_t": 0.6740985891452864, "early_diff_slow": 0.1465284501908004, "early_diff_fast": 0.7301979298132133, "early_diff_very_fast": 0.6002211997498539, "late_diff_slow": 0.14417730504542345, "late_diff_fast": 0.8308919613788475, "a_early_diff_stim": 19.526527387775726, "a_early_diff_inhib": 13.890521865794456, "a_late_diff_stim": 11.98362314645845, "a_late_diff_inhib": 10.61829810785424, "diff_time": 776.436510525147, "a_Chen_2018_ALP": 5.507319701186183, "a_Chen_2018_ARS": 1.646778628091662}