{"a_Chen_2018_ALP": 2.317800449930066, "a_Chen_2018_ARS": 2.4561618816654702, "a_early_diff_stim": 11.443382825322345, "a_early_diff_inhib": 8.833403915779506, "a_late_diff_stim": 13.633074899108458, "a_late_diff_inhib": 2.6017198976451903, "early_diff_slow": 0.20169235530615942, "early_diff_fast": 0.6100738121570657, "early_diff_very_fast": 0.9341232835133759, "late_diff_slow": 0.21760065287384886, "late_diff_fast": 0.7979797340760886, "Mg_stim": 2.419241494065447, "Mg_dest": 34.466043910695774, "IL1b_ineffective": 113.88997373065988, "IL1b_stim": 19.565820522328337, "IL8_favorable": 38.024791017362936, "ALP_M_n": 4.087846779142644, "ARS_M_n": 1.6199027448593482, "ALP_0": 0.8902823752839438, "ARS_0": 0.3530614064413726, "diff_time": 976.6288698043326, "maturity_t": 0.350568979989416}