{"a_Chen_2018_ALP": 6.0287400399801925, "a_Chen_2018_ARS": 2.3194672121174285, "a_early_diff_stim": 10.639513218543392, "a_early_diff_inhib": 11.25497383337111, "a_late_diff_stim": 10.014357228499506, "a_late_diff_inhib": 6.015538695675184, "early_diff_slow": 0.251677619810788, "early_diff_fast": 0.6040767496199237, "early_diff_very_fast": 0.9202725248433885, "late_diff_slow": 0.31697492664301297, "late_diff_fast": 0.8072665773085275, "Mg_stim": 8.577707909065797, "Mg_dest": 28.93395437175707, "IL1b_ineffective": 126.85238909580671, "IL1b_stim": 22.238284876349905, "IL8_favorable": 70.24380108973342, "ALP_M_n": 3.1436944344118865, "ARS_M_n": 1.7169716962698531, "ALP_0": 0.6187621098415449, "ARS_0": 0.36455061212000117, "diff_time": 870.7284333206784, "maturity_t": 0.3580446161993282}