{"ALP_M_n": 2.756240736233261, "ARS_M_n": 3.1080908101348284, "ALP_0": 0.5043719426134683, "ARS_0": 0.9253403158251242, "maturity_t": 0.6203001196882925, "early_diff_slow": 0.11981073554108912, "early_diff_fast": 0.7433910809297355, "early_diff_very_fast": 0.6568355653648854, "late_diff_slow": 0.18562409974313676, "late_diff_fast": 0.7198385184619899, "a_early_diff_stim": 4.989340266790437, "a_early_diff_inhib": 0.9782315636588802, "a_late_diff_stim": 1.027218293510201, "a_late_diff_inhib": 0.7540728063022462, "diff_time": 668.8316245141758, "a_Chen_2018_ALP": 8.117743971258552, "a_Chen_2018_ARS": 0.522829334812325}