{"ALP_M_n": 3.714911466465206, "ARS_M_n": 1.3380325511403457, "ALP_0": 0.5855930170515602, "ARS_0": 0.19414779060488255, "maturity_t": 0.3914550743557417, "early_diff_slow": 0.17779772359559887, "early_diff_fast": 0.7445666640491416, "early_diff_very_fast": 0.6622696828769039, "late_diff_slow": 0.15655552848984305, "late_diff_fast": 0.7599413702982113, "a_early_diff_stim": 4.917499185713225, "a_early_diff_inhib": 0.6855434636647303, "a_late_diff_stim": 1.9544047737430028, "a_late_diff_inhib": 0.3495618345462476, "diff_time": 825.1713872754179, "a_Chen_2018_ALP": 8.883377973291998, "a_Chen_2018_ARS": 3.5859111762905385}