{"a_Chen_2018_ALP": 2.904995209230668, "a_Chen_2018_ARS": 2.4214835335821148, "a_early_diff_stim": 14.583939283514283, "a_early_diff_inhib": 10.469769082553938, "a_late_diff_stim": 17.1251124291124, "a_late_diff_inhib": 14.753839693884949, "early_diff_slow": 0.3809736998897425, "early_diff_fast": 0.5904100717008485, "early_diff_very_fast": 0.8447184286941651, "late_diff_slow": 0.25190751358330743, "late_diff_fast": 0.7507131834112172, "Mg_stim": 4.83283020278394, "Mg_dest": 29.505276373129554, "IL1b_ineffective": 169.85103584466933, "IL1b_stim": 16.083652272492216, "IL8_favorable": 38.96412243192893, "ALP_M_n": 3.7808063684815663, "ARS_M_n": 1.6180509109588843, "ALP_0": 0.8348725044134399, "ARS_0": 0.3656121388602675, "diff_time": 1012.4666616188015, "maturity_t": 0.35469925852462203}