{"a_Chen_2018_ALP": 9.67899821926629, "a_Chen_2018_ARS": 3.1403512908492854, "a_early_diff_stim": 14.163916947576352, "a_early_diff_inhib": 1.4679938883583374, "a_late_diff_stim": 12.264011532823133, "a_late_diff_inhib": 0.24097039426199984, "early_diff_slow": 0.1633202207800106, "early_diff_fast": 0.5943656715541318, "early_diff_very_fast": 0.8499648754352276, "late_diff_slow": 0.372457411420207, "late_diff_fast": 0.726549836503556, "Mg_stim": 3.4468295431292733, "Mg_dest": 31.792842167611536, "IL1b_ineffective": 121.69277945874639, "IL1b_stim": 14.729507834967915, "IL8_favorable": 2.9176401974202975, "ALP_M_n": 1.7614780113922313, "ARS_M_n": 1.2877828649166645, "ALP_0": 0.339444482164481, "ARS_0": 0.2040480108843994, "diff_time": 1042.5736332196925, "maturity_t": 0.3933572181011075}