{"ALP_M_n": 1.650018592814209, "ARS_M_n": 2.312808392945177, "ALP_0": 0.4905770636649478, "ARS_0": 0.6112764397449476, "maturity_t": 0.6076834589140502, "early_diff_slow": 0.2601950103670188, "early_diff_fast": 0.7465226960092545, "early_diff_very_fast": 0.6027566302913978, "late_diff_slow": 0.31113563245674264, "late_diff_fast": 0.8074041074366792, "a_early_diff_stim": 15.945540380939779, "a_early_diff_inhib": 10.713347790757819, "a_late_diff_stim": 5.680111355418522, "a_late_diff_inhib": 13.42704322149875, "diff_time": 735.6840905728191, "a_Chen_2018_ALP": 4.7975574309185784, "a_Chen_2018_ARS": 1.2600736212708958}