{"ALP_M_n": 1.2445093293488028, "ARS_M_n": 2.031696714226105, "ALP_0": 0.34190434992725693, "ARS_0": 0.506700339059282, "maturity_t": 0.6434702182202474, "early_diff_slow": 0.16567254216850033, "early_diff_fast": 0.7469812642505007, "early_diff_very_fast": 0.6036451589561661, "late_diff_slow": 0.33652093839854963, "late_diff_fast": 0.7291321706443552, "a_early_diff_stim": 17.60572401381109, "a_early_diff_inhib": 14.350558513739134, "a_late_diff_stim": 12.482340557864957, "a_late_diff_inhib": 16.56087029735808, "diff_time": 794.7096382268378, "a_Chen_2018_ALP": 5.703628161640425, "a_Chen_2018_ARS": 1.6631525444417508}