{"ALP_M_n": 0.7973984494690256, "ARS_M_n": 1.9057779167775086, "ALP_0": 0.17690064130111138, "ARS_0": 0.539101263475969, "maturity_t": 0.8183417255882234, "early_diff_slow": 0.13379655057181838, "early_diff_fast": 0.7392317086645208, "early_diff_very_fast": 0.6097483196836907, "late_diff_slow": 0.18761695181510624, "late_diff_fast": 0.7226652362648447, "a_early_diff_stim": 18.58668988701465, "a_early_diff_inhib": 8.632734975837833, "a_late_diff_stim": 16.324861366210897, "a_late_diff_inhib": 10.990577899361648, "diff_time": 726.9103568611133, "a_Chen_2018_ALP": 5.583557305513194, "a_Chen_2018_ARS": 1.4110259070975393}