{"ALP_M_n": 1.3676180275114074, "ARS_M_n": 2.3604119111880175, "ALP_0": 0.3524010236073146, "ARS_0": 0.6238009623113835, "maturity_t": 0.5965960632363022, "early_diff_slow": 0.31519472510399726, "early_diff_fast": 0.747165331156205, "early_diff_very_fast": 0.6008882894409535, "late_diff_slow": 0.3290254170762694, "late_diff_fast": 0.7456780903460594, "a_early_diff_stim": 16.26439600303159, "a_early_diff_inhib": 6.677082265235499, "a_late_diff_stim": 7.040774408829874, "a_late_diff_inhib": 7.176088865176239, "diff_time": 760.9381667779893, "a_Chen_2018_ALP": 6.0156282785973545, "a_Chen_2018_ARS": 1.256948153577568}