{"ALP_M_n": 2.273396707853634, "ARS_M_n": 1.9760537618720724, "ALP_0": 0.42090638390512713, "ARS_0": 0.49866839692928633, "maturity_t": 0.37253536859078634, "early_diff_slow": 0.16864369598249823, "early_diff_fast": 0.7490765387295089, "early_diff_very_fast": 0.600295636139871, "late_diff_slow": 0.3609967981673884, "late_diff_fast": 0.7095329318530312, "a_early_diff_stim": 11.236950423162405, "a_early_diff_inhib": 10.678681932724931, "a_late_diff_stim": 15.938247319416128, "a_late_diff_inhib": 6.771086640830275, "diff_time": 858.4860863106481, "a_Chen_2018_ALP": 9.47610755093569, "a_Chen_2018_ARS": 1.7642985302286625}