{"ALP_M_n": 3.1332258621873623, "ARS_M_n": 1.3385803187383765, "ALP_0": 0.6705644663660608, "ARS_0": 0.22700367495215443, "maturity_t": 0.3538714524263059, "early_diff_slow": 0.35079081987930594, "early_diff_fast": 0.7495068812733551, "early_diff_very_fast": 0.6003974678521378, "late_diff_slow": 0.2545959568311868, "late_diff_fast": 0.6868463944827388, "a_early_diff_stim": 13.38166744450684, "a_early_diff_inhib": 15.931450370799245, "a_late_diff_stim": 1.8334672469120488, "a_late_diff_inhib": 4.887088604190735, "diff_time": 1033.5914195271623, "a_Chen_2018_ALP": 5.192017988922164, "a_Chen_2018_ARS": 3.0380713749171577}