{"ALP_M_n": 1.6929320191586328, "ARS_M_n": 2.251819444994199, "ALP_0": 0.4988545440780991, "ARS_0": 0.5772042254790831, "maturity_t": 0.5912357281948645, "early_diff_slow": 0.28780323203539354, "early_diff_fast": 0.7447001371214109, "early_diff_very_fast": 0.6041889328618528, "late_diff_slow": 0.25662012355446295, "late_diff_fast": 0.8215226435085838, "a_early_diff_stim": 16.44783274418566, "a_early_diff_inhib": 16.1010449442495, "a_late_diff_stim": 3.8861677008783673, "a_late_diff_inhib": 2.8980800450804285, "diff_time": 762.1488723704884, "a_Chen_2018_ALP": 4.839840223144559, "a_Chen_2018_ARS": 1.4034162384201352}