{"ALP_M_n": 1.4424332253175343, "ARS_M_n": 3.358292357999839, "ALP_0": 0.41191548609723627, "ARS_0": 1.1487109018213302, "maturity_t": 0.6150404421922779, "early_diff_slow": 0.36260331935958445, "early_diff_fast": 0.7451274729263054, "early_diff_very_fast": 0.6006696833040783, "late_diff_slow": 0.21582427686487515, "late_diff_fast": 0.6992588199465696, "a_early_diff_stim": 17.618016704165075, "a_early_diff_inhib": 11.393968004761776, "a_late_diff_stim": 10.307030716909463, "a_late_diff_inhib": 13.52399577249728, "diff_time": 789.9505087578136, "a_Chen_2018_ALP": 5.3913367572336615, "a_Chen_2018_ARS": 0.30655555249378424}