{"a_Chen_2018_ALP": 3.9281771271000903, "a_Chen_2018_ARS": 2.863533533130558, "a_early_diff_stim": 15.71766791735048, "a_early_diff_inhib": 12.942066518106186, "a_late_diff_stim": 13.491140658949632, "a_late_diff_inhib": 4.1937044159905925, "early_diff_slow": 0.30002288789948894, "early_diff_fast": 0.5799872400916518, "early_diff_very_fast": 0.8043445360627193, "late_diff_slow": 0.26155027735083064, "late_diff_fast": 0.6851491565982553, "Mg_stim": 9.029756176549661, "Mg_dest": 34.629959885183965, "IL1b_ineffective": 130.43214208349247, "IL1b_stim": 19.560978097621856, "IL8_favorable": 67.51274584895367, "ALP_M_n": 3.5197576173030463, "ARS_M_n": 1.4367942138194032, "ALP_0": 0.7522000427220854, "ARS_0": 0.261034993287377, "diff_time": 982.4489350710317, "maturity_t": 0.35380282525348355}