{"a_Chen_2018_ALP": 5.648323242277436, "a_Chen_2018_ARS": 2.919027752526858, "a_early_diff_stim": 12.914993166078322, "a_early_diff_inhib": 11.815982431641789, "a_late_diff_stim": 9.679576772797969, "a_late_diff_inhib": 6.201955692507768, "early_diff_slow": 0.13566548790573202, "early_diff_fast": 0.6067059832126535, "early_diff_very_fast": 0.8890120374313388, "late_diff_slow": 0.3028954306807318, "late_diff_fast": 0.8499915054879309, "Mg_stim": 8.653830667855935, "Mg_dest": 38.129674524246695, "IL1b_ineffective": 149.2642396827867, "IL1b_stim": 19.92739189789842, "IL8_favorable": 98.20665352946261, "ALP_M_n": 3.0740030134145764, "ARS_M_n": 1.385584299747842, "ALP_0": 0.6446861197131337, "ARS_0": 0.25682756995232486, "diff_time": 1055.0290226268928, "maturity_t": 0.35249846613393776}