{"ALP_M_n": 0.7582914463718246, "ARS_M_n": 2.3086038612728497, "ALP_0": 0.1402832245832127, "ARS_0": 0.6353972309797833, "maturity_t": 0.7438569834274397, "early_diff_slow": 0.32674726243245844, "early_diff_fast": 0.7295052328270779, "early_diff_very_fast": 0.6078032730489605, "late_diff_slow": 0.2121203731772481, "late_diff_fast": 0.7382860951522513, "a_early_diff_stim": 19.044086996424777, "a_early_diff_inhib": 2.5990401356630097, "a_late_diff_stim": 2.425752979015133, "a_late_diff_inhib": 0.5167861430441434, "diff_time": 822.1855902973008, "a_Chen_2018_ALP": 6.139157467878474, "a_Chen_2018_ARS": 1.281568409095935}