{"ALP_M_n": 0.7907251000928519, "ARS_M_n": 3.2134342470319273, "ALP_0": 0.1466747422465742, "ARS_0": 1.070016313927063, "maturity_t": 0.7664480938183578, "early_diff_slow": 0.22868498440248047, "early_diff_fast": 0.7331699188825523, "early_diff_very_fast": 0.6043692895037592, "late_diff_slow": 0.20953953992138546, "late_diff_fast": 0.8090137083713702, "a_early_diff_stim": 17.334790644042684, "a_early_diff_inhib": 7.359676858265416, "a_late_diff_stim": 17.092577057593203, "a_late_diff_inhib": 13.039066680572136, "diff_time": 708.6730384580438, "a_Chen_2018_ALP": 6.017233968139773, "a_Chen_2018_ARS": 0.359554637313802}