{"ALP_M_n": 4.091336386301371, "ARS_M_n": 1.3207271298797705, "ALP_0": 0.8700926066390692, "ARS_0": 0.2161182840161025, "maturity_t": 0.34464837958890904, "early_diff_slow": 0.19857450798870047, "early_diff_fast": 0.7474192774449102, "early_diff_very_fast": 0.6005354029438582, "late_diff_slow": 0.19791071281871273, "late_diff_fast": 0.8347070971557751, "a_early_diff_stim": 11.207474775638735, "a_early_diff_inhib": 6.688118179517155, "a_late_diff_stim": 4.376984841925406, "a_late_diff_inhib": 7.741197727661605, "diff_time": 916.789750456196, "a_Chen_2018_ALP": 2.526604411320576, "a_Chen_2018_ARS": 3.0701261304855523}