{
    "ALP_M_n": 3.6161272619569376,
    "ALP_0": 0.19846374255568822,
    "IL1b_H": 98.02497088101735,
    "a_early_diff_u": 22.69233451287648,
    "diff_time": 950.6097064704107,
    "a_Qiao_2021_IL1b_ALP": 42.93607793849402
}