{
    "ALP_M_n": 3.849561371712312,
    "ARS_M_n": 1.9305471100740306,
    "ALP_0": 0.6774178687279147,
    "ARS_0": 0.1381016466836762,
    "IL10_d": 95.4890146577768,
    "IL1b_H": 68.51400338328568,
    "maturity_t": 0.6461149330218063,
    "early_diff_L": 0.11491627558166698,
    "early_diff_H": 0.638000572023346,
    "late_diff_L": 0.33676990110795335,
    "late_diff_H": 0.8596554374670743,
    "a_early_diff_u": 2.0027489485632444,
    "a_early_diff_d": 0.5235046582832013,
    "a_late_diff_u": 2.9192051528673773,
    "a_late_diff_d": 0.15818543807624508,
    "diff_time": 660.7462048795787,
    "a_Chen_2018_ALP": 4.345021502362471,
    "a_Chen_2018_ARS": 4.554006834964866
}