{
    "ALP_M_n": 3.6758145343473068,
    "ALP_0": 0.38293405063540487,
    "IL1b_H": 78.48354990609047,
    "IL8_M": 8.237437472159462,
    "maturity_t": 0.5370404913336526,
    "early_diff_L": 0.15326986369352044,
    "early_diff_H": 0.6351923384998763,
    "early_diff_VH": 0.8969630340809093,
    "a_early_diff_u": 3.501901973562101,
    "a_early_diff_d": 0.09766326078439908,
    "diff_time": 836.3518965097118,
    "a_Qiao_2021_ALP": 56.34460703084478
}