{
    "ALP_M_n": 9.533539667655841,
    "ARS_M_n": 8.432150842772543,
    "OC_M_n": 4.648612674752827,
    "ALP_0": 0.9879720358547259,
    "OC_0": 0.7288533247057956,
    "ARS_0": 0.9926430680473739,
    "Mg_S": 2.7298279266761956,
    "Mg_D": 36.16344326162881,
    "IL10_d": 26.89346025668014,
    "IL1b_H": 155.2293011685904,
    "IL1b_S": 9.154357027214404,
    "IL8_M": 60.250831517687125,
    "maturity_t": 0.9396247877436501,
    "early_diff_L": 0.303790331406984,
    "early_diff_H": 0.7075525217910665,
    "early_diff_VH": 0.8260172500754447,
    "late_diff_L": 0.16009511754358186,
    "late_diff_H": 0.6833417296035686,
    "a_early_diff_u": 0.13615228000046045,
    "a_early_diff_d": 0.5905459643659459,
    "a_late_diff_u": 0.44749012832910845,
    "a_late_diff_d": 0.814233508910078,
    "diff_time": 536.6040200657932,
    "a_Chen_2018_ALP": 5.305345874743674,
    "a_Chen_2018_ARS": 2.7903310688069984,
    "a_Valles_2020_IL10_ALP": 171.40200805280352,
    "a_Valles_2020_IL10_ARS": 875.3778446623157,
    "a_Valles_2020_TNFa_ALP": 813.7067720808082,
    "a_Valles_2020_TNFa_ARS": 520.0915018256028,
    "a_Qiao_2021_ALP": 54.79261855268081,
    "a_Ber_2016_ALP": 0.8338666025824515,
    "a_Ber_2016_OC": 0.4622382825051956,
    "a_Qiao_2021_Mg_ALP": 14.281929922019193,
    "a_Qiao_2021_Mg_OC": 0.7701776320044177
}