{
    "ALP_M_n": 8.27589884508491,
    "ALP_0": 0.41681610842731126,
    "IL1b_H": 107.06739992380986,
    "IL8_M": 83.62988878902367,
    "maturity_t": 0.500310266514732,
    "early_diff_L": 0.24873646769348678,
    "early_diff_H": 0.733270975928061,
    "early_diff_VH": 0.9423671676652017,
    "a_early_diff_u": 3.4552691891091927,
    "a_early_diff_d": 0.10533792807777431,
    "diff_time": 583.3908225576592,
    "a_Qiao_2021_ALP": 79.79889643746193
}