{
    "ALP_M_n": 9.980952846694423,
    "ALP_0": 0.3584402149027146,
    "IL1b_H": 104.70804302087713,
    "IL8_M": 40.86880063194769,
    "maturity_t": 0.6805954655115112,
    "early_diff_L": 0.2623003073292036,
    "early_diff_H": 0.6869450170196676,
    "early_diff_VH": 0.9533782673732223,
    "a_early_diff_u": 2.975056086027497,
    "a_early_diff_d": 0.2913533154290465,
    "diff_time": 391.1197194618752,
    "a_Qiao_2021_ALP": 27.976636575735732
}