{
    "IL10_det": 54.374559968901345,
    "maturity_t": 0.13177514697328602,
    "early_diff_L": 0.45,
    "early_diff_H": 0.6657174132154773,
    "late_diff_L": 0.09834674567650166,
    "late_diff_H": 0.6078252898112245,
    "a_early_diff_u": 10.098167847651858,
    "a_early_diff_d": 6.411032772897964,
    "a_late_diff_u": 1.78036681105732,
    "a_late_diff_d": 73.52959784160372,
    "diff_time": 29.850591159275478,
    "ALP_maturity": 6.66564506276094,
    "ARS_maturity": 8.33533066697637,
    "a_Chen_2018": 0.9316810027750897,
    "a_Valles_2020_part1": 79.96599763344807
}