{
    "ALP_M_n": 4.642091277356542,
    "ALP_0": 0.489625623061592,
    "IL1b_H": 196.03064952975018,
    "IL8_M": 33.943078541972085,
    "maturity_t": 0.46280645026842304,
    "early_diff_L": 0.15579376122299304,
    "early_diff_H": 0.6275459152383643,
    "early_diff_VH": 0.9463911159501674,
    "a_early_diff_u": 3.8759748096709408,
    "a_early_diff_d": 0.3913882858406433,
    "diff_time": 918.1879578710061,
    "a_Qiao_2021_ALP": 48.98307720965369
}