{
    "ALP_M_n": 6.823031090834869,
    "ALP_0": 0.5266246039319771,
    "IL1b_H": 89.04794938536513,
    "IL8_M": 3.6456505061553606,
    "maturity_t": 0.7446080968217058,
    "early_diff_L": 0.2939674355685881,
    "early_diff_H": 0.686497264045952,
    "early_diff_VH": 0.76,
    "a_early_diff_u": 1.1024575348904904,
    "a_early_diff_d": 0.1568247458665008,
    "diff_time": 633.8578403624347,
    "a_Qiao_2021_ALP": 31.675909174973118
}