{
    "ALP_M_n": 9.991873320757508,
    "ARS_M_n": 8.1720839017641,
    "ALP_0": 0.9996588980996353,
    "ARS_0": 0.9956002830908204,
    "IL10_d": 36.56054011166596,
    "maturity_t": 0.9999002678240004,
    "early_diff_L": 0.3581020547291297,
    "early_diff_H": 0.7150473620940537,
    "late_diff_L": 0.3810668979455213,
    "late_diff_H": 0.8399996297229213,
    "a_early_diff_u": 2.5246706072049765,
    "a_early_diff_d": 0.8450928868615412,
    "a_late_diff_u": 3.6528573860025135,
    "a_late_diff_d": 0.4258870837580493,
    "diff_time": 568.5690293043322
}