{"ALP_M_n": 1.9175061151720862, "ARS_M_n": 1.9952884582210302, "ALP_0": 0.20895635447999805, "ARS_0": 0.952415598519007, "maturity_t": 0.7038922160916244, "early_diff_slow": 0.33101532784345017, "early_diff_fast": 0.6243708595044931, "early_diff_very_fast": 0.8544820370672057, "late_diff_slow": 0.3180326588706426, "late_diff_fast": 0.7926954782563335, "a_early_diff_stim": 1.5812092927585106, "a_early_diff_inhib": 0.3412577314204385, "a_late_diff_stim": 2.0750332148709876, "a_late_diff_inhib": 0.5965682613758081, "diff_time": 817.5183024239376, "a_Valles_2020_ALP": 500.2475236505487, "a_Valles_2020_ARS": 223.70533657460302}