{"ALP_M_n": 5.994134800645007, "ARS_M_n": 1.380279296494473, "ALP_0": 0.7975107928781212, "ARS_0": 0.3678403852810053, "maturity_t": 0.58114668013006, "early_diff_slow": 0.23672502167351328, "early_diff_fast": 0.6142154941994343, "early_diff_very_fast": 0.938158811792916, "late_diff_slow": 0.30489195580036954, "late_diff_fast": 0.8754776209340256, "a_early_diff_stim": 1.1394062062905188, "a_early_diff_inhib": 0.816694371535156, "a_late_diff_stim": 2.4253984339630676, "a_late_diff_inhib": 0.7029510302982881, "diff_time": 798.786480456246, "a_Valles_2020_ALP": 61.28165278701932, "a_Valles_2020_ARS": 550.9134937225515}