{"ALP_M_n": 2.6183317739711067, "ARS_M_n": 1.1018676371490677, "ALP_0": 0.6042977760085524, "ARS_0": 0.40820305179634503, "maturity_t": 0.6769249596934327, "early_diff_slow": 0.1252750872412925, "early_diff_fast": 0.6642119964008796, "early_diff_very_fast": 0.8333282064513502, "late_diff_slow": 0.29555548313438607, "late_diff_fast": 0.7142760019671993, "a_early_diff_stim": 1.6948911454938598, "a_early_diff_inhib": 0.1413066967463763, "a_late_diff_stim": 1.6905428499328334, "a_late_diff_inhib": 0.6222270742345997, "diff_time": 932.0744704480048, "a_Valles_2020_ALP": 219.683200289445, "a_Valles_2020_ARS": 582.9206784518162}