{"ALP_M_n": 4.541582490630628, "ARS_M_n": 1.5685066697689305, "ALP_0": 0.5040796676340895, "ARS_0": 0.4288955204275944, "maturity_t": 0.6027220289776593, "early_diff_slow": 0.11283560319024583, "early_diff_fast": 0.6219826485259026, "early_diff_very_fast": 0.7838460819021005, "late_diff_slow": 0.3076187634422517, "late_diff_fast": 0.7080575634967858, "a_early_diff_stim": 0.9060820585252063, "a_early_diff_inhib": 0.19443391348304373, "a_late_diff_stim": 2.134532174121522, "a_late_diff_inhib": 0.2261758048112535, "diff_time": 770.7826412799267, "a_Valles_2020_ALP": 264.8936745700189, "a_Valles_2020_ARS": 485.49907699850536}