{"ALP_M_n": 1.3682406855362956, "ARS_M_n": 1.5007058855473714, "ALP_0": 0.06817357103785844, "ARS_0": 0.7051683426820557, "maturity_t": 0.7033785897950298, "early_diff_slow": 0.19018847885816909, "early_diff_fast": 0.6903054499412176, "early_diff_very_fast": 0.8599287305787011, "late_diff_slow": 0.16644306451932356, "late_diff_fast": 0.7885800250627607, "a_early_diff_stim": 1.330108243498791, "a_early_diff_inhib": 0.8451213712410225, "a_late_diff_stim": 4.542857214694066, "a_late_diff_inhib": 0.6977583911623535, "diff_time": 883.2025655081825, "a_Valles_2020_ALP": 598.9088065659063, "a_Valles_2020_ARS": 381.5965453871099}