{"ALP_M_n": 3.1675793961437946, "ARS_M_n": 1.4692028541435587, "ALP_0": 0.5241140120333045, "ARS_0": 0.4838600689716548, "maturity_t": 0.8331249794884952, "early_diff_slow": 0.21183204489722987, "early_diff_fast": 0.6705007374259967, "early_diff_very_fast": 0.783248180075308, "late_diff_slow": 0.16966020205440493, "late_diff_fast": 0.7095794274816605, "a_early_diff_stim": 1.2213480069750093, "a_early_diff_inhib": 0.7962961665561126, "a_late_diff_stim": 2.9730526289579573, "a_late_diff_inhib": 0.5832039921632511, "diff_time": 1040.5885998841795, "a_Valles_2020_ALP": 338.41664654639516, "a_Valles_2020_ARS": 576.1904576426167}