{"ALP_M_n": 2.8128247891311626, "ALP_0": 0.105237981088417, "IL1b_ineffective": 186.9783024208907, "IL1b_stim": 1.3910731023805543, "IL8_favorable": 2.305252974408873, "maturity_t": 0.8457550952797009, "early_diff_very_fast": 0.7286658214084607, "a_early_diff_stim": 1.8444620712145972, "diff_time": 851.966316958151, "a_Qiao_2021_ALP": 196.61646870981997}