{"ALP_M_n": 3.2937836972962904, "ALP_0": 0.2709522349086824, "IL1b_ineffective": 187.1802132252043, "IL1b_stim": 1.4701197605017704, "IL8_favorable": 2.2676289947717123, "maturity_t": 0.7225958656360534, "early_diff_very_fast": 0.7291655674929359, "a_early_diff_stim": 2.409315498006065, "diff_time": 997.8438646531748, "a_Qiao_2021_ALP": 117.48881570086849}