{"ALP_M_n": 2.194404622302129, "ALP_0": 0.0595964888183018, "IL1b_ineffective": 181.73315043640906, "IL1b_stim": 1.413401977611933, "IL8_favorable": 2.3922870260190123, "maturity_t": 0.9883380551356423, "early_diff_very_fast": 0.7139484230319442, "a_early_diff_stim": 2.358856487136133, "diff_time": 842.5319631349591, "a_Qiao_2021_ALP": 137.8947622455388}