{"ALP_M_n": 5.30945335373443, "ALP_0": 0.5369631893606658, "IL1b_ineffective": 196.01842876065453, "IL1b_stim": 1.352186557033022, "IL8_favorable": 2.181735467103522, "maturity_t": 0.7630434861015828, "early_diff_very_fast": 0.7528485202711905, "a_early_diff_stim": 1.8716898881555823, "diff_time": 950.8020226670836, "a_Qiao_2021_ALP": 45.943251153339865}