{"ALP_M_n": 2.6679520611973477, "ALP_0": 0.26669848866844814, "IL1b_ineffective": 186.1107873782668, "IL1b_stim": 1.3948009229921503, "IL8_favorable": 2.32041708700455, "maturity_t": 0.9949378240221589, "early_diff_very_fast": 0.7258010989683278, "a_early_diff_stim": 2.967589154761616, "diff_time": 895.026704865631, "a_Qiao_2021_ALP": 66.99787921783843}