{"ALP_M_n": 3.01599431987328, "ALP_0": 0.18498511866531694, "IL1b_ineffective": 188.15954093668722, "IL1b_stim": 1.3844215454979807, "IL8_favorable": 2.2872480361490375, "maturity_t": 0.7461657983349177, "early_diff_very_fast": 0.7323295673675, "a_early_diff_stim": 2.22195482904822, "diff_time": 1038.3922072825574, "a_Qiao_2021_ALP": 184.01223638601928}