{"ALP_M_n": 3.05543137371227, "ALP_0": 0.18031505137395293, "IL1b_ineffective": 188.638403209523, "IL1b_stim": 1.384433632393689, "IL8_favorable": 2.281546387791117, "maturity_t": 0.9637520148178891, "early_diff_very_fast": 0.7327360889698503, "a_early_diff_stim": 1.9246263840971447, "diff_time": 797.230474599614, "a_Qiao_2021_ALP": 125.12044333350208}