{"ALP_M_n": 2.431117463141116, "ALP_0": 0.13311470386274663, "IL1b_ineffective": 183.99933184873896, "IL1b_stim": 1.403101389208521, "IL8_favorable": 2.3533633398330096, "maturity_t": 0.9499980075432003, "early_diff_very_fast": 0.7204496443486342, "a_early_diff_stim": 2.4429788626526285, "diff_time": 815.7909425324482, "a_Qiao_2021_ALP": 103.38285264079401}