{"ALP_M_n": 6.441683140562483, "ALP_0": 0.5043320645739879, "IL1b_ineffective": 197.95566761973862, "IL1b_stim": 1.3475055983109971, "IL8_favorable": 2.151625576054066, "maturity_t": 0.5703508128084083, "early_diff_very_fast": 0.7580146354596505, "a_early_diff_stim": 1.4278024195560877, "diff_time": 962.078227473613, "a_Qiao_2021_ALP": 84.43116265515111}