{"ALP_M_n": 3.721947603528125, "ALP_0": 0.6267372697814839, "IL1b_ineffective": 192.00479278338696, "IL1b_stim": 1.3707814478368405, "IL8_favorable": 2.2343660798469855, "maturity_t": 0.9526890311886762, "early_diff_very_fast": 0.7412836861280424, "a_early_diff_stim": 3.48958394862335, "diff_time": 1024.215888736829, "a_Qiao_2021_ALP": 21.274026849570603}