{"ALP_M_n": 2.2586663829178604, "ALP_0": 0.2002224026857428, "IL1b_ineffective": 182.4663467481024, "IL1b_stim": 1.4110269354963787, "IL8_favorable": 2.379339389932312, "maturity_t": 0.9869951680630413, "early_diff_very_fast": 0.7158989719411462, "a_early_diff_stim": 3.5049218158705586, "diff_time": 991.2727785483937, "a_Qiao_2021_ALP": 78.83842614777673}