{"ALP_M_n": 4.949547457616813, "ALP_0": 0.44315205236010435, "IL1b_ineffective": 196.05374391586554, "IL1b_stim": 1.3651305692970315, "IL8_favorable": 2.2085371478446945, "maturity_t": 0.6148088687402042, "early_diff_very_fast": 0.7376618997450856, "a_early_diff_stim": 1.9568575024669403, "diff_time": 1002.6469514149693, "a_Qiao_2021_ALP": 87.01302235937493}