{"ALP_M_n": 2.6911766189895316, "ALP_0": 0.13666672272664376, "IL1b_ineffective": 186.33787369717575, "IL1b_stim": 1.3948313792497657, "IL8_favorable": 2.3186703813393166, "maturity_t": 0.730123763915058, "early_diff_very_fast": 0.7261370487418366, "a_early_diff_stim": 2.285902624421796, "diff_time": 1014.2405280013974, "a_Qiao_2021_ALP": 186.04118133201516}