{"ALP_M_n": 5.402363006842229, "ALP_0": 0.36427129108617345, "IL1b_ineffective": 197.09156533175758, "IL1b_stim": 1.35327093681145, "IL8_favorable": 2.172973540016436, "maturity_t": 0.827143424285478, "early_diff_very_fast": 0.753797375518855, "a_early_diff_stim": 1.3427189801855972, "diff_time": 870.3430254760991, "a_Qiao_2021_ALP": 155.49522594563737}