{"ALP_M_n": 4.615712511438318, "ALP_0": 0.36747717968815413, "IL1b_ineffective": 195.03578850695226, "IL1b_stim": 1.3596107076639559, "IL8_favorable": 2.1945443566672793, "maturity_t": 0.8785074969135194, "early_diff_very_fast": 0.7491374596012421, "a_early_diff_stim": 1.3650324431250938, "diff_time": 622.8917218089157, "a_Qiao_2021_ALP": 51.997917194630446}