{"ALP_M_n": 3.18760161114946, "ALP_0": 0.34723221912813873, "IL1b_ineffective": 189.46369776126394, "IL1b_stim": 1.3812883648425451, "IL8_favorable": 2.271381184847037, "maturity_t": 0.8986220573151578, "early_diff_very_fast": 0.7348354862355111, "a_early_diff_stim": 2.6719487698544047, "diff_time": 905.942025582623, "a_Qiao_2021_ALP": 60.547419288078444}