{"ALP_M_n": 4.222277553242413, "ALP_0": 0.31338492214452696, "IL1b_ineffective": 193.95211151655496, "IL1b_stim": 1.3635579203234443, "IL8_favorable": 2.2100986351760596, "maturity_t": 0.7563419711705505, "early_diff_very_fast": 0.7459810472299628, "a_early_diff_stim": 1.658804955905325, "diff_time": 848.5938258723415, "a_Qiao_2021_ALP": 119.90813709746226}