{"ALP_M_n": 4.4295162342361625, "ALP_0": 0.3987171746245819, "IL1b_ineffective": 193.80900681191724, "IL1b_stim": 1.3664862103106739, "IL8_favorable": 2.2137969481339823, "maturity_t": 0.7436456323387468, "early_diff_very_fast": 0.7471255290611841, "a_early_diff_stim": 1.717989834379738, "diff_time": 788.154995444477, "a_Qiao_2021_ALP": 63.82582809257816}