{"ALP_M_n": 5.268460079417136, "ALP_0": 0.6359543897747947, "IL1b_ineffective": 196.67151362323432, "IL1b_stim": 1.3548255686092077, "IL8_favorable": 2.1755733898312357, "maturity_t": 0.9031725912444992, "early_diff_very_fast": 0.7530507964364758, "a_early_diff_stim": 1.785048089144034, "diff_time": 740.4370018424167, "a_Qiao_2021_ALP": 16.33703640608587}