{"ALP_M_n": 3.506702199924178, "ALP_0": 0.16938123319692286, "IL1b_ineffective": 181.82278689641137, "IL1b_stim": 1.4434420900247673, "IL8_favorable": 2.2636976988630266, "maturity_t": 0.790167250980389, "early_diff_very_fast": 0.7207986843529707, "a_early_diff_stim": 1.5662598347689616, "diff_time": 669.3186076448656, "a_Qiao_2021_ALP": 132.91799983626805}