{"ALP_M_n": 4.77887488930994, "ALP_0": 0.2937677258838149, "IL1b_ineffective": 195.48520680440046, "IL1b_stim": 1.3586261183238122, "IL8_favorable": 2.18994394941803, "maturity_t": 0.824102781897837, "early_diff_very_fast": 0.7501981171344021, "a_early_diff_stim": 1.3672372988706019, "diff_time": 849.8382961978069, "a_Qiao_2021_ALP": 194.97490771179292}