{"ALP_M_n": 2.2477145938674292, "ALP_0": 0.10602049424483066, "IL1b_ineffective": 182.32382636322774, "IL1b_stim": 1.4102021423992497, "IL8_favorable": 2.3811957198169296, "maturity_t": 0.8501622340308053, "early_diff_very_fast": 0.7155904540349364, "a_early_diff_stim": 2.726232724530853, "diff_time": 979.569058370796, "a_Qiao_2021_ALP": 136.13441949723514}