{"ALP_M_n": 4.803929748301148, "ALP_0": 0.5539822894497238, "IL1b_ineffective": 196.7831140869689, "IL1b_stim": 1.3655428702817751, "IL8_favorable": 2.187971158454701, "maturity_t": 0.7260903595244592, "early_diff_very_fast": 0.7507458737804942, "a_early_diff_stim": 2.339045075901966, "diff_time": 1058.7185416993143, "a_Qiao_2021_ALP": 41.63383283936677}