{"ALP_M_n": 4.516579252117026, "ALP_0": 0.32831371725545466, "IL1b_ineffective": 194.69494682736146, "IL1b_stim": 1.361294483219332, "IL8_favorable": 2.201120051337462, "maturity_t": 0.5795966171165997, "early_diff_very_fast": 0.7484197609921226, "a_early_diff_stim": 1.779138572213116, "diff_time": 1059.8573297556804, "a_Qiao_2021_ALP": 190.09075562736928}