{"ALP_M_n": 4.236616694396638, "ALP_0": 0.5754343115842477, "IL1b_ineffective": 193.78955475701102, "IL1b_stim": 1.3645269156491526, "IL8_favorable": 2.2110555805178365, "maturity_t": 0.9896504555157825, "early_diff_very_fast": 0.7462752062823155, "a_early_diff_stim": 2.5808322483183748, "diff_time": 933.6842675900054, "a_Qiao_2021_ALP": 27.32419029354621}