{"ALP_M_n": 2.7498333959637327, "ALP_0": 0.24240883047288775, "IL1b_ineffective": 186.67064161910366, "IL1b_stim": 1.392294781425024, "IL8_favorable": 2.313214039782487, "maturity_t": 0.9914793451505802, "early_diff_very_fast": 0.7273867127652446, "a_early_diff_stim": 2.591130752553591, "diff_time": 822.1231625507843, "a_Qiao_2021_ALP": 71.94717850842365}