{"ALP_M_n": 4.949046123696462, "ALP_0": 0.47980459788165297, "IL1b_ineffective": 196.05183555472223, "IL1b_stim": 1.356485091838905, "IL8_favorable": 2.1839119674419223, "maturity_t": 0.8441228550977815, "early_diff_very_fast": 0.7512224840054591, "a_early_diff_stim": 1.7791569973372312, "diff_time": 869.7830734429514, "a_Qiao_2021_ALP": 52.879835838607605}