{"ALP_M_n": 4.713820749785681, "ALP_0": 0.3491923224296921, "IL1b_ineffective": 195.23882906970806, "IL1b_stim": 1.3593744114434045, "IL8_favorable": 2.1926554097978013, "maturity_t": 0.9471539149295616, "early_diff_very_fast": 0.7498141275441431, "a_early_diff_stim": 1.4866181796990772, "diff_time": 806.6510688649788, "a_Qiao_2021_ALP": 107.17146876098734}