{"ALP_M_n": 6.534861829883399, "ALP_0": 0.46890768772339286, "IL1b_ineffective": 198.8451956131503, "IL1b_stim": 1.347696515786252, "IL8_favorable": 2.149390285902598, "maturity_t": 0.9466830295161259, "early_diff_very_fast": 0.758649923577047, "a_early_diff_stim": 1.2517935885347082, "diff_time": 873.8737488614432, "a_Qiao_2021_ALP": 97.55204714606468}