{"ALP_M_n": 3.821015512816098, "ALP_0": 0.18631322759092264, "IL1b_ineffective": 192.40932572115958, "IL1b_stim": 1.3878026210239582, "IL8_favorable": 2.2938470061455263, "maturity_t": 0.7588859534736311, "early_diff_very_fast": 0.732640034923812, "a_early_diff_stim": 1.3901059829472506, "diff_time": 664.4378983120409, "a_Qiao_2021_ALP": 142.63376339180317}