{"ALP_M_n": 3.354810684088918, "ALP_0": 0.282937853023921, "IL1b_ineffective": 190.27097274279285, "IL1b_stim": 1.377516234541476, "IL8_favorable": 2.259695857034039, "maturity_t": 0.7841434393341353, "early_diff_very_fast": 0.7370068489941497, "a_early_diff_stim": 2.323047497870883, "diff_time": 987.5571218365735, "a_Qiao_2021_ALP": 111.31325452619627}