{"ALP_M_n": 4.39785064298598, "ALP_0": 0.30621762467167724, "IL1b_ineffective": 194.43938136130419, "IL1b_stim": 1.3619623717837506, "IL8_favorable": 2.2031434109206103, "maturity_t": 0.7668734721727385, "early_diff_very_fast": 0.7473866918530296, "a_early_diff_stim": 1.3892705206935125, "diff_time": 684.3814707244604, "a_Qiao_2021_ALP": 88.89544594370568}