{"ALP_M_n": 6.481884076867735, "ALP_0": 0.4976286258124176, "IL1b_ineffective": 198.7232571256253, "IL1b_stim": 1.3465575060663344, "IL8_favorable": 2.1493738212160025, "maturity_t": 0.7090398085239388, "early_diff_very_fast": 0.7584184173541442, "a_early_diff_stim": 1.1451323357400178, "diff_time": 705.202752527612, "a_Qiao_2021_ALP": 45.27060894728532}