{"ALP_M_n": 5.345025431683789, "ALP_0": 0.5669909391118235, "IL1b_ineffective": 196.7508291690027, "IL1b_stim": 1.3542638698003504, "IL8_favorable": 2.1741210686915124, "maturity_t": 0.7563177188614292, "early_diff_very_fast": 0.7534907355849997, "a_early_diff_stim": 2.1019163361288284, "diff_time": 1071.3692691011292, "a_Qiao_2021_ALP": 44.9141239883845}