{"ALP_M_n": 7.269455020854622, "ALP_0": 0.5221418310517117, "IL1b_ineffective": 198.70124603855632, "IL1b_stim": 1.344283027711409, "IL8_favorable": 2.138834544213644, "maturity_t": 0.5520003386743647, "early_diff_very_fast": 0.760941370586665, "a_early_diff_stim": 1.1723986773188444, "diff_time": 859.1005851702009, "a_Qiao_2021_ALP": 71.13033701859598}