{"ALP_M_n": 2.7239199147962263, "ALP_0": 0.22099800184511728, "IL1b_ineffective": 186.44512708557465, "IL1b_stim": 1.3924431845976386, "IL8_favorable": 2.315219126620036, "maturity_t": 0.871429373908567, "early_diff_very_fast": 0.7268246685115872, "a_early_diff_stim": 2.6353729473367085, "diff_time": 907.1244024742466, "a_Qiao_2021_ALP": 91.7076528439253}