{"ALP_M_n": 1.6823388280794946, "ALP_0": 0.057670587443082205, "IL1b_ineffective": 174.90671626670314, "IL1b_stim": 1.4472775165656344, "IL8_favorable": 2.5181003698134177, "maturity_t": 0.9939917215410059, "early_diff_very_fast": 0.6944490758276931, "a_early_diff_stim": 3.9079150887648337, "diff_time": 1077.8649861755246, "a_Qiao_2021_ALP": 107.41456210020567}