{"ALP_M_n": 3.425090971801882, "ALP_0": 0.33572207698708273, "IL1b_ineffective": 190.81282548395762, "IL1b_stim": 1.3751665082078635, "IL8_favorable": 2.2542281688340537, "maturity_t": 0.8811392812519144, "early_diff_very_fast": 0.7377354500914494, "a_early_diff_stim": 2.5164543839015865, "diff_time": 1001.7891748264163, "a_Qiao_2021_ALP": 84.5575247670785}