{"ALP_M_n": 4.28712279491837, "ALP_0": 0.4130513906565089, "IL1b_ineffective": 193.98039455301654, "IL1b_stim": 1.36378795242865, "IL8_favorable": 2.2102051720251765, "maturity_t": 0.9141952602959401, "early_diff_very_fast": 0.7466111757550281, "a_early_diff_stim": 2.0241972307023097, "diff_time": 929.9191227839195, "a_Qiao_2021_ALP": 71.96829057774106}