{"ALP_M_n": 3.292869444727628, "ALP_0": 0.2192918794114092, "IL1b_ineffective": 189.93716811436593, "IL1b_stim": 1.378338416142789, "IL8_favorable": 2.263380838158085, "maturity_t": 0.8842429750958436, "early_diff_very_fast": 0.7362901386952265, "a_early_diff_stim": 1.8376597897207534, "diff_time": 756.6257658024607, "a_Qiao_2021_ALP": 104.48820940262962}