{"ALP_M_n": 4.7464788141931695, "ALP_0": 0.38165241834021035, "IL1b_ineffective": 195.29743098383184, "IL1b_stim": 1.3588539714741934, "IL8_favorable": 2.191348279699163, "maturity_t": 0.8488426156371804, "early_diff_very_fast": 0.7500618060895131, "a_early_diff_stim": 1.5284077916651024, "diff_time": 786.4341583804159, "a_Qiao_2021_ALP": 81.18511494071066}