{
    "ALP_M_n": 4.452224918495941,
    "ALP_0": 0.40149325738896435,
    "IL1b_ineffective": 192.4366827405415,
    "IL1b_stim": 1.3672551039023402,
    "IL8_favorable": 2.230292810407913,
    "maturity_t": 0.7357095081900898,
    "early_diff_very_fast": 0.7404230468885971,
    "a_early_diff_stim": 2.0712184892047834,
    "diff_time": 950.3133721600544,
    "a_Qiao_2021_ALP": 91.44217021787205
}