{
    "ALP_M_n": 3.863780768031,
    "ALP_0": 1.4004087159517424,
    "Mg_stim": 5.781155660039045,
    "Mg_dest": 30.811691592530916,
    "maturity_t": 0.4591373878518704,
    "early_diff_fast": 0.5927753366135815,
    "a_early_diff_stim": 7.797593040989701,
    "diff_time": 560.692930797074,
    "a_Valles_2020_ALP": 513.327635623072
}