{
    "ALP_M_n": 3.8059679418650547,
    "ALP_0": 1.408937840924181,
    "Mg_stim": 5.9057902097415225,
    "Mg_dest": 31.054101814465596,
    "maturity_t": 0.4715268482009063,
    "early_diff_fast": 0.590777813363173,
    "a_early_diff_stim": 7.608592598757351,
    "diff_time": 549.0207042819005,
    "a_Valles_2020_ALP": 469.15768324366536
}