{
    "ALP_M_n": 1.1928419135373605,
    "ARS_M_n": 1.1464639077022167,
    "ALP_0": 0.02554359056414109,
    "ARS_0": 0.3671444617125398,
    "maturity_t": 0.7249758666365871,
    "early_diff_L": 0.334784320743719,
    "early_diff_H": 0.5823776014676546,
    "early_diff_VH": 0.9262345727233008,
    "late_diff_L": 0.2113254228290654,
    "late_diff_H": 0.7645080548284466,
    "a_early_diff_u": 3.866838261598691,
    "a_early_diff_d": 0.00955782190037413,
    "a_late_diff_u": 0.93127026225498,
    "a_late_diff_d": 0.41324061890133035,
    "diff_time": 889.2021795819891,
    "a_Valles_2020_ALP": 591.4564476111212,
    "a_Valles_2020_ARS": 594.783274596322
}