{
    "ALP_M_n": 1.06111231962354,
    "ARS_M_n": 1.5262598003824674,
    "ALP_0": 0.05864402463499125,
    "ARS_0": 0.9469786031111167,
    "maturity_t": 0.7864141640798501,
    "early_diff_L": 0.26677783354911305,
    "early_diff_H": 0.7355513279392475,
    "early_diff_VH": 0.8442233605293628,
    "late_diff_L": 0.23499045388825002,
    "late_diff_H": 0.7739048177287882,
    "a_early_diff_u": 1.7009644283087817,
    "a_early_diff_d": 0.8378978116408595,
    "a_late_diff_u": 1.0620441731144443,
    "a_late_diff_d": 0.5121146088356966,
    "diff_time": 982.7800827390473,
    "a_Valles_2020_ALP": 531.5455649300395,
    "a_Valles_2020_ARS": 307.4550049861846
}