{
    "ALP_M_n": 2.659532749324699,
    "ARS_M_n": 1.7383487298379543,
    "ALP_0": 0.34510327485433956,
    "ARS_0": 0.4577193082098763,
    "maturity_t": 0.7029680238604481,
    "early_diff_L": 0.359236065949502,
    "early_diff_H": 0.648726361428596,
    "early_diff_VH": 0.8433401366311127,
    "late_diff_L": 0.20007164047439494,
    "late_diff_H": 0.7578763422633189,
    "a_early_diff_u": 1.3915125739985241,
    "a_early_diff_d": 0.787924890827925,
    "a_late_diff_u": 3.115544385923931,
    "a_late_diff_d": 0.6476141175702482,
    "diff_time": 749.8878730135297,
    "a_Valles_2020_ALP": 370.69712385576344,
    "a_Valles_2020_ARS": 441.3325648841978
}