{
    "ALP_M_n": 0.989454672450261,
    "ARS_M_n": 0.86890447915161,
    "ALP_0": 0.013711336652117314,
    "ARS_0": 0.21975507849952552,
    "maturity_t": 0.736911719507471,
    "early_diff_L": 0.24187729097927863,
    "early_diff_H": 0.6551900389012374,
    "early_diff_VH": 0.7911364694444574,
    "late_diff_L": 0.23051112495764473,
    "late_diff_H": 0.8112769339123054,
    "a_early_diff_u": 2.545806898570457,
    "a_early_diff_d": 0.21225350715407887,
    "a_late_diff_u": 2.4582926715838114,
    "a_late_diff_d": 0.3546047346971519,
    "diff_time": 985.1010472896841,
    "a_Valles_2020_ALP": 557.845165574567,
    "a_Valles_2020_ARS": 715.7828360024921
}