{
    "ALP_M_n": 0.8513698869908644,
    "ARS_M_n": 1.11508406351061,
    "ALP_0": 0.009166653091858695,
    "ARS_0": 0.6237768014013113,
    "maturity_t": 0.7568073082934098,
    "early_diff_L": 0.21242652809987755,
    "early_diff_H": 0.6113736008948564,
    "early_diff_VH": 0.7956550508230218,
    "late_diff_L": 0.24537076323296134,
    "late_diff_H": 0.724334899549154,
    "a_early_diff_u": 4.240465086589198,
    "a_early_diff_d": 0.7407429605756966,
    "a_late_diff_u": 1.859512860750518,
    "a_late_diff_d": 0.932642458304585,
    "diff_time": 1072.5900187939142,
    "a_Valles_2020_ALP": 527.0163628603009,
    "a_Valles_2020_ARS": 495.0671985676912
}