{
    "ALP_M_n": 9.076346989038091,
    "ARS_M_n": 0.953365579094866,
    "ALP_0": 0.516511570149114,
    "ARS_0": 0.4060621840670803,
    "maturity_t": 0.379717577803632,
    "early_diff_L": 0.1459786756515088,
    "early_diff_H": 0.640124920388141,
    "early_diff_VH": 0.7457219744709824,
    "late_diff_L": 0.3396614162603458,
    "late_diff_H": 0.7628505182686292,
    "a_early_diff_u": 3.8780812583106083,
    "a_early_diff_d": 0.9986964316894462,
    "a_late_diff_u": 4.482694324772644,
    "a_late_diff_d": 0.3229041461480508,
    "diff_time": 1040.5689057607308,
    "a_Valles_2020_ALP": 979.6215667734939,
    "a_Valles_2020_ARS": 613.9826896139004
}