{
    "ALP_M_n": 1.180564412607126,
    "ARS_M_n": 1.3042719833434289,
    "ALP_0": 0.025408212336890126,
    "ARS_0": 0.5150095563798492,
    "maturity_t": 0.7302367297983431,
    "early_diff_L": 0.3694929884890446,
    "early_diff_H": 0.6623328039894308,
    "early_diff_VH": 0.8782737309897428,
    "late_diff_L": 0.25704444043655134,
    "late_diff_H": 0.6755160623469394,
    "a_early_diff_u": 1.9621804464286043,
    "a_early_diff_d": 0.362058329301012,
    "a_late_diff_u": 4.051104462264065,
    "a_late_diff_d": 0.8213915377432233,
    "diff_time": 884.1780691976904,
    "a_Valles_2020_ALP": 584.6593634264881,
    "a_Valles_2020_ARS": 493.72252439728555
}