{
    "ALP_M_n": 2.12792058060132,
    "ARS_M_n": 1.222452427450125,
    "ALP_0": 0.5682856806167572,
    "ARS_0": 0.6115009749088398,
    "maturity_t": 0.719910672438685,
    "early_diff_L": 0.2555476067146542,
    "early_diff_H": 0.6133096283931442,
    "early_diff_VH": 0.8989040836437886,
    "late_diff_L": 0.23616415933517818,
    "late_diff_H": 0.8157446228099295,
    "a_early_diff_u": 3.4793047790878706,
    "a_early_diff_d": 0.30784709122914733,
    "a_late_diff_u": 2.3546857937674432,
    "a_late_diff_d": 0.3963325794683634,
    "diff_time": 978.4981100665569,
    "a_Valles_2020_ALP": 245.02826742137685,
    "a_Valles_2020_ARS": 474.3921779284529
}