{
    "ALP_M_n": 2.555513283323982,
    "ARS_M_n": 1.3215471407425434,
    "ALP_0": 0.5916061702575943,
    "ARS_0": 0.48929824375128383,
    "maturity_t": 0.7110468695751919,
    "early_diff_L": 0.1836663948248884,
    "early_diff_H": 0.6612870178437764,
    "early_diff_VH": 0.774477698418738,
    "late_diff_L": 0.20869877374925322,
    "late_diff_H": 0.658953318445386,
    "a_early_diff_u": 1.8750083466820688,
    "a_early_diff_d": 0.23225485473299873,
    "a_late_diff_u": 4.0003645074448135,
    "a_late_diff_d": 0.18307385910276253,
    "diff_time": 867.8523386798016,
    "a_Valles_2020_ALP": 213.69918963833132,
    "a_Valles_2020_ARS": 502.6027995013103
}