{
    "ALP_M_n": 1.6700921255278358,
    "ARS_M_n": 1.4135905613431887,
    "ALP_0": 0.3376732238175479,
    "ARS_0": 0.8237296453956363,
    "maturity_t": 0.726268409341637,
    "early_diff_L": 0.17764132142277922,
    "early_diff_H": 0.644801843300443,
    "early_diff_VH": 0.7859695350644246,
    "late_diff_L": 0.24044375163911197,
    "late_diff_H": 0.6528270492282237,
    "a_early_diff_u": 2.7204005966302645,
    "a_early_diff_d": 0.010943679648777072,
    "a_late_diff_u": 2.2588569983107725,
    "a_late_diff_d": 0.3757169022164204,
    "diff_time": 974.8128208588191,
    "a_Valles_2020_ALP": 378.6989241379829,
    "a_Valles_2020_ARS": 363.3161875546244
}