{
    "ALP_M_n": 1.9899582969383494,
    "ARS_M_n": 1.344198619956581,
    "ALP_0": 0.4036035732636172,
    "ARS_0": 0.600544198723761,
    "maturity_t": 0.7984066888040044,
    "early_diff_L": 0.16376744080196093,
    "early_diff_H": 0.7197803645267653,
    "early_diff_VH": 0.8060421690725134,
    "late_diff_L": 0.1690816068293371,
    "late_diff_H": 0.846249401307111,
    "a_early_diff_u": 1.5371084623108253,
    "a_early_diff_d": 0.5840792983099563,
    "a_late_diff_u": 0.8932051899004252,
    "a_late_diff_d": 0.4440735329217168,
    "diff_time": 906.4710464506273,
    "a_Valles_2020_ALP": 333.4022828602462,
    "a_Valles_2020_ARS": 451.57817361842507
}