{
    "ALP_M_n": 9.424119173326115,
    "ARS_M_n": 1.4670057136859445,
    "ALP_0": 0.5382326765689316,
    "ARS_0": 0.9280056966709831,
    "maturity_t": 0.39022045159981966,
    "early_diff_L": 0.22206678128941795,
    "early_diff_H": 0.7432481348562456,
    "early_diff_VH": 0.8889417248791183,
    "late_diff_L": 0.19216938664742875,
    "late_diff_H": 0.681251835993776,
    "a_early_diff_u": 2.1497899790222195,
    "a_early_diff_d": 0.6309059133394941,
    "a_late_diff_u": 3.904978169675452,
    "a_late_diff_d": 0.217265920842225,
    "diff_time": 1000.320584109423,
    "a_Valles_2020_ALP": 710.6396138292912,
    "a_Valles_2020_ARS": 324.50090125331707
}