{
    "ALP_M_n": 9.98895482785207,
    "ARS_M_n": 0.8057411725717998,
    "ALP_0": 0.6699088988319121,
    "ARS_0": 0.27090376555341755,
    "maturity_t": 0.3701105936188383,
    "early_diff_L": 0.25632648902886496,
    "early_diff_H": 0.6465658338701576,
    "early_diff_VH": 0.8411176447476759,
    "late_diff_L": 0.34321254416163066,
    "late_diff_H": 0.6366279590095718,
    "a_early_diff_u": 4.0631671626248025,
    "a_early_diff_d": 0.16458549366421843,
    "a_late_diff_u": 0.4848894934691419,
    "a_late_diff_d": 0.013641332987543664,
    "diff_time": 1075.1243993817225,
    "a_Valles_2020_ALP": 238.67173517241417,
    "a_Valles_2020_ARS": 700.4419387748515
}