{
    "ALP_M_n": 9.048297168428496,
    "ARS_M_n": 1.0423151897199054,
    "ALP_0": 0.5206230330506838,
    "ARS_0": 0.5123932620522521,
    "maturity_t": 0.3852158217792076,
    "early_diff_L": 0.31363192618134056,
    "early_diff_H": 0.6693672849688856,
    "early_diff_VH": 0.6994462899784917,
    "late_diff_L": 0.1199541033595877,
    "late_diff_H": 0.7517770291840505,
    "a_early_diff_u": 3.2461055891758157,
    "a_early_diff_d": 0.3332749283457076,
    "a_late_diff_u": 3.6029379428989072,
    "a_late_diff_d": 0.20666104896329865,
    "diff_time": 1045.9804485231916,
    "a_Valles_2020_ALP": 949.5451031377884,
    "a_Valles_2020_ARS": 552.0059374003084
}