{
    "ALP_M_n": 1.3620321335573038,
    "ARS_M_n": 1.3461988289916051,
    "ALP_0": 0.18759561950623763,
    "ARS_0": 0.7464049697594015,
    "maturity_t": 0.7309284595415753,
    "early_diff_L": 0.28297899277621935,
    "early_diff_H": 0.6526755086452515,
    "early_diff_VH": 0.8522791568833075,
    "late_diff_L": 0.3650051188082218,
    "late_diff_H": 0.8933057026082721,
    "a_early_diff_u": 2.56621610817436,
    "a_early_diff_d": 0.19462012848906168,
    "a_late_diff_u": 2.139826219755789,
    "a_late_diff_d": 0.8717484135818765,
    "diff_time": 973.1095784233294,
    "a_Valles_2020_ALP": 471.5428315219835,
    "a_Valles_2020_ARS": 401.06907530655934
}