{
    "ALP_M_n": 2.6560032047746454,
    "ARS_M_n": 0.8723974283181846,
    "ALP_0": 0.6057425874450588,
    "ARS_0": 0.060451225991229256,
    "maturity_t": 0.9488209182553464,
    "early_diff_L": 0.191016143332478,
    "early_diff_H": 0.5809184370248681,
    "early_diff_VH": 0.6112219674399306,
    "late_diff_L": 0.23840701041368123,
    "late_diff_H": 0.864086269410677,
    "a_early_diff_u": 3.691089944633575,
    "a_early_diff_d": 0.27278846055669326,
    "a_late_diff_u": 3.5117208486354246,
    "a_late_diff_d": 0.5672009382277969,
    "diff_time": 866.5941369918638,
    "a_Valles_2020_ALP": 204.12976509578476,
    "a_Valles_2020_ARS": 807.4351285932136
}