{
    "ALP_M_n": 1.7468806552155625,
    "ARS_M_n": 0.8332613567968213,
    "ALP_0": 0.27754696522125877,
    "ARS_0": 0.08789038486353544,
    "maturity_t": 0.7130213466781771,
    "early_diff_L": 0.30783379666893346,
    "early_diff_H": 0.7129474706376183,
    "early_diff_VH": 0.8542760768402101,
    "late_diff_L": 0.2858289182195121,
    "late_diff_H": 0.8866609281630741,
    "a_early_diff_u": 1.5446083672398085,
    "a_early_diff_d": 0.7034174115880983,
    "a_late_diff_u": 3.6378249671733616,
    "a_late_diff_d": 0.3099559313219286,
    "diff_time": 905.9953985299373,
    "a_Valles_2020_ALP": 427.00720431004675,
    "a_Valles_2020_ARS": 793.3043073452834
}