{
    "ALP_M_n": 9.820564826094133,
    "ARS_M_n": 1.2635482964117357,
    "ALP_0": 0.620542348588211,
    "ARS_0": 0.7260370802632953,
    "maturity_t": 0.3811037329169963,
    "early_diff_L": 0.3194080560444566,
    "early_diff_H": 0.7146556317844817,
    "early_diff_VH": 0.9842711367561197,
    "late_diff_L": 0.22732983654531566,
    "late_diff_H": 0.7622025026822457,
    "a_early_diff_u": 2.625581475399526,
    "a_early_diff_d": 0.40324826783067846,
    "a_late_diff_u": 2.7755488295432484,
    "a_late_diff_d": 0.12713290648318656,
    "diff_time": 1043.7357354534531,
    "a_Valles_2020_ALP": 357.9063426781056,
    "a_Valles_2020_ARS": 426.45903786309
}