{
    "ALP_M_n": 2.2975363970654707,
    "ARS_M_n": 0.8622181744004332,
    "ALP_0": 0.6142758485251337,
    "ARS_0": 0.16241850677546898,
    "maturity_t": 0.7973962348755218,
    "early_diff_L": 0.22852815245035962,
    "early_diff_H": 0.6645330028973759,
    "early_diff_VH": 0.7298268993269647,
    "late_diff_L": 0.26870302635897947,
    "late_diff_H": 0.7717396143261585,
    "a_early_diff_u": 2.1818280042754807,
    "a_early_diff_d": 0.5608220450717973,
    "a_late_diff_u": 2.463618947153021,
    "a_late_diff_d": 0.17904195254338973,
    "diff_time": 939.9173843312296,
    "a_Valles_2020_ALP": 218.0251891754277,
    "a_Valles_2020_ARS": 746.5556323966138
}