{
    "ALP_M_n": 9.94210724470541,
    "ARS_M_n": 1.0655294653102703,
    "ALP_0": 0.6168835714207688,
    "ARS_0": 0.48959613486415804,
    "maturity_t": 0.383966470423229,
    "early_diff_L": 0.13955451845051475,
    "early_diff_H": 0.6883331367958497,
    "early_diff_VH": 0.9143688370430472,
    "late_diff_L": 0.3098473287236291,
    "late_diff_H": 0.7051620237216036,
    "a_early_diff_u": 2.9097282027667917,
    "a_early_diff_d": 0.3896842841322168,
    "a_late_diff_u": 3.051401170493484,
    "a_late_diff_d": 0.08181019215484489,
    "diff_time": 1022.0569654424402,
    "a_Valles_2020_ALP": 348.65109644034015,
    "a_Valles_2020_ARS": 555.9162250970412
}