{
    "ALP_M_n": 9.74802616001578,
    "ARS_M_n": 1.1518861458102885,
    "ALP_0": 0.5647351555083587,
    "ARS_0": 0.5979282087443168,
    "maturity_t": 0.3891152314782402,
    "early_diff_L": 0.32149407152247444,
    "early_diff_H": 0.6907709373784894,
    "early_diff_VH": 0.772776513156197,
    "late_diff_L": 0.2942487480314341,
    "late_diff_H": 0.6893523456116577,
    "a_early_diff_u": 2.7573225280799614,
    "a_early_diff_d": 0.30315499726998685,
    "a_late_diff_u": 2.7946441253558807,
    "a_late_diff_d": 0.29940255878379235,
    "diff_time": 1015.9917809462293,
    "a_Valles_2020_ALP": 586.8893355974632,
    "a_Valles_2020_ARS": 495.5816896094192
}