{
    "ALP_M_n": 1.057442208549473,
    "ARS_M_n": 1.1404865590346842,
    "ALP_0": 0.02601829952096635,
    "ARS_0": 0.47678405231701587,
    "maturity_t": 0.7363977719102929,
    "early_diff_L": 0.2870457468908855,
    "early_diff_H": 0.6782320043741585,
    "early_diff_VH": 0.7598696110810239,
    "late_diff_L": 0.1587051512984981,
    "late_diff_H": 0.8444708857524418,
    "a_early_diff_u": 2.1049242848144765,
    "a_early_diff_d": 0.8835866469167952,
    "a_late_diff_u": 3.300195913448901,
    "a_late_diff_d": 0.10819483296201904,
    "diff_time": 954.6304104261933,
    "a_Valles_2020_ALP": 559.530578755163,
    "a_Valles_2020_ARS": 544.7002379396718
}