{
    "ALP_M_n": 1.632456853743754,
    "ARS_M_n": 1.3925767468789663,
    "ALP_0": 0.392540815212735,
    "ARS_0": 0.9193519005802074,
    "maturity_t": 0.7310106875855646,
    "early_diff_L": 0.1796349882820403,
    "early_diff_H": 0.6419622650797512,
    "early_diff_VH": 0.7124983442100771,
    "late_diff_L": 0.2874994208413932,
    "late_diff_H": 0.7686829869088111,
    "a_early_diff_u": 3.1879556226563515,
    "a_early_diff_d": 0.18364406317179982,
    "a_late_diff_u": 2.209532460991212,
    "a_late_diff_d": 0.597423136719286,
    "diff_time": 1045.4795869504503,
    "a_Valles_2020_ALP": 347.26291035831747,
    "a_Valles_2020_ARS": 342.8421278532723
}