{
    "ALP_M_n": 9.496296602929485,
    "ARS_M_n": 1.446535708841072,
    "ALP_0": 0.5692461190615387,
    "ARS_0": 0.9629756017834163,
    "maturity_t": 0.39682051002777685,
    "early_diff_L": 0.3919897428616955,
    "early_diff_H": 0.6089594541166634,
    "early_diff_VH": 0.8693626746404798,
    "late_diff_L": 0.2701450251145931,
    "late_diff_H": 0.7480232521692349,
    "a_early_diff_u": 4.995724208954695,
    "a_early_diff_d": 0.22166989030865403,
    "a_late_diff_u": 1.6453280373318402,
    "a_late_diff_d": 0.014223913302680663,
    "diff_time": 1034.872464924992,
    "a_Valles_2020_ALP": 580.0892998113164,
    "a_Valles_2020_ARS": 320.37339254782137
}