{
    "ALP_M_n": 9.995792070695165,
    "ARS_M_n": 0.8808602097637024,
    "ALP_0": 0.6008110879111901,
    "ARS_0": 0.32880585844184906,
    "maturity_t": 0.37947193443115507,
    "early_diff_L": 0.2819969243906662,
    "early_diff_H": 0.6419491636779379,
    "early_diff_VH": 0.6797818985151657,
    "late_diff_L": 0.21253475238697472,
    "late_diff_H": 0.6511599899761394,
    "a_early_diff_u": 3.8342630234095134,
    "a_early_diff_d": 0.9017589324657783,
    "a_late_diff_u": 2.823073145271599,
    "a_late_diff_d": 0.5790765360734312,
    "diff_time": 1047.833361628225,
    "a_Valles_2020_ALP": 452.94933786620805,
    "a_Valles_2020_ARS": 661.6076866211235
}