{
    "ALP_M_n": 1.4250787706267891,
    "ARS_M_n": 1.132694186210713,
    "ALP_0": 0.2851291365376304,
    "ARS_0": 0.6105187542763504,
    "maturity_t": 0.7322914487206265,
    "early_diff_L": 0.1265377418286906,
    "early_diff_H": 0.6253560516211499,
    "early_diff_VH": 0.8196042384977497,
    "late_diff_L": 0.21575205782416645,
    "late_diff_H": 0.6446104167665941,
    "a_early_diff_u": 3.631169055575635,
    "a_early_diff_d": 0.7012459189482333,
    "a_late_diff_u": 1.5111175420304206,
    "a_late_diff_d": 0.5567434230971429,
    "diff_time": 1052.1815048611948,
    "a_Valles_2020_ALP": 409.78999127652975,
    "a_Valles_2020_ARS": 495.56260027761255
}