{
    "ALP_M_n": 2.0515285956386933,
    "ARS_M_n": 1.0351064920891977,
    "ALP_0": 0.598399341145845,
    "ARS_0": 0.49396663638968225,
    "maturity_t": 0.7226026492835727,
    "early_diff_L": 0.1318145931997463,
    "early_diff_H": 0.7142547997075213,
    "early_diff_VH": 0.7990192565937327,
    "late_diff_L": 0.13207741781582805,
    "late_diff_H": 0.7299623630834932,
    "a_early_diff_u": 2.0819301081472403,
    "a_early_diff_d": 0.490120016886461,
    "a_late_diff_u": 3.8609526579419233,
    "a_late_diff_d": 0.5755152860322141,
    "diff_time": 1041.7774738181217,
    "a_Valles_2020_ALP": 237.25338799724173,
    "a_Valles_2020_ARS": 560.8383250407261
}