{
    "ALP_M_n": 2.526709406029922,
    "ARS_M_n": 0.9119180946619072,
    "ALP_0": 0.7107513685603469,
    "ARS_0": 0.22364092024695448,
    "maturity_t": 0.7120041200547543,
    "early_diff_L": 0.23947452383345683,
    "early_diff_H": 0.5816238894554129,
    "early_diff_VH": 0.9062332464629557,
    "late_diff_L": 0.2233636341816749,
    "late_diff_H": 0.8807868896757127,
    "a_early_diff_u": 4.502359460348551,
    "a_early_diff_d": 0.4136188006708741,
    "a_late_diff_u": 3.210024720307713,
    "a_late_diff_d": 0.30207702737165953,
    "diff_time": 951.0588642476197,
    "a_Valles_2020_ALP": 172.31917116391992,
    "a_Valles_2020_ARS": 707.7928765395077
}