{
    "ALP_M_n": 2.2281892432872987,
    "ARS_M_n": 2.315343555019412,
    "ALP_0": 0.05747330329249872,
    "ARS_0": 0.5682150642826046,
    "maturity_t": 0.9881815619723077,
    "early_diff_L": 0.3256374434481198,
    "early_diff_H": 0.6691374580798256,
    "early_diff_VH": 0.7352264624699554,
    "late_diff_L": 0.16237474074732883,
    "late_diff_H": 0.8637292409152094,
    "a_early_diff_u": 0.9354223823524445,
    "a_early_diff_d": 0.10602350081640805,
    "a_late_diff_u": 2.819731452348442,
    "a_late_diff_d": 0.9939437323117415,
    "diff_time": 691.5164744528256,
    "a_Valles_2020_ALP": 781.9000051313445,
    "a_Valles_2020_ARS": 299.9078123557455
}