{
    "ALP_M_n": 9.997141374911974,
    "ARS_M_n": 1.2804669724317024,
    "ALP_0": 0.6758694980481754,
    "ARS_0": 0.7469498230784153,
    "maturity_t": 0.37123957350492076,
    "early_diff_L": 0.3808953765602735,
    "early_diff_H": 0.6897349206208416,
    "early_diff_VH": 0.8398593280822901,
    "late_diff_L": 0.11899528707273357,
    "late_diff_H": 0.8953453738601224,
    "a_early_diff_u": 3.1482024273348053,
    "a_early_diff_d": 0.4174907665219802,
    "a_late_diff_u": 2.6604602083838698,
    "a_late_diff_d": 0.0747678310215667,
    "diff_time": 1072.6038481733287,
    "a_Valles_2020_ALP": 223.10263844599956,
    "a_Valles_2020_ARS": 416.0895664789316
}