{
    "ALP_M_n": 9.209965931386135,
    "ARS_M_n": 1.093634004783371,
    "ALP_0": 0.5329577764928339,
    "ARS_0": 0.5926052683569728,
    "maturity_t": 0.38767989227868516,
    "early_diff_L": 0.11500639558786965,
    "early_diff_H": 0.6823696626017044,
    "early_diff_VH": 0.9894370288246833,
    "late_diff_L": 0.23664250001300427,
    "late_diff_H": 0.7281779437889185,
    "a_early_diff_u": 3.02328559099801,
    "a_early_diff_d": 0.34537208693359045,
    "a_late_diff_u": 3.177714036144619,
    "a_late_diff_d": 0.23388336841281301,
    "diff_time": 1060.5452251633847,
    "a_Valles_2020_ALP": 895.6405338882282,
    "a_Valles_2020_ARS": 511.716375942573
}