{
    "ALP_M_n": 9.994493206367338,
    "ARS_M_n": 0.8877433156961457,
    "ALP_0": 0.6735201239532702,
    "ARS_0": 0.3709552466824527,
    "maturity_t": 0.36925361518999966,
    "early_diff_L": 0.3893081173881295,
    "early_diff_H": 0.6204719618679214,
    "early_diff_VH": 0.7874068731085595,
    "late_diff_L": 0.14151463329744413,
    "late_diff_H": 0.6050319703242891,
    "a_early_diff_u": 4.968579897167736,
    "a_early_diff_d": 0.48610962621573156,
    "a_late_diff_u": 1.1939507240732454,
    "a_late_diff_d": 0.004491002032741028,
    "diff_time": 1078.2522588048348,
    "a_Valles_2020_ALP": 232.31064913412024,
    "a_Valles_2020_ARS": 642.3292299986172
}