{
    "ALP_M_n": 9.894273840144528,
    "ARS_M_n": 1.1328764732090957,
    "ALP_0": 0.5480993611125932,
    "ARS_0": 0.49561696972993635,
    "maturity_t": 0.40222879815345963,
    "early_diff_L": 0.16202666206476365,
    "early_diff_H": 0.6340334778023007,
    "early_diff_VH": 0.773003790510889,
    "late_diff_L": 0.36962658547274235,
    "late_diff_H": 0.6821558928069675,
    "a_early_diff_u": 3.685386089671596,
    "a_early_diff_d": 0.5995676092855138,
    "a_late_diff_u": 3.0520159430770253,
    "a_late_diff_d": 0.07390526265014051,
    "diff_time": 966.7438076604329,
    "a_Valles_2020_ALP": 595.0565928918339,
    "a_Valles_2020_ARS": 538.7914283271573
}