{
    "ALP_M_n": 1.3727326501081585,
    "ARS_M_n": 1.0579052581965371,
    "ALP_0": 0.20863891136242274,
    "ARS_0": 0.4612839091125684,
    "maturity_t": 0.728637965942651,
    "early_diff_L": 0.22894426605288137,
    "early_diff_H": 0.7372536993138055,
    "early_diff_VH": 0.9150426014527097,
    "late_diff_L": 0.3092396400042668,
    "late_diff_H": 0.8024867245326268,
    "a_early_diff_u": 1.7119434788823746,
    "a_early_diff_d": 0.7900678370035091,
    "a_late_diff_u": 2.2996218751201414,
    "a_late_diff_d": 0.36693290854071037,
    "diff_time": 995.3401830152465,
    "a_Valles_2020_ALP": 459.0704130530263,
    "a_Valles_2020_ARS": 568.8144466271189
}