{
    "ALP_M_n": 1.9735150599539026,
    "ARS_M_n": 1.2547753856052517,
    "ALP_0": 0.6053636696284678,
    "ARS_0": 0.805153274939372,
    "maturity_t": 0.7274831793054207,
    "early_diff_L": 0.14830370284707772,
    "early_diff_H": 0.6462533701130382,
    "early_diff_VH": 0.7741353816632514,
    "late_diff_L": 0.1832302438942352,
    "late_diff_H": 0.605113442361451,
    "a_early_diff_u": 3.2599815074723226,
    "a_early_diff_d": 0.2612118126725083,
    "a_late_diff_u": 2.2114759744822776,
    "a_late_diff_d": 0.2978714148126117,
    "diff_time": 1076.2993339405664,
    "a_Valles_2020_ALP": 238.22839352500074,
    "a_Valles_2020_ARS": 405.10123168179973
}