{
    "ALP_M_n": 2.4880240569968954,
    "ARS_M_n": 0.9222081354770927,
    "ALP_0": 0.7816347130144571,
    "ARS_0": 0.3184881010753632,
    "maturity_t": 0.7156792055669272,
    "early_diff_L": 0.26843476812789213,
    "early_diff_H": 0.6969107463766863,
    "early_diff_VH": 0.8033452089023438,
    "late_diff_L": 0.327330475317141,
    "late_diff_H": 0.6701272513609792,
    "a_early_diff_u": 2.121241814214426,
    "a_early_diff_d": 0.7480343062662196,
    "a_late_diff_u": 0.5034433598067221,
    "a_late_diff_d": 0.3630404929456993,
    "diff_time": 1011.2433499297638,
    "a_Valles_2020_ALP": 153.8516477939272,
    "a_Valles_2020_ARS": 658.8502990599576
}