{
    "ALP_M_n": 9.98923466629326,
    "ARS_M_n": 1.2984276749820556,
    "ALP_0": 0.6895083360780473,
    "ARS_0": 0.7856396440292586,
    "maturity_t": 0.3706520195462699,
    "early_diff_L": 0.34818033742307863,
    "early_diff_H": 0.6353396112464801,
    "early_diff_VH": 0.8778564942169711,
    "late_diff_L": 0.18136652671709605,
    "late_diff_H": 0.6542247441890542,
    "a_early_diff_u": 4.495025121601016,
    "a_early_diff_d": 0.13400695907253346,
    "a_late_diff_u": 2.4116554661096776,
    "a_late_diff_d": 0.012229196121879452,
    "diff_time": 1078.7597444423652,
    "a_Valles_2020_ALP": 198.05827776433742,
    "a_Valles_2020_ARS": 400.38966880706806
}