{
    "ALP_M_n": 0.8598479330514108,
    "ARS_M_n": 1.2919664976982925,
    "ALP_0": 0.015291597422650224,
    "ARS_0": 0.8297986880530025,
    "maturity_t": 0.7574999692625726,
    "early_diff_L": 0.19434488879260686,
    "early_diff_H": 0.6620468993761782,
    "early_diff_VH": 0.9987524437472319,
    "late_diff_L": 0.2100618624128457,
    "late_diff_H": 0.7964033470744697,
    "a_early_diff_u": 2.960309144601158,
    "a_early_diff_d": 0.1529527188650891,
    "a_late_diff_u": 4.7602342991755195,
    "a_late_diff_d": 0.39006894871169134,
    "diff_time": 1079.561083553799,
    "a_Valles_2020_ALP": 524.2019431868031,
    "a_Valles_2020_ARS": 389.5685496627511
}