{
    "ALP_M_n": 1.7799068671690266,
    "ARS_M_n": 0.9378566540618444,
    "ALP_0": 0.47838728959630367,
    "ARS_0": 0.40641498159397665,
    "maturity_t": 0.9520612639084984,
    "early_diff_L": 0.22802339866552745,
    "early_diff_H": 0.7434194872660851,
    "early_diff_VH": 0.8412479660496354,
    "late_diff_L": 0.32091311811261186,
    "late_diff_H": 0.8633744437031667,
    "a_early_diff_u": 1.892970384863632,
    "a_early_diff_d": 0.5843970721120728,
    "a_late_diff_u": 1.5796988581530278,
    "a_late_diff_d": 0.16735790900953107,
    "diff_time": 1061.964107036284,
    "a_Valles_2020_ALP": 302.0188746294469,
    "a_Valles_2020_ARS": 617.3190674426693
}