{
    "ALP_M_n": [
        2.6542592425982545,
        9.964441849586757,
        9.816053633895631,
        9.048297168428496,
        2.9089470724111957,
        1.2880958176762878,
        9.707704825939375,
        9.670721734998839,
        6.472468656385639,
        1.7846938672097132,
        0.917000383415936,
        2.4880240569968954,
        1.7619366806966053,
        2.5472960094047474,
        2.5854607866305512,
        1.1427347610933325,
        1.770212322212849,
        9.37990543979093,
        9.103988492494318,
        9.421373642922877
    ],
    "ARS_M_n": [
        1.0000040291355152,
        1.127017425023645,
        1.3121269928048218,
        1.0423151897199054,
        1.1818056119579166,
        1.3620472275375883,
        1.409061959122863,
        1.5582445595740242,
        2.753046402560705,
        1.2883642109084683,
        1.0611735970924547,
        0.9222081354770927,
        1.3221174034908603,
        1.077866862273138,
        1.2166367203542505,
        1.4065509077000629,
        1.699966113332427,
        1.3504520063919492,
        1.4681421875390797,
        1.0903994598040523
    ],
    "ALP_0": [
        0.41534203925022384,
        0.6326428824400447,
        0.5714489690869494,
        0.5206230330506838,
        0.4217352821672616,
        0.07271059559794174,
        0.5578334720581463,
        0.5065092868878136,
        0.7739800116927269,
        0.31341885839790434,
        0.028535450927852198,
        0.7816347130144571,
        0.098211845096348,
        0.4480472317245804,
        0.6707627428764995,
        0.15901440097773958,
        0.24707176151069493,
        0.5998975771193445,
        0.5285261949005156,
        0.6125919752119696
    ],
    "ARS_0": [
        0.008238191203478844,
        0.5928289753969362,
        0.7761312864073509,
        0.5123932620522521,
        0.05726778755215233,
        0.5657106644337577,
        0.8949948552318905,
        0.9736328037862075,
        0.6729834175549021,
        0.5122639427461165,
        0.5442246092640459,
        0.3184881010753632,
        0.2549111010624487,
        0.10516230623142708,
        0.4884757450075769,
        0.9759696169626357,
        0.7217929445344764,
        0.8937229732836262,
        0.9072819260489393,
        0.6106586044028673
    ],
    "maturity_t": [
        0.7010596629116083,
        0.3801741233188648,
        0.38748729296713913,
        0.3852158217792076,
        0.8364850830345603,
        0.7275371265903371,
        0.3945038607880764,
        0.40417075435725275,
        0.714814687723154,
        0.7203757006194663,
        0.7488511801198482,
        0.7156792055669272,
        0.70730182483584,
        0.705118383530097,
        0.711701392514875,
        0.7437857240408164,
        0.7441305061294696,
        0.3728649961085516,
        0.3787695641847856,
        0.3726065521405181
    ],
    "early_diff_L": [
        0.2632793207066404,
        0.2715760830471794,
        0.2348969558657143,
        0.31363192618134056,
        0.24532478759908186,
        0.18611406499168182,
        0.2784679804431615,
        0.12444312010282749,
        0.2371445054712248,
        0.2564989501470489,
        0.28042022917398923,
        0.26843476812789213,
        0.2568182737756828,
        0.21663833569273355,
        0.17991174408296629,
        0.33515998552728243,
        0.20454664776408088,
        0.2298378622782429,
        0.39495906631203836,
        0.2310615344281864
    ],
    "early_diff_H": [
        0.6383946946189835,
        0.6523047616220056,
        0.6890625398278333,
        0.6693672849688856,
        0.6916519420812811,
        0.6847877041952356,
        0.6456083003198334,
        0.6090741296968184,
        0.6695238075636392,
        0.5911459907776397,
        0.7116936004185981,
        0.6969107463766863,
        0.6369819194780953,
        0.5666439484530784,
        0.5872092134192004,
        0.6053359061424162,
        0.6538415564208231,
        0.7135971743476188,
        0.6709963471958083,
        0.687140355447104
    ],
    "early_diff_VH": [
        0.9311046556902263,
        0.8321343827194573,
        0.8627627787144123,
        0.6994462899784917,
        0.7634610002975669,
        0.978022328099531,
        0.9225885771780354,
        0.754502386036284,
        0.7273158539861256,
        0.7174399747004885,
        0.9049203120705868,
        0.8033452089023438,
        0.7172198780883141,
        0.6023412370561501,
        0.8353967905175991,
        0.8062925338335176,
        0.7162420782848464,
        0.902334661313785,
        0.8455147033383715,
        0.8555780890070411
    ],
    "late_diff_L": [
        0.3437872909120726,
        0.243277356784171,
        0.35298810623829124,
        0.1199541033595877,
        0.14832410234199728,
        0.267186950128459,
        0.25970947230588354,
        0.28123407321680427,
        0.2341512151865633,
        0.2679124548689263,
        0.2120269808658173,
        0.327330475317141,
        0.3194526425834966,
        0.37314790404310333,
        0.3687215664755146,
        0.32341182913054123,
        0.3217120107706051,
        0.11089841491323238,
        0.16972846366731317,
        0.2640702438466276
    ],
    "late_diff_H": [
        0.6771841032750167,
        0.710782172744955,
        0.6378690629560937,
        0.7517770291840505,
        0.831490713106286,
        0.7307810718505843,
        0.7285287355411197,
        0.7075119094313834,
        0.8305520730159247,
        0.8357782114563458,
        0.7881048491850396,
        0.6701272513609792,
        0.8259164959086287,
        0.7865266477401056,
        0.625842684505471,
        0.60604251942461,
        0.7487476159698646,
        0.672920740465884,
        0.727835737709309,
        0.6201922712521121
    ],
    "a_early_diff_u": [
        1.6668967516049062,
        3.667577518992145,
        2.7711725651784844,
        3.2461055891758157,
        1.0727296489354932,
        1.7389521639140937,
        3.5908638279887093,
        4.469633974972491,
        0.8697370537724864,
        3.662561574839832,
        2.164614520815847,
        2.121241814214426,
        1.6620291333063217,
        3.844020785013931,
        3.9251027894397605,
        4.441090472414084,
        1.9313385379374302,
        2.7346635459378565,
        3.2264688142878284,
        3.1860992991681196
    ],
    "a_early_diff_d": [
        0.8552093415981652,
        0.5391542512550005,
        0.8632520024244671,
        0.3332749283457076,
        0.24275803687436237,
        0.8768902811076025,
        0.4945135447463884,
        0.09464285873495937,
        0.49735590705256194,
        0.5594823360741452,
        0.49410470694863906,
        0.7480343062662196,
        0.7549077703552407,
        0.07338196294205279,
        0.7029889360406515,
        0.007095698995330135,
        0.5466597516931864,
        0.5819086489130185,
        0.8819672862142091,
        0.37981193229250276
    ],
    "a_late_diff_u": [
        2.010307850783406,
        1.34657841709654,
        1.1013871448148482,
        3.6029379428989072,
        2.8152114419081653,
        2.2124636818973147,
        3.7120372773641104,
        2.5845660189144692,
        2.860742737176194,
        2.06505694477472,
        3.049487910793389,
        0.5034433598067221,
        0.2667880176474209,
        3.5450666045699664,
        2.610828901117756,
        0.6899275855378644,
        1.078024741605529,
        3.4874515946687357,
        4.322850389672848,
        1.601267370621287
    ],