{
    "ALP_M_n": 9.816053633895631,
    "ARS_M_n": 1.3121269928048218,
    "ALP_0": 0.5714489690869494,
    "ARS_0": 0.7761312864073509,
    "maturity_t": 0.38748729296713913,
    "early_diff_L": 0.2348969558657143,
    "early_diff_H": 0.6890625398278333,
    "early_diff_VH": 0.8627627787144123,
    "late_diff_L": 0.35298810623829124,
    "late_diff_H": 0.6378690629560937,
    "a_early_diff_u": 2.7711725651784844,
    "a_early_diff_d": 0.8632520024244671,
    "a_late_diff_u": 1.1013871448148482,
    "a_late_diff_d": 0.5168608059126241,
    "diff_time": 1012.0044574365154,
    "a_Valles_2020_ALP": 541.7807785430675,
    "a_Valles_2020_ARS": 400.01489580624764
}