{
    "ALP_M_n": 2.72938551716557,
    "ARS_M_n": 1.3622424985001873,
    "ALP_0": 0.5824417239078474,
    "ARS_0": 0.448192181324416,
    "maturity_t": 0.708273389739156,
    "early_diff_L": 0.3676285161200984,
    "early_diff_H": 0.5688584763096723,
    "early_diff_VH": 0.6716989117441802,
    "late_diff_L": 0.39177879589523834,
    "late_diff_H": 0.6990025053064111,
    "a_early_diff_u": 4.031700585921735,
    "a_early_diff_d": 0.6371429609283521,
    "a_late_diff_u": 2.562560599800454,
    "a_late_diff_d": 0.45641535590177296,
    "diff_time": 836.2662521245962,
    "a_Valles_2020_ALP": 209.29094202024442,
    "a_Valles_2020_ARS": 513.1503822885214
}