{
    "ALP_M_n": 9.79739313736816,
    "ARS_M_n": 1.3758495266962194,
    "ALP_0": 0.6552221931948883,
    "ARS_0": 0.9499474998063222,
    "maturity_t": 0.3720805266013182,
    "early_diff_L": 0.16069178460507116,
    "early_diff_H": 0.6434834429530225,
    "early_diff_VH": 0.9506124049733368,
    "late_diff_L": 0.19682405835445488,
    "late_diff_H": 0.704727658176141,
    "a_early_diff_u": 4.167740157300305,
    "a_early_diff_d": 0.3810786177508853,
    "a_late_diff_u": 2.5530795602869345,
    "a_late_diff_d": 0.03953211169213761,
    "diff_time": 1073.8067318173355,
    "a_Valles_2020_ALP": 274.69598578865634,
    "a_Valles_2020_ARS": 339.1498112109446
}