{
    "ALP_M_n": 2.9088546685860637,
    "ARS_M_n": 1.5548682574484827,
    "ALP_0": 0.5977472664344758,
    "ARS_0": 0.5334170325241404,
    "maturity_t": 0.7076002715821783,
    "early_diff_L": 0.2798782255652621,
    "early_diff_H": 0.6571914407791414,
    "early_diff_VH": 0.8056047385074073,
    "late_diff_L": 0.22290327340098817,
    "late_diff_H": 0.7002125878993405,
    "a_early_diff_u": 1.640902919667739,
    "a_early_diff_d": 0.002479062648104935,
    "a_late_diff_u": 1.379116478722454,
    "a_late_diff_d": 0.04587900139796852,
    "diff_time": 811.0712865923372,
    "a_Valles_2020_ALP": 193.4722675304793,
    "a_Valles_2020_ARS": 437.0808865223084
}