{
    "ALP_M_n": 2.8490426730354708,
    "ARS_M_n": 1.4382371630252477,
    "ALP_0": 0.3291245653443729,
    "ARS_0": 0.15142253396641758,
    "maturity_t": 0.6990177083630085,
    "early_diff_L": 0.2933068517273821,
    "early_diff_H": 0.694841477173619,
    "early_diff_VH": 0.9997125323185627,
    "late_diff_L": 0.2867203597104952,
    "late_diff_H": 0.7846860705986181,
    "a_early_diff_u": 0.9488094703774375,
    "a_early_diff_d": 0.7923930886753746,
    "a_late_diff_u": 1.7206768951575324,
    "a_late_diff_d": 0.3441941199431867,
    "diff_time": 724.4468690571258,
    "a_Valles_2020_ALP": 388.0667355314567,
    "a_Valles_2020_ARS": 693.9322147964972
}