{
    "ALP_M_n": 1.6998887073910725,
    "ARS_M_n": 1.3992860936580174,
    "ALP_0": 0.06587690948030826,
    "ARS_0": 0.2803126943332997,
    "maturity_t": 0.8704939947194539,
    "early_diff_L": 0.14405292620201648,
    "early_diff_H": 0.7081717724817739,
    "early_diff_VH": 0.7921644152067544,
    "late_diff_L": 0.3836363558128504,
    "late_diff_H": 0.631679515823289,
    "a_early_diff_u": 1.0726206423877722,
    "a_early_diff_d": 0.874761032779127,
    "a_late_diff_u": 2.7035161805274965,
    "a_late_diff_d": 0.31752538314244766,
    "diff_time": 770.0830272741171,
    "a_Valles_2020_ALP": 646.411594886678,
    "a_Valles_2020_ARS": 601.2217201534763
}