{
    "ALP_M_n": 9.832628838752376,
    "ARS_M_n": 1.269235031679603,
    "ALP_0": 0.500582219322157,
    "ARS_0": 0.6041518753916472,
    "maturity_t": 0.41516590889638066,
    "early_diff_L": 0.1772094338390599,
    "early_diff_H": 0.6365038456670188,
    "early_diff_VH": 0.9438378335781753,
    "late_diff_L": 0.30474880699435275,
    "late_diff_H": 0.6490320464628063,
    "a_early_diff_u": 3.424035194579595,
    "a_early_diff_d": 0.7970678558878365,
    "a_late_diff_u": 1.1565611564878497,
    "a_late_diff_d": 0.30298930648051076,
    "diff_time": 958.2805372446824,
    "a_Valles_2020_ALP": 974.8980602641174,
    "a_Valles_2020_ARS": 467.00930489719866
}