{
    "ALP_M_n": 2.0517174220688537,
    "ARS_M_n": 1.0158902122257494,
    "ALP_0": 0.47787647120496546,
    "ARS_0": 0.3348422943298357,
    "maturity_t": 0.7169361874099236,
    "early_diff_L": 0.3262494216503348,
    "early_diff_H": 0.6179357610521419,
    "early_diff_VH": 0.9027327245149133,
    "late_diff_L": 0.17616799752659773,
    "late_diff_H": 0.8506097763403929,
    "a_early_diff_u": 3.074273981039226,
    "a_early_diff_d": 0.6588060960902952,
    "a_late_diff_u": 3.184168017863438,
    "a_late_diff_d": 0.129299754387927,
    "diff_time": 941.7926598026936,
    "a_Valles_2020_ALP": 291.48928794100243,
    "a_Valles_2020_ARS": 633.5908730194514
}