{
    "ALP_M_n": 3.6524183932404344,
    "ARS_M_n": 1.532441660835369,
    "ALP_0": 0.3586931071668244,
    "ARS_0": 0.17799398462342123,
    "maturity_t": 0.799359216909241,
    "early_diff_L": 0.23534477606010815,
    "early_diff_H": 0.7089932516211206,
    "early_diff_VH": 0.7833608834269555,
    "late_diff_L": 0.17724261068755545,
    "late_diff_H": 0.608045286610537,
    "a_early_diff_u": 0.7519778849818815,
    "a_early_diff_d": 0.5186253537862936,
    "a_late_diff_u": 4.320237674993609,
    "a_late_diff_d": 0.39480389344206357,
    "diff_time": 838.5353331986533,
    "a_Valles_2020_ALP": 546.5357294733509,
    "a_Valles_2020_ARS": 806.3766602439522
}