{
    "ALP_M_n": 9.670721734998839,
    "ARS_M_n": 1.5582445595740242,
    "ALP_0": 0.5065092868878136,
    "ARS_0": 0.9736328037862075,
    "maturity_t": 0.40417075435725275,
    "early_diff_L": 0.12444312010282749,
    "early_diff_H": 0.6090741296968184,
    "early_diff_VH": 0.754502386036284,
    "late_diff_L": 0.28123407321680427,
    "late_diff_H": 0.7075119094313834,
    "a_early_diff_u": 4.469633974972491,
    "a_early_diff_d": 0.09464285873495937,
    "a_late_diff_u": 2.5845660189144692,
    "a_late_diff_d": 0.4366867037475604,
    "diff_time": 986.2688977574055,
    "a_Valles_2020_ALP": 994.3091215969662,
    "a_Valles_2020_ARS": 294.6622349089903
}