{
    "ALP_M_n": 0.917000383415936,
    "ARS_M_n": 1.0611735970924547,
    "ALP_0": 0.028535450927852198,
    "ARS_0": 0.5442246092640459,
    "maturity_t": 0.7488511801198482,
    "early_diff_L": 0.28042022917398923,
    "early_diff_H": 0.7116936004185981,
    "early_diff_VH": 0.9049203120705868,
    "late_diff_L": 0.2120269808658173,
    "late_diff_H": 0.7881048491850396,
    "a_early_diff_u": 2.164614520815847,
    "a_early_diff_d": 0.49410470694863906,
    "a_late_diff_u": 3.049487910793389,
    "a_late_diff_d": 0.6479184569015142,
    "diff_time": 1057.9633408264945,
    "a_Valles_2020_ALP": 529.1167080870025,
    "a_Valles_2020_ARS": 536.5004874862107
}