{
    "ALP_M_n": 0.9172485749363142,
    "ARS_M_n": 1.4507262436518087,
    "ALP_0": 0.016536367404364656,
    "ARS_0": 0.9636734415297383,
    "maturity_t": 0.7514411848588832,
    "early_diff_L": 0.12525873532499215,
    "early_diff_H": 0.6229004673309263,
    "early_diff_VH": 0.8513269043827614,
    "late_diff_L": 0.36804767392389925,
    "late_diff_H": 0.7800510052186492,
    "a_early_diff_u": 3.5937439425546707,
    "a_early_diff_d": 0.5374830890245742,
    "a_late_diff_u": 4.523181779016891,
    "a_late_diff_d": 0.8061366617543786,
    "diff_time": 1032.2902076422633,
    "a_Valles_2020_ALP": 535.0731878281165,
    "a_Valles_2020_ARS": 319.352371730517
}