{
    "ALP_M_n": 2.7762492908042136,
    "ARS_M_n": 1.0726221152729398,
    "ALP_0": 0.701154426299197,
    "ARS_0": 0.2588731496411544,
    "maturity_t": 0.7099211970811417,
    "early_diff_L": 0.2590768102626167,
    "early_diff_H": 0.5802883935730029,
    "early_diff_VH": 0.7761005234061634,
    "late_diff_L": 0.3460221582060201,
    "late_diff_H": 0.7038786288502289,
    "a_early_diff_u": 3.915676591315173,
    "a_early_diff_d": 0.18505160875405535,
    "a_late_diff_u": 3.0167444859003423,
    "a_late_diff_d": 0.9254852378790603,
    "diff_time": 882.3608225257472,
    "a_Valles_2020_ALP": 161.45885431975867,
    "a_Valles_2020_ARS": 664.2606632997458
}