{
    "ALP_M_n": 1.2880958176762878,
    "ARS_M_n": 1.3620472275375883,
    "ALP_0": 0.07271059559794174,
    "ARS_0": 0.5657106644337577,
    "maturity_t": 0.7275371265903371,
    "early_diff_L": 0.18611406499168182,
    "early_diff_H": 0.6847877041952356,
    "early_diff_VH": 0.978022328099531,
    "late_diff_L": 0.267186950128459,
    "late_diff_H": 0.7307810718505843,
    "a_early_diff_u": 1.7389521639140937,
    "a_early_diff_d": 0.8768902811076025,
    "a_late_diff_u": 2.2124636818973147,
    "a_late_diff_d": 0.055057718319450055,
    "diff_time": 887.4767770456516,
    "a_Valles_2020_ALP": 559.6357876202635,
    "a_Valles_2020_ARS": 461.1667236179795
}