{
    "ALP_M_n": 2.263473961736417,
    "ARS_M_n": 1.2022792409875822,
    "ALP_0": 0.6026319036662887,
    "ARS_0": 0.49604715132972665,
    "maturity_t": 0.7189999012706143,
    "early_diff_L": 0.2738157468985634,
    "early_diff_H": 0.6483920330464517,
    "early_diff_VH": 0.7565477269177131,
    "late_diff_L": 0.1974950327104274,
    "late_diff_H": 0.7589961522943518,
    "a_early_diff_u": 2.5432070214439393,
    "a_early_diff_d": 0.602568063924158,
    "a_late_diff_u": 0.557841418028592,
    "a_late_diff_d": 0.9582194728800341,
    "diff_time": 956.0403012749856,
    "a_Valles_2020_ALP": 223.4183543529517,
    "a_Valles_2020_ARS": 524.2875139987259
}