{
    "ALP_M_n": 9.60633262525375,
    "ARS_M_n": 0.9735966463404283,
    "ALP_0": 0.4904849922838678,
    "ARS_0": 0.2763710146028063,
    "maturity_t": 0.4118410296324368,
    "early_diff_L": 0.1896842718285222,
    "early_diff_H": 0.6442112803861398,
    "early_diff_VH": 0.8098857882246261,
    "late_diff_L": 0.2139928105872525,
    "late_diff_H": 0.7820998614529283,
    "a_early_diff_u": 3.235534111388244,
    "a_early_diff_d": 0.4548806639607354,
    "a_late_diff_u": 3.7278851003015405,
    "a_late_diff_d": 0.019298110851862713,
    "diff_time": 936.574951861353,
    "a_Valles_2020_ALP": 961.1522421370089,
    "a_Valles_2020_ARS": 670.0984937317434
}