{
    "ALP_M_n": 1.4801660826166585,
    "ARS_M_n": 1.254730018656517,
    "ALP_0": 0.23938668586662926,
    "ARS_0": 0.6341758934366116,
    "maturity_t": 0.726909030532372,
    "early_diff_L": 0.20695796416482073,
    "early_diff_H": 0.6510017490594603,
    "early_diff_VH": 0.8415427427828729,
    "late_diff_L": 0.23408644492675737,
    "late_diff_H": 0.6030129310239344,
    "a_early_diff_u": 2.5742052371095423,
    "a_early_diff_d": 0.47555889413608665,
    "a_late_diff_u": 4.003061393688405,
    "a_late_diff_d": 0.8600539077351717,
    "diff_time": 971.0399091030231,
    "a_Valles_2020_ALP": 441.8047528863648,
    "a_Valles_2020_ARS": 458.99064281876315
}