{
    "ALP_M_n": 2.5414772735133253,
    "ARS_M_n": 1.0883818813125472,
    "ALP_0": 0.7991402848093415,
    "ARS_0": 0.51448128080177,
    "maturity_t": 0.7167873116424986,
    "early_diff_L": 0.3887544402235488,
    "early_diff_H": 0.6302989269891623,
    "early_diff_VH": 0.9192671279774833,
    "late_diff_L": 0.25840388149229565,
    "late_diff_H": 0.6995790283155698,
    "a_early_diff_u": 3.214095209720428,
    "a_early_diff_d": 0.18535264405125973,
    "a_late_diff_u": 1.2097981957073571,
    "a_late_diff_d": 0.8516147825675642,
    "diff_time": 1009.0554687799815,
    "a_Valles_2020_ALP": 145.90114368039477,
    "a_Valles_2020_ARS": 541.0511254284409
}