{
    "ALP_M_n": 9.545401094244683,
    "ARS_M_n": 0.7934143600239578,
    "ALP_0": 0.5274708029785387,
    "ARS_0": 0.1762749514779254,
    "maturity_t": 0.38749734978061706,
    "early_diff_L": 0.3366018702432656,
    "early_diff_H": 0.7111654698501791,
    "early_diff_VH": 0.7680965136572744,
    "late_diff_L": 0.28635327897294327,
    "late_diff_H": 0.7044645607002773,
    "a_early_diff_u": 2.4159165030621357,
    "a_early_diff_d": 0.6465641255081245,
    "a_late_diff_u": 0.2901295092971945,
    "a_late_diff_d": 0.35920141916249954,
    "diff_time": 1005.433110077591,
    "a_Valles_2020_ALP": 828.5101361372717,
    "a_Valles_2020_ARS": 747.3269295054815
}