{
    "ALP_M_n": 9.765802515709705,
    "ARS_M_n": 1.1079922166701461,
    "ALP_0": 0.6255306748268418,
    "ARS_0": 0.6241032346335545,
    "maturity_t": 0.371011609087731,
    "early_diff_L": 0.19564374215513264,
    "early_diff_H": 0.6507017888393004,
    "early_diff_VH": 0.8924704153257712,
    "late_diff_L": 0.12088906932701168,
    "late_diff_H": 0.6788430373371035,
    "a_early_diff_u": 3.857416042104561,
    "a_early_diff_d": 0.06102301260513532,
    "a_late_diff_u": 1.9347953660554813,
    "a_late_diff_d": 0.32760022834439945,
    "diff_time": 1071.2763232117702,
    "a_Valles_2020_ALP": 369.13126597677064,
    "a_Valles_2020_ARS": 496.6796056926287
}