{
    "ALP_M_n": 4.76009801301197,
    "ARS_M_n": 1.195634052967575,
    "ALP_0": 0.41626086202614854,
    "ARS_0": 0.5509944660053994,
    "maturity_t": 0.599795886359572,
    "early_diff_L": 0.2696558660443671,
    "early_diff_H": 0.6538170522612012,
    "early_diff_VH": 0.8293142393339815,
    "late_diff_L": 0.2344169360420306,
    "late_diff_H": 0.7512012551092602,
    "a_early_diff_u": 2.9965868850591644,
    "a_early_diff_d": 0.4929022617795959,
    "a_late_diff_u": 2.6272228356957488,
    "a_late_diff_d": 0.36324721859805825,
    "diff_time": 979.4820206595329,
    "a_Valles_2020_ALP": 456.69519238750445,
    "a_Valles_2020_ARS": 518.0862728839614
}