{
    "ALP_M_n": 9.962917197440397,
    "ARS_M_n": 0.8974228723173026,
    "ALP_0": 0.5594877450932113,
    "ARS_0": 0.2686470716719146,
    "maturity_t": 0.3996479196817065,
    "early_diff_L": 0.16305694460806802,
    "early_diff_H": 0.682716824546496,
    "early_diff_VH": 0.9837766828648333,
    "late_diff_L": 0.3104364476368989,
    "late_diff_H": 0.8901160638512966,
    "a_early_diff_u": 2.753147863884191,
    "a_early_diff_d": 0.7268529537032611,
    "a_late_diff_u": 2.6963349404424704,
    "a_late_diff_d": 0.05122131361207882,
    "diff_time": 987.3266160644607,
    "a_Valles_2020_ALP": 572.4176568169355,
    "a_Valles_2020_ARS": 686.6040865136364
}