{
    "ALP_M_n": 3.5159885348462843,
    "ARS_M_n": 2.3058358931305656,
    "ALP_0": 0.3360050259992684,
    "ARS_0": 0.6369404189872067,
    "maturity_t": 0.8837658070864498,
    "early_diff_L": 0.22373593681952345,
    "early_diff_H": 0.625982763641154,
    "early_diff_VH": 0.6711996958371327,
    "late_diff_L": 0.3794334331900283,
    "late_diff_H": 0.6283578266776109,
    "a_early_diff_u": 1.301395837854662,
    "a_early_diff_d": 0.1598948429913274,
    "a_late_diff_u": 2.6554186757639906,
    "a_late_diff_d": 0.3361519543931587,
    "diff_time": 896.8193806430957,
    "a_Valles_2020_ALP": 664.6300669671252,
    "a_Valles_2020_ARS": 361.5975684633439
}