{
    "ALP_M_n": 1.8318780234917627,
    "ARS_M_n": 1.1530457711586528,
    "ALP_0": 0.48574266790846776,
    "ARS_0": 0.5667642863769652,
    "maturity_t": 0.7274536257552726,
    "early_diff_L": 0.21012172185138844,
    "early_diff_H": 0.658031915342776,
    "early_diff_VH": 0.8137992151434973,
    "late_diff_L": 0.2760163991319666,
    "late_diff_H": 0.8894212471983975,
    "a_early_diff_u": 2.623787202138533,
    "a_early_diff_d": 0.46783521361483327,
    "a_late_diff_u": 2.9906526030722462,
    "a_late_diff_d": 0.1457130532230459,
    "diff_time": 1003.4571842171904,
    "a_Valles_2020_ALP": 294.7798535128586,
    "a_Valles_2020_ARS": 506.8498990165835
}