{
    "ALP_M_n": 1.9364966650920823,
    "ARS_M_n": 1.350344432023559,
    "ALP_0": 0.3453781502325805,
    "ARS_0": 0.5720559748747501,
    "maturity_t": 0.7155958136790054,
    "early_diff_L": 0.19003884993494963,
    "early_diff_H": 0.630319249073066,
    "early_diff_VH": 0.917595746684025,
    "late_diff_L": 0.10499775870961428,
    "late_diff_H": 0.8502612849591089,
    "a_early_diff_u": 2.4613772023859855,
    "a_early_diff_d": 0.22230847099415268,
    "a_late_diff_u": 1.5355441457084624,
    "a_late_diff_d": 0.8531278081262564,
    "diff_time": 889.8208723485807,
    "a_Valles_2020_ALP": 374.99968085825105,
    "a_Valles_2020_ARS": 461.6221055264417
}