{
    "ALP_M_n": 3.4880711045224526,
    "ALP_0": 1.434376324100573,
    "Mg_stim": 8.240503394185858,
    "Mg_dest": 29.24195141472511,
    "maturity_t": 0.5002497418894711,
    "early_diff_fast": 0.6943582740319449,
    "a_early_diff_stim": 2.276392011025764,
    "diff_time": 483.9989507330017,
    "a_Valles_2020_ALP": 597.3894907810136
}