{
    "ALP_M_n": 3.816507884910576,
    "ALP_0": 1.485644006932451,
    "Mg_stim": 8.098997480128936,
    "Mg_dest": 29.401696296109286,
    "maturity_t": 0.8170374027807102,
    "early_diff_fast": 0.7408147917870656,
    "a_early_diff_stim": 1.3393118790805565,
    "diff_time": 800.7659361502814,
    "a_Valles_2020_ALP": 755.0823352217329
}