{
    "ALP_M_n": 4.6011260899335955,
    "ALP_0": 1.3901829912247878,
    "Mg_stim": 4.410913044180607,
    "Mg_dest": 39.556994163529254,
    "maturity_t": 0.6187858710387557,
    "early_diff_fast": 0.6729770373629731,
    "a_early_diff_stim": 2.279486353577438,
    "diff_time": 1055.009774531417,
    "a_Valles_2020_ALP": 468.49578782751297
}