{
    "ALP_M_n": 3.667041211172953,
    "ALP_0": 1.4119397173221715,
    "Mg_stim": 5.697089210433693,
    "Mg_dest": 24.504707498286475,
    "maturity_t": 0.4617571663774849,
    "early_diff_fast": 0.6026124904152941,
    "a_early_diff_stim": 5.492101578596449,
    "diff_time": 524.5479637374216,
    "a_Valles_2020_ALP": 775.0105669865517
}