{
    "ALP_M_n": 3.2713481936586533,
    "ALP_0": 1.4669831684278802,
    "Mg_stim": 9.107758171599375,
    "Mg_dest": 32.079810389905916,
    "maturity_t": 0.5545662670734217,
    "early_diff_fast": 0.5377951681596878,
    "a_early_diff_stim": 13.069039257041418,
    "diff_time": 437.9677549446274,
    "a_Valles_2020_ALP": 714.9486271783925
}