{
    "ALP_M_n": 4.067252588378998,
    "ALP_0": 1.360857029196743,
    "Mg_stim": 8.921657001817618,
    "Mg_dest": 28.307271975845005,
    "maturity_t": 0.4009623318168069,
    "early_diff_fast": 0.5526489555877427,
    "a_early_diff_stim": 9.233074931029096,
    "diff_time": 599.2383464421649,
    "a_Valles_2020_ALP": 146.18555225853885
}