{
    "ALP_M_n": 2.9410880857937256,
    "ALP_0": 1.531279367970489,
    "Mg_stim": 7.934541550445521,
    "Mg_dest": 29.259671647362264,
    "maturity_t": 0.6565337608406081,
    "early_diff_fast": 0.5504479764072006,
    "a_early_diff_stim": 8.522008090645008,
    "diff_time": 372.51420461731595,
    "a_Valles_2020_ALP": 254.61163482963255
}