{
    "ALP_M_n": 3.7754702318517,
    "ALP_0": 1.3935437405213955,
    "Mg_stim": 6.273895439055382,
    "Mg_dest": 29.830938632066143,
    "maturity_t": 0.4462087844698148,
    "early_diff_fast": 0.5815353038796927,
    "a_early_diff_stim": 6.14359875483744,
    "diff_time": 538.9450831798067,
    "a_Valles_2020_ALP": 322.25204617307423
}