{
    "ALP_M_n": 2.9850836524196787,
    "ALP_0": 1.6519346255751044,
    "Mg_stim": 6.589522488174479,
    "Mg_dest": 23.36528691572746,
    "maturity_t": 0.9135611072863613,
    "early_diff_fast": 0.552960333446185,
    "a_early_diff_stim": 7.237747652579213,
    "diff_time": 538.3241418684844,
    "a_Valles_2020_ALP": 648.8414211670795
}