{
    "ALP_M_n": 3.979275558399772,
    "ALP_0": 1.3700567808252986,
    "Mg_stim": 5.06457852959894,
    "Mg_dest": 24.05100593240346,
    "maturity_t": 0.4135619446541014,
    "early_diff_fast": 0.5433436473180409,
    "a_early_diff_stim": 14.427055006920297,
    "diff_time": 581.8990403499504,
    "a_Valles_2020_ALP": 197.10976912384035
}