{
    "ALP_M_n": 3.6760232834507467,
    "ALP_0": 1.4070230771711363,
    "Mg_stim": 7.11383182403594,
    "Mg_dest": 29.723066209263557,
    "maturity_t": 0.46380270491097747,
    "early_diff_fast": 0.5739679646964827,
    "a_early_diff_stim": 6.28568759806519,
    "diff_time": 520.400404819326,
    "a_Valles_2020_ALP": 26.142598811222058
}