{
    "ALP_M_n": 4.113142152493001,
    "ALP_0": 1.357028620185166,
    "Mg_stim": 4.281952741527949,
    "Mg_dest": 25.38120105842659,
    "maturity_t": 0.3933121460002834,
    "early_diff_fast": 0.5998971992190251,
    "a_early_diff_stim": 6.6733102795266666,
    "diff_time": 611.8728016180469,
    "a_Valles_2020_ALP": 578.3394857457059
}