{
    "ALP_M_n": 3.8101487800331495,
    "ALP_0": 1.4148619008098537,
    "Mg_stim": 5.242380625679399,
    "Mg_dest": 30.49577067809217,
    "maturity_t": 0.4753758604724241,
    "early_diff_fast": 0.5859936991316915,
    "a_early_diff_stim": 8.936284993408853,
    "diff_time": 568.0276189581542,
    "a_Valles_2020_ALP": 518.5840134172856
}