{
    "ALP_M_n": 1.8589555364255124,
    "ALP_0": 0.06116120268208416,
    "IL1b_ineffective": 177.6027524956694,
    "IL1b_stim": 1.4331427700235047,
    "IL8_favorable": 2.465883691360034,
    "maturity_t": 0.8949695670754989,
    "early_diff_very_fast": 0.7022614365772392,
    "a_early_diff_stim": 3.2904132278784606,
    "diff_time": 1052.5021319912569,
    "a_Qiao_2021_ALP": 128.62936362175276
}