{
    "ALP_M_n": 10.762006502106486,
    "ALP_0": 0.45316059691185373,
    "IL1b_ineffective": 108.50457969379377,
    "IL1b_stim": 8.064691131065453,
    "IL8_favorable": 12.677961164040212,
    "maturity_t": 0.4701821963901258,
    "early_diff_very_fast": 0.7605329643772728,
    "a_early_diff_stim": 3.3671626666934715,
    "diff_time": 593.171688854709,
    "a_Qiao_2021_ALP": 96.72708295459887
}