{
    "ALP_M_n": 5.1171691199627904,
    "ALP_0": 0.5273230808784657,
    "IL1b_ineffective": 196.3862020427838,
    "IL1b_stim": 1.3548977629870684,
    "IL8_favorable": 2.178231081430745,
    "maturity_t": 0.7524284584285235,
    "early_diff_very_fast": 0.7492145827178199,
    "a_early_diff_stim": 1.6892522676890191,
    "diff_time": 766.636393676372,
    "a_Qiao_2021_ALP": 32.54534345881173
}