{
    "ALP_M_n": 3.390484922421594,
    "ALP_0": 0.37287939097792366,
    "IL1b_ineffective": 190.50664935085263,
    "IL1b_stim": 1.3761138384645797,
    "IL8_favorable": 2.2566232261085872,
    "maturity_t": 0.8213989925363228,
    "early_diff_very_fast": 0.7374471130872703,
    "a_early_diff_stim": 2.756357952232864,
    "diff_time": 1020.2136276106071,
    "a_Qiao_2021_ALP": 67.89768742354715
}