{
    "ALP_M_n": 10.42645354650603,
    "ALP_0": 0.6201475047217916,
    "IL1b_ineffective": 198.96432586367968,
    "IL1b_stim": 1.3362999710386259,
    "IL8_favorable": 2.1101950895252344,
    "maturity_t": 0.6678753768881365,
    "early_diff_very_fast": 0.767365509139321,
    "a_early_diff_stim": 0.8839535750407345,
    "diff_time": 871.2998659404136,
    "a_Qiao_2021_ALP": 48.099169739257945
}