{
    "ALP_M_n": 11.026830362144382,
    "ALP_0": 0.6218334687352884,
    "IL1b_ineffective": 198.95987191584373,
    "IL1b_stim": 1.3355404170349292,
    "IL8_favorable": 2.1072264828725977,
    "maturity_t": 0.562683374197008,
    "early_diff_very_fast": 0.7680351221004958,
    "a_early_diff_stim": 0.7992001110214955,
    "diff_time": 823.0458235350691,
    "a_Qiao_2021_ALP": 42.71625441359358
}