{
    "ALP_M_n": 3.9237044872141698,
    "ALP_0": 0.5575980872643059,
    "IL1b_ineffective": 192.6924423740457,
    "IL1b_stim": 1.3682551277469788,
    "IL8_favorable": 2.22489593650338,
    "maturity_t": 0.9830694708058287,
    "early_diff_very_fast": 0.7433999190673711,
    "a_early_diff_stim": 2.945668370179509,
    "diff_time": 1006.2837942031655,
    "a_Qiao_2021_ALP": 30.326313161373733
}