{
    "ALP_M_n": 5.151103752904895,
    "ALP_0": 0.417218311237717,
    "IL1b_ineffective": 178.67453609286918,
    "IL1b_stim": 2.5864900310888994,
    "IL8_favorable": 4.1635968420520655,
    "maturity_t": 0.7784930532263474,
    "early_diff_very_fast": 0.7702102463877685,
    "a_early_diff_stim": 2.311733986946306,
    "diff_time": 844.4707504439,
    "a_Qiao_2021_ALP": 79.8587293766929
}