{
    "ALP_M_n": 3.531828579163358,
    "ALP_0": 0.2891198925735017,
    "IL1b_ineffective": 191.23124821210388,
    "IL1b_stim": 1.3735541050337545,
    "IL8_favorable": 2.2445045780551283,
    "maturity_t": 0.7222985385231143,
    "early_diff_very_fast": 0.7391182124188919,
    "a_early_diff_stim": 2.1611271496166187,
    "diff_time": 964.0090057921046,
    "a_Qiao_2021_ALP": 116.05687400534943
}