{
    "ALP_M_n": 3.137101262368025,
    "ALP_0": 0.3910748385846217,
    "IL1b_ineffective": 189.12445712326007,
    "IL1b_stim": 1.3816083850381506,
    "IL8_favorable": 2.2758447921785105,
    "maturity_t": 0.9978138065784667,
    "early_diff_very_fast": 0.7339141529189458,
    "a_early_diff_stim": 2.9223860639460493,
    "diff_time": 897.9473775582649,
    "a_Qiao_2021_ALP": 46.50213489511337
}