{
    "ALP_M_n": 3.135172391697287,
    "ALP_0": 0.21674354214807856,
    "IL1b_ineffective": 189.09503869325442,
    "IL1b_stim": 1.381593257130728,
    "IL8_favorable": 2.2769813147707723,
    "maturity_t": 0.8764990521078228,
    "early_diff_very_fast": 0.7339345732850671,
    "a_early_diff_stim": 2.048627803203738,
    "diff_time": 836.2298318015112,
    "a_Qiao_2021_ALP": 113.49249255459794
}