{
    "ALP_M_n": 4.812959326623218,
    "ALP_0": 0.3935818469096033,
    "IL1b_ineffective": 195.60272246391958,
    "IL1b_stim": 1.3576966841686868,
    "IL8_favorable": 2.188961684460317,
    "maturity_t": 0.7577105300285361,
    "early_diff_very_fast": 0.7502668798207659,
    "a_early_diff_stim": 1.4361179992537991,
    "diff_time": 705.3773412205248,
    "a_Qiao_2021_ALP": 61.33310933603959
}