{
    "ALP_M_n": 4.5019876827823815,
    "ALP_0": 0.37131872155869045,
    "IL1b_ineffective": 194.82068991976712,
    "IL1b_stim": 1.360941363916897,
    "IL8_favorable": 2.2006315920060686,
    "maturity_t": 0.6853526087322334,
    "early_diff_very_fast": 0.7483328378822561,
    "a_early_diff_stim": 1.8144663142508386,
    "diff_time": 960.8686541694235,
    "a_Qiao_2021_ALP": 112.9413567193535
}