{
    "ALP_M_n": 2.800752462460116,
    "ALP_0": 0.2285477937779333,
    "IL1b_ineffective": 186.9179439935047,
    "IL1b_stim": 1.3905509934946174,
    "IL8_favorable": 2.3089681025805007,
    "maturity_t": 0.991488234899335,
    "early_diff_very_fast": 0.728371299361691,
    "a_early_diff_stim": 2.784923329174828,
    "diff_time": 1061.6886273635253,
    "a_Qiao_2021_ALP": 115.4408835782301
}