{
    "ALP_M_n": 6.033189958336581,
    "ALP_0": 0.38541879966606407,
    "IL1b_ineffective": 198.01827547319084,
    "IL1b_stim": 1.3496317223488195,
    "IL8_favorable": 2.1583480314392958,
    "maturity_t": 0.6216155655638226,
    "early_diff_very_fast": 0.7567579319301578,
    "a_early_diff_stim": 1.1705771777710599,
    "diff_time": 819.396791194605,
    "a_Qiao_2021_ALP": 149.3076590371386
}