{
    "ALP_M_n": 9.055366362244275,
    "ALP_0": 0.5420079917173579,
    "IL1b_ineffective": 128.2257956931621,
    "IL1b_stim": 3.008918314750421,
    "IL8_favorable": 4.758301764264701,
    "maturity_t": 0.37601039437282985,
    "early_diff_very_fast": 0.6725147606434749,
    "a_early_diff_stim": 3.2168210061765166,
    "diff_time": 860.3938757407607,
    "a_Qiao_2021_ALP": 90.10346928351981
}