{
    "ALP_M_n": 4.353688780816588,
    "ALP_0": 0.07625275605721522,
    "IL1b_ineffective": 111.00579731182236,
    "IL1b_stim": 6.310293367312477,
    "IL8_favorable": 10.308371701804695,
    "maturity_t": 0.7078557974852393,
    "early_diff_very_fast": 0.8555130649003329,
    "a_early_diff_stim": 2.64331454745771,
    "diff_time": 428.90995389070565,
    "a_Qiao_2021_ALP": 118.20532611044231
}