{
    "ALP_M_n": 8.207993605521267,
    "ALP_0": 0.46805231230591804,
    "IL1b_ineffective": 105.8119918930785,
    "IL1b_stim": 11.033560050348386,
    "IL8_favorable": 17.49208441642135,
    "maturity_t": 0.3592389919454672,
    "early_diff_very_fast": 0.9326011556902774,
    "a_early_diff_stim": 4.935229139442521,
    "diff_time": 912.4683182829888,
    "a_Qiao_2021_ALP": 194.3760241244272
}