{
    "ALP_M_n": 4.210649963011943,
    "ALP_0": 0.30725164020856877,
    "IL1b_ineffective": 193.7431055382707,
    "IL1b_stim": 1.365022369960899,
    "IL8_favorable": 2.2116647577998663,
    "maturity_t": 0.6692846542695726,
    "early_diff_very_fast": 0.7460237633437816,
    "a_early_diff_stim": 1.6866975670711215,
    "diff_time": 886.3952256092987,
    "a_Qiao_2021_ALP": 135.394642053391
}