{
    "ALP_M_n": 3.6314889877005183,
    "ALP_0": 0.12023517134957842,
    "IL1b_ineffective": 191.64833562131633,
    "IL1b_stim": 1.372840126253406,
    "IL8_favorable": 2.241374864980088,
    "maturity_t": 0.8043505459237338,
    "early_diff_very_fast": 0.7402932840267928,
    "a_early_diff_stim": 1.2388100306853462,
    "diff_time": 652.9963633424989,
    "a_Qiao_2021_ALP": 198.2365514246533
}