{
    "ALP_M_n": 8.52299799023305,
    "ALP_0": 0.3534309275779926,
    "IL1b_ineffective": 103.8053086594512,
    "IL1b_stim": 15.79069571281083,
    "IL8_favorable": 24.950253091510035,
    "maturity_t": 0.48945108641213875,
    "early_diff_very_fast": 0.9859997482759314,
    "a_early_diff_stim": 3.9507132263681197,
    "diff_time": 585.5497877561838,
    "a_Qiao_2021_ALP": 175.98408073169824
}