{
    "ALP_M_n": 8.350225483423642,
    "ALP_0": 0.5369770001814416,
    "IL1b_ineffective": 198.81698958159603,
    "IL1b_stim": 1.341324278077611,
    "IL8_favorable": 2.126676166914983,
    "maturity_t": 0.5208622603601246,
    "early_diff_very_fast": 0.7637666762413907,
    "a_early_diff_stim": 0.9923101333899718,
    "diff_time": 827.7976566348342,
    "a_Qiao_2021_ALP": 72.47120924573645
}