{
    "ALP_M_n": 3.9124074088075833,
    "ALP_0": 0.5177853174636541,
    "IL1b_ineffective": 192.68010390106167,
    "IL1b_stim": 1.3687680038443766,
    "IL8_favorable": 2.227169094548387,
    "maturity_t": 0.8046403434291425,
    "early_diff_very_fast": 0.7432803373568029,
    "a_early_diff_stim": 2.9139469110191323,
    "diff_time": 1062.1704286651047,
    "a_Qiao_2021_ALP": 39.54336007315904
}