{
    "ALP_M_n": 11.273037459072247,
    "ALP_0": 0.6413096481798188,
    "IL1b_ineffective": 104.37592751560572,
    "IL1b_stim": 14.146659460467069,
    "IL8_favorable": 22.416419831064434,
    "maturity_t": 0.4660261905450034,
    "early_diff_very_fast": 0.9597925679829942,
    "a_early_diff_stim": 4.095572565384995,
    "diff_time": 627.7341835454055,
    "a_Qiao_2021_ALP": 12.99035479377465
}