{
    "ALP_M_n": 2.6121248951736327,
    "ALP_0": 0.1024212921686809,
    "IL1b_ineffective": 185.49571046845784,
    "IL1b_stim": 1.396627363855984,
    "IL8_favorable": 2.3290599351658443,
    "maturity_t": 0.9660470057105958,
    "early_diff_very_fast": 0.7246160646451834,
    "a_early_diff_stim": 2.0061722289383694,
    "diff_time": 798.0319520050256,
    "a_Qiao_2021_ALP": 144.54477729631043
}