{
    "ALP_M_n": 5.6103862000852756,
    "ALP_0": 0.2921814733957298,
    "IL1b_ineffective": 106.33990930259941,
    "IL1b_stim": 10.142578837623809,
    "IL8_favorable": 16.26217723325393,
    "maturity_t": 0.5068987782168847,
    "early_diff_very_fast": 0.90235427800645,
    "a_early_diff_stim": 4.590560175699064,
    "diff_time": 635.5469427912801,
    "a_Qiao_2021_ALP": 144.3076450502535
}