{
    "ALP_M_n": 2.7127313526860375,
    "ALP_0": 0.17656667255468506,
    "IL1b_ineffective": 186.35750707266317,
    "IL1b_stim": 1.393317633456503,
    "IL8_favorable": 2.3154955330705747,
    "maturity_t": 0.8669116945531192,
    "early_diff_very_fast": 0.7267488165138883,
    "a_early_diff_stim": 2.4531759382908733,
    "diff_time": 959.6219621008765,
    "a_Qiao_2021_ALP": 130.6423577905081
}