{
    "ALP_M_n": 4.38725030469303,
    "ALP_0": 0.5730879961332593,
    "IL1b_ineffective": 194.35240895218055,
    "IL1b_stim": 1.3628761697726048,
    "IL8_favorable": 2.205206996381051,
    "maturity_t": 0.9707676358000598,
    "early_diff_very_fast": 0.7474366565938731,
    "a_early_diff_stim": 2.029173263379496,
    "diff_time": 704.2708674958288,
    "a_Qiao_2021_ALP": 19.29434959910281
}