{
    "ALP_M_n": 10.443399730154697,
    "ALP_0": 0.5074688026688375,
    "IL1b_ineffective": 105.19338440213228,
    "IL1b_stim": 12.12252178987329,
    "IL8_favorable": 19.313733986144037,
    "maturity_t": 0.39062957823134664,
    "early_diff_very_fast": 0.8553709993809367,
    "a_early_diff_stim": 4.820397129861311,
    "diff_time": 760.2008274747982,
    "a_Qiao_2021_ALP": 126.27370163600429
}