{
    "ALP_M_n": 5.2086398271214165,
    "ALP_0": 0.07684067803425965,
    "IL1b_ineffective": 104.25730116859634,
    "IL1b_stim": 14.147232325359951,
    "IL8_favorable": 22.848258192748503,
    "maturity_t": 0.7098693663014012,
    "early_diff_very_fast": 0.9073545744265215,
    "a_early_diff_stim": 4.195891664231156,
    "diff_time": 405.17336368395706,
    "a_Qiao_2021_ALP": 145.08414795420663
}