{
    "ALP_M_n": 3.532587526692213,
    "ALP_0": 0.3804719937778504,
    "IL1b_ineffective": 191.2065367274754,
    "IL1b_stim": 1.3741836079138299,
    "IL8_favorable": 2.2477017988557364,
    "maturity_t": 0.8629690917568814,
    "early_diff_very_fast": 0.7392143031369567,
    "a_early_diff_stim": 2.348897493941768,
    "diff_time": 846.0448769412802,
    "a_Qiao_2021_ALP": 54.47983074122379
}