{"a_Chen_2018_ALP": 9.633374143195887, "a_Chen_2018_ARS": 1.972915055091778, "a_early_diff_stim": 16.49558023247584, "a_early_diff_inhib": 13.852302904187043, "a_late_diff_stim": 15.721327165297971, "a_late_diff_inhib": 4.123242040750883, "early_diff_slow": 0.28792957031856203, "early_diff_fast": 0.5799261488162104, "early_diff_very_fast": 0.8262094954381723, "late_diff_slow": 0.284212335332478, "late_diff_fast": 0.6310611262892482, "Mg_stim": 4.025136343201421, "Mg_dest": 27.688834288860043, "IL1b_ineffective": 88.26110678036613, "IL1b_stim": 14.001001415671624, "IL8_favorable": 86.69366561120388, "ALP_M_n": 1.8998005502847766, "ARS_M_n": 1.793714792450844, "ALP_0": 0.3636289983898033, "ARS_0": 0.4641278195225934, "diff_time": 979.4394443245644, "maturity_t": 0.38798008313332816}