{"a_Chen_2018_ALP": 8.745789493653348, "a_Chen_2018_ARS": 3.111313037044902, "a_early_diff_stim": 11.931942459927319, "a_early_diff_inhib": 8.01433445452578, "a_late_diff_stim": 8.96490030841839, "a_late_diff_inhib": 6.273214994001652, "early_diff_slow": 0.3988045406601659, "early_diff_fast": 0.6183487187499127, "early_diff_very_fast": 0.9221475739311021, "late_diff_slow": 0.19587864879825137, "late_diff_fast": 0.6778026295780886, "Mg_stim": 4.193800395381044, "Mg_dest": 22.64015632807976, "IL1b_ineffective": 61.64790827685389, "IL1b_stim": 21.74876550834913, "IL8_favorable": 33.36490585220203, "ALP_M_n": 2.37327538732094, "ARS_M_n": 1.2853293429725008, "ALP_0": 0.4701233605150778, "ARS_0": 0.21275929312593045, "diff_time": 1075.9690139312543, "maturity_t": 0.3586203735071303}