{"a_Chen_2018_ALP": 5.658646384474184, "a_Chen_2018_ARS": 2.685593828960166, "a_early_diff_stim": 11.104482980473284, "a_early_diff_inhib": 5.968451168274668, "a_late_diff_stim": 11.77242773785887, "a_late_diff_inhib": 11.514225939613496, "early_diff_slow": 0.2063267609095616, "early_diff_fast": 0.6173233484564112, "early_diff_very_fast": 0.9623240988891955, "late_diff_slow": 0.1532373425442707, "late_diff_fast": 0.7302932624785108, "Mg_stim": 5.020695303440909, "Mg_dest": 29.98720432199621, "IL1b_ineffective": 141.6209092616764, "IL1b_stim": 17.472852926303815, "IL8_favorable": 86.43930305693668, "ALP_M_n": 3.144979734522731, "ARS_M_n": 1.4960979111948562, "ALP_0": 0.6445191648818209, "ARS_0": 0.3010196099667436, "diff_time": 1003.8476671307319, "maturity_t": 0.35217369096349455}