{"a_Chen_2018_ALP": 3.642443912320594, "a_Chen_2018_ARS": 2.93196437715381, "a_early_diff_stim": 9.405228744550717, "a_early_diff_inhib": 11.025882925118356, "a_late_diff_stim": 11.992689344234615, "a_late_diff_inhib": 15.215059262960224, "early_diff_slow": 0.1461544753017009, "early_diff_fast": 0.6387319460513364, "early_diff_very_fast": 0.9921665490487181, "late_diff_slow": 0.1383358708416001, "late_diff_fast": 0.6556922701812892, "Mg_stim": 4.089145527271199, "Mg_dest": 27.74822342966206, "IL1b_ineffective": 116.23333485579042, "IL1b_stim": 9.327617672959963, "IL8_favorable": 89.56131891767157, "ALP_M_n": 3.6563576478351028, "ARS_M_n": 1.3975307160876465, "ALP_0": 0.7747192923548031, "ARS_0": 0.24858229720113956, "diff_time": 1006.6554245552848, "maturity_t": 0.3501128557893701}