{"a_Chen_2018_ALP": 8.626578963463905, "a_Chen_2018_ARS": 3.1931966497430384, "a_early_diff_stim": 10.332654290387444, "a_early_diff_inhib": 18.315691962791938, "a_late_diff_stim": 8.931767522482767, "a_late_diff_inhib": 10.686251977987556, "early_diff_slow": 0.39581963444886026, "early_diff_fast": 0.635039678648396, "early_diff_very_fast": 0.9903620593966015, "late_diff_slow": 0.28951459210023434, "late_diff_fast": 0.8233593389041743, "Mg_stim": 4.643980174226169, "Mg_dest": 33.792503314828544, "IL1b_ineffective": 92.52841028179304, "IL1b_stim": 12.391408696403474, "IL8_favorable": 71.70485885878168, "ALP_M_n": 2.452447914999182, "ARS_M_n": 1.2559480469318487, "ALP_0": 0.48399553625850916, "ARS_0": 0.19574945073058975, "diff_time": 1074.5300013490842, "maturity_t": 0.3544683832921123}