{"a_Chen_2018_ALP": 2.2303008475762724, "a_Chen_2018_ARS": 2.584607095014298, "a_early_diff_stim": 10.498623347270671, "a_early_diff_inhib": 13.723225944905547, "a_late_diff_stim": 7.819495019225098, "a_late_diff_inhib": 11.171887929776785, "early_diff_slow": 0.3048121019913825, "early_diff_fast": 0.6210572627666686, "early_diff_very_fast": 0.9388910463649386, "late_diff_slow": 0.23811878695629057, "late_diff_fast": 0.844912957798174, "Mg_stim": 7.337980445324858, "Mg_dest": 38.070491273138884, "IL1b_ineffective": 76.81082591891655, "IL1b_stim": 10.20295799553432, "IL8_favorable": 20.273736317656788, "ALP_M_n": 4.148297228664376, "ARS_M_n": 1.5557398946907424, "ALP_0": 0.8991008710245564, "ARS_0": 0.3237854357120708, "diff_time": 984.6574146752598, "maturity_t": 0.34938259476845024}