{"a_Chen_2018_ALP": 0.9243388757948089, "a_Chen_2018_ARS": 2.8499876749660404, "a_early_diff_stim": 12.11597708151076, "a_early_diff_inhib": 3.9558445483743654, "a_late_diff_stim": 8.790452529556696, "a_late_diff_inhib": 9.509725817586972, "early_diff_slow": 0.13092518239330506, "early_diff_fast": 0.60665182064252, "early_diff_very_fast": 0.9202583038912174, "late_diff_slow": 0.369927082246949, "late_diff_fast": 0.7897329227390236, "Mg_stim": 6.8185086770264896, "Mg_dest": 35.237477280513176, "IL1b_ineffective": 169.4845744820354, "IL1b_stim": 17.966581042757582, "IL8_favorable": 58.66460261348325, "ALP_M_n": 4.945390618037003, "ARS_M_n": 1.4299865035950012, "ALP_0": 1.0971719866628755, "ARS_0": 0.2678162155778271, "diff_time": 1014.6447804685906, "maturity_t": 0.34228664939992337}