{"a_Chen_2018_ALP": 4.4438533157891635, "a_Chen_2018_ARS": 1.7783348946371484, "a_early_diff_stim": 14.276816099997209, "a_early_diff_inhib": 14.604515145152812, "a_late_diff_stim": 4.967062509544552, "a_late_diff_inhib": 16.69814072629046, "early_diff_slow": 0.3033660111580488, "early_diff_fast": 0.5749390451618408, "early_diff_very_fast": 0.8008012512500066, "late_diff_slow": 0.30875755493129764, "late_diff_fast": 0.7309719204647521, "Mg_stim": 2.049547054453314, "Mg_dest": 31.23899653993175, "IL1b_ineffective": 76.76433595418143, "IL1b_stim": 3.8500196038172074, "IL8_favorable": 43.88722800202307, "ALP_M_n": 3.4700006701510775, "ARS_M_n": 2.000352569412893, "ALP_0": 0.7071986284958546, "ARS_0": 0.4921281950313764, "diff_time": 837.8836343307255, "maturity_t": 0.3617248949486169}