{"a_Chen_2018_ALP": 2.6952399347148295, "a_Chen_2018_ARS": 1.7956776195292705, "a_early_diff_stim": 12.918347585977383, "a_early_diff_inhib": 10.926654463774295, "a_late_diff_stim": 9.387153471069215, "a_late_diff_inhib": 11.98476238125075, "early_diff_slow": 0.2994112597617311, "early_diff_fast": 0.5962299152654653, "early_diff_very_fast": 0.8937727334705192, "late_diff_slow": 0.18213625156738295, "late_diff_fast": 0.7820707263652564, "Mg_stim": 4.074527571236627, "Mg_dest": 28.889196883966484, "IL1b_ineffective": 153.4473129256437, "IL1b_stim": 14.744630246138513, "IL8_favorable": 88.12972951131036, "ALP_M_n": 3.8854291705950303, "ARS_M_n": 1.9361006815731516, "ALP_0": 0.8503180168520985, "ARS_0": 0.5126283742855664, "diff_time": 952.106591506014, "maturity_t": 0.35676981250805545}