{"a_Chen_2018_ALP": 4.104032897040011, "a_Chen_2018_ARS": 2.932960164990969, "a_early_diff_stim": 15.570423837674635, "a_early_diff_inhib": 8.316793588900953, "a_late_diff_stim": 15.126691473475354, "a_late_diff_inhib": 11.563481924996752, "early_diff_slow": 0.21235561994444174, "early_diff_fast": 0.588352277692841, "early_diff_very_fast": 0.8397136336946978, "late_diff_slow": 0.3876604831184793, "late_diff_fast": 0.8707517906004582, "Mg_stim": 3.1330753647292022, "Mg_dest": 30.659969251670674, "IL1b_ineffective": 134.91175649396837, "IL1b_stim": 11.402171772847964, "IL8_favorable": 44.67118303648506, "ALP_M_n": 3.527977045202566, "ARS_M_n": 1.373351264589804, "ALP_0": 0.7449180414958982, "ARS_0": 0.2529267965718595, "diff_time": 1060.026357574973, "maturity_t": 0.34717119392446216}