{"a_Chen_2018_ALP": 0.9566856874286481, "a_Chen_2018_ARS": 2.0227476024157878, "a_early_diff_stim": 11.860461134521989, "a_early_diff_inhib": 4.743550319721754, "a_late_diff_stim": 15.737873694027131, "a_late_diff_inhib": 0.6299391437268458, "early_diff_slow": 0.33808542464796476, "early_diff_fast": 0.6012294031612277, "early_diff_very_fast": 0.9099120003873647, "late_diff_slow": 0.17951548302864886, "late_diff_fast": 0.7411641509304314, "Mg_stim": 8.159211180956786, "Mg_dest": 32.7981831329087, "IL1b_ineffective": 119.98463828775432, "IL1b_stim": 3.0280750158119023, "IL8_favorable": 27.90618781599915, "ALP_M_n": 4.814615556220613, "ARS_M_n": 1.826437616780617, "ALP_0": 1.0882933346544845, "ARS_0": 0.4525426258106448, "diff_time": 932.1724249568875, "maturity_t": 0.35544072713021935}