{"a_Chen_2018_ALP": 9.060822331591519, "a_Chen_2018_ARS": 2.403357998747877, "a_early_diff_stim": 11.542980503709467, "a_early_diff_inhib": 18.544772324000043, "a_late_diff_stim": 10.10681523604369, "a_late_diff_inhib": 15.933139817649094, "early_diff_slow": 0.24173935949171546, "early_diff_fast": 0.6010861691141826, "early_diff_very_fast": 0.901052422488118, "late_diff_slow": 0.32991829604605916, "late_diff_fast": 0.7395962330740589, "Mg_stim": 6.128254916241579, "Mg_dest": 39.36161600338812, "IL1b_ineffective": 121.65305162272232, "IL1b_stim": 24.31519764131628, "IL8_favorable": 73.01997227140251, "ALP_M_n": 2.427908084962005, "ARS_M_n": 1.6746693632644398, "ALP_0": 0.458396605510579, "ARS_0": 0.3574150515115673, "diff_time": 919.2838308779704, "maturity_t": 0.361810436913379}