{"a_Chen_2018_ALP": 6.172213176997668, "a_Chen_2018_ARS": 2.321243489005068, "a_early_diff_stim": 13.739047202051584, "a_early_diff_inhib": 5.806454018961002, "a_late_diff_stim": 2.463859323547223, "a_late_diff_inhib": 12.75095064395195, "early_diff_slow": 0.39749255997504546, "early_diff_fast": 0.5938347948476368, "early_diff_very_fast": 0.8492589604491596, "late_diff_slow": 0.33034876698869564, "late_diff_fast": 0.6120873146537054, "Mg_stim": 4.531193175897055, "Mg_dest": 26.54663651583649, "IL1b_ineffective": 125.12781540486264, "IL1b_stim": 14.3581635946846, "IL8_favorable": 44.960088500440875, "ALP_M_n": 2.963672116563798, "ARS_M_n": 1.6724150613953153, "ALP_0": 0.6113678030638003, "ARS_0": 0.38741022508867556, "diff_time": 995.4555020881963, "maturity_t": 0.3563355739505662}