{"a_Chen_2018_ALP": 8.420029847337025, "a_Chen_2018_ARS": 2.6612870624379257, "a_early_diff_stim": 16.45471533255607, "a_early_diff_inhib": 13.670386260320216, "a_late_diff_stim": 14.071028857328203, "a_late_diff_inhib": 14.402175834063527, "early_diff_slow": 0.2731227570460333, "early_diff_fast": 0.5838107883497781, "early_diff_very_fast": 0.8154757568257999, "late_diff_slow": 0.26165551088833156, "late_diff_fast": 0.8431173209687846, "Mg_stim": 7.199959028114682, "Mg_dest": 37.30004710830572, "IL1b_ineffective": 148.610581012734, "IL1b_stim": 22.003007435427296, "IL8_favorable": 82.33573700005428, "ALP_M_n": 2.4575133268294826, "ARS_M_n": 1.5004670319931983, "ALP_0": 0.4892490449019511, "ARS_0": 0.3171240191416085, "diff_time": 1060.3659153745946, "maturity_t": 0.3578322703001989}