{"a_Chen_2018_ALP": 8.994737072936735, "a_Chen_2018_ARS": 3.063618990332421, "a_early_diff_stim": 15.797774209714165, "a_early_diff_inhib": 5.914644508309054, "a_late_diff_stim": 3.6800007441291545, "a_late_diff_inhib": 8.688368028929652, "early_diff_slow": 0.29643219058354064, "early_diff_fast": 0.5868807479226964, "early_diff_very_fast": 0.831769269305103, "late_diff_slow": 0.2277271948033981, "late_diff_fast": 0.8702408099203129, "Mg_stim": 6.563846573994449, "Mg_dest": 31.371005791663954, "IL1b_ineffective": 88.72250265819804, "IL1b_stim": 19.018890647751412, "IL8_favorable": 62.328883695427294, "ALP_M_n": 2.392663538419281, "ARS_M_n": 1.315451509259969, "ALP_0": 0.46579846920338613, "ARS_0": 0.22394419525737108, "diff_time": 1064.0624372264238, "maturity_t": 0.3545173426289816}