{"a_Chen_2018_ALP": 3.5163233504408375, "a_Chen_2018_ARS": 1.739494946363163, "a_early_diff_stim": 10.937048376641737, "a_early_diff_inhib": 4.367171396754546, "a_late_diff_stim": 8.019963979756316, "a_late_diff_inhib": 11.696332703560447, "early_diff_slow": 0.2793009661489379, "early_diff_fast": 0.6159917451709327, "early_diff_very_fast": 0.960602195133448, "late_diff_slow": 0.11709946534675647, "late_diff_fast": 0.7331965851720792, "Mg_stim": 7.031635444789096, "Mg_dest": 25.81911112980739, "IL1b_ineffective": 64.17644973698984, "IL1b_stim": 10.296008486785544, "IL8_favorable": 60.22104723553622, "ALP_M_n": 3.497335541203028, "ARS_M_n": 1.9465638656252804, "ALP_0": 0.7738300677689706, "ARS_0": 0.5226095900984877, "diff_time": 939.7061799639501, "maturity_t": 0.36851027018010424}