{"a_Chen_2018_ALP": 2.804553879787726, "a_Chen_2018_ARS": 2.7538763820374625, "a_early_diff_stim": 10.603181981042828, "a_early_diff_inhib": 5.3365266337371775, "a_late_diff_stim": 6.7409712478977895, "a_late_diff_inhib": 6.407294319211032, "early_diff_slow": 0.396753087769821, "early_diff_fast": 0.6228017688084788, "early_diff_very_fast": 0.9683889777714974, "late_diff_slow": 0.2778858649453594, "late_diff_fast": 0.8842197125077985, "Mg_stim": 7.013797051731558, "Mg_dest": 20.06350451616882, "IL1b_ineffective": 174.16563037285846, "IL1b_stim": 10.638701743312135, "IL8_favorable": 82.2780753741012, "ALP_M_n": 4.051291420956673, "ARS_M_n": 1.47778093107962, "ALP_0": 0.8427571689377039, "ARS_0": 0.2911640679566068, "diff_time": 1015.6195406639544, "maturity_t": 0.3433679223615744}