{"a_Chen_2018_ALP": 1.5532978816005347, "a_Chen_2018_ARS": 0.6429021841638919, "a_early_diff_stim": 16.71168016850326, "a_early_diff_inhib": 8.778919621318202, "a_late_diff_stim": 16.061537902012375, "a_late_diff_inhib": 3.446484343453493, "early_diff_slow": 0.2795843869687671, "early_diff_fast": 0.5592818734596202, "early_diff_very_fast": 0.7564172178245039, "late_diff_slow": 0.32188614709093777, "late_diff_fast": 0.7386160863866494, "Mg_stim": 3.3100506438069788, "Mg_dest": 26.78173872041451, "IL1b_ineffective": 189.33235173386913, "IL1b_stim": 15.227972726608225, "IL8_favorable": 67.18154717217939, "ALP_M_n": 4.594335535917505, "ARS_M_n": 2.8811141315032778, "ALP_0": 0.9627450709309239, "ARS_0": 0.8915198004255466, "diff_time": 787.7738037925158, "maturity_t": 0.3592253231222117}