{"a_Chen_2018_ALP": 2.5835775050254717, "a_Chen_2018_ARS": 3.2004994012487997, "a_early_diff_stim": 16.97684439831928, "a_early_diff_inhib": 17.11501393093217, "a_late_diff_stim": 0.36767413798176385, "a_late_diff_inhib": 7.33220961324886, "early_diff_slow": 0.20589237862674675, "early_diff_fast": 0.5794864992790199, "early_diff_very_fast": 0.7878209244371694, "late_diff_slow": 0.18305040942726702, "late_diff_fast": 0.6689911750502335, "Mg_stim": 7.351841034390336, "Mg_dest": 33.93314370085903, "IL1b_ineffective": 186.72457909250278, "IL1b_stim": 3.3956845675812044, "IL8_favorable": 14.12035636653291, "ALP_M_n": 4.057782659824189, "ARS_M_n": 1.2723423494655641, "ALP_0": 0.8694957328981072, "ARS_0": 0.1973943199192183, "diff_time": 1061.1066748514004, "maturity_t": 0.3405929647191716}