{"a_Chen_2018_ALP": 9.873604797036467, "a_Chen_2018_ARS": 3.163897062651314, "a_early_diff_stim": 10.168648732035395, "a_early_diff_inhib": 7.389323971084933, "a_late_diff_stim": 1.235531824092341, "a_late_diff_inhib": 5.823108092509937, "early_diff_slow": 0.3886100210481556, "early_diff_fast": 0.6367406804548722, "early_diff_very_fast": 0.9890855766491864, "late_diff_slow": 0.2071575611621691, "late_diff_fast": 0.8435248099376248, "Mg_stim": 3.6161041985132165, "Mg_dest": 34.522698261951696, "IL1b_ineffective": 114.41154076618868, "IL1b_stim": 23.798954195646218, "IL8_favorable": 93.12737294312817, "ALP_M_n": 0.8460401110344036, "ARS_M_n": 1.2795264099817667, "ALP_0": 0.08312819551686731, "ARS_0": 0.20104810471405635, "diff_time": 1052.7356309065042, "maturity_t": 0.42842826586886745}