{
    "ALP_M_n": 2.97301121153345,
    "ALP_0": 1.5240602852024565,
    "Mg_stim": 6.458603813769048,
    "Mg_dest": 31.225126571286445,
    "maturity_t": 0.6454379934460502,
    "early_diff_fast": 0.6053660632647148,
    "a_early_diff_stim": 4.575495019846962,
    "diff_time": 377.08895769388266,
    "a_Valles_2020_ALP": 34.14099863244803
}