{
    "ALP_M_n": 3.691853578590855,
    "ALP_0": 1.5060478999580662,
    "Mg_stim": 8.243495010661047,
    "Mg_dest": 37.45301311728487,
    "maturity_t": 0.7191690159874105,
    "early_diff_fast": 0.6405069908792791,
    "a_early_diff_stim": 2.349066472614884,
    "diff_time": 764.7260469359269,
    "a_Valles_2020_ALP": 827.838322878767
}