{
    "ALP_M_n": 3.718890533952063,
    "ALP_0": 1.4003174656514266,
    "Mg_stim": 5.5501166374932005,
    "Mg_dest": 29.165104421171037,
    "maturity_t": 0.4570481466539626,
    "early_diff_fast": 0.5839373977707852,
    "a_early_diff_stim": 6.445810604150538,
    "diff_time": 526.7812276442646,
    "a_Valles_2020_ALP": 532.5065939525969
}