{
    "ALP_M_n": 3.905689438553887,
    "ALP_0": 1.3794650117222718,
    "Mg_stim": 8.547396212170732,
    "Mg_dest": 25.338713959562803,
    "maturity_t": 0.42376411387968044,
    "early_diff_fast": 0.5560176551737195,
    "a_early_diff_stim": 8.229375567960988,
    "diff_time": 568.5462860140194,
    "a_Valles_2020_ALP": 678.708677087437
}