{
    "ALP_M_n": 3.6685774824318917,
    "ALP_0": 1.4093268694409478,
    "Mg_stim": 7.0976231607065925,
    "Mg_dest": 25.68839094865816,
    "maturity_t": 0.4640835326233231,
    "early_diff_fast": 0.5465228996710564,
    "a_early_diff_stim": 10.173633894073435,
    "diff_time": 521.0876473945882,
    "a_Valles_2020_ALP": 457.05419667086403
}