{
    "ALP_M_n": 3.210861606550942,
    "ALP_0": 1.478297181167159,
    "Mg_stim": 8.508128612793548,
    "Mg_dest": 36.54024960478907,
    "maturity_t": 0.5702354400830018,
    "early_diff_fast": 0.5544463778859996,
    "a_early_diff_stim": 8.397567349270524,
    "diff_time": 426.4693372219169,
    "a_Valles_2020_ALP": 410.10155567406184
}