{
    "ALP_M_n": 4.207557095563981,
    "ALP_0": 1.3483443606108687,
    "Mg_stim": 4.395935337735227,
    "Mg_dest": 36.2890928258208,
    "maturity_t": 0.38015823208734334,
    "early_diff_fast": 0.5881720295884675,
    "a_early_diff_stim": 6.355033691061686,
    "diff_time": 634.754270290233,
    "a_Valles_2020_ALP": 437.0950849053991
}