{
    "ALP_M_n": 3.0585984714043004,
    "ALP_0": 1.5063454068870865,
    "Mg_stim": 4.13551762222301,
    "Mg_dest": 37.91916983948218,
    "maturity_t": 0.6166405992427788,
    "early_diff_fast": 0.5700436939553549,
    "a_early_diff_stim": 7.79355033283083,
    "diff_time": 394.3084932007212,
    "a_Valles_2020_ALP": 778.1529275713813
}