{
    "ALP_M_n": 3.1132637951246624,
    "ALP_0": 1.4956473122455793,
    "Mg_stim": 8.242149785689048,
    "Mg_dest": 24.082889682028924,
    "maturity_t": 0.5994602175888712,
    "early_diff_fast": 0.5982404882238157,
    "a_early_diff_stim": 4.481656164833438,
    "diff_time": 405.5668193151317,
    "a_Valles_2020_ALP": 451.5988991533764
}