{
    "ALP_M_n": 3.541680353740123,
    "ALP_0": 1.4253139719180488,
    "Mg_stim": 4.980491873799038,
    "Mg_dest": 38.707410266432234,
    "maturity_t": 0.49049342739667284,
    "early_diff_fast": 0.5775036307176572,
    "a_early_diff_stim": 6.7673579744152725,
    "diff_time": 493.27646709682006,
    "a_Valles_2020_ALP": 583.7042998206263
}