{
    "ALP_M_n": 4.171019166219719,
    "ALP_0": 1.4383834956371688,
    "Mg_stim": 6.994704622776036,
    "Mg_dest": 33.90517755061361,
    "maturity_t": 0.7084467706581054,
    "early_diff_fast": 0.6082390417724424,
    "a_early_diff_stim": 3.162863043948033,
    "diff_time": 919.6366080710262,
    "a_Valles_2020_ALP": 648.4487622214108
}