{
    "ALP_M_n": 3.2493689897494344,
    "ALP_0": 1.4702780942266565,
    "Mg_stim": 4.804408588764058,
    "Mg_dest": 24.032060874580353,
    "maturity_t": 0.5609189639806706,
    "early_diff_fast": 0.5893792700755071,
    "a_early_diff_stim": 7.132222338222295,
    "diff_time": 431.4913016424646,
    "a_Valles_2020_ALP": 390.91030452445585
}