{
    "ALP_M_n": 3.968438995672814,
    "ALP_0": 1.3715690326053342,
    "Mg_stim": 9.30676770909876,
    "Mg_dest": 23.813703042336506,
    "maturity_t": 0.4148702100160457,
    "early_diff_fast": 0.7141737798801352,
    "a_early_diff_stim": 2.3699754688129753,
    "diff_time": 579.4114951279618,
    "a_Valles_2020_ALP": 414.28379335102494
}