{
    "ALP_M_n": 1.679052859305845,
    "ARS_M_n": 0.732467194216347,
    "ALP_0": 0.6036143590627892,
    "ARS_0": 0.2600657409304214,
    "maturity_t": 0.8532327712162062,
    "early_diff_slow": 0.21363069692909292,
    "early_diff_fast": 0.6814795258587015,
    "early_diff_very_fast": 0.9576360276325998,
    "late_diff_slow": 0.26972187418970867,
    "late_diff_fast": 0.7225949870987998,
    "a_early_diff_stim": 2.7741855286240455,
    "a_early_diff_inhib": 14.835455338085524,
    "a_late_diff_stim": 5.922565344094586,
    "a_late_diff_inhib": 16.235834381249106,
    "diff_time": 1009.6162394401356,
    "a_Valles_2020_ALP": 223.28964074384675,
    "a_Valles_2020_ARS": 669.809887455544
}