{
    "ALP_M_n": 1.619015137392939,
    "ARS_M_n": 1.1182186863795867,
    "ALP_0": 0.3871621998194241,
    "ARS_0": 0.2905594011177506,
    "maturity_t": 0.873699545250273,
    "early_diff_slow": 0.236919627304001,
    "early_diff_fast": 0.5754546681313093,
    "early_diff_very_fast": 0.6781772157423354,
    "late_diff_slow": 0.23442433776966265,
    "late_diff_fast": 0.8248492009223879,
    "a_early_diff_stim": 3.5835288799078002,
    "a_early_diff_inhib": 10.542004306671327,
    "a_late_diff_stim": 13.093797811232813,
    "a_late_diff_inhib": 17.063583029674326,
    "diff_time": 824.9806212899035,
    "a_Valles_2020_ALP": 290.8876235960732,
    "a_Valles_2020_ARS": 614.2838930428786
}