{
    "ALP_M_n": 2.055450919086339,
    "ARS_M_n": 0.25129607706925405,
    "ALP_0": 0.5524418282547181,
    "ARS_0": 0.7265840282644476,
    "maturity_t": 0.7968930185961769,
    "early_diff_slow": 0.29636985092287177,
    "early_diff_fast": 0.6294373696955915,
    "early_diff_very_fast": 0.8978220055499672,
    "late_diff_slow": 0.1867338608049296,
    "late_diff_fast": 0.8625108118284294,
    "a_early_diff_stim": 2.1294258662758034,
    "a_early_diff_inhib": 10.174752508937338,
    "a_late_diff_stim": 11.483564229501456,
    "a_late_diff_inhib": 15.505996590892735,
    "diff_time": 920.6294087591266,
    "a_Valles_2020_ALP": 235.5330268560121,
    "a_Valles_2020_ARS": 549.8512094382284
}