{
    "ALP_M_n": 2.732492321872227,
    "ARS_M_n": 1.1341847052253433,
    "ALP_0": 1.0700363110256537,
    "ARS_0": 0.5412517628393554,
    "maturity_t": 0.7750104839587297,
    "early_diff_slow": 0.1619540909967966,
    "early_diff_fast": 0.6788060135237342,
    "early_diff_very_fast": 0.8980180196735078,
    "late_diff_slow": 0.24369924121930228,
    "late_diff_fast": 0.8034294957297281,
    "a_early_diff_stim": 1.9656483522832187,
    "a_early_diff_inhib": 1.8185627069773265,
    "a_late_diff_stim": 8.513747254442077,
    "a_late_diff_inhib": 3.502572705817604,
    "diff_time": 999.1388143621468,
    "a_Valles_2020_ALP": 78.77459128276621,
    "a_Valles_2020_ARS": 520.3914335108332
}