{
    "ALP_M_n": 1.230057647002739,
    "ARS_M_n": 0.8756865657570584,
    "ALP_0": 0.10961346630436386,
    "ARS_0": 0.35152597088504806,
    "maturity_t": 0.6631303974697282,
    "early_diff_slow": 0.22787748481014625,
    "early_diff_fast": 0.5202368919642619,
    "early_diff_very_fast": 0.841991552427135,
    "late_diff_slow": 0.10628110120499734,
    "late_diff_fast": 0.7978577222344181,
    "a_early_diff_stim": 15.530477042400912,
    "a_early_diff_inhib": 7.4486404634384,
    "a_late_diff_stim": 18.286023476429055,
    "a_late_diff_inhib": 8.244318649223715,
    "diff_time": 1072.9704033912226,
    "a_Valles_2020_ALP": 576.7033592179916,
    "a_Valles_2020_ARS": 640.6276312103968
}