{
    "ALP_M_n": 1.1575532056582327,
    "ARS_M_n": 1.3710357630234873,
    "ALP_0": 0.20701728549915216,
    "ARS_0": 1.1888089629844427,
    "maturity_t": 0.7814832674375302,
    "early_diff_slow": 0.1610314149545112,
    "early_diff_fast": 0.5294312589219647,
    "early_diff_very_fast": 0.7391332105559602,
    "late_diff_slow": 0.2728180745103162,
    "late_diff_fast": 0.7556896168708426,
    "a_early_diff_stim": 11.93850190719543,
    "a_early_diff_inhib": 10.828541294204499,
    "a_late_diff_stim": 19.79252346140172,
    "a_late_diff_inhib": 6.950482653315291,
    "diff_time": 1040.6808115860617,
    "a_Valles_2020_ALP": 417.16377450692767,
    "a_Valles_2020_ARS": 271.5836177637763
}