{
    "ALP_M_n": 1.7522774903837746,
    "ARS_M_n": 0.9728152384580947,
    "ALP_0": 0.572956517761243,
    "ARS_0": 0.613334684506845,
    "maturity_t": 0.9134186050234206,
    "early_diff_slow": 0.2522812798082037,
    "early_diff_fast": 0.5222321902220073,
    "early_diff_very_fast": 0.8026150698443801,
    "late_diff_slow": 0.37095955417340215,
    "late_diff_fast": 0.8057301290568643,
    "a_early_diff_stim": 17.490103652316712,
    "a_early_diff_inhib": 6.40877838294905,
    "a_late_diff_stim": 2.231670946987734,
    "a_late_diff_inhib": 9.138777334845145,
    "diff_time": 839.2933497429624,
    "a_Valles_2020_ALP": 209.7221189852029,
    "a_Valles_2020_ARS": 455.50086046337105
}