{
    "ALP_M_n": 1.8084406239022983,
    "ARS_M_n": 1.455562193212159,
    "ALP_0": 0.51812163048924,
    "ARS_0": 0.978743751676428,
    "maturity_t": 0.75365516310767,
    "early_diff_slow": 0.33086567185504256,
    "early_diff_fast": 0.6364442262649916,
    "early_diff_very_fast": 0.7729167410917764,
    "late_diff_slow": 0.30230464266983714,
    "late_diff_fast": 0.8338056326679162,
    "a_early_diff_stim": 2.5670627015107446,
    "a_early_diff_inhib": 0.17513316445762694,
    "a_late_diff_stim": 0.8491032374509104,
    "a_late_diff_inhib": 0.09232532008510708,
    "diff_time": 1031.716265922687,
    "a_Valles_2020_ALP": 271.9119903323059,
    "a_Valles_2020_ARS": 314.77879205190095
}