{
    "ALP_M_n": 1.5371230339481552,
    "ARS_M_n": 0.7271061242130579,
    "ALP_0": 0.4367058820131698,
    "ARS_0": 0.2823532728040563,
    "maturity_t": 0.8154937356591484,
    "early_diff_slow": 0.3746293035628535,
    "early_diff_fast": 0.5815962673315591,
    "early_diff_very_fast": 0.6920701648983332,
    "late_diff_slow": 0.3187169660883146,
    "late_diff_fast": 0.6895957705686121,
    "a_early_diff_stim": 6.375097212049032,
    "a_early_diff_inhib": 14.915979768806764,
    "a_late_diff_stim": 8.765346615358226,
    "a_late_diff_inhib": 13.558020386649458,
    "diff_time": 1077.6816898359011,
    "a_Valles_2020_ALP": 312.19427067091726,
    "a_Valles_2020_ARS": 671.5221967331127
}