{
    "ALP_M_n": 2.1668157285613616,
    "ARS_M_n": 1.2472155430205971,
    "ALP_0": 0.44983427810616483,
    "ARS_0": 2.1986505447220046,
    "maturity_t": 0.7356194793700055,
    "early_diff_slow": 0.11724674757677936,
    "early_diff_fast": 0.7012948564886061,
    "early_diff_very_fast": 0.7278540176334006,
    "late_diff_slow": 0.3963195393972661,
    "late_diff_fast": 0.7357073730196843,
    "a_early_diff_stim": 5.246292537207391,
    "a_early_diff_inhib": 14.852775377993572,
    "a_late_diff_stim": 8.70959975545758,
    "a_late_diff_inhib": 9.106550032209476,
    "diff_time": 738.1372510415661,
    "a_Valles_2020_ALP": 248.1276010578683,
    "a_Valles_2020_ARS": 146.93610518550332
}