{
    "ALP_M_n": 3.123421501856672,
    "ARS_M_n": 1.363303305233441,
    "ALP_0": 0.6271839813965963,
    "ARS_0": 0.8905924508747247,
    "maturity_t": 0.5376650257989889,
    "early_diff_slow": 0.1012817303596664,
    "early_diff_fast": 0.6058426768215137,
    "early_diff_very_fast": 0.9954238021051797,
    "late_diff_slow": 0.28212246275747205,
    "late_diff_fast": 0.6580462224628264,
    "a_early_diff_stim": 2.571407954115345,
    "a_early_diff_inhib": 7.647062233930439,
    "a_late_diff_stim": 4.160190759820841,
    "a_late_diff_inhib": 18.30433004421144,
    "diff_time": 1018.039032030064,
    "a_Valles_2020_ALP": 229.25758384385384,
    "a_Valles_2020_ARS": 351.63266434805604
}