{
    "ALP_M_n": 3.7732031439405036,
    "ARS_M_n": 1.2464658087566876,
    "ALP_0": 0.6233156734412613,
    "ARS_0": 0.37012716952527014,
    "maturity_t": 0.6092320522154171,
    "early_diff_slow": 0.271671566126734,
    "early_diff_fast": 0.702770148126062,
    "early_diff_very_fast": 0.848875507428616,
    "late_diff_slow": 0.17446768971560256,
    "late_diff_fast": 0.6993729745835016,
    "a_early_diff_stim": 0.9788072141057718,
    "a_early_diff_inhib": 13.289318473593488,
    "a_late_diff_stim": 5.742020538066132,
    "a_late_diff_inhib": 13.247216242574781,
    "diff_time": 863.2732462656575,
    "a_Valles_2020_ALP": 190.81863916988297,
    "a_Valles_2020_ARS": 583.2943313618548
}