{
    "ALP_M_n": 1.887832327507509,
    "ARS_M_n": 2.139546401596613,
    "ALP_0": 0.2493850013013041,
    "ARS_0": 0.9456801662237377,
    "maturity_t": 0.7519487878189814,
    "early_diff_slow": 0.2834844381823454,
    "early_diff_fast": 0.7140190925206704,
    "early_diff_very_fast": 0.9742396111628067,
    "late_diff_slow": 0.2854083035765852,
    "late_diff_fast": 0.7743204437318848,
    "a_early_diff_stim": 0.9758053710208108,
    "a_early_diff_inhib": 0.5990319733728154,
    "a_late_diff_stim": 2.8138300623328147,
    "a_late_diff_inhib": 0.6891420946186877,
    "diff_time": 787.7349853323725,
    "a_Valles_2020_ALP": 418.9419279177237,
    "a_Valles_2020_ARS": 204.85335886413054
}