{
    "ALP_M_n": 1.387894391651102,
    "ARS_M_n": 1.2554511275084934,
    "ALP_0": 0.19811375714163493,
    "ARS_0": 0.28624730570469215,
    "maturity_t": 0.8261649895166673,
    "early_diff_slow": 0.23195507366769008,
    "early_diff_fast": 0.5382489076932317,
    "early_diff_very_fast": 0.7632760230577332,
    "late_diff_slow": 0.1529544316716746,
    "late_diff_fast": 0.6592021845982337,
    "a_early_diff_stim": 7.483069926797664,
    "a_early_diff_inhib": 2.761686494156618,
    "a_late_diff_stim": 16.484538881583944,
    "a_late_diff_inhib": 9.318534991351523,
    "diff_time": 856.582906818103,
    "a_Valles_2020_ALP": 407.19153754632475,
    "a_Valles_2020_ARS": 632.3758542511048
}