{
    "ALP_M_n": 1.6882832908931176,
    "ARS_M_n": 1.0522307503910808,
    "ALP_0": 0.8336354574370799,
    "ARS_0": 1.572024697129886,
    "maturity_t": 1.0,
    "early_diff_slow": 0.17806548942121553,
    "early_diff_fast": 0.5746162684831166,
    "early_diff_very_fast": 0.8639922536340736,
    "late_diff_slow": 0.2240177235221411,
    "late_diff_fast": 0.8307319244181445,
    "a_early_diff_stim": 8.901770255158825,
    "a_early_diff_inhib": 12.797920833518289,
    "a_late_diff_stim": 11.797784363441552,
    "a_late_diff_inhib": 13.956293117371333,
    "diff_time": 969.0723553728985,
    "a_Valles_2020_ALP": 150.90455707971503,
    "a_Valles_2020_ARS": 251.4564962478312
}