{
    "ALP_M_n": 1.598894327746934,
    "ARS_M_n": 1.2051700120138227,
    "ALP_0": 0.41936705262014834,
    "ARS_0": 0.6213820567088131,
    "maturity_t": 0.9190811147655251,
    "early_diff_slow": 0.24407505801781754,
    "early_diff_fast": 0.5947976294591956,
    "early_diff_very_fast": 0.6527424305910401,
    "late_diff_slow": 0.34597663397250056,
    "late_diff_fast": 0.8261739559514307,
    "a_early_diff_stim": 4.12751417433385,
    "a_early_diff_inhib": 17.683625423407392,
    "a_late_diff_stim": 15.686302451749754,
    "a_late_diff_inhib": 12.118511038804032,
    "diff_time": 909.6485813980809,
    "a_Valles_2020_ALP": 292.291923772984,
    "a_Valles_2020_ARS": 450.9687518098188
}