{
    "ALP_M_n": 1.917300961163023,
    "ARS_M_n": 1.8152900184847833,
    "ALP_0": 0.3822726317594592,
    "ARS_0": 1.2011462100135792,
    "maturity_t": 0.6365791459313936,
    "early_diff_slow": 0.398506720493665,
    "early_diff_fast": 0.6092281113311673,
    "early_diff_very_fast": 0.7867574207934369,
    "late_diff_slow": 0.1803235524321941,
    "late_diff_fast": 0.6367029486710674,
    "a_early_diff_stim": 2.688926525566416,
    "a_early_diff_inhib": 14.594396104674935,
    "a_late_diff_stim": 16.78322716834396,
    "a_late_diff_inhib": 7.755171073938639,
    "diff_time": 985.2665363163408,
    "a_Valles_2020_ALP": 372.1898094829554,
    "a_Valles_2020_ARS": 207.09576817248873
}