{
    "ALP_M_n": 1.4594477248670263,
    "ARS_M_n": 0.8770119876076165,
    "ALP_0": 0.16295043672390302,
    "ARS_0": 0.20993206465301475,
    "maturity_t": 0.6249448801962518,
    "early_diff_slow": 0.2601320359952671,
    "early_diff_fast": 0.5361272148487106,
    "early_diff_very_fast": 0.8756386083347977,
    "late_diff_slow": 0.20237455026581963,
    "late_diff_fast": 0.6140115103719855,
    "a_early_diff_stim": 7.519925004940591,
    "a_early_diff_inhib": 3.58409429842749,
    "a_late_diff_stim": 8.447284710263363,
    "a_late_diff_inhib": 0.48675159510278476,
    "diff_time": 988.4705199696649,
    "a_Valles_2020_ALP": 545.4316682595335,
    "a_Valles_2020_ARS": 726.6229341301374
}