{
    "ALP_M_n": 1.2593403764697684,
    "ARS_M_n": 1.4586511943815252,
    "ALP_0": 0.1116076003954722,
    "ARS_0": 0.8714490929861017,
    "maturity_t": 0.7117188579034508,
    "early_diff_slow": 0.3308139040140258,
    "early_diff_fast": 0.5958494709496709,
    "early_diff_very_fast": 0.721959495646616,
    "late_diff_slow": 0.242785284969446,
    "late_diff_fast": 0.7331447450890058,
    "a_early_diff_stim": 3.0956562332951596,
    "a_early_diff_inhib": 0.5310511409996612,
    "a_late_diff_stim": 1.9601525022572743,
    "a_late_diff_inhib": 0.14978111553603646,
    "diff_time": 973.4823539801166,
    "a_Valles_2020_ALP": 536.503475701149,
    "a_Valles_2020_ARS": 340.50930015690545
}