{
    "ALP_M_n": 3.288697295688806,
    "ARS_M_n": 1.4103187953535674,
    "ALP_0": 0.59683543483011,
    "ARS_0": 0.47112539496445255,
    "maturity_t": 0.7373787505802332,
    "early_diff_slow": 0.1511972683107141,
    "early_diff_fast": 0.6885825961928402,
    "early_diff_very_fast": 0.797984909085742,
    "late_diff_slow": 0.3518909970717399,
    "late_diff_fast": 0.7855889528206625,
    "a_early_diff_stim": 1.1607184566091753,
    "a_early_diff_inhib": 0.7968496832882173,
    "a_late_diff_stim": 3.4087833641762466,
    "a_late_diff_inhib": 0.06012325405165614,
    "diff_time": 976.0972954157847,
    "a_Valles_2020_ALP": 244.2606434760447,
    "a_Valles_2020_ARS": 559.808562683384
}