{
    "ALP_M_n": 2.3907006059830556,
    "ARS_M_n": 1.7571104033923992,
    "ALP_0": 0.41288759832041144,
    "ARS_0": 0.8254410531213505,
    "maturity_t": 0.7261724309502581,
    "early_diff_slow": 0.38511295960773034,
    "early_diff_fast": 0.5286760670977174,
    "early_diff_very_fast": 0.9025818416331992,
    "late_diff_slow": 0.30839346815452084,
    "late_diff_fast": 0.6249892676897856,
    "a_early_diff_stim": 9.617940860047906,
    "a_early_diff_inhib": 12.661736999410833,
    "a_late_diff_stim": 0.158915413551302,
    "a_late_diff_inhib": 15.4775777287022,
    "diff_time": 795.344330150444,
    "a_Valles_2020_ALP": 307.6678482285949,
    "a_Valles_2020_ARS": 281.50017450067776
}