{
    "ALP_M_n": 1.6525899168140168,
    "ARS_M_n": 0.008809982789937347,
    "ALP_0": 0.2106049286038935,
    "ARS_0": 9.346208237138445,
    "maturity_t": 0.8844217720199659,
    "early_diff_slow": 0.13017874881067384,
    "early_diff_fast": 0.5825656951436745,
    "early_diff_very_fast": 0.9154176998035971,
    "late_diff_slow": 0.189622796968758,
    "late_diff_fast": 0.8309539829919105,
    "a_early_diff_stim": 2.4945424963675262,
    "a_early_diff_inhib": 16.455179990125284,
    "a_late_diff_stim": 1.0092769665552286,
    "a_late_diff_inhib": 15.93714775960596,
    "diff_time": 688.0387046905294,
    "a_Valles_2020_ALP": 361.4908013374654,
    "a_Valles_2020_ARS": 541.0462373118066
}