{
    "ALP_M_n": 5.56159739851135,
    "ARS_M_n": 1.9619687688133194,
    "ALP_0": 0.6577506775616732,
    "ARS_0": 0.8495249206037411,
    "maturity_t": 0.5806551274005,
    "early_diff_slow": 0.18214309017006025,
    "early_diff_fast": 0.6910760537318917,
    "early_diff_very_fast": 0.9730572958267699,
    "late_diff_slow": 0.31186513603688637,
    "late_diff_fast": 0.8759128032869365,
    "a_early_diff_stim": 1.7384032518472947,
    "a_early_diff_inhib": 15.796227944977993,
    "a_late_diff_stim": 14.582922402302804,
    "a_late_diff_inhib": 3.703473977870928,
    "diff_time": 726.9067946798738,
    "a_Valles_2020_ALP": 106.56179753672804,
    "a_Valles_2020_ARS": 222.90637711965462
}