{
    "ALP_M_n": 2.2632237655673815,
    "ARS_M_n": 1.4689349595808956,
    "ALP_0": 0.4614358836368959,
    "ARS_0": 1.4410653599659324,
    "maturity_t": 0.649508773545916,
    "early_diff_slow": 0.36128311346783815,
    "early_diff_fast": 0.5233470369786242,
    "early_diff_very_fast": 0.6359213043077387,
    "late_diff_slow": 0.12318514534318376,
    "late_diff_fast": 0.621088422979512,
    "a_early_diff_stim": 13.060292281168225,
    "a_early_diff_inhib": 4.4554892862356565,
    "a_late_diff_stim": 6.606679896341379,
    "a_late_diff_inhib": 6.2187567477553785,
    "diff_time": 991.0711653907147,
    "a_Valles_2020_ALP": 331.0069428085462,
    "a_Valles_2020_ARS": 206.32911604243972
}