{
    "ALP_M_n": 1.4245669573255824,
    "ARS_M_n": 1.3538937116054504,
    "ALP_0": 0.3876884194302498,
    "ARS_0": 0.7805790601854734,
    "maturity_t": 0.8355119340339447,
    "early_diff_slow": 0.35552135574941346,
    "early_diff_fast": 0.5434775478307206,
    "early_diff_very_fast": 0.8494922458987372,
    "late_diff_slow": 0.21467245087576167,
    "late_diff_fast": 0.7625816471829667,
    "a_early_diff_stim": 8.268222663561614,
    "a_early_diff_inhib": 11.875964868120244,
    "a_late_diff_stim": 5.948876999340163,
    "a_late_diff_inhib": 14.07259637935481,
    "diff_time": 991.4415381246719,
    "a_Valles_2020_ALP": 315.2298826674404,
    "a_Valles_2020_ARS": 389.2114499949987
}