{
    "ALP_M_n": 2.6179371944600605,
    "ARS_M_n": 1.1577174920233275,
    "ALP_0": 0.8030190347074054,
    "ARS_0": 0.6809302048270345,
    "maturity_t": 0.6810700648700959,
    "early_diff_slow": 0.3312534172268652,
    "early_diff_fast": 0.5958422927757027,
    "early_diff_very_fast": 0.7598077312576019,
    "late_diff_slow": 0.2989355420253892,
    "late_diff_fast": 0.8472490280430063,
    "a_early_diff_stim": 4.3688606318240675,
    "a_early_diff_inhib": 7.539262175424771,
    "a_late_diff_stim": 11.307306660493017,
    "a_late_diff_inhib": 12.674005858251027,
    "diff_time": 1067.2821587058122,
    "a_Valles_2020_ALP": 149.40935286824094,
    "a_Valles_2020_ARS": 465.8494631241674
}