{
    "ALP_M_n": 1.057122867241173,
    "ARS_M_n": 1.491156540504368,
    "ALP_0": 0.17578643916918588,
    "ARS_0": 1.1726012410125035,
    "maturity_t": 0.962366852482007,
    "early_diff_slow": 0.36547097803678485,
    "early_diff_fast": 0.5637611682259269,
    "early_diff_very_fast": 0.8463820479132846,
    "late_diff_slow": 0.2662838878318126,
    "late_diff_fast": 0.7657091179359717,
    "a_early_diff_stim": 5.7872818855736945,
    "a_early_diff_inhib": 15.947343534867569,
    "a_late_diff_stim": 11.525257631638723,
    "a_late_diff_inhib": 8.635068258572046,
    "diff_time": 864.8128592672251,
    "a_Valles_2020_ALP": 366.30107212391977,
    "a_Valles_2020_ARS": 237.53988835389669
}