{
    "ALP_M_n": 1.9982125109006514,
    "ARS_M_n": 2.2645497318186005,
    "ALP_0": 0.4553930806861956,
    "ARS_0": 1.1886242575340633,
    "maturity_t": 0.9261371525541511,
    "early_diff_slow": 0.2681945556529679,
    "early_diff_fast": 0.5895824761326374,
    "early_diff_very_fast": 0.6319490858338215,
    "late_diff_slow": 0.1078773496287595,
    "late_diff_fast": 0.6314566592203212,
    "a_early_diff_stim": 3.172431213627581,
    "a_early_diff_inhib": 6.5423590456866085,
    "a_late_diff_stim": 7.1117903245249074,
    "a_late_diff_inhib": 11.321253340494653,
    "diff_time": 808.3671558541117,
    "a_Valles_2020_ALP": 263.53654355872055,
    "a_Valles_2020_ARS": 140.94833359280352
}