{
    "ALP_M_n": 1.6034296608474041,
    "ARS_M_n": 1.6648654260390765,
    "ALP_0": 0.37946556472705567,
    "ARS_0": 1.8400652322198068,
    "maturity_t": 0.7700420919471235,
    "early_diff_slow": 0.2517518060575942,
    "early_diff_fast": 0.5587944445101583,
    "early_diff_very_fast": 0.9294042342614515,
    "late_diff_slow": 0.2877762032223167,
    "late_diff_fast": 0.7597302317870944,
    "a_early_diff_stim": 7.46885428622587,
    "a_early_diff_inhib": 5.979075819695994,
    "a_late_diff_stim": 10.256201143232431,
    "a_late_diff_inhib": 9.179029112279236,
    "diff_time": 976.2119173087979,
    "a_Valles_2020_ALP": 335.9205626841543,
    "a_Valles_2020_ARS": 132.01740645496164
}