{
    "ALP_M_n": 1.3070657405890245,
    "ARS_M_n": 0.6538022173639776,
    "ALP_0": 0.27607176782068577,
    "ARS_0": 1.4627286878253498,
    "maturity_t": 0.9454057262645652,
    "early_diff_slow": 0.20548901428195332,
    "early_diff_fast": 0.6367291972392134,
    "early_diff_very_fast": 0.8677099626895142,
    "late_diff_slow": 0.161940715211804,
    "late_diff_fast": 0.8486045271532101,
    "a_early_diff_stim": 2.792773304346423,
    "a_early_diff_inhib": 19.857710927450707,
    "a_late_diff_stim": 7.319625221014995,
    "a_late_diff_inhib": 7.806905932775242,
    "diff_time": 807.0493466055682,
    "a_Valles_2020_ALP": 323.363651642888,
    "a_Valles_2020_ARS": 347.15448973297515
}