{
    "ALP_M_n": 1.7153671385790488,
    "ARS_M_n": 1.9527203755999973,
    "ALP_0": 0.6631107072723126,
    "ARS_0": 1.8197065778702097,
    "maturity_t": 0.9078892730063414,
    "early_diff_slow": 0.11840796404825407,
    "early_diff_fast": 0.5535181627489729,
    "early_diff_very_fast": 0.9909814158164235,
    "late_diff_slow": 0.26806871867432275,
    "late_diff_fast": 0.7590773318816078,
    "a_early_diff_stim": 10.339696250676441,
    "a_early_diff_inhib": 14.029419920808142,
    "a_late_diff_stim": 14.433801003110183,
    "a_late_diff_inhib": 10.366827872725459,
    "diff_time": 945.2061099699766,
    "a_Valles_2020_ALP": 193.66186894749617,
    "a_Valles_2020_ARS": 103.13532660245266
}