{
    "ALP_M_n": 2.8823056119924093,
    "ARS_M_n": 2.6105210079384733,
    "ALP_0": 0.4796435983089946,
    "ARS_0": 0.9819155076718928,
    "maturity_t": 0.6976043880048854,
    "early_diff_slow": 0.21296692190895777,
    "early_diff_fast": 0.5187270101297194,
    "early_diff_very_fast": 0.9867044603894954,
    "late_diff_slow": 0.10592474620793157,
    "late_diff_fast": 0.7028332680655401,
    "a_early_diff_stim": 7.851831832728051,
    "a_early_diff_inhib": 12.961416676321036,
    "a_late_diff_stim": 12.713969363757343,
    "a_late_diff_inhib": 9.182649271592174,
    "diff_time": 770.5321246673094,
    "a_Valles_2020_ALP": 272.9553719920111,
    "a_Valles_2020_ARS": 150.79764562053623
}