{
    "ALP_M_n": 1.399448633847392,
    "ARS_M_n": 1.2302301459600002,
    "ALP_0": 0.3931981776815814,
    "ARS_0": 0.4886639432142541,
    "maturity_t": 0.9326874032549272,
    "early_diff_slow": 0.17224222727428237,
    "early_diff_fast": 0.6309761794692929,
    "early_diff_very_fast": 0.8979637283800668,
    "late_diff_slow": 0.35479215231754924,
    "late_diff_fast": 0.6773897987689707,
    "a_early_diff_stim": 3.0783792676123305,
    "a_early_diff_inhib": 8.546882834348576,
    "a_late_diff_stim": 11.745617706442733,
    "a_late_diff_inhib": 17.61255898597777,
    "diff_time": 826.9753733207365,
    "a_Valles_2020_ALP": 273.8055465626404,
    "a_Valles_2020_ARS": 489.9292939870145
}