{
    "ALP_M_n": 1.6607942273608436,
    "ARS_M_n": 1.211990298078373,
    "ALP_0": 0.42589301789256523,
    "ARS_0": 0.639250944330418,
    "maturity_t": 0.7658982990595485,
    "early_diff_slow": 0.27905722451656056,
    "early_diff_fast": 0.5732627381551414,
    "early_diff_very_fast": 0.8562978227326554,
    "late_diff_slow": 0.12315129118263538,
    "late_diff_fast": 0.8839184684902949,
    "a_early_diff_stim": 4.273083385183241,
    "a_early_diff_inhib": 10.899572882627758,
    "a_late_diff_stim": 8.019811921173153,
    "a_late_diff_inhib": 14.218757534423094,
    "diff_time": 998.4754780989706,
    "a_Valles_2020_ALP": 313.83092172713293,
    "a_Valles_2020_ARS": 466.9503785315852
}