{
    "ALP_M_n": 2.8657939523674565,
    "ARS_M_n": 1.4549763304011287,
    "ALP_0": 0.9293502617209883,
    "ARS_0": 0.6231934202385235,
    "maturity_t": 0.7751749202607395,
    "early_diff_slow": 0.3663589077277406,
    "early_diff_fast": 0.571170644601851,
    "early_diff_very_fast": 0.8988607316264142,
    "late_diff_slow": 0.38125253378215196,
    "late_diff_fast": 0.7852030235936241,
    "a_early_diff_stim": 3.710115753246901,
    "a_early_diff_inhib": 11.2946737923986,
    "a_late_diff_stim": 3.8195300608912044,
    "a_late_diff_inhib": 2.5754159688977847,
    "diff_time": 869.6084426528756,
    "a_Valles_2020_ALP": 91.1006734749478,
    "a_Valles_2020_ARS": 420.0830299835617
}