{
    "ALP_M_n": 1.3244773682638806,
    "ARS_M_n": 0.6847900342150076,
    "ALP_0": 0.419819360064161,
    "ARS_0": 0.2315908374024458,
    "maturity_t": 0.8773879194390712,
    "early_diff_slow": 0.22686657695385715,
    "early_diff_fast": 0.5422596959958133,
    "early_diff_very_fast": 0.6208463507125961,
    "late_diff_slow": 0.31221462263051747,
    "late_diff_fast": 0.6782248707119894,
    "a_early_diff_stim": 10.943790000273298,
    "a_early_diff_inhib": 4.014051224136832,
    "a_late_diff_stim": 17.58233072166268,
    "a_late_diff_inhib": 3.7223447808962895,
    "diff_time": 1046.6636793869093,
    "a_Valles_2020_ALP": 297.55751834350076,
    "a_Valles_2020_ARS": 689.4305980999801
}