{
    "ALP_M_n": 2.819246335657745,
    "ARS_M_n": 1.2663283660067786,
    "ALP_0": 0.460850317448251,
    "ARS_0": 0.5101360015382743,
    "maturity_t": 0.6250648354345836,
    "early_diff_slow": 0.3456490069579728,
    "early_diff_fast": 0.5582825100187019,
    "early_diff_very_fast": 0.7788252669380764,
    "late_diff_slow": 0.33276596033416134,
    "late_diff_fast": 0.7738406340962853,
    "a_early_diff_stim": 4.204135798055941,
    "a_early_diff_inhib": 0.31631048657853,
    "a_late_diff_stim": 5.804524725933788,
    "a_late_diff_inhib": 15.89239291470916,
    "diff_time": 898.8819405980606,
    "a_Valles_2020_ALP": 332.913463154814,
    "a_Valles_2020_ARS": 504.342253380865
}