{
    "ALP_M_n": 1.6524562516893802,
    "ARS_M_n": 1.0938226432203795,
    "ALP_0": 0.525080928876015,
    "ARS_0": 0.5862501926395052,
    "maturity_t": 0.796477274584765,
    "early_diff_slow": 0.23523240261082815,
    "early_diff_fast": 0.6076531260429117,
    "early_diff_very_fast": 0.706686643995363,
    "late_diff_slow": 0.19795954532811727,
    "late_diff_fast": 0.8966686070483934,
    "a_early_diff_stim": 3.6421413840008796,
    "a_early_diff_inhib": 0.5626180005607332,
    "a_late_diff_stim": 0.4283193785772772,
    "a_late_diff_inhib": 0.9128185869592658,
    "diff_time": 1055.1781269592404,
    "a_Valles_2020_ALP": 264.9482542254995,
    "a_Valles_2020_ARS": 513.1541367772968
}