{
    "ALP_M_n": 2.8273091432345456,
    "ARS_M_n": 0.9965439358192366,
    "ALP_0": 1.37919255887908,
    "ARS_0": 0.7680840089173859,
    "maturity_t": 0.9289573419596436,
    "early_diff_slow": 0.2581878010820576,
    "early_diff_fast": 0.6347153712911058,
    "early_diff_very_fast": 0.7834630336727468,
    "late_diff_slow": 0.317572159229326,
    "late_diff_fast": 0.8552821243076549,
    "a_early_diff_stim": 3.052418507386924,
    "a_early_diff_inhib": 11.88345187260075,
    "a_late_diff_stim": 2.7156388170587995,
    "a_late_diff_inhib": 13.842104688503639,
    "diff_time": 1039.0477913720606,
    "a_Valles_2020_ALP": 44.4250561116805,
    "a_Valles_2020_ARS": 436.2374101427936
}