{
    "ALP_M_n": 1.4792120902447432,
    "ARS_M_n": 0.9529778501575558,
    "ALP_0": 0.1285769101408886,
    "ARS_0": 0.20522459646087932,
    "maturity_t": 0.6995597681647155,
    "early_diff_slow": 0.20044474150083924,
    "early_diff_fast": 0.5207581374407427,
    "early_diff_very_fast": 0.9561743328259615,
    "late_diff_slow": 0.3426975471161417,
    "late_diff_fast": 0.735061021618548,
    "a_early_diff_stim": 10.245438490770464,
    "a_early_diff_inhib": 13.194895437684984,
    "a_late_diff_stim": 2.3696679410142956,
    "a_late_diff_inhib": 11.790999373453763,
    "diff_time": 911.8287124619094,
    "a_Valles_2020_ALP": 562.466263026096,
    "a_Valles_2020_ARS": 712.253019892929
}