{
    "ALP_M_n": 3.8955094237838366,
    "ARS_M_n": 1.5470682572106047,
    "ALP_0": 0.45894433835448323,
    "ARS_0": 0.8885022544422901,
    "maturity_t": 0.46413099739997143,
    "early_diff_slow": 0.1189895162615986,
    "early_diff_fast": 0.5181422189729402,
    "early_diff_very_fast": 0.7128361336692928,
    "late_diff_slow": 0.18650184838808836,
    "late_diff_fast": 0.7412330372632151,
    "a_early_diff_stim": 8.89174098336041,
    "a_early_diff_inhib": 11.35937987618026,
    "a_late_diff_stim": 18.95229289281712,
    "a_late_diff_inhib": 17.86818494303516,
    "diff_time": 1069.5836504846382,
    "a_Valles_2020_ALP": 545.5342128873428,
    "a_Valles_2020_ARS": 332.055054183877
}