{
    "ALP_M_n": 2.628798073347639,
    "ARS_M_n": 1.5776589782794137,
    "ALP_0": 0.4002829592224308,
    "ARS_0": 0.7499224714311289,
    "maturity_t": 0.6307128947949049,
    "early_diff_slow": 0.22686820687662168,
    "early_diff_fast": 0.5466291168812938,
    "early_diff_very_fast": 0.9277167113175393,
    "late_diff_slow": 0.1373964862690656,
    "late_diff_fast": 0.836417631024575,
    "a_early_diff_stim": 5.103867457666686,
    "a_early_diff_inhib": 9.6997723138519,
    "a_late_diff_stim": 5.898642427174735,
    "a_late_diff_inhib": 11.89135970140063,
    "diff_time": 890.7374994760811,
    "a_Valles_2020_ALP": 387.5777406874403,
    "a_Valles_2020_ARS": 351.6073991137118
}