{
    "ALP_M_n": 1.3247164169393881,
    "ARS_M_n": 0.1311141096719425,
    "ALP_0": 0.2960574952800384,
    "ARS_0": 5.8920289566412105,
    "maturity_t": 0.9668681985638546,
    "early_diff_slow": 0.12594768343446994,
    "early_diff_fast": 0.5895260268595759,
    "early_diff_very_fast": 0.9106617460707507,
    "late_diff_slow": 0.20275770787767614,
    "late_diff_fast": 0.8256256983555572,
    "a_early_diff_stim": 3.598775648598577,
    "a_early_diff_inhib": 12.441344491286056,
    "a_late_diff_stim": 16.25476604765594,
    "a_late_diff_inhib": 19.491724498363073,
    "diff_time": 789.9083305224013,
    "a_Valles_2020_ALP": 308.28504244113594,
    "a_Valles_2020_ARS": 432.97567279858146
}