{
    "ALP_M_n": 1.2177247202360146,
    "ARS_M_n": 2.0293025003812306,
    "ALP_0": 0.3604588029112924,
    "ARS_0": 1.9790314847262849,
    "maturity_t": 0.9307626612752684,
    "early_diff_slow": 0.3692836929157161,
    "early_diff_fast": 0.5668900381398924,
    "early_diff_very_fast": 0.6763129983197371,
    "late_diff_slow": 0.22114136618131688,
    "late_diff_fast": 0.7457673160943307,
    "a_early_diff_stim": 6.72168627488797,
    "a_early_diff_inhib": 0.15622035005763202,
    "a_late_diff_stim": 11.99154942486426,
    "a_late_diff_inhib": 6.823400639989769,
    "diff_time": 983.7057651503818,
    "a_Valles_2020_ALP": 307.7023049106498,
    "a_Valles_2020_ARS": 86.00304288709357
}