{
    "ALP_M_n": 2.4219414917319604,
    "ARS_M_n": 1.0963219319976625,
    "ALP_0": 0.40684002104697203,
    "ARS_0": 0.5546261251590255,
    "maturity_t": 0.5900651549714302,
    "early_diff_slow": 0.23494932330165308,
    "early_diff_fast": 0.6211535517607142,
    "early_diff_very_fast": 0.8600858168062501,
    "late_diff_slow": 0.2237641644549587,
    "late_diff_fast": 0.7888374641857762,
    "a_early_diff_stim": 1.780933442332396,
    "a_early_diff_inhib": 0.2481079230973806,
    "a_late_diff_stim": 3.1497217715004435,
    "a_late_diff_inhib": 0.5024098326256525,
    "diff_time": 1027.4659386955661,
    "a_Valles_2020_ALP": 423.16481432723396,
    "a_Valles_2020_ARS": 524.0046483546848
}