{
    "ALP_M_n": 1.9478023714050337,
    "ARS_M_n": 1.0110927813923354,
    "ALP_0": 0.9994139321069475,
    "ARS_0": 1.1860541463340466,
    "maturity_t": 0.9917678728231135,
    "early_diff_slow": 0.3987755325817022,
    "early_diff_fast": 0.6484185330675343,
    "early_diff_very_fast": 0.9319312363654374,
    "late_diff_slow": 0.25302536131169917,
    "late_diff_fast": 0.8318999517099265,
    "a_early_diff_stim": 2.83793023570554,
    "a_early_diff_inhib": 9.87996957757639,
    "a_late_diff_stim": 7.184553581234651,
    "a_late_diff_inhib": 15.18450449493233,
    "diff_time": 1078.8841613542031,
    "a_Valles_2020_ALP": 118.0489261506065,
    "a_Valles_2020_ARS": 325.69031943574464
}