{
    "ALP_M_n": 1.7178726507162014,
    "ARS_M_n": 1.3179945603545262,
    "ALP_0": 0.34912357863178883,
    "ARS_0": 0.8230165601558306,
    "maturity_t": 0.8465262583286268,
    "early_diff_slow": 0.288130175525112,
    "early_diff_fast": 0.6230411652199178,
    "early_diff_very_fast": 0.7189480717521172,
    "late_diff_slow": 0.23029408563899537,
    "late_diff_fast": 0.775929720976928,
    "a_early_diff_stim": 2.5601342886092664,
    "a_early_diff_inhib": 0.6491100709184072,
    "a_late_diff_stim": 1.029899047740429,
    "a_late_diff_inhib": 0.6263611574687902,
    "diff_time": 1034.8669240334161,
    "a_Valles_2020_ALP": 394.0837909506193,
    "a_Valles_2020_ARS": 385.21067652658235
}