{
    "ALP_M_n": 1.6427323296713223,
    "ARS_M_n": 0.940686190594982,
    "ALP_0": 0.43679383245156395,
    "ARS_0": 0.2937751180418527,
    "maturity_t": 0.8012016730635847,
    "early_diff_slow": 0.1696735636644625,
    "early_diff_fast": 0.5245018469077218,
    "early_diff_very_fast": 0.8846782913563278,
    "late_diff_slow": 0.19482068370394312,
    "late_diff_fast": 0.6418152989650125,
    "a_early_diff_stim": 13.439554119460201,
    "a_early_diff_inhib": 14.598299693157504,
    "a_late_diff_stim": 15.723734786440083,
    "a_late_diff_inhib": 2.1807941490347194,
    "diff_time": 1015.2725089807838,
    "a_Valles_2020_ALP": 308.73999444699314,
    "a_Valles_2020_ARS": 682.5488222040127
}