{
    "ALP_M_n": 1.4483105800063196,
    "ARS_M_n": 0.6928236056039054,
    "ALP_0": 0.9851100552867988,
    "ARS_0": 0.3248695965547128,
    "maturity_t": 0.9482952970218846,
    "early_diff_slow": 0.3677824150810377,
    "early_diff_fast": 0.5852133167664586,
    "early_diff_very_fast": 0.9913445002008552,
    "late_diff_slow": 0.36553136844828216,
    "late_diff_fast": 0.7885560039842994,
    "a_early_diff_stim": 16.3880886414111,
    "a_early_diff_inhib": 16.14867727952148,
    "a_late_diff_stim": 14.39806630005473,
    "a_late_diff_inhib": 17.033306245868296,
    "diff_time": 1025.5754172074771,
    "a_Valles_2020_ALP": 132.69782899570004,
    "a_Valles_2020_ARS": 627.9711679679455
}