{
    "ALP_M_n": 1.5142742066771413,
    "ARS_M_n": 0.8621662150017696,
    "ALP_0": 0.3824233210449386,
    "ARS_0": 0.3176305215230502,
    "maturity_t": 0.7583147506692196,
    "early_diff_slow": 0.3299613552436297,
    "early_diff_fast": 0.5591239180964481,
    "early_diff_very_fast": 0.9826786121442622,
    "late_diff_slow": 0.32934897841546895,
    "late_diff_fast": 0.7522486672988402,
    "a_early_diff_stim": 6.520909512644934,
    "a_early_diff_inhib": 4.076552096948884,
    "a_late_diff_stim": 15.641290699257498,
    "a_late_diff_inhib": 10.547914078331653,
    "diff_time": 1061.781646933446,
    "a_Valles_2020_ALP": 344.0757806880059,
    "a_Valles_2020_ARS": 670.0957920590446
}