{
    "ALP_M_n": 9.871019203151183,
    "ARS_M_n": 2.1543176286275485,
    "ALP_0": 0.5261716300869658,
    "ARS_0": 0.32221936992223166,
    "maturity_t": 0.6095966156725993,
    "early_diff_slow": 0.31042890126770706,
    "early_diff_fast": 0.602621444843153,
    "early_diff_very_fast": 0.6913083578199873,
    "late_diff_slow": 0.32754949051596827,
    "late_diff_fast": 0.6775923422989154,
    "a_early_diff_stim": 0.39935612050902386,
    "a_early_diff_inhib": 13.982229384415847,
    "a_late_diff_stim": 9.96151505344332,
    "a_late_diff_inhib": 11.058692850667043,
    "diff_time": 648.9916086163332,
    "a_Valles_2020_ALP": 130.87488387459118,
    "a_Valles_2020_ARS": 430.5829002199679
}