{
    "ALP_M_n": 1.3496344419101776,
    "ARS_M_n": 1.290873382338841,
    "ALP_0": 0.21756987631268843,
    "ARS_0": 0.44980197709835873,
    "maturity_t": 0.7790193116123254,
    "early_diff_slow": 0.3677457304938276,
    "early_diff_fast": 0.671448995739907,
    "early_diff_very_fast": 0.8537400328704146,
    "late_diff_slow": 0.155585156582579,
    "late_diff_fast": 0.7936603163419726,
    "a_early_diff_stim": 1.8075289693974457,
    "a_early_diff_inhib": 5.862341837282062,
    "a_late_diff_stim": 13.712943267802533,
    "a_late_diff_inhib": 13.545445342209945,
    "diff_time": 922.9567788429559,
    "a_Valles_2020_ALP": 415.6077344629386,
    "a_Valles_2020_ARS": 538.6514584376763
}