{
    "ALP_M_n": 1.610901125085234,
    "ARS_M_n": 1.044822888914522,
    "ALP_0": 0.4669123845796672,
    "ARS_0": 0.17811146313665255,
    "maturity_t": 0.9021895213483351,
    "early_diff_slow": 0.3889456152075097,
    "early_diff_fast": 0.5382335600166134,
    "early_diff_very_fast": 0.8079222863167002,
    "late_diff_slow": 0.31172111258164176,
    "late_diff_fast": 0.8580656630643818,
    "a_early_diff_stim": 8.291278493057273,
    "a_early_diff_inhib": 2.740382489637363,
    "a_late_diff_stim": 11.51972126948902,
    "a_late_diff_inhib": 2.74018443217342,
    "diff_time": 846.4456343115997,
    "a_Valles_2020_ALP": 253.20147993653183,
    "a_Valles_2020_ARS": 709.1986354111475
}