{
    "ALP_M_n": 2.1093020496693864,
    "ARS_M_n": 0.9459700597166352,
    "ALP_0": 1.0655034372799779,
    "ARS_0": 0.35828457988021795,
    "maturity_t": 0.9785589519671163,
    "early_diff_slow": 0.196639933441537,
    "early_diff_fast": 0.6322282660222571,
    "early_diff_very_fast": 0.9345337356040511,
    "late_diff_slow": 0.3225003307139165,
    "late_diff_fast": 0.7138623372141074,
    "a_early_diff_stim": 4.1483941122859544,
    "a_early_diff_inhib": 6.812586603841271,
    "a_late_diff_stim": 19.4936008690038,
    "a_late_diff_inhib": 2.33392299996588,
    "diff_time": 903.9031096265096,
    "a_Valles_2020_ALP": 92.95183806917822,
    "a_Valles_2020_ARS": 582.6647182477116
}