{
    "ALP_M_n": 2.958669456566155,
    "ARS_M_n": 1.2891848274667341,
    "ALP_0": 0.4098955860484856,
    "ARS_0": 0.5511514476517356,
    "maturity_t": 0.5090202751890417,
    "early_diff_slow": 0.3308465401831981,
    "early_diff_fast": 0.5489756594467529,
    "early_diff_very_fast": 0.9709169057671716,
    "late_diff_slow": 0.2528862606851301,
    "late_diff_fast": 0.8488258384085513,
    "a_early_diff_stim": 4.088358932325371,
    "a_early_diff_inhib": 3.8255913974878304,
    "a_late_diff_stim": 6.815457724128042,
    "a_late_diff_inhib": 5.525797769404194,
    "diff_time": 1029.951768860031,
    "a_Valles_2020_ALP": 495.0821635359816,
    "a_Valles_2020_ARS": 517.6651736391765
}