{
    "ALP_M_n": 1.5563994497145228,
    "ARS_M_n": 1.9452942818945769,
    "ALP_0": 0.3362762094548851,
    "ARS_0": 1.2866006716835934,
    "maturity_t": 0.7832763863800473,
    "early_diff_slow": 0.17322465043312493,
    "early_diff_fast": 0.575784731783782,
    "early_diff_very_fast": 0.8436372110844799,
    "late_diff_slow": 0.3102971324565109,
    "late_diff_fast": 0.8913777982221354,
    "a_early_diff_stim": 4.511389746759516,
    "a_early_diff_inhib": 6.409132271829769,
    "a_late_diff_stim": 4.933024852801839,
    "a_late_diff_inhib": 12.510705778914948,
    "diff_time": 936.5281608276692,
    "a_Valles_2020_ALP": 352.3036267616066,
    "a_Valles_2020_ARS": 170.09532587620765
}