{
    "ALP_M_n": 1.8931451734702758,
    "ARS_M_n": 1.3647759869202574,
    "ALP_0": 0.7842766029548026,
    "ARS_0": 1.6398902447802515,
    "maturity_t": 0.837148826057435,
    "early_diff_slow": 0.36205073427757617,
    "early_diff_fast": 0.6400498796590675,
    "early_diff_very_fast": 0.9950267760463243,
    "late_diff_slow": 0.10000380401761177,
    "late_diff_fast": 0.6373362019083555,
    "a_early_diff_stim": 4.216899135882347,
    "a_early_diff_inhib": 8.77717355585348,
    "a_late_diff_stim": 12.770718792192424,
    "a_late_diff_inhib": 5.400602150446524,
    "diff_time": 1077.9327120805565,
    "a_Valles_2020_ALP": 168.22240460667948,
    "a_Valles_2020_ARS": 198.98981951021096
}