{
    "ALP_M_n": 2.34383614297117,
    "ARS_M_n": 1.037847022070876,
    "ALP_0": 1.0670822761262182,
    "ARS_0": 0.504729072006466,
    "maturity_t": 0.8345681452042267,
    "early_diff_slow": 0.2697532730940365,
    "early_diff_fast": 0.5358471163231147,
    "early_diff_very_fast": 0.7442871061519571,
    "late_diff_slow": 0.269503203845243,
    "late_diff_fast": 0.8306555229880908,
    "a_early_diff_stim": 12.861509729689981,
    "a_early_diff_inhib": 13.41009981178522,
    "a_late_diff_stim": 9.120740984677306,
    "a_late_diff_inhib": 8.750243224279735,
    "diff_time": 1054.699898627422,
    "a_Valles_2020_ALP": 93.11351119840519,
    "a_Valles_2020_ARS": 554.6461074729767
}