{
    "ALP_M_n": 3.1688275167167186,
    "ARS_M_n": 0.8611421739820064,
    "ALP_0": 0.7858859093188282,
    "ARS_0": 0.16466983731324888,
    "maturity_t": 0.6646390950727574,
    "early_diff_slow": 0.21578690748013274,
    "early_diff_fast": 0.5536395225613884,
    "early_diff_very_fast": 0.715873641719727,
    "late_diff_slow": 0.2259593620113251,
    "late_diff_fast": 0.7501486945047517,
    "a_early_diff_stim": 4.196193967703009,
    "a_early_diff_inhib": 16.513771151565905,
    "a_late_diff_stim": 12.083157933271904,
    "a_late_diff_inhib": 10.257233774676852,
    "diff_time": 928.5933617288958,
    "a_Valles_2020_ALP": 129.24489726197575,
    "a_Valles_2020_ARS": 740.9835624214879
}