{
    "ALP_M_n": 1.7455063604111984,
    "ARS_M_n": 1.1554037165165447,
    "ALP_0": 0.4144864024348053,
    "ARS_0": 0.6064819351350357,
    "maturity_t": 0.725944081515844,
    "early_diff_slow": 0.39120347918752585,
    "early_diff_fast": 0.5358369360450748,
    "early_diff_very_fast": 0.8944423338429713,
    "late_diff_slow": 0.1553110285197999,
    "late_diff_fast": 0.6724431243040577,
    "a_early_diff_stim": 9.078029760791225,
    "a_early_diff_inhib": 8.518751011973855,
    "a_late_diff_stim": 7.464535291623045,
    "a_late_diff_inhib": 11.756906824833159,
    "diff_time": 1014.9457730668114,
    "a_Valles_2020_ALP": 333.91451943052186,
    "a_Valles_2020_ARS": 491.0756742174761
}