{
    "ALP_M_n": 2.2094108177563565,
    "ARS_M_n": 1.0935468814792795,
    "ALP_0": 0.7326401550432086,
    "ARS_0": 0.30183213100361056,
    "maturity_t": 0.8556761258722452,
    "early_diff_slow": 0.396605928028116,
    "early_diff_fast": 0.5517068945717191,
    "early_diff_very_fast": 0.8049614686948379,
    "late_diff_slow": 0.1140365522429847,
    "late_diff_fast": 0.7514999205445158,
    "a_early_diff_stim": 7.8582933897739755,
    "a_early_diff_inhib": 11.270158776406182,
    "a_late_diff_stim": 5.002330470704131,
    "a_late_diff_inhib": 17.62033108826657,
    "diff_time": 834.520727823562,
    "a_Valles_2020_ALP": 151.11118949109385,
    "a_Valles_2020_ARS": 599.5407922920614
}