{
    "ALP_M_n": 0.8534235643486149,
    "ARS_M_n": 1.5350222470321169,
    "ALP_0": 0.14485509629155746,
    "ARS_0": 1.2843277117090537,
    "maturity_t": 0.913714117384123,
    "early_diff_slow": 0.2300696330746385,
    "early_diff_fast": 0.5574692332241838,
    "early_diff_very_fast": 0.7960363466921928,
    "late_diff_slow": 0.23424706591756594,
    "late_diff_fast": 0.6951257583312122,
    "a_early_diff_stim": 11.605512134235529,
    "a_early_diff_inhib": 13.421858059726116,
    "a_late_diff_stim": 15.673477107598313,
    "a_late_diff_inhib": 0.4952848647995758,
    "diff_time": 977.8446710619683,
    "a_Valles_2020_ALP": 368.62486224128776,
    "a_Valles_2020_ARS": 218.84307923736077
}