{
    "ALP_M_n": 2.5200511482340247,
    "ARS_M_n": 1.8227532214580204,
    "ALP_0": 0.2861997291258156,
    "ARS_0": 1.7794352070115678,
    "maturity_t": 0.6024441475097797,
    "early_diff_slow": 0.24637534129417152,
    "early_diff_fast": 0.5290793036481488,
    "early_diff_very_fast": 0.6690395211546146,
    "late_diff_slow": 0.24676425283750206,
    "late_diff_fast": 0.7048135511746626,
    "a_early_diff_stim": 7.818708471083062,
    "a_early_diff_inhib": 5.225415432243757,
    "a_late_diff_stim": 15.534366442836067,
    "a_late_diff_inhib": 5.176515118903624,
    "diff_time": 791.7320795167897,
    "a_Valles_2020_ALP": 473.6082731877288,
    "a_Valles_2020_ARS": 103.48558359322959
}