{
    "ALP_M_n": 1.2104226347370177,
    "ARS_M_n": 1.7445804483832426,
    "ALP_0": 0.23652540027329103,
    "ARS_0": 1.3002454818908709,
    "maturity_t": 0.8885783398976418,
    "early_diff_slow": 0.1747540360176239,
    "early_diff_fast": 0.5495519177932179,
    "early_diff_very_fast": 0.9674934824459394,
    "late_diff_slow": 0.2729739863595641,
    "late_diff_fast": 0.7781953513466197,
    "a_early_diff_stim": 8.439477960352177,
    "a_early_diff_inhib": 11.34959833643499,
    "a_late_diff_stim": 14.75581842070774,
    "a_late_diff_inhib": 10.82860695523491,
    "diff_time": 901.219883812936,
    "a_Valles_2020_ALP": 364.15363245241633,
    "a_Valles_2020_ARS": 186.01402974866878
}