{
    "ALP_M_n": 1.2035097828296895,
    "ARS_M_n": 2.0158616053233,
    "ALP_0": 0.28870990869822427,
    "ARS_0": 1.2543591509520187,
    "maturity_t": 0.9998443799650198,
    "early_diff_slow": 0.2397565640393474,
    "early_diff_fast": 0.5930935568007817,
    "early_diff_very_fast": 0.8165897034014816,
    "late_diff_slow": 0.11947240827666436,
    "late_diff_fast": 0.8249807805502853,
    "a_early_diff_stim": 3.6780936816427854,
    "a_early_diff_inhib": 13.618105204536185,
    "a_late_diff_stim": 7.245772322180269,
    "a_late_diff_inhib": 5.5633898081305215,
    "diff_time": 825.7211844349799,
    "a_Valles_2020_ALP": 309.556257464256,
    "a_Valles_2020_ARS": 155.3010107486315
}