{
    "ALP_M_n": 2.083399595760458,
    "ARS_M_n": 1.9206661283108801,
    "ALP_0": 0.4316334135154692,
    "ARS_0": 0.7992520744249652,
    "maturity_t": 0.89605340136451,
    "early_diff_slow": 0.2852957767947636,
    "early_diff_fast": 0.6441755811675254,
    "early_diff_very_fast": 0.7156878100564872,
    "late_diff_slow": 0.21922323782685513,
    "late_diff_fast": 0.8340350789656471,
    "a_early_diff_stim": 1.9483151640568508,
    "a_early_diff_inhib": 10.15611841782082,
    "a_late_diff_stim": 13.295892414739821,
    "a_late_diff_inhib": 16.59752920093659,
    "diff_time": 750.8893574938262,
    "a_Valles_2020_ALP": 261.5879525643097,
    "a_Valles_2020_ARS": 258.90139464382156
}