{
    "ALP_M_n": 1.8816486863304571,
    "ARS_M_n": 1.12979713752934,
    "ALP_0": 0.6162669499157987,
    "ARS_0": 0.4911365804903514,
    "maturity_t": 0.89208332200461,
    "early_diff_slow": 0.1497440495871345,
    "early_diff_fast": 0.5574644361260574,
    "early_diff_very_fast": 0.6096473652551108,
    "late_diff_slow": 0.36709661220710654,
    "late_diff_fast": 0.7881475165286311,
    "a_early_diff_stim": 5.9350964570451605,
    "a_early_diff_inhib": 14.192389841848795,
    "a_late_diff_stim": 19.48228950161821,
    "a_late_diff_inhib": 12.047541697622659,
    "diff_time": 1027.1855690855502,
    "a_Valles_2020_ALP": 223.18535415309734,
    "a_Valles_2020_ARS": 557.8216451556575
}