{
    "ALP_M_n": 1.7341196744921696,
    "ARS_M_n": 1.3091820331897275,
    "ALP_0": 0.41756669588759554,
    "ARS_0": 1.5505120840341653,
    "maturity_t": 0.7587351972725542,
    "early_diff_slow": 0.2933081740662009,
    "early_diff_fast": 0.6167618565460993,
    "early_diff_very_fast": 0.6584196858994779,
    "late_diff_slow": 0.34807896979503206,
    "late_diff_fast": 0.8394122770015633,
    "a_early_diff_stim": 3.6249001090941397,
    "a_early_diff_inhib": 8.072659145353471,
    "a_late_diff_stim": 3.161398832606328,
    "a_late_diff_inhib": 14.824612155621917,
    "diff_time": 949.6008128732614,
    "a_Valles_2020_ALP": 313.6925978661242,
    "a_Valles_2020_ARS": 210.67605599790363
}