{
    "ALP_M_n": 2.1580171152273153,
    "ARS_M_n": 1.189699165203397,
    "ALP_0": 0.6161007302460126,
    "ARS_0": 0.6460778319044428,
    "maturity_t": 0.7148520438987872,
    "early_diff_slow": 0.2982843085504522,
    "early_diff_fast": 0.5649155840613621,
    "early_diff_very_fast": 0.6886097549801213,
    "late_diff_slow": 0.2087891765584742,
    "late_diff_fast": 0.6397749262544261,
    "a_early_diff_stim": 6.101925011951498,
    "a_early_diff_inhib": 14.234477647089513,
    "a_late_diff_stim": 0.8640479501998435,
    "a_late_diff_inhib": 18.719204742818686,
    "diff_time": 1025.5343328238505,
    "a_Valles_2020_ALP": 226.6231001405871,
    "a_Valles_2020_ARS": 469.79469144939316
}