{
    "ALP_M_n": 2.060803084884912,
    "ARS_M_n": 1.27012457012587,
    "ALP_0": 0.5191686747419859,
    "ARS_0": 0.843303939569977,
    "maturity_t": 0.7748336885360788,
    "early_diff_slow": 0.24539445891048525,
    "early_diff_fast": 0.5769697322586723,
    "early_diff_very_fast": 0.8075685711634746,
    "late_diff_slow": 0.2568202291015521,
    "late_diff_fast": 0.7538798025448693,
    "a_early_diff_stim": 6.45407997767866,
    "a_early_diff_inhib": 10.311107862540139,
    "a_late_diff_stim": 10.009562243174654,
    "a_late_diff_inhib": 11.412362438916059,
    "diff_time": 950.5086777269214,
    "a_Valles_2020_ALP": 290.2386483839349,
    "a_Valles_2020_ARS": 448.15226798553795
}