{
    "ALP_M_n": 0.8293314894044005,
    "ARS_M_n": 1.136934418908948,
    "ALP_0": 0.1454711051152724,
    "ARS_0": 1.2543957683780311,
    "maturity_t": 0.8121166204859043,
    "early_diff_slow": 0.2582507936578664,
    "early_diff_fast": 0.5599513501231704,
    "early_diff_very_fast": 0.744539556358175,
    "late_diff_slow": 0.13524152315682625,
    "late_diff_fast": 0.737079994484567,
    "a_early_diff_stim": 9.316068859384453,
    "a_early_diff_inhib": 8.784424936399835,
    "a_late_diff_stim": 18.420898932386258,
    "a_late_diff_inhib": 5.1315729224773605,
    "diff_time": 872.532498917158,
    "a_Valles_2020_ALP": 338.3127318797533,
    "a_Valles_2020_ARS": 275.7230000472
}