{
    "ALP_M_n": 1.914574000134,
    "ARS_M_n": 1.6118151926140567,
    "ALP_0": 0.3294158255629595,
    "ARS_0": 0.4465487467385803,
    "maturity_t": 0.7879541552702778,
    "early_diff_slow": 0.2514010501485276,
    "early_diff_fast": 0.523802820354809,
    "early_diff_very_fast": 0.9412943939434064,
    "late_diff_slow": 0.33937208126290597,
    "late_diff_fast": 0.867628566950357,
    "a_early_diff_stim": 9.929454613194329,
    "a_early_diff_inhib": 13.94995437612054,
    "a_late_diff_stim": 1.4400483201338172,
    "a_late_diff_inhib": 1.8673933047786893,
    "diff_time": 782.2050414130803,
    "a_Valles_2020_ALP": 339.6038222589681,
    "a_Valles_2020_ARS": 467.8048315844598
}