{
    "ALP_M_n": 3.725501346397894,
    "ARS_M_n": 1.1895860240262488,
    "ALP_0": 1.0049665973493445,
    "ARS_0": 0.3327298109844939,
    "maturity_t": 0.8421315664102043,
    "early_diff_slow": 0.24264509777855398,
    "early_diff_fast": 0.6256606621684669,
    "early_diff_very_fast": 0.7338816283280057,
    "late_diff_slow": 0.31069508204821294,
    "late_diff_fast": 0.8069083075153032,
    "a_early_diff_stim": 2.0413461031790026,
    "a_early_diff_inhib": 6.543927752740232,
    "a_late_diff_stim": 5.977699876488134,
    "a_late_diff_inhib": 11.927938467073156,
    "diff_time": 824.3004208069883,
    "a_Valles_2020_ALP": 55.226874512330696,
    "a_Valles_2020_ARS": 588.0323017864021
}