{
    "ALP_M_n": 1.3292247742738104,
    "ARS_M_n": 1.0556646509949066,
    "ALP_0": 0.45777236558878975,
    "ARS_0": 0.590136934102493,
    "maturity_t": 0.7354751039887811,
    "early_diff_slow": 0.22779645219432523,
    "early_diff_fast": 0.5685287388428638,
    "early_diff_very_fast": 0.9072265154557713,
    "late_diff_slow": 0.3809155596691792,
    "late_diff_fast": 0.7539533667253773,
    "a_early_diff_stim": 11.234677893911506,
    "a_early_diff_inhib": 13.814576927484602,
    "a_late_diff_stim": 5.271732325949108,
    "a_late_diff_inhib": 3.127089493971825,
    "diff_time": 1032.4115271335065,
    "a_Valles_2020_ALP": 276.74258938582295,
    "a_Valles_2020_ARS": 490.278307719064
}