{
    "ALP_M_n": 2.4031311538767306,
    "ARS_M_n": 1.3422792077577361,
    "ALP_0": 0.5403409482558076,
    "ARS_0": 0.5990608254471262,
    "maturity_t": 0.7007742795013343,
    "early_diff_slow": 0.3876915550640321,
    "early_diff_fast": 0.5540442932441961,
    "early_diff_very_fast": 0.6495179978409673,
    "late_diff_slow": 0.25474880817044554,
    "late_diff_fast": 0.7998546942790765,
    "a_early_diff_stim": 4.739531810464193,
    "a_early_diff_inhib": 0.21096655476075366,
    "a_late_diff_stim": 3.367441261628485,
    "a_late_diff_inhib": 0.04842798439651247,
    "diff_time": 905.4122279876997,
    "a_Valles_2020_ALP": 249.9226852440062,
    "a_Valles_2020_ARS": 452.8973228588918
}