{
    "ALP_M_n": 2.8304192484819444,
    "ARS_M_n": 1.3725780017640028,
    "ALP_0": 0.9965784204359418,
    "ARS_0": 0.8118334666902,
    "maturity_t": 0.8675894262584021,
    "early_diff_slow": 0.37912554661616416,
    "early_diff_fast": 0.5432915037491434,
    "early_diff_very_fast": 0.699825379029765,
    "late_diff_slow": 0.2696997681452012,
    "late_diff_fast": 0.8852782821802161,
    "a_early_diff_stim": 7.462650688605219,
    "a_early_diff_inhib": 17.608517003998088,
    "a_late_diff_stim": 7.693159838306508,
    "a_late_diff_inhib": 13.406254767067878,
    "diff_time": 767.6322605843069,
    "a_Valles_2020_ALP": 72.05819934886156,
    "a_Valles_2020_ARS": 323.5139400427655
}