{
    "ALP_M_n": 0.7929854213996306,
    "ARS_M_n": 2.737010116136674,
    "ALP_0": 0.138865524562132,
    "ARS_0": 0.8011876620829078,
    "maturity_t": 0.7538662879279023,
    "early_diff_slow": 0.16701136964224206,
    "early_diff_fast": 0.736164675767033,
    "early_diff_very_fast": 0.6058768137934749,
    "late_diff_slow": 0.27111015166764846,
    "late_diff_fast": 0.8277033476113225,
    "a_early_diff_stim": 16.45699948151077,
    "a_early_diff_inhib": 18.201646567158765,
    "a_late_diff_stim": 6.576279797612882,
    "a_late_diff_inhib": 3.6566104624588114,
    "diff_time": 695.4232156807452,
    "a_Chen_2018_ALP": 6.127246465223273,
    "a_Chen_2018_ARS": 0.7482272017515417
}