{
    "ALP_M_n": 1.970147480211469,
    "ARS_M_n": 2.616413306404468,
    "ALP_0": 0.7695466817583084,
    "ARS_0": 0.8315982416413916,
    "maturity_t": 0.7212873581602156,
    "early_diff_slow": 0.17080476355994562,
    "early_diff_fast": 0.7228851013581143,
    "early_diff_very_fast": 0.6025938318147189,
    "late_diff_slow": 0.1887726379012224,
    "late_diff_fast": 0.6857751297942015,
    "a_early_diff_stim": 16.81465551940448,
    "a_early_diff_inhib": 5.52842556006087,
    "a_late_diff_stim": 4.706622427300024,
    "a_late_diff_inhib": 4.097187954099615,
    "diff_time": 635.7789018461915,
    "a_Chen_2018_ALP": 2.5489380046420314,
    "a_Chen_2018_ARS": 0.6611468483727003
}