{
    "ALP_M_n": 2.1426401864006595,
    "ARS_M_n": 2.5558986198932754,
    "ALP_0": 0.7999503164605462,
    "ARS_0": 0.8377981093712886,
    "maturity_t": 0.6805894850302059,
    "early_diff_slow": 0.3602930196063379,
    "early_diff_fast": 0.7479991788872205,
    "early_diff_very_fast": 0.6011457213653997,
    "late_diff_slow": 0.1491691791980435,
    "late_diff_fast": 0.7783686547223945,
    "a_early_diff_stim": 15.772099598816698,
    "a_early_diff_inhib": 7.1532513065197865,
    "a_late_diff_stim": 7.657830092385767,
    "a_late_diff_inhib": 3.128881869191148,
    "diff_time": 621.0524340694199,
    "a_Chen_2018_ALP": 2.4156782896010545,
    "a_Chen_2018_ARS": 0.6471013790191136
}