{
    "a_Chen_2018_ALP": 9.936635434487892,
    "a_Chen_2018_ARS": 3.024550414801653,
    "a_early_diff_stim": 10.880044082084062,
    "a_early_diff_inhib": 3.842713127898608,
    "a_late_diff_stim": 3.5691629085368293,
    "a_late_diff_inhib": 19.760694031002032,
    "early_diff_slow": 0.21945237003152382,
    "early_diff_fast": 0.6166740424327075,
    "early_diff_very_fast": 0.9334238839814538,
    "late_diff_slow": 0.3522613341916373,
    "late_diff_fast": 0.6430379276659365,
    "Mg_stim": 6.685907980435977,
    "Mg_dest": 33.29526779133919,
    "IL1b_ineffective": 84.82856282118637,
    "IL1b_stim": 10.0870533812879,
    "IL8_favorable": 9.416563820255384,
    "ALP_M_n": 2.1233533589291635,
    "ARS_M_n": 1.3605518847498241,
    "ALP_0": 0.3976998890679507,
    "ARS_0": 0.22635348301797753,
    "diff_time": 995.5485585283701,
    "maturity_t": 0.3656233703691044
}