{
    "ALP_M_n": 2.6083637547614513,
    "ARS_M_n": 2.4069229439920172,
    "ALP_0": 0.8333568175191947,
    "ARS_0": 0.6412361794817922,
    "maturity_t": 0.5499829793215697,
    "early_diff_slow": 0.13095814022346172,
    "early_diff_fast": 0.7451697145774243,
    "early_diff_very_fast": 0.6006194256833142,
    "late_diff_slow": 0.17773310252028254,
    "late_diff_fast": 0.7693292794424991,
    "a_early_diff_stim": 15.083079843931912,
    "a_early_diff_inhib": 6.999828995439752,
    "a_late_diff_stim": 12.656395232400705,
    "a_late_diff_inhib": 10.37330927600295,
    "diff_time": 728.626463224346,
    "a_Chen_2018_ALP": 2.40211759049164,
    "a_Chen_2018_ARS": 1.1811385937000323
}