{
    "ALP_M_n": 2.9406708456628086,
    "ARS_M_n": 2.239071232549547,
    "ALP_0": 1.0139501814037903,
    "ARS_0": 0.5951337198923953,
    "maturity_t": 0.5733380636796643,
    "early_diff_slow": 0.21385470214995012,
    "early_diff_fast": 0.7494417277772736,
    "early_diff_very_fast": 0.6013032908862824,
    "late_diff_slow": 0.3390598473926981,
    "late_diff_fast": 0.8591766282638561,
    "a_early_diff_stim": 15.799203868490896,
    "a_early_diff_inhib": 12.218287045792348,
    "a_late_diff_stim": 5.050714184413303,
    "a_late_diff_inhib": 9.140080738589072,
    "diff_time": 717.7251790064323,
    "a_Chen_2018_ALP": 1.4401189843812372,
    "a_Chen_2018_ARS": 1.2787975799528186
}