{
    "ALP_M_n": 4.44029157619613,
    "ARS_M_n": 1.3297890751502544,
    "ALP_0": 1.00805318470733,
    "ARS_0": 0.23488858943559432,
    "maturity_t": 0.3481783470190038,
    "early_diff_slow": 0.2914885357825906,
    "early_diff_fast": 0.7495363506723464,
    "early_diff_very_fast": 0.6000155956651605,
    "late_diff_slow": 0.14911356050403657,
    "late_diff_fast": 0.715132032141134,
    "a_early_diff_stim": 13.277988020642713,
    "a_early_diff_inhib": 3.704911108167879,
    "a_late_diff_stim": 19.47308296882119,
    "a_late_diff_inhib": 7.855859812070677,
    "diff_time": 1030.5774400900655,
    "a_Chen_2018_ALP": 1.4474275573446758,
    "a_Chen_2018_ARS": 2.9953923739934547
}