{
    "ALP_M_n": 2.6612977602474674,
    "ARS_M_n": 1.3835742261929402,
    "ALP_0": 0.5255628598159948,
    "ARS_0": 0.2585176715620168,
    "maturity_t": 0.3492399232751716,
    "early_diff_slow": 0.26618275844859124,
    "early_diff_fast": 0.7467004703037904,
    "early_diff_very_fast": 0.6003413520251265,
    "late_diff_slow": 0.14358340470070063,
    "late_diff_fast": 0.7122096019051581,
    "a_early_diff_stim": 13.632321783698504,
    "a_early_diff_inhib": 2.812032345725653,
    "a_late_diff_stim": 6.065973760021778,
    "a_late_diff_inhib": 11.004702320390331,
    "diff_time": 1049.9161734625636,
    "a_Chen_2018_ALP": 7.994398818064457,
    "a_Chen_2018_ARS": 2.8911828523030954
}