{
    "ALP_M_n": 1.0861486941403422,
    "ARS_M_n": 2.1385639684432642,
    "ALP_0": 0.2692115159663119,
    "ARS_0": 0.5929444609696065,
    "maturity_t": 0.6587876834388381,
    "early_diff_slow": 0.12657757435465167,
    "early_diff_fast": 0.7430131152797723,
    "early_diff_very_fast": 0.6001848768983542,
    "late_diff_slow": 0.10641768756301223,
    "late_diff_fast": 0.7645849774580801,
    "a_early_diff_stim": 18.409429632108566,
    "a_early_diff_inhib": 11.450805727394087,
    "a_late_diff_stim": 8.580653778482386,
    "a_late_diff_inhib": 14.253375179682957,
    "diff_time": 791.0990098754675,
    "a_Chen_2018_ALP": 6.073373719150104,
    "a_Chen_2018_ARS": 1.3602519949858025
}