{
    "a_Chen_2018_ALP": 2.322028453905342,
    "a_Chen_2018_ARS": 1.927729306434596,
    "a_early_diff_stim": 11.928469922050187,
    "a_early_diff_inhib": 3.8671583777132508,
    "a_late_diff_stim": 15.849250138410975,
    "a_late_diff_inhib": 13.422639106074381,
    "early_diff_slow": 0.18983311707934986,
    "early_diff_fast": 0.6042742479801371,
    "early_diff_very_fast": 0.9179465837471181,
    "late_diff_slow": 0.21441640999883238,
    "late_diff_fast": 0.8758474006910332,
    "Mg_stim": 5.836920006101133,
    "Mg_dest": 27.30159531516539,
    "IL1b_ineffective": 116.36901051482481,
    "IL1b_stim": 20.436594978298,
    "IL8_favorable": 57.05437980501082,
    "ALP_M_n": 4.023101357684073,
    "ARS_M_n": 1.8691112243127785,
    "ALP_0": 0.8881561962834572,
    "ARS_0": 0.4778455558971467,
    "diff_time": 954.6597401997743,
    "maturity_t": 0.35644395992555755
}