{
    "ALP_M_n": 3.444802127550893,
    "ARS_M_n": 2.0984193516592047,
    "ALP_0": 0.7430948757466171,
    "ARS_0": 0.5559774751649202,
    "maturity_t": 0.5626744332110349,
    "early_diff_slow": 0.2290777002072156,
    "early_diff_fast": 0.7147577855412787,
    "early_diff_very_fast": 0.6414839020621029,
    "late_diff_slow": 0.19822031889664737,
    "late_diff_fast": 0.6562361052422466,
    "a_early_diff_stim": 7.891536857410649,
    "a_early_diff_inhib": 9.114575008156178,
    "a_late_diff_stim": 6.7495829257640025,
    "a_late_diff_inhib": 8.794510115665341,
    "diff_time": 871.0821082892352,
    "a_Chen_2018_ALP": 3.9589259082854413,
    "a_Chen_2018_ARS": 1.5807929210399023
}