{
    "ALP_M_n": 3.0104880413970516,
    "ARS_M_n": 1.2334378489159363,
    "ALP_0": 0.6127849811833586,
    "ARS_0": 0.18783024663015901,
    "maturity_t": 0.3438641369383985,
    "early_diff_slow": 0.17463240880756503,
    "early_diff_fast": 0.7495728150642635,
    "early_diff_very_fast": 0.6045866444759673,
    "late_diff_slow": 0.28319774623492605,
    "late_diff_fast": 0.808110049320972,
    "a_early_diff_stim": 13.20867976123249,
    "a_early_diff_inhib": 7.102991515366714,
    "a_late_diff_stim": 10.98619419489722,
    "a_late_diff_inhib": 10.378857953412616,
    "diff_time": 1078.4681707294524,
    "a_Chen_2018_ALP": 6.399299520281309,
    "a_Chen_2018_ARS": 3.23164544229446
}