{
    "ALP_M_n": 4.735515922160382,
    "ARS_M_n": 1.2860441941512273,
    "ALP_0": 1.034884093471926,
    "ARS_0": 0.2345336672034543,
    "maturity_t": 0.4862711784384285,
    "early_diff_slow": 0.12464297827092732,
    "early_diff_fast": 0.7067275720001707,
    "early_diff_very_fast": 0.6398113679237044,
    "late_diff_slow": 0.28864960823482216,
    "late_diff_fast": 0.7050482259205215,
    "a_early_diff_stim": 9.431884693579903,
    "a_early_diff_inhib": 9.09544210004077,
    "a_late_diff_stim": 13.59043763776983,
    "a_late_diff_inhib": 3.5741707901370114,
    "diff_time": 1051.6716906512154,
    "a_Chen_2018_ALP": 1.2555123016905019,
    "a_Chen_2018_ARS": 3.0578103463857813
}