{
    "ALP_M_n": 3.7571980207721345,
    "ARS_M_n": 1.4985833395243402,
    "ALP_0": 0.8128486811668977,
    "ARS_0": 0.2969979129260233,
    "maturity_t": 0.3533716676112989,
    "early_diff_slow": 0.16700250336886505,
    "early_diff_fast": 0.7481493913665942,
    "early_diff_very_fast": 0.6013743641490905,
    "late_diff_slow": 0.1489454430857628,
    "late_diff_fast": 0.7627180291772693,
    "a_early_diff_stim": 12.572923337416935,
    "a_early_diff_inhib": 5.667325398841089,
    "a_late_diff_stim": 3.813841529918296,
    "a_late_diff_inhib": 8.342531636707234,
    "diff_time": 984.8242816765797,
    "a_Chen_2018_ALP": 3.1488842644247024,
    "a_Chen_2018_ARS": 2.692816994587746
}