{
    "a_Chen_2018_ALP": 2.0701159555023816,
    "a_Chen_2018_ARS": 1.971447752842042,
    "a_early_diff_stim": 14.12785741441613,
    "a_early_diff_inhib": 11.979341911810879,
    "a_late_diff_stim": 4.62802127304188,
    "a_late_diff_inhib": 9.874678024672132,
    "early_diff_slow": 0.14260960410107232,
    "early_diff_fast": 0.5839522909205119,
    "early_diff_very_fast": 0.8360645905409292,
    "late_diff_slow": 0.19412874046303896,
    "late_diff_fast": 0.8762708481751974,
    "Mg_stim": 3.3010719635819763,
    "Mg_dest": 31.35327859358608,
    "IL1b_ineffective": 110.9208422865841,
    "IL1b_stim": 17.318221499843908,
    "IL8_favorable": 51.475873483535274,
    "ALP_M_n": 4.199795665817863,
    "ARS_M_n": 1.8672915325749757,
    "ALP_0": 0.912538021699962,
    "ARS_0": 0.46022179655248474,
    "diff_time": 919.0939330755057,
    "maturity_t": 0.3548458913334992
}