{
    "ALP_M_n": 4.923103626245801,
    "ARS_M_n": 2.056018231762462,
    "ALP_0": 1.0899214955472158,
    "ARS_0": 0.5510485132412105,
    "maturity_t": 0.3516915674188031,
    "early_diff_slow": 0.2602428558837787,
    "early_diff_fast": 0.7435636499902417,
    "early_diff_very_fast": 0.6060138387734628,
    "late_diff_slow": 0.1503476854030608,
    "late_diff_fast": 0.7514539169600833,
    "a_early_diff_stim": 9.331710507604532,
    "a_early_diff_inhib": 6.793583994781831,
    "a_late_diff_stim": 9.901306597286492,
    "a_late_diff_inhib": 9.141417893995653,
    "diff_time": 807.1559219484502,
    "a_Chen_2018_ALP": 0.9250375419121909,
    "a_Chen_2018_ARS": 1.6217742399013175
}