{
    "ALP_M_n": 1.7587544775852528,
    "ARS_M_n": 2.004169143632537,
    "ALP_0": 0.4986613867670604,
    "ARS_0": 0.5109009686246786,
    "maturity_t": 0.39829559904449163,
    "early_diff_slow": 0.33577702756520067,
    "early_diff_fast": 0.7221697593153283,
    "early_diff_very_fast": 0.9796402736124309,
    "late_diff_slow": 0.22468020368221345,
    "late_diff_fast": 0.6897500882377811,
    "a_early_diff_stim": 18.952688250499488,
    "a_early_diff_inhib": 13.046964553467411,
    "a_late_diff_stim": 12.354118375962903,
    "a_late_diff_inhib": 6.943815000715276,
    "diff_time": 749.3935710498841,
    "a_Chen_2018_ALP": 4.9771126147436915,
    "a_Chen_2018_ARS": 1.5668578769883368
}