{
    "a_Chen_2018_ALP": 4.3948842618675865,
    "a_Chen_2018_ARS": 1.008178240526298,
    "a_early_diff_stim": 9.733898121162149,
    "a_early_diff_inhib": 7.72328757332572,
    "a_late_diff_stim": 14.453235520904082,
    "a_late_diff_inhib": 5.507428993205376,
    "early_diff_slow": 0.11743520835176915,
    "early_diff_fast": 0.6130900327631659,
    "early_diff_very_fast": 0.9760709486148698,
    "late_diff_slow": 0.11244930871462838,
    "late_diff_fast": 0.6793500836211327,
    "Mg_stim": 8.636660956008463,
    "Mg_dest": 23.680730989514572,
    "IL1b_ineffective": 164.00272232457226,
    "IL1b_stim": 7.502805934270309,
    "IL8_favorable": 62.060753309669025,
    "ALP_M_n": 3.414804126928466,
    "ARS_M_n": 2.4736952875994116,
    "ALP_0": 0.7099632135483436,
    "ARS_0": 0.7456408250174901,
    "diff_time": 855.8122540819959,
    "maturity_t": 0.3635788429807539
}