{
    "a_Chen_2018_ALP": 7.873586728661984,
    "a_Chen_2018_ARS": 2.4685248309513224,
    "a_early_diff_stim": 12.524304232345623,
    "a_early_diff_inhib": 11.526414374910601,
    "a_late_diff_stim": 4.941527122496882,
    "a_late_diff_inhib": 5.9630985216211325,
    "early_diff_slow": 0.12660308178615853,
    "early_diff_fast": 0.6130598263525053,
    "early_diff_very_fast": 0.9447253945164216,
    "late_diff_slow": 0.29711836345198717,
    "late_diff_fast": 0.6658791179464866,
    "Mg_stim": 3.0547803019032878,
    "Mg_dest": 31.423294858154428,
    "IL1b_ineffective": 126.05138522544652,
    "IL1b_stim": 3.8011698721447384,
    "IL8_favorable": 71.70979067004276,
    "ALP_M_n": 2.4818001037339634,
    "ARS_M_n": 1.5637293025915098,
    "ALP_0": 0.5083204505326127,
    "ARS_0": 0.3589593401792391,
    "diff_time": 1068.553250418063,
    "maturity_t": 0.36339042521407217
}