{
    "ALP_M_n": 2.4314456161987463,
    "ARS_M_n": 1.6023578216479615,
    "ALP_0": 0.5053329104372258,
    "ARS_0": 0.35827592787006174,
    "maturity_t": 0.47781259904852974,
    "early_diff_slow": 0.23370699205016154,
    "early_diff_fast": 0.6872501444114636,
    "early_diff_very_fast": 0.6196270132319928,
    "late_diff_slow": 0.36135218950531633,
    "late_diff_fast": 0.8496909472698105,
    "a_early_diff_stim": 11.086797577226978,
    "a_early_diff_inhib": 10.644123443998046,
    "a_late_diff_stim": 1.9188683175793528,
    "a_late_diff_inhib": 14.23470924121974,
    "diff_time": 1008.8152097250445,
    "a_Chen_2018_ALP": 7.838777261942458,
    "a_Chen_2018_ARS": 2.4449270582808977
}