{
    "ALP_M_n": 1.1748159599837742,
    "ARS_M_n": 2.382277860531173,
    "ALP_0": 0.28868909971396955,
    "ARS_0": 0.6473021053686197,
    "maturity_t": 0.6305505617586867,
    "early_diff_slow": 0.16236928146820584,
    "early_diff_fast": 0.7482456266827116,
    "early_diff_very_fast": 0.603824441708855,
    "late_diff_slow": 0.2063461746746258,
    "late_diff_fast": 0.7960647260682924,
    "a_early_diff_stim": 16.518932866915936,
    "a_early_diff_inhib": 10.041374483649436,
    "a_late_diff_stim": 2.988887310052938,
    "a_late_diff_inhib": 9.48101904633981,
    "diff_time": 766.2127375957983,
    "a_Chen_2018_ALP": 6.182334215360403,
    "a_Chen_2018_ARS": 1.1911423688089693
}