{
    "ALP_M_n": 1.8102707854437705,
    "ARS_M_n": 1.7588369791222127,
    "ALP_0": 0.5676606801059928,
    "ARS_0": 0.42658527200521096,
    "maturity_t": 0.6103451767086605,
    "early_diff_slow": 0.39095379306384104,
    "early_diff_fast": 0.741002177881557,
    "early_diff_very_fast": 0.6015538308068454,
    "late_diff_slow": 0.3048666964074538,
    "late_diff_fast": 0.6736627702005106,
    "a_early_diff_stim": 17.031669279279825,
    "a_early_diff_inhib": 16.362258001995748,
    "a_late_diff_stim": 4.999453150840845,
    "a_late_diff_inhib": 2.191088972173323,
    "diff_time": 724.0156993943451,
    "a_Chen_2018_ALP": 4.162797986493592,
    "a_Chen_2018_ARS": 1.7898612780461154
}