{
    "ALP_M_n": 1.6804900558324218,
    "ARS_M_n": 2.4269840578735593,
    "ALP_0": 0.5720863199337719,
    "ARS_0": 0.7508751599130288,
    "maturity_t": 0.6940966932255028,
    "early_diff_slow": 0.18107890039699948,
    "early_diff_fast": 0.7449964994979715,
    "early_diff_very_fast": 0.6008478004182558,
    "late_diff_slow": 0.2206820914326705,
    "late_diff_fast": 0.8665797995465786,
    "a_early_diff_stim": 15.933038335138015,
    "a_early_diff_inhib": 12.81488078374609,
    "a_late_diff_stim": 3.460339502633677,
    "a_late_diff_inhib": 3.12491049355871,
    "diff_time": 631.315719339122,
    "a_Chen_2018_ALP": 3.7665497678421533,
    "a_Chen_2018_ARS": 0.8058453503740849
}