{
    "ALP_M_n": 1.2407138380760192,
    "ARS_M_n": 2.5950568605359403,
    "ALP_0": 0.3254679479400163,
    "ARS_0": 0.814260088125231,
    "maturity_t": 0.6711467510340918,
    "early_diff_slow": 0.2812563573847453,
    "early_diff_fast": 0.7487065681612888,
    "early_diff_very_fast": 0.6,
    "late_diff_slow": 0.37592686923081453,
    "late_diff_fast": 0.859137714800731,
    "a_early_diff_stim": 15.525712412553432,
    "a_early_diff_inhib": 11.584244978811359,
    "a_late_diff_stim": 6.598621504725529,
    "a_late_diff_inhib": 0.3706394144341161,
    "diff_time": 657.2702470980631,
    "a_Chen_2018_ALP": 5.623625746473692,
    "a_Chen_2018_ARS": 0.7070875521442608
}