{
    "ALP_M_n": 3.7861032751021457,
    "ARS_M_n": 2.5469423596136,
    "ALP_0": 0.7231056659313465,
    "ARS_0": 0.5191012493603091,
    "maturity_t": 0.3180964686958826,
    "early_diff_slow": 0.37917077650107794,
    "early_diff_fast": 0.6015757057602604,
    "early_diff_very_fast": 0.8068700107969711,
    "late_diff_slow": 0.2012460579685003,
    "late_diff_fast": 0.856155611305836,
    "a_early_diff_stim": 18.955652487452735,
    "a_early_diff_inhib": 2.029498939525155,
    "a_late_diff_stim": 14.723121956307086,
    "a_late_diff_inhib": 4.737753155793962,
    "diff_time": 532.6647791416794,
    "a_Chen_2018_ALP": 3.5709057306894367,
    "a_Chen_2018_ARS": 1.2209634371166949
}