{
    "a_Chen_2018_ALP": 2.489347344505483,
    "a_Chen_2018_ARS": 2.7702072423750397,
    "a_early_diff_stim": 10.39764355336083,
    "a_early_diff_inhib": 17.062308652225312,
    "a_late_diff_stim": 17.939807199882246,
    "a_late_diff_inhib": 19.369818452250442,
    "early_diff_slow": 0.19369526871474746,
    "early_diff_fast": 0.6207050194294814,
    "early_diff_very_fast": 0.9627750527664345,
    "late_diff_slow": 0.2170813906280601,
    "late_diff_fast": 0.6901330133886356,
    "Mg_stim": 7.759439580019047,
    "Mg_dest": 38.51261322153441,
    "IL1b_ineffective": 84.5009884331597,
    "IL1b_stim": 23.926332914013955,
    "IL8_favorable": 72.59732923662341,
    "ALP_M_n": 3.981154926566514,
    "ARS_M_n": 1.4772959440757885,
    "ALP_0": 0.8725397316365561,
    "ARS_0": 0.2797990847178597,
    "diff_time": 973.3372728978594,
    "maturity_t": 0.35327992182742246
}