{
    "ALP_M_n": 1.6436108635016748,
    "ARS_M_n": 2.6699986766769253,
    "ALP_0": 0.4946646103734088,
    "ARS_0": 0.7719001472656619,
    "maturity_t": 0.6092711211317596,
    "early_diff_slow": 0.31081177168961205,
    "early_diff_fast": 0.7421905024784021,
    "early_diff_very_fast": 0.6002241453401262,
    "late_diff_slow": 0.24816348916825556,
    "late_diff_fast": 0.6298570005050775,
    "a_early_diff_stim": 16.53084083077447,
    "a_early_diff_inhib": 11.571162221323238,
    "a_late_diff_stim": 13.317333874293046,
    "a_late_diff_inhib": 12.12748895819891,
    "diff_time": 742.0450520458156,
    "a_Chen_2018_ALP": 4.759980193122155,
    "a_Chen_2018_ARS": 0.8495842711364945
}