{
    "ALP_M_n": 1.0276392047941802,
    "ARS_M_n": 2.6955295588059522,
    "ALP_0": 0.24305623985400324,
    "ARS_0": 0.850006582241178,
    "maturity_t": 0.6712907751203381,
    "early_diff_slow": 0.33019754487677555,
    "early_diff_fast": 0.7408895251712859,
    "early_diff_very_fast": 0.6003810623843773,
    "late_diff_slow": 0.22524487183632239,
    "late_diff_fast": 0.7273235353213698,
    "a_early_diff_stim": 18.072225018468753,
    "a_early_diff_inhib": 8.828268500549555,
    "a_late_diff_stim": 10.271465585350402,
    "a_late_diff_inhib": 12.739368638733486,
    "diff_time": 773.8889385374504,
    "a_Chen_2018_ALP": 6.139766169120136,
    "a_Chen_2018_ARS": 0.7243459940682574
}