{
    "ALP_M_n": 0.8448589896656893,
    "ARS_M_n": 2.3005006233388516,
    "ALP_0": 0.18992029380178657,
    "ARS_0": 0.7173390513186384,
    "maturity_t": 0.7832579315786652,
    "early_diff_slow": 0.18863219673011353,
    "early_diff_fast": 0.7483996081964277,
    "early_diff_very_fast": 0.6086099118976335,
    "late_diff_slow": 0.31257108983651455,
    "late_diff_fast": 0.6687045527319564,
    "a_early_diff_stim": 17.987955694787516,
    "a_early_diff_inhib": 9.19588777417617,
    "a_late_diff_stim": 6.670435815892598,
    "a_late_diff_inhib": 6.877369785939786,
    "diff_time": 736.4346817262187,
    "a_Chen_2018_ALP": 5.730119007268034,
    "a_Chen_2018_ARS": 0.9759369203535323
}