{
    "a_Chen_2018_ALP": 3.0872920229851504,
    "a_Chen_2018_ARS": 2.0366286512705574,
    "a_early_diff_stim": 10.395871849620258,
    "a_early_diff_inhib": 17.96879596870766,
    "a_late_diff_stim": 9.449728864927568,
    "a_late_diff_inhib": 14.966931993966332,
    "early_diff_slow": 0.2794201557623811,
    "early_diff_fast": 0.5980523926969953,
    "early_diff_very_fast": 0.8864664593191032,
    "late_diff_slow": 0.22332495981653067,
    "late_diff_fast": 0.6443175016774105,
    "Mg_stim": 5.009460436376466,
    "Mg_dest": 22.376600013536333,
    "IL1b_ineffective": 105.3861972545181,
    "IL1b_stim": 6.435011709398118,
    "IL8_favorable": 14.522953994333598,
    "ALP_M_n": 3.9446402095210384,
    "ARS_M_n": 1.9072466041031804,
    "ALP_0": 0.8081277695936879,
    "ARS_0": 0.4259770774592386,
    "diff_time": 821.407712248921,
    "maturity_t": 0.35481873338519315
}