{
    "ALP_M_n": 8.525495741235009,
    "ARS_M_n": 3.2300767365536487,
    "ALP_0": 0.7912705832680762,
    "ARS_0": 0.42155190063091996,
    "maturity_t": 0.19080798639780072,
    "early_diff_slow": 0.3972045171339176,
    "early_diff_fast": 0.7279510801149791,
    "early_diff_very_fast": 0.6546584975357772,
    "late_diff_slow": 0.2516511025061937,
    "late_diff_fast": 0.8178628642343762,
    "a_early_diff_stim": 3.4833999253648176,
    "a_early_diff_inhib": 0.3981956154764128,
    "a_late_diff_stim": 3.292156701567723,
    "a_late_diff_inhib": 0.903856078063426,
    "diff_time": 1058.3954206149892,
    "a_Chen_2018_ALP": 7.432988287779978,
    "a_Chen_2018_ARS": 4.619092625502854
}