{
    "ALP_M_n": 2.30685422061511,
    "ARS_M_n": 1.9975320149164402,
    "ALP_0": 0.7132265118077181,
    "ARS_0": 0.5357261217637064,
    "maturity_t": 0.420177920935564,
    "early_diff_slow": 0.28034677414985465,
    "early_diff_fast": 0.7484505919849294,
    "early_diff_very_fast": 0.6984492856541139,
    "late_diff_slow": 0.3058869635271007,
    "late_diff_fast": 0.6666841240558177,
    "a_early_diff_stim": 17.387332956213015,
    "a_early_diff_inhib": 10.214856242726123,
    "a_late_diff_stim": 1.9480559217728661,
    "a_late_diff_inhib": 17.913007364165406,
    "diff_time": 749.6460161918195,
    "a_Chen_2018_ALP": 3.2586427085267506,
    "a_Chen_2018_ARS": 1.4725948068231964
}