{
    "ALP_M_n": 3.127821378471712,
    "ARS_M_n": 1.4641310009504138,
    "ALP_0": 0.6450151332146795,
    "ARS_0": 0.2762650039656726,
    "maturity_t": 0.35219414879409333,
    "early_diff_slow": 0.341662589009234,
    "early_diff_fast": 0.7485110017994552,
    "early_diff_very_fast": 0.6007660828111867,
    "late_diff_slow": 0.13269855475539066,
    "late_diff_fast": 0.6823593853644088,
    "a_early_diff_stim": 12.397206399744494,
    "a_early_diff_inhib": 15.834412008026693,
    "a_late_diff_stim": 15.510979872496922,
    "a_late_diff_inhib": 14.435948780586067,
    "diff_time": 977.8752738246457,
    "a_Chen_2018_ALP": 5.6491648967657895,
    "a_Chen_2018_ARS": 2.796975118302078
}