{
    "ALP_M_n": 4.308666267757619,
    "ARS_M_n": 1.7500205710109615,
    "ALP_0": 0.9672734735829495,
    "ARS_0": 0.4157361768690612,
    "maturity_t": 0.3576704190960266,
    "early_diff_slow": 0.23848142394561794,
    "early_diff_fast": 0.749557323225708,
    "early_diff_very_fast": 0.6000841234843415,
    "late_diff_slow": 0.2449810843888866,
    "late_diff_fast": 0.82379400096011,
    "a_early_diff_stim": 12.392812529822082,
    "a_early_diff_inhib": 4.554496546165874,
    "a_late_diff_stim": 13.279434110836949,
    "a_late_diff_inhib": 10.423304279617508,
    "diff_time": 944.3023098650659,
    "a_Chen_2018_ALP": 1.664967665633752,
    "a_Chen_2018_ARS": 2.1572056121998937
}