{
    "ALP_M_n": 2.081884939307951,
    "ARS_M_n": 2.367680602594551,
    "ALP_0": 0.7992859314342996,
    "ARS_0": 0.7612947238293707,
    "maturity_t": 0.7055488593660187,
    "early_diff_slow": 0.30557535359327315,
    "early_diff_fast": 0.7436178271604668,
    "early_diff_very_fast": 0.6045969786017857,
    "late_diff_slow": 0.1290125687597959,
    "late_diff_fast": 0.6951064701240177,
    "a_early_diff_stim": 16.040876636826482,
    "a_early_diff_inhib": 6.7170053708941,
    "a_late_diff_stim": 1.0672193320441572,
    "a_late_diff_inhib": 3.713653187626017,
    "diff_time": 623.1023633603859,
    "a_Chen_2018_ALP": 2.3915348601091306,
    "a_Chen_2018_ARS": 0.7860697192957958
}