{
    "ALP_M_n": 1.5276738119439548,
    "ARS_M_n": 2.6367701532620855,
    "ALP_0": 0.4545032786632678,
    "ARS_0": 0.7376697985689625,
    "maturity_t": 0.6281333067626264,
    "early_diff_slow": 0.20910124720870524,
    "early_diff_fast": 0.7416187970111171,
    "early_diff_very_fast": 0.6012454794993807,
    "late_diff_slow": 0.32178684456337675,
    "late_diff_fast": 0.8103879155227341,
    "a_early_diff_stim": 16.684771265222075,
    "a_early_diff_inhib": 10.85054740275718,
    "a_late_diff_stim": 7.465194604330291,
    "a_late_diff_inhib": 13.73349730013991,
    "diff_time": 736.2216824208728,
    "a_Chen_2018_ALP": 4.9604769256440715,
    "a_Chen_2018_ARS": 0.9225154508658895
}