{
    "ALP_M_n": 1.958229215378604,
    "ARS_M_n": 2.286303778568904,
    "ALP_0": 0.6852706912124752,
    "ARS_0": 0.6878347789744375,
    "maturity_t": 0.6617529673762803,
    "early_diff_slow": 0.1735474601799724,
    "early_diff_fast": 0.7477381631172707,
    "early_diff_very_fast": 0.6001642368985517,
    "late_diff_slow": 0.19291544700007057,
    "late_diff_fast": 0.7205480222835798,
    "a_early_diff_stim": 15.10537058307943,
    "a_early_diff_inhib": 16.625382275984947,
    "a_late_diff_stim": 16.78615457439242,
    "a_late_diff_inhib": 3.3954583341438305,
    "diff_time": 625.4186354578433,
    "a_Chen_2018_ALP": 3.1249379149621377,
    "a_Chen_2018_ARS": 0.9410682866803961
}