{
    "a_Chen_2018_ALP": 1.6329364639273358,
    "a_Chen_2018_ARS": 3.153843610406694,
    "a_early_diff_stim": 12.07829699355238,
    "a_early_diff_inhib": 19.185384958737327,
    "a_late_diff_stim": 10.255008932763015,
    "a_late_diff_inhib": 1.6663835473363946,
    "early_diff_slow": 0.23313780055729985,
    "early_diff_fast": 0.6173341582712454,
    "early_diff_very_fast": 0.9352410911309113,
    "late_diff_slow": 0.36873530648518754,
    "late_diff_fast": 0.8053296898459443,
    "Mg_stim": 2.6350989041487067,
    "Mg_dest": 28.04527767813801,
    "IL1b_ineffective": 172.26300638469888,
    "IL1b_stim": 25.727932654277858,
    "IL8_favorable": 61.6082733034892,
    "ALP_M_n": 4.4074242213480925,
    "ARS_M_n": 1.2799499341914131,
    "ALP_0": 0.9745675044070344,
    "ARS_0": 0.2040476024600377,
    "diff_time": 1071.2044594565377,
    "maturity_t": 0.34805440714108654
}