{
    "ALP_M_n": 3.3891579485920986,
    "ARS_M_n": 2.169870574735565,
    "ALP_0": 0.7086595900171252,
    "ARS_0": 0.5933451915559017,
    "maturity_t": 0.364492569524842,
    "early_diff_slow": 0.29514366785600454,
    "early_diff_fast": 0.7475935351747848,
    "early_diff_very_fast": 0.6031413654802337,
    "late_diff_slow": 0.2593848639497595,
    "late_diff_fast": 0.6052697690425324,
    "a_early_diff_stim": 10.178535577180623,
    "a_early_diff_inhib": 8.627951821635955,
    "a_late_diff_stim": 2.886328062215502,
    "a_late_diff_inhib": 13.45459018009922,
    "diff_time": 825.9977562790162,
    "a_Chen_2018_ALP": 4.408064799402293,
    "a_Chen_2018_ARS": 1.4368561378929783
}