{
    "ALP_M_n": 2.6088142658165054,
    "ARS_M_n": 2.2286942824778104,
    "ALP_0": 0.9490027989294955,
    "ARS_0": 0.649974868004584,
    "maturity_t": 0.6213214190306223,
    "early_diff_slow": 0.2290413072819096,
    "early_diff_fast": 0.7497064563321992,
    "early_diff_very_fast": 0.600343711102546,
    "late_diff_slow": 0.11837079185091637,
    "late_diff_fast": 0.7746535611407181,
    "a_early_diff_stim": 17.197002215584433,
    "a_early_diff_inhib": 7.551330847883967,
    "a_late_diff_stim": 16.872181048167477,
    "a_late_diff_inhib": 5.666957115961426,
    "diff_time": 721.1190689150586,
    "a_Chen_2018_ALP": 1.7253939486736667,
    "a_Chen_2018_ARS": 1.1223091284739088
}