{
    "ALP_M_n": 2.4478978503309388,
    "ARS_M_n": 2.3751569514510886,
    "ALP_0": 0.7082711909503452,
    "ARS_0": 0.6357949112469358,
    "maturity_t": 0.3991707416764626,
    "early_diff_slow": 0.1749353965244838,
    "early_diff_fast": 0.7277080991331689,
    "early_diff_very_fast": 0.676076940933639,
    "late_diff_slow": 0.27301619008481404,
    "late_diff_fast": 0.8897261886985077,
    "a_early_diff_stim": 17.595312685145064,
    "a_early_diff_inhib": 14.6777242889052,
    "a_late_diff_stim": 13.12051921039574,
    "a_late_diff_inhib": 7.633757142474764,
    "diff_time": 751.2075649368292,
    "a_Chen_2018_ALP": 3.4101226625986834,
    "a_Chen_2018_ARS": 1.2085942090604436
}