{
    "ALP_M_n": 4.252142502359028,
    "ARS_M_n": 2.7296500818323834,
    "ALP_0": 0.8720297900979583,
    "ARS_0": 0.8319796975170761,
    "maturity_t": 0.35152020848153837,
    "early_diff_slow": 0.2865649131118534,
    "early_diff_fast": 0.7367965005038251,
    "early_diff_very_fast": 0.6049232307058185,
    "late_diff_slow": 0.3685045556079116,
    "late_diff_fast": 0.7861778834624423,
    "a_early_diff_stim": 9.022873139325062,
    "a_early_diff_inhib": 6.102785095057445,
    "a_late_diff_stim": 8.487764766016912,
    "a_late_diff_inhib": 14.309800374088265,
    "diff_time": 786.0887347795624,
    "a_Chen_2018_ALP": 2.374695812781002,
    "a_Chen_2018_ARS": 0.7920156224573938
}