{
    "ALP_M_n": 4.156991544421506,
    "ARS_M_n": 1.2313309607100988,
    "ALP_0": 0.9001270511488694,
    "ARS_0": 0.1828940568752364,
    "maturity_t": 0.34044805965867786,
    "early_diff_slow": 0.1916528649262778,
    "early_diff_fast": 0.7494150697239009,
    "early_diff_very_fast": 0.6007074643139174,
    "late_diff_slow": 0.2981320330058859,
    "late_diff_fast": 0.6511965227235312,
    "a_early_diff_stim": 13.293172143957271,
    "a_early_diff_inhib": 4.17296840829164,
    "a_late_diff_stim": 12.8408713387517,
    "a_late_diff_inhib": 2.9652823496769543,
    "diff_time": 1054.0320997182478,
    "a_Chen_2018_ALP": 2.285586920177299,
    "a_Chen_2018_ARS": 3.2547072662812857
}