{
    "ALP_M_n": 1.8442879608512228,
    "ARS_M_n": 2.087776853073139,
    "ALP_0": 0.6226210181485823,
    "ARS_0": 0.6037656809129377,
    "maturity_t": 0.6469007159679433,
    "early_diff_slow": 0.2358104378074937,
    "early_diff_fast": 0.7395887215656435,
    "early_diff_very_fast": 0.6008255278694631,
    "late_diff_slow": 0.34740679702938004,
    "late_diff_fast": 0.7953296558055282,
    "a_early_diff_stim": 18.39482205015541,
    "a_early_diff_inhib": 13.408881569618046,
    "a_late_diff_stim": 3.073174581415797,
    "a_late_diff_inhib": 8.775631095966435,
    "diff_time": 736.4697360126524,
    "a_Chen_2018_ALP": 3.594196918207455,
    "a_Chen_2018_ARS": 1.2545188701754257
}