{
    "ALP_M_n": 3.332913904174532,
    "ARS_M_n": 2.9232342060634955,
    "ALP_0": 0.6909017363244598,
    "ARS_0": 0.932619968611294,
    "maturity_t": 0.3673192059816284,
    "early_diff_slow": 0.28056227079703905,
    "early_diff_fast": 0.7438277463736713,
    "early_diff_very_fast": 0.6422923680439856,
    "late_diff_slow": 0.2165998744047934,
    "late_diff_fast": 0.7335269521927754,
    "a_early_diff_stim": 6.914578129905953,
    "a_early_diff_inhib": 6.601103271347121,
    "a_late_diff_stim": 6.159971076824506,
    "a_late_diff_inhib": 10.247208856158123,
    "diff_time": 783.2221896841282,
    "a_Chen_2018_ALP": 4.637332917082637,
    "a_Chen_2018_ARS": 0.5828916554225148
}