{
    "ALP_M_n": 3.781192229070823,
    "ARS_M_n": 2.1645208874482464,
    "ALP_0": 0.7776814910515981,
    "ARS_0": 0.5389562146569806,
    "maturity_t": 0.36212864780858156,
    "early_diff_slow": 0.2984457274148899,
    "early_diff_fast": 0.7495052595767278,
    "early_diff_very_fast": 0.600734821604983,
    "late_diff_slow": 0.27962444863873737,
    "late_diff_fast": 0.7261396488505263,
    "a_early_diff_stim": 9.72584512499445,
    "a_early_diff_inhib": 15.628809824669167,
    "a_late_diff_stim": 14.502886065265457,
    "a_late_diff_inhib": 11.92104670488272,
    "diff_time": 783.7143716401432,
    "a_Chen_2018_ALP": 3.4145883414190195,
    "a_Chen_2018_ARS": 1.5588379585148642
}