{
    "ALP_M_n": 3.3281308494437507,
    "ARS_M_n": 1.4063602532887614,
    "ALP_0": 0.7298885165808594,
    "ARS_0": 0.2548000573548378,
    "maturity_t": 0.36346639582426804,
    "early_diff_slow": 0.26434654789188444,
    "early_diff_fast": 0.7457983734503946,
    "early_diff_very_fast": 0.6007756718159286,
    "late_diff_slow": 0.27611154018265316,
    "late_diff_fast": 0.6467938633550078,
    "a_early_diff_stim": 13.152184418358685,
    "a_early_diff_inhib": 8.256200140313792,
    "a_late_diff_stim": 5.301943696073899,
    "a_late_diff_inhib": 10.258921425282097,
    "diff_time": 989.3425477402003,
    "a_Chen_2018_ALP": 4.160885023673515,
    "a_Chen_2018_ARS": 2.864837432294287
}