{
    "ALP_M_n": 1.9437663042547262,
    "ARS_M_n": 2.235983367698308,
    "ALP_0": 0.6139530662239157,
    "ARS_0": 0.6043759922968353,
    "maturity_t": 0.5971751950297665,
    "early_diff_slow": 0.3805454321685673,
    "early_diff_fast": 0.7478741576307952,
    "early_diff_very_fast": 0.600303050051965,
    "late_diff_slow": 0.11432463710738588,
    "late_diff_fast": 0.7061603414465241,
    "a_early_diff_stim": 16.20858595017105,
    "a_early_diff_inhib": 16.543269388339134,
    "a_late_diff_stim": 2.597429033283598,
    "a_late_diff_inhib": 0.6142108123897962,
    "diff_time": 726.2299018137419,
    "a_Chen_2018_ALP": 3.8590978889077916,
    "a_Chen_2018_ARS": 1.259998292796391
}