{
    "ALP_M_n": 1.5401172275397772,
    "ARS_M_n": 2.6213691635379623,
    "ALP_0": 0.45394200115650934,
    "ARS_0": 0.7732362572079952,
    "maturity_t": 0.6234278382502336,
    "early_diff_slow": 0.3178103797670776,
    "early_diff_fast": 0.7486787844496892,
    "early_diff_very_fast": 0.6016140986987137,
    "late_diff_slow": 0.2008012178608523,
    "late_diff_fast": 0.8272041719337102,
    "a_early_diff_stim": 16.12859494130209,
    "a_early_diff_inhib": 9.645757029272929,
    "a_late_diff_stim": 18.453629967314026,
    "a_late_diff_inhib": 6.458758277155901,
    "diff_time": 723.0312754288814,
    "a_Chen_2018_ALP": 4.992779803098567,
    "a_Chen_2018_ARS": 0.8334341123986091
}