{
    "ALP_M_n": 5.343756700274506,
    "ARS_M_n": 1.4151810548883472,
    "ALP_0": 0.7937519276737782,
    "ARS_0": 0.19315239440630386,
    "maturity_t": 0.8940658236059622,
    "early_diff_slow": 0.23039269852307628,
    "early_diff_fast": 0.7494703572665479,
    "early_diff_very_fast": 0.667729507548257,
    "late_diff_slow": 0.31125454803148217,
    "late_diff_fast": 0.8424450040620016,
    "a_early_diff_stim": 4.803162638204139,
    "a_early_diff_inhib": 0.3716348902163876,
    "a_late_diff_stim": 3.6623019878720853,
    "a_late_diff_inhib": 0.35987615418467356,
    "diff_time": 941.1819522661032,
    "a_Chen_2018_ALP": 4.245109787048943,
    "a_Chen_2018_ARS": 4.166845103747511
}