{
    "ALP_M_n": 2.492321040232605,
    "ARS_M_n": 2.906375023797782,
    "ALP_0": 1.0025334425453851,
    "ARS_0": 0.9724244570414168,
    "maturity_t": 0.6971537857406822,
    "early_diff_slow": 0.2852382619069842,
    "early_diff_fast": 0.6561927871551361,
    "early_diff_very_fast": 0.6123921260098798,
    "late_diff_slow": 0.16072745120230686,
    "late_diff_fast": 0.7679048358275203,
    "a_early_diff_stim": 12.830716380044136,
    "a_early_diff_inhib": 9.457157685826212,
    "a_late_diff_stim": 8.520685851470082,
    "a_late_diff_inhib": 2.9355874854154838,
    "diff_time": 544.0674713253981,
    "a_Chen_2018_ALP": 1.4591053922754593,
    "a_Chen_2018_ARS": 0.4444870734063513
}