{
    "ALP_M_n": 1.0964428615636446,
    "ARS_M_n": 2.6298723542900375,
    "ALP_0": 0.27725613027324675,
    "ARS_0": 0.7856230636724147,
    "maturity_t": 0.6797556672019712,
    "early_diff_slow": 0.3621817699623832,
    "early_diff_fast": 0.7411483995356749,
    "early_diff_very_fast": 0.6006918312829502,
    "late_diff_slow": 0.23749303803118257,
    "late_diff_fast": 0.8162700212496956,
    "a_early_diff_stim": 17.156111965544127,
    "a_early_diff_inhib": 5.837594899826906,
    "a_late_diff_stim": 2.7226593097496554,
    "a_late_diff_inhib": 14.35636235752118,
    "diff_time": 725.3864839876142,
    "a_Chen_2018_ALP": 5.876420483735863,
    "a_Chen_2018_ARS": 0.8100553518699501
}