{
    "ALP_M_n": 0.8778298723827276,
    "ARS_M_n": 2.1834207120925857,
    "ALP_0": 0.1832207994686885,
    "ARS_0": 0.6146633442634463,
    "maturity_t": 0.7300836511310159,
    "early_diff_slow": 0.15470214646191896,
    "early_diff_fast": 0.747793706243198,
    "early_diff_very_fast": 0.6061860861856994,
    "late_diff_slow": 0.2935435815844949,
    "late_diff_fast": 0.6601604286168035,
    "a_early_diff_stim": 17.617789222771826,
    "a_early_diff_inhib": 13.10422225595087,
    "a_late_diff_stim": 15.17877732034104,
    "a_late_diff_inhib": 8.985802277652207,
    "diff_time": 744.1675627672968,
    "a_Chen_2018_ALP": 6.063845039152016,
    "a_Chen_2018_ARS": 1.2437629592011756
}