{
    "ALP_M_n": 2.0233268097943298,
    "ARS_M_n": 1.8556788133860171,
    "ALP_0": 0.5592512286281637,
    "ARS_0": 0.4351310252859257,
    "maturity_t": 0.39510995377718444,
    "early_diff_slow": 0.22250603107957406,
    "early_diff_fast": 0.7215434604936195,
    "early_diff_very_fast": 0.9197656166769165,
    "late_diff_slow": 0.24740344288058874,
    "late_diff_fast": 0.8355890322794155,
    "a_early_diff_stim": 19.577643796726182,
    "a_early_diff_inhib": 3.120412486073749,
    "a_late_diff_stim": 17.611008018726388,
    "a_late_diff_inhib": 17.99449355346288,
    "diff_time": 806.4934198285199,
    "a_Chen_2018_ALP": 4.792442315987515,
    "a_Chen_2018_ARS": 1.9233171111267915
}