{
    "ALP_M_n": 1.1303883634243577,
    "ARS_M_n": 2.8562410246647016,
    "ALP_0": 0.28110119567489555,
    "ARS_0": 0.9647947383658316,
    "maturity_t": 0.6900663815043828,
    "early_diff_slow": 0.19136470126301824,
    "early_diff_fast": 0.7456655315849576,
    "early_diff_very_fast": 0.6004056328646142,
    "late_diff_slow": 0.26372567357636395,
    "late_diff_fast": 0.6787990800297762,
    "a_early_diff_stim": 15.935263405032332,
    "a_early_diff_inhib": 12.142767320124129,
    "a_late_diff_stim": 12.606576867035406,
    "a_late_diff_inhib": 5.043086238993386,
    "diff_time": 657.9555777674668,
    "a_Chen_2018_ALP": 5.78829349534104,
    "a_Chen_2018_ARS": 0.47994448505689513
}