{
    "a_Chen_2018_ALP": 5.628448829621753,
    "a_Chen_2018_ARS": 2.904928431107328,
    "a_early_diff_stim": 10.595181306231657,
    "a_early_diff_inhib": 6.2626414828794825,
    "a_late_diff_stim": 9.36429097000028,
    "a_late_diff_inhib": 4.479506654420103,
    "early_diff_slow": 0.22995978016184337,
    "early_diff_fast": 0.6229309461437046,
    "early_diff_very_fast": 0.9467909226109122,
    "late_diff_slow": 0.2530455330781721,
    "late_diff_fast": 0.7126741494919749,
    "Mg_stim": 2.0924118452901563,
    "Mg_dest": 37.68062069843628,
    "IL1b_ineffective": 92.2716993587107,
    "IL1b_stim": 17.413486400082906,
    "IL8_favorable": 9.055829834275734,
    "ALP_M_n": 3.122693324150291,
    "ARS_M_n": 1.4081205062093392,
    "ALP_0": 0.646487060126047,
    "ARS_0": 0.25504535210668294,
    "diff_time": 1009.8221752649301,
    "maturity_t": 0.3519720986405849
}