{
    "ALP_M_n": 3.8850607737141476,
    "ARS_M_n": 3.220852512177505,
    "ALP_0": 1.354937605698046,
    "ARS_0": 1.0214506674490642,
    "maturity_t": 0.546906525121306,
    "early_diff_slow": 0.20854811690879282,
    "early_diff_fast": 0.7418079646436826,
    "early_diff_very_fast": 0.6046915574257576,
    "late_diff_slow": 0.2813970159189799,
    "late_diff_fast": 0.7422575239557572,
    "a_early_diff_stim": 14.660436915870132,
    "a_early_diff_inhib": 11.591786599103118,
    "a_late_diff_stim": 14.37078196456336,
    "a_late_diff_inhib": 15.064167040873372,
    "diff_time": 724.8509145268494,
    "a_Chen_2018_ALP": 0.4608679351275706,
    "a_Chen_2018_ARS": 0.41417831307261405
}