{
    "a_Chen_2018_ALP": 5.715520011612797,
    "a_Chen_2018_ARS": 0.9507012766890371,
    "a_early_diff_stim": 18.849002905853673,
    "a_early_diff_inhib": 3.4198256728660583,
    "a_late_diff_stim": 14.061698062029482,
    "a_late_diff_inhib": 12.763435263307233,
    "early_diff_slow": 0.20392735352346064,
    "early_diff_fast": 0.6019352262539153,
    "early_diff_very_fast": 0.7412044495184985,
    "late_diff_slow": 0.29147617545865007,
    "late_diff_fast": 0.828936639814742,
    "Mg_stim": 4.81614636650762,
    "Mg_dest": 26.55220493619873,
    "IL1b_ineffective": 133.62456428209745,
    "IL1b_stim": 16.05772800427636,
    "IL8_favorable": 56.09632465481982,
    "ALP_M_n": 0.9878273353833601,
    "ARS_M_n": 2.311852902481125,
    "ALP_0": 0.24965021565146,
    "ARS_0": 0.7344087966260064,
    "diff_time": 750.7821586667936,
    "maturity_t": 0.729969154184025
}