{
    "ALP_M_n": 0.7287993564012001,
    "ARS_M_n": 1.8071731177517785,
    "ALP_0": 0.13474661628059958,
    "ARS_0": 0.4356748509561025,
    "maturity_t": 0.7701918911219995,
    "early_diff_slow": 0.2704722942295471,
    "early_diff_fast": 0.7466246387380746,
    "early_diff_very_fast": 0.6157429768670687,
    "late_diff_slow": 0.14422039745496967,
    "late_diff_fast": 0.6434575443718237,
    "a_early_diff_stim": 18.81967837819476,
    "a_early_diff_inhib": 17.761970963799108,
    "a_late_diff_stim": 6.940633162635498,
    "a_late_diff_inhib": 13.512594145858682,
    "diff_time": 856.3964194359808,
    "a_Chen_2018_ALP": 6.053051930840814,
    "a_Chen_2018_ARS": 1.9661871297907152
}