{
    "ALP_M_n": 4.265139366341915,
    "ARS_M_n": 2.674334131345507,
    "ALP_0": 0.8643516530801166,
    "ARS_0": 0.7526794533707973,
    "maturity_t": 0.35917724827041214,
    "early_diff_slow": 0.12913260756116368,
    "early_diff_fast": 0.7406674335921728,
    "early_diff_very_fast": 0.6008056939971785,
    "late_diff_slow": 0.21554251313831935,
    "late_diff_fast": 0.8742088577136559,
    "a_early_diff_stim": 9.053433943355802,
    "a_early_diff_inhib": 19.69321130815895,
    "a_late_diff_stim": 8.58678231067669,
    "a_late_diff_inhib": 14.329587146402027,
    "diff_time": 744.1025969743422,
    "a_Chen_2018_ALP": 2.368650189933472,
    "a_Chen_2018_ARS": 0.8936019172143275
}