{
    "ALP_M_n": 4.42690752457283,
    "ARS_M_n": 1.2735585699045595,
    "ALP_0": 0.9799483380408266,
    "ARS_0": 0.19979219829393438,
    "maturity_t": 0.3415506208317314,
    "early_diff_slow": 0.353020157637321,
    "early_diff_fast": 0.7479009357421749,
    "early_diff_very_fast": 0.60006688350006,
    "late_diff_slow": 0.17659923323596782,
    "late_diff_fast": 0.8011227469917553,
    "a_early_diff_stim": 13.56065786275788,
    "a_early_diff_inhib": 16.022802233019377,
    "a_late_diff_stim": 19.343934757356116,
    "a_late_diff_inhib": 9.897626429810035,
    "diff_time": 1062.465693372658,
    "a_Chen_2018_ALP": 1.6301782153213769,
    "a_Chen_2018_ARS": 3.180824318063708
}