{
    "a_Chen_2018_ALP": 5.1190748451209585,
    "a_Chen_2018_ARS": 2.07870399837903,
    "a_early_diff_stim": 9.29746910245852,
    "a_early_diff_inhib": 13.267681117671897,
    "a_late_diff_stim": 12.112561135258842,
    "a_late_diff_inhib": 9.09318665600278,
    "early_diff_slow": 0.17907436386055942,
    "early_diff_fast": 0.6197288143350617,
    "early_diff_very_fast": 0.9809429205089601,
    "late_diff_slow": 0.34755911988577093,
    "late_diff_fast": 0.8978657082456161,
    "Mg_stim": 5.894168173480127,
    "Mg_dest": 36.91807555019915,
    "IL1b_ineffective": 77.70876198488011,
    "IL1b_stim": 22.983427324414762,
    "IL8_favorable": 95.489113803094,
    "ALP_M_n": 3.25691062487848,
    "ARS_M_n": 1.8432724434966725,
    "ALP_0": 0.6671905838073612,
    "ARS_0": 0.42590152587236046,
    "diff_time": 876.4626177083574,
    "maturity_t": 0.3607629270641833
}