{
    "ALP_M_n": 1.16450682125288,
    "ARS_M_n": 2.0058912175089105,
    "ALP_0": 0.2889665214557473,
    "ARS_0": 0.5017569353636313,
    "maturity_t": 0.6241789985535177,
    "early_diff_slow": 0.34429952052595714,
    "early_diff_fast": 0.7487479478648931,
    "early_diff_very_fast": 0.6020816505150285,
    "late_diff_slow": 0.27016566504182926,
    "late_diff_fast": 0.8266989719330752,
    "a_early_diff_stim": 17.53589024241867,
    "a_early_diff_inhib": 14.063283509507336,
    "a_late_diff_stim": 4.624022934408019,
    "a_late_diff_inhib": 2.9437199323825247,
    "diff_time": 808.1601468732972,
    "a_Chen_2018_ALP": 6.226204860448623,
    "a_Chen_2018_ARS": 1.6934975512301707
}