{
    "ALP_M_n": 1.0830970481732425,
    "ARS_M_n": 1.5013821271076857,
    "ALP_0": 0.26755275955883906,
    "ARS_0": 0.3217947687790148,
    "maturity_t": 0.6482868441671844,
    "early_diff_slow": 0.19055894576507332,
    "early_diff_fast": 0.7482344607954645,
    "early_diff_very_fast": 0.6020343721723351,
    "late_diff_slow": 0.36480438734312387,
    "late_diff_fast": 0.7606087180000326,
    "a_early_diff_stim": 19.240738513157005,
    "a_early_diff_inhib": 13.406417715623897,
    "a_late_diff_stim": 10.581270344552138,
    "a_late_diff_inhib": 4.70426941255919,
    "diff_time": 840.8474972096975,
    "a_Chen_2018_ALP": 6.159104978377244,
    "a_Chen_2018_ARS": 2.2733817524214754
}