{
    "a_Chen_2018_ALP": 8.45852955310159,
    "a_Chen_2018_ARS": 2.90929374448594,
    "a_early_diff_stim": 10.185677484938983,
    "a_early_diff_inhib": 10.51601452246586,
    "a_late_diff_stim": 7.1888450057768,
    "a_late_diff_inhib": 9.021066571192687,
    "early_diff_slow": 0.149632459960502,
    "early_diff_fast": 0.6269963972023743,
    "early_diff_very_fast": 0.9842030717470723,
    "late_diff_slow": 0.16260447569306852,
    "late_diff_fast": 0.6465736309461357,
    "Mg_stim": 4.505149380707859,
    "Mg_dest": 27.170577701282703,
    "IL1b_ineffective": 66.70448615250763,
    "IL1b_stim": 9.563180384530119,
    "IL8_favorable": 43.761615379864764,
    "ALP_M_n": 2.5810164461241154,
    "ARS_M_n": 1.431958209202772,
    "ALP_0": 0.5014328346957411,
    "ARS_0": 0.26282094418864516,
    "diff_time": 1021.0432409170933,
    "maturity_t": 0.35089387014975426
}