{
    "a_Chen_2018_ALP": 9.950585945735323,
    "a_Chen_2018_ARS": 3.2446085308924126,
    "a_early_diff_stim": 18.196707639203577,
    "a_early_diff_inhib": 17.09783243042473,
    "a_late_diff_stim": 1.3192052058643142,
    "a_late_diff_inhib": 3.318856318493596,
    "early_diff_slow": 0.29786297134094747,
    "early_diff_fast": 0.5752528383917653,
    "early_diff_very_fast": 0.775299224401246,
    "late_diff_slow": 0.32733898837736375,
    "late_diff_fast": 0.7184190157319292,
    "Mg_stim": 5.182145307358217,
    "Mg_dest": 35.92742276884494,
    "IL1b_ineffective": 102.1033544840842,
    "IL1b_stim": 26.044572586341665,
    "IL8_favorable": 44.65602095045654,
    "ALP_M_n": 2.2716171153399354,
    "ARS_M_n": 1.2346683926616275,
    "ALP_0": 0.4265152215125411,
    "ARS_0": 0.18468542181985456,
    "diff_time": 1075.7719835796586,
    "maturity_t": 0.3499637250548393
}