{
    "a_Chen_2018_ALP": 2.6516554206864105,
    "a_Chen_2018_ARS": 2.883426614309651,
    "a_early_diff_stim": 18.32617081733195,
    "a_early_diff_inhib": 13.190702033015324,
    "a_late_diff_stim": 0.08222575688279576,
    "a_late_diff_inhib": 14.552999762333034,
    "early_diff_slow": 0.2369201843769852,
    "early_diff_fast": 0.5682910653550063,
    "early_diff_very_fast": 0.7634974241819918,
    "late_diff_slow": 0.1490425592818978,
    "late_diff_fast": 0.7077466819611457,
    "Mg_stim": 4.627637986934677,
    "Mg_dest": 34.71974240462092,
    "IL1b_ineffective": 161.64221687909384,
    "IL1b_stim": 1.771244738720462,
    "IL8_favorable": 84.44669090475062,
    "ALP_M_n": 3.9686623536768066,
    "ARS_M_n": 1.4382783425916879,
    "ALP_0": 0.8576897305688597,
    "ARS_0": 0.2577556898640041,
    "diff_time": 976.7782429630695,
    "maturity_t": 0.3495793591037145
}