{
    "ALP_M_n": 1.072280972177801,
    "ARS_M_n": 2.0946939677423857,
    "ALP_0": 0.2861625284951252,
    "ARS_0": 0.5883836367043933,
    "maturity_t": 0.7030685009302996,
    "early_diff_slow": 0.13525983271268224,
    "early_diff_fast": 0.7411894006278377,
    "early_diff_very_fast": 0.6029445441678991,
    "late_diff_slow": 0.35054899870781997,
    "late_diff_fast": 0.8046137171485321,
    "a_early_diff_stim": 18.925342062009857,
    "a_early_diff_inhib": 17.08882593797862,
    "a_late_diff_stim": 5.471150377138714,
    "a_late_diff_inhib": 16.93964558729008,
    "diff_time": 775.8061837093506,
    "a_Chen_2018_ALP": 5.6608934644980735,
    "a_Chen_2018_ARS": 1.341969059488992
}