{
    "ALP_M_n": 2.5604592219978755,
    "ARS_M_n": 2.557206207967122,
    "ALP_0": 0.9541058288789925,
    "ARS_0": 0.8402835273672459,
    "maturity_t": 0.6451393486824017,
    "early_diff_slow": 0.3281650342298709,
    "early_diff_fast": 0.7489357272830162,
    "early_diff_very_fast": 0.6002921656944976,
    "late_diff_slow": 0.3953858211231779,
    "late_diff_fast": 0.7061063170900927,
    "a_early_diff_stim": 16.18263798701361,
    "a_early_diff_inhib": 9.678477618751845,
    "a_late_diff_stim": 12.543980127076113,
    "a_late_diff_inhib": 19.897292888151956,
    "diff_time": 622.682832389319,
    "a_Chen_2018_ALP": 1.682952495023761,
    "a_Chen_2018_ARS": 0.6448074154135419
}