{
    "a_Chen_2018_ALP": 8.304942602618553,
    "a_Chen_2018_ARS": 2.500080938302568,
    "a_early_diff_stim": 18.314906811647425,
    "a_early_diff_inhib": 15.128503896305034,
    "a_late_diff_stim": 11.028682604157671,
    "a_late_diff_inhib": 14.77522222926317,
    "early_diff_slow": 0.23958483220982968,
    "early_diff_fast": 0.5740593541013577,
    "early_diff_very_fast": 0.7867968635426101,
    "late_diff_slow": 0.28091690406379977,
    "late_diff_fast": 0.6761830523459598,
    "Mg_stim": 6.416882463725571,
    "Mg_dest": 30.556193512679105,
    "IL1b_ineffective": 82.70176669635464,
    "IL1b_stim": 14.915781864569059,
    "IL8_favorable": 65.21313947489466,
    "ALP_M_n": 2.5597818305886517,
    "ARS_M_n": 1.57108284842414,
    "ALP_0": 0.5027898763016919,
    "ARS_0": 0.3510617940691517,
    "diff_time": 1043.3572475066883,
    "maturity_t": 0.35452305430335257
}