{
    "a_Chen_2018_ALP": 5.385884792194529,
    "a_Chen_2018_ARS": 1.3106727727919263,
    "a_early_diff_stim": 10.021021606378476,
    "a_early_diff_inhib": 18.224401176684587,
    "a_late_diff_stim": 6.920839572789365,
    "a_late_diff_inhib": 13.267578199586572,
    "early_diff_slow": 0.22281623974928944,
    "early_diff_fast": 0.7085206821531412,
    "early_diff_very_fast": 0.9845955072570223,
    "late_diff_slow": 0.1987408605041108,
    "late_diff_fast": 0.842226054254936,
    "Mg_stim": 3.8663078056201865,
    "Mg_dest": 38.2133373830422,
    "IL1b_ineffective": 152.5874866866836,
    "IL1b_stim": 10.553761835005556,
    "IL8_favorable": 36.34728574397578,
    "ALP_M_n": 0.923526905967893,
    "ARS_M_n": 1.8786317904117151,
    "ALP_0": 0.24598201287005808,
    "ARS_0": 0.5776007798908714,
    "diff_time": 749.0454832279388,
    "maturity_t": 0.7971347946977533
}