{
    "ALP_M_n": 4.394053987316111,
    "ARS_M_n": 1.5521755341595735,
    "ALP_0": 0.9442457864279703,
    "ARS_0": 0.2921007677470078,
    "maturity_t": 0.5488294104095223,
    "early_diff_slow": 0.19273209863507068,
    "early_diff_fast": 0.7149217463058747,
    "early_diff_very_fast": 0.644909801564876,
    "late_diff_slow": 0.266997899875799,
    "late_diff_fast": 0.7126194202633656,
    "a_early_diff_stim": 7.817606330493212,
    "a_early_diff_inhib": 4.223346372635857,
    "a_late_diff_stim": 0.034244351157841635,
    "a_late_diff_inhib": 1.1103994044489713,
    "diff_time": 908.7588531120978,
    "a_Chen_2018_ALP": 1.828524171300833,
    "a_Chen_2018_ARS": 2.705470180453911
}