{
    "ALP_M_n": 2.445495000507469,
    "ARS_M_n": 1.9910879567386537,
    "ALP_0": 0.8095945501971474,
    "ARS_0": 0.5034310362874088,
    "maturity_t": 0.5778212406002666,
    "early_diff_slow": 0.2758841577562068,
    "early_diff_fast": 0.7470524697455901,
    "early_diff_very_fast": 0.6004499860268346,
    "late_diff_slow": 0.20403031233380814,
    "late_diff_fast": 0.6653804712310857,
    "a_early_diff_stim": 15.81791820383226,
    "a_early_diff_inhib": 14.080228449436568,
    "a_late_diff_stim": 13.515345986526528,
    "a_late_diff_inhib": 12.153248721569232,
    "diff_time": 723.3573382056708,
    "a_Chen_2018_ALP": 2.5143307832121558,
    "a_Chen_2018_ARS": 1.5686416012732463
}