{
    "ALP_M_n": 2.470187579522109,
    "ARS_M_n": 2.66272063054711,
    "ALP_0": 0.9425818812783915,
    "ARS_0": 0.8342141129899842,
    "maturity_t": 0.660861614658528,
    "early_diff_slow": 0.2062217882395943,
    "early_diff_fast": 0.7443726505592593,
    "early_diff_very_fast": 0.6029240831141405,
    "late_diff_slow": 0.22232218532469922,
    "late_diff_fast": 0.8754909646782396,
    "a_early_diff_stim": 15.45159235181495,
    "a_early_diff_inhib": 17.431897124738484,
    "a_late_diff_stim": 13.058746755383591,
    "a_late_diff_inhib": 4.9354952127533664,
    "diff_time": 642.0605955851961,
    "a_Chen_2018_ALP": 1.744484123585433,
    "a_Chen_2018_ARS": 0.6624188565096584
}