{
    "ALP_M_n": 4.193438062259796,
    "ARS_M_n": 1.331129632870101,
    "ALP_0": 0.9236713736999098,
    "ARS_0": 0.22435460301479443,
    "maturity_t": 0.3435106772567026,
    "early_diff_slow": 0.1528260927069945,
    "early_diff_fast": 0.7475939724525393,
    "early_diff_very_fast": 0.6016400188459264,
    "late_diff_slow": 0.21118839200986647,
    "late_diff_fast": 0.8337553622325357,
    "a_early_diff_stim": 13.118189767813055,
    "a_early_diff_inhib": 13.531128210109387,
    "a_late_diff_stim": 4.146438502339699,
    "a_late_diff_inhib": 10.070299157025413,
    "diff_time": 1044.6618058293222,
    "a_Chen_2018_ALP": 2.0746218944825183,
    "a_Chen_2018_ARS": 3.0647655028416003
}