{
    "a_Chen_2018_ALP": 4.309814742955395,
    "a_Chen_2018_ARS": 0.5193975480862888,
    "a_early_diff_stim": 10.494302237768833,
    "a_early_diff_inhib": 3.054629624912951,
    "a_late_diff_stim": 9.69785650944351,
    "a_late_diff_inhib": 12.059545015947329,
    "early_diff_slow": 0.2816165546417454,
    "early_diff_fast": 0.6043891924394564,
    "early_diff_very_fast": 0.9408630735203729,
    "late_diff_slow": 0.15537115032553123,
    "late_diff_fast": 0.693887912532182,
    "Mg_stim": 6.7594580666727095,
    "Mg_dest": 34.963533054268424,
    "IL1b_ineffective": 68.19342294424442,
    "IL1b_stim": 9.066073899723671,
    "IL8_favorable": 32.85713669680768,
    "ALP_M_n": 3.4101753097764766,
    "ARS_M_n": 2.972454505033514,
    "ALP_0": 0.7111812318073649,
    "ARS_0": 0.9872772217783834,
    "diff_time": 837.619078560929,
    "maturity_t": 0.3686356999666969
}