{
    "ALP_M_n": 1.7470962149991338,
    "ARS_M_n": 2.29130489533676,
    "ALP_0": 0.5659075301394391,
    "ARS_0": 0.6389999693749135,
    "maturity_t": 0.6415607449112272,
    "early_diff_slow": 0.15074575166986454,
    "early_diff_fast": 0.7482294577612154,
    "early_diff_very_fast": 0.6018007314088027,
    "late_diff_slow": 0.3116258975729127,
    "late_diff_fast": 0.6965666022813978,
    "a_early_diff_stim": 16.09714193304695,
    "a_early_diff_inhib": 17.473787718870888,
    "a_late_diff_stim": 11.040074215973785,
    "a_late_diff_inhib": 1.3120434954685933,
    "diff_time": 693.1492805636759,
    "a_Chen_2018_ALP": 4.0284989060679735,
    "a_Chen_2018_ARS": 1.122997005821445
}