{
    "ALP_M_n": 0.7442190562771935,
    "ARS_M_n": 1.6587469768917738,
    "ALP_0": 0.14138962136762112,
    "ARS_0": 0.36735402282944135,
    "maturity_t": 0.7510999629642985,
    "early_diff_slow": 0.3247856930383587,
    "early_diff_fast": 0.7451924335092737,
    "early_diff_very_fast": 0.615153312317595,
    "late_diff_slow": 0.21020323184668888,
    "late_diff_fast": 0.6303435467680445,
    "a_early_diff_stim": 19.20443123586514,
    "a_early_diff_inhib": 5.169448872223324,
    "a_late_diff_stim": 8.870117930643428,
    "a_late_diff_inhib": 4.1583841829944195,
    "diff_time": 874.6289744806053,
    "a_Chen_2018_ALP": 6.0954501856857926,
    "a_Chen_2018_ARS": 2.243905442542469
}