{
    "ALP_M_n": 2.224752311207114,
    "ARS_M_n": 1.659397626869747,
    "ALP_0": 0.7965199579353384,
    "ARS_0": 0.40189651648266034,
    "maturity_t": 0.6434709532111994,
    "early_diff_slow": 0.17221375338575967,
    "early_diff_fast": 0.7461363574630081,
    "early_diff_very_fast": 0.6037470445940236,
    "late_diff_slow": 0.2897619658764454,
    "late_diff_fast": 0.8651277662584012,
    "a_early_diff_stim": 17.40717003547523,
    "a_early_diff_inhib": 14.353182616463444,
    "a_late_diff_stim": 15.451216470956034,
    "a_late_diff_inhib": 8.355753658706945,
    "diff_time": 724.0961625297888,
    "a_Chen_2018_ALP": 2.4881514070208484,
    "a_Chen_2018_ARS": 1.8157854245715217
}