{
    "a_Chen_2018_ALP": 4.496697618021691,
    "a_Chen_2018_ARS": 2.683206276732928,
    "a_early_diff_stim": 19.99854685814264,
    "a_early_diff_inhib": 17.04476884594657,
    "a_late_diff_stim": 18.13036099042376,
    "a_late_diff_inhib": 16.156660347491552,
    "early_diff_slow": 0.2664310718381958,
    "early_diff_fast": 0.5648112807129995,
    "early_diff_very_fast": 0.7512188660525232,
    "late_diff_slow": 0.32798571086317574,
    "late_diff_fast": 0.8765234553470872,
    "Mg_stim": 5.649836478946444,
    "Mg_dest": 22.33629984580092,
    "IL1b_ineffective": 171.59440580524392,
    "IL1b_stim": 17.61834041271116,
    "IL8_favorable": 37.60738778427729,
    "ALP_M_n": 3.387768103220507,
    "ARS_M_n": 1.504852888356596,
    "ALP_0": 0.7153563124021781,
    "ARS_0": 0.303729218750921,
    "diff_time": 1003.4660905585216,
    "maturity_t": 0.3515565215334635
}