{
    "a_Chen_2018_ALP": 9.565632870180199,
    "a_Chen_2018_ARS": 2.393996419482609,
    "a_early_diff_stim": 13.458979222363599,
    "a_early_diff_inhib": 15.69750946667455,
    "a_late_diff_stim": 7.796757579904159,
    "a_late_diff_inhib": 12.008615990321573,
    "early_diff_slow": 0.35384313492626984,
    "early_diff_fast": 0.5918670964453816,
    "early_diff_very_fast": 0.8650845201255142,
    "late_diff_slow": 0.3971234284919323,
    "late_diff_fast": 0.6681209769989328,
    "Mg_stim": 5.141337039951246,
    "Mg_dest": 25.284294035520812,
    "IL1b_ineffective": 59.314552828421355,
    "IL1b_stim": 23.237912700892103,
    "IL8_favorable": 12.584398431795464,
    "ALP_M_n": 1.9638169889224468,
    "ARS_M_n": 1.6609925460706865,
    "ALP_0": 0.37600264659617166,
    "ARS_0": 0.3671572162031459,
    "diff_time": 963.7683850490984,
    "maturity_t": 0.3853661018280445
}