{
    "ALP_M_n": 2.463086190786285,
    "ARS_M_n": 2.5083808650353223,
    "ALP_0": 0.8348280985993215,
    "ARS_0": 0.6990059757961058,
    "maturity_t": 0.5891092858640046,
    "early_diff_slow": 0.25173374872681253,
    "early_diff_fast": 0.7495345218005163,
    "early_diff_very_fast": 0.6028353450578247,
    "late_diff_slow": 0.2852007165257596,
    "late_diff_fast": 0.6522618884090461,
    "a_early_diff_stim": 15.001730785193953,
    "a_early_diff_inhib": 5.981499416949485,
    "a_late_diff_stim": 8.841183589641876,
    "a_late_diff_inhib": 8.888459965888426,
    "diff_time": 696.9352179689395,
    "a_Chen_2018_ALP": 2.3425968644715454,
    "a_Chen_2018_ARS": 0.9830062196043601
}