{
    "ALP_M_n": 1.1475153426137588,
    "ARS_M_n": 2.7873314265936844,
    "ALP_0": 0.32262248635053614,
    "ARS_0": 0.9616748742397571,
    "maturity_t": 0.7205455353264856,
    "early_diff_slow": 0.11175919143973745,
    "early_diff_fast": 0.7434729802153829,
    "early_diff_very_fast": 0.6001745184911085,
    "late_diff_slow": 0.2349957160217937,
    "late_diff_fast": 0.7233195510444839,
    "a_early_diff_stim": 18.027248829011196,
    "a_early_diff_inhib": 8.33726357049738,
    "a_late_diff_stim": 9.107885961400102,
    "a_late_diff_inhib": 11.127591261541403,
    "diff_time": 704.8499418866517,
    "a_Chen_2018_ALP": 5.342283830402355,
    "a_Chen_2018_ARS": 0.5156135184997755
}