{
    "ALP_M_n": 2.085193395991427,
    "ARS_M_n": 2.8951555493847834,
    "ALP_0": 0.5947254954266663,
    "ARS_0": 0.8757811909230989,
    "maturity_t": 0.3913412737909487,
    "early_diff_slow": 0.2758517739951725,
    "early_diff_fast": 0.701624511184276,
    "early_diff_very_fast": 0.6616962564686373,
    "late_diff_slow": 0.38173142191975185,
    "late_diff_fast": 0.7252332878691209,
    "a_early_diff_stim": 19.055237134249456,
    "a_early_diff_inhib": 4.66495511795165,
    "a_late_diff_stim": 16.004627899678653,
    "a_late_diff_inhib": 9.509840177063658,
    "diff_time": 699.9579414981106,
    "a_Chen_2018_ALP": 4.23794439027801,
    "a_Chen_2018_ARS": 0.6135557977686467
}