{
    "a_Chen_2018_ALP": 4.031896901478773,
    "a_Chen_2018_ARS": 3.1045790983407744,
    "a_early_diff_stim": 11.82811225693013,
    "a_early_diff_inhib": 5.874658636890998,
    "a_late_diff_stim": 3.82674106512762,
    "a_late_diff_inhib": 12.964166557385724,
    "early_diff_slow": 0.1744127649232132,
    "early_diff_fast": 0.6123801474252506,
    "early_diff_very_fast": 0.921016281107772,
    "late_diff_slow": 0.23303703252427738,
    "late_diff_fast": 0.7222892461170473,
    "Mg_stim": 5.881791086380621,
    "Mg_dest": 29.513628990516967,
    "IL1b_ineffective": 112.9599354640066,
    "IL1b_stim": 3.050310337681397,
    "IL8_favorable": 31.796910350901825,
    "ALP_M_n": 3.5129761297728512,
    "ARS_M_n": 1.3096553706747625,
    "ALP_0": 0.7494365632052097,
    "ARS_0": 0.2120971042757311,
    "diff_time": 1033.7598776035627,
    "maturity_t": 0.34858516034578335
}