{
    "ALP_M_n": 3.059184067366609,
    "ARS_M_n": 2.152021838669713,
    "ALP_0": 1.0027737622524817,
    "ARS_0": 0.536642773475296,
    "maturity_t": 0.5396906688250228,
    "early_diff_slow": 0.23586776111965607,
    "early_diff_fast": 0.7483032294554868,
    "early_diff_very_fast": 0.601281748715362,
    "late_diff_slow": 0.1915897201620673,
    "late_diff_fast": 0.7739517186354705,
    "a_early_diff_stim": 14.090873776041622,
    "a_early_diff_inhib": 9.568304654721182,
    "a_late_diff_stim": 8.364915742913912,
    "a_late_diff_inhib": 11.335408838239404,
    "diff_time": 714.0119505876772,
    "a_Chen_2018_ALP": 1.4873201012380712,
    "a_Chen_2018_ARS": 1.5268035529830923
}