{
    "ALP_M_n": 2.1913847888115257,
    "ARS_M_n": 1.4990430440666718,
    "ALP_0": 0.4418733978510671,
    "ARS_0": 0.2754377894629887,
    "maturity_t": 0.7182710873889148,
    "early_diff_slow": 0.3023177545065564,
    "early_diff_fast": 0.7236830190968899,
    "early_diff_very_fast": 0.6381067421998045,
    "late_diff_slow": 0.1654562413794271,
    "late_diff_fast": 0.8570107142987827,
    "a_early_diff_stim": 7.420015045966456,
    "a_early_diff_inhib": 16.223100852309983,
    "a_late_diff_stim": 17.840921451482032,
    "a_late_diff_inhib": 18.535971500162972,
    "diff_time": 853.9419538390375,
    "a_Chen_2018_ALP": 8.982146316099017,
    "a_Chen_2018_ARS": 2.778106650085308
}