{
    "ALP_M_n": 1.745831503543041,
    "ARS_M_n": 1.6664162170209138,
    "ALP_0": 0.34515672815335935,
    "ARS_0": 0.3728155557579392,
    "maturity_t": 0.4023154967455476,
    "early_diff_slow": 0.224893037145828,
    "early_diff_fast": 0.7452727823189337,
    "early_diff_very_fast": 0.600713980384673,
    "late_diff_slow": 0.12528385517477525,
    "late_diff_fast": 0.6456001791652906,
    "a_early_diff_stim": 12.649446262037278,
    "a_early_diff_inhib": 5.9042242766111555,
    "a_late_diff_stim": 8.227995652153394,
    "a_late_diff_inhib": 16.10948795369058,
    "diff_time": 927.6084229135498,
    "a_Chen_2018_ALP": 9.308286597509307,
    "a_Chen_2018_ARS": 2.3067310062997888
}