{
    "a_Chen_2018_ALP": 4.962351479699537,
    "a_Chen_2018_ARS": 3.600795530558506,
    "a_early_diff_stim": 5.51086484711467,
    "a_early_diff_inhib": 19.782660530491476,
    "a_late_diff_stim": 10.940298027628149,
    "a_late_diff_inhib": 18.799724258714495,
    "early_diff_slow": 0.2689146247265235,
    "early_diff_fast": 0.7188641831940557,
    "early_diff_very_fast": 0.8368739400747549,
    "late_diff_slow": 0.18996427649488212,
    "late_diff_fast": 0.8633082452597858,
    "Mg_stim": 3.9920617500435704,
    "Mg_dest": 31.15614603763424,
    "IL1b_ineffective": 115.5326289397618,
    "IL1b_stim": 14.758180718095623,
    "IL8_favorable": 71.38592244417869,
    "ALP_M_n": 3.5438377013535067,
    "ARS_M_n": 1.0510851705044642,
    "ALP_0": 0.7107726708384781,
    "ARS_0": 0.12411017065214888,
    "diff_time": 1037.6113741042782,
    "maturity_t": 0.5773446149823694
}