{
    "ALP_M_n": 0.7510026977945127,
    "ARS_M_n": 1.4774814484775347,
    "ALP_0": 0.15967471041058284,
    "ARS_0": 0.31360491765772835,
    "maturity_t": 0.8095181723471485,
    "early_diff_slow": 0.2053730373214636,
    "early_diff_fast": 0.7491747268203347,
    "early_diff_very_fast": 0.6172444349538366,
    "late_diff_slow": 0.32795016183688847,
    "late_diff_fast": 0.6577491499858745,
    "a_early_diff_stim": 19.452745398711667,
    "a_early_diff_inhib": 12.763728580022518,
    "a_late_diff_stim": 9.551071196958219,
    "a_late_diff_inhib": 6.851157315434527,
    "diff_time": 833.7196415120975,
    "a_Chen_2018_ALP": 5.7331513164880565,
    "a_Chen_2018_ARS": 2.2786279410700105
}