{
    "a_Chen_2018_ALP": 2.437218983576467,
    "a_Chen_2018_ARS": 2.9620422212905897,
    "a_early_diff_stim": 12.452131677258686,
    "a_early_diff_inhib": 5.017273935109262,
    "a_late_diff_stim": 1.0240540815897212,
    "a_late_diff_inhib": 6.173453094049632,
    "early_diff_slow": 0.13106981079798952,
    "early_diff_fast": 0.6084272202057038,
    "early_diff_very_fast": 0.8898597702105844,
    "late_diff_slow": 0.36021014710017174,
    "late_diff_fast": 0.6283919199469838,
    "Mg_stim": 8.955454262562732,
    "Mg_dest": 32.659964331271986,
    "IL1b_ineffective": 43.94779184671782,
    "IL1b_stim": 18.423251693750867,
    "IL8_favorable": 12.982774731838482,
    "ALP_M_n": 4.067546481697389,
    "ARS_M_n": 1.379529974844274,
    "ALP_0": 0.8851138967234956,
    "ARS_0": 0.25423048829487993,
    "diff_time": 1067.5890433143968,
    "maturity_t": 0.3418263940538479
}