{
    "ALP_M_n": 2.682712707928376,
    "ARS_M_n": 2.424248915813843,
    "ALP_0": 0.8634239514286293,
    "ARS_0": 0.6709282341111775,
    "maturity_t": 0.551556309966157,
    "early_diff_slow": 0.2259995212043247,
    "early_diff_fast": 0.7494949332340173,
    "early_diff_very_fast": 0.6023635173863519,
    "late_diff_slow": 0.15059438754869647,
    "late_diff_fast": 0.8396251686087394,
    "a_early_diff_stim": 15.099278200943406,
    "a_early_diff_inhib": 9.018965824301443,
    "a_late_diff_stim": 5.200086746401233,
    "a_late_diff_inhib": 10.249099585253717,
    "diff_time": 728.9539793266732,
    "a_Chen_2018_ALP": 2.219826757104836,
    "a_Chen_2018_ARS": 1.111059776703991
}