{
    "ALP_M_n": 1.3184450276571524,
    "ARS_M_n": 2.12211211546501,
    "ALP_0": 0.37346568989286383,
    "ARS_0": 0.5459590387087253,
    "maturity_t": 0.6416205158734067,
    "early_diff_slow": 0.17479554944459977,
    "early_diff_fast": 0.7453834226173512,
    "early_diff_very_fast": 0.6025856106822539,
    "late_diff_slow": 0.28149726768307,
    "late_diff_fast": 0.7349673888601685,
    "a_early_diff_stim": 18.09423930167999,
    "a_early_diff_inhib": 11.932895369508046,
    "a_late_diff_stim": 12.639179164322867,
    "a_late_diff_inhib": 5.949943073696224,
    "diff_time": 786.3695832320487,
    "a_Chen_2018_ALP": 5.487907173824513,
    "a_Chen_2018_ARS": 1.5211733211177112
}