{
    "ALP_M_n": 0.8362161743100569,
    "ARS_M_n": 2.4961139510903663,
    "ALP_0": 0.1950671696842341,
    "ARS_0": 0.863196261558617,
    "maturity_t": 0.8183367003357966,
    "early_diff_slow": 0.2436038694347176,
    "early_diff_fast": 0.74083557884509,
    "early_diff_very_fast": 0.6110155012069021,
    "late_diff_slow": 0.3011738278212859,
    "late_diff_fast": 0.8041285273754563,
    "a_early_diff_stim": 17.4492535535085,
    "a_early_diff_inhib": 5.062209450739025,
    "a_late_diff_stim": 4.0494529737257,
    "a_late_diff_inhib": 13.372016815724642,
    "diff_time": 670.260279387502,
    "a_Chen_2018_ALP": 5.4358828987111,
    "a_Chen_2018_ARS": 0.6640836861275536
}