{
    "ALP_M_n": 2.0193765835492195,
    "ARS_M_n": 2.44014729189017,
    "ALP_0": 0.36444584242169825,
    "ARS_0": 0.6585826567020245,
    "maturity_t": 0.38703738420766826,
    "early_diff_slow": 0.3217141300666083,
    "early_diff_fast": 0.7442132491487008,
    "early_diff_very_fast": 0.603366060201878,
    "late_diff_slow": 0.3414453784493163,
    "late_diff_fast": 0.7013837917091635,
    "a_early_diff_stim": 9.299882959975339,
    "a_early_diff_inhib": 14.907368188237605,
    "a_late_diff_stim": 10.396850157763835,
    "a_late_diff_inhib": 12.535342303934469,
    "diff_time": 752.7919353292939,
    "a_Chen_2018_ALP": 9.971344124622247,
    "a_Chen_2018_ARS": 1.1547694094305414
}