{
    "ALP_M_n": 2.364548736339989,
    "ARS_M_n": 1.2923964990536083,
    "ALP_0": 0.47164783144511285,
    "ARS_0": 0.2191724532496194,
    "maturity_t": 0.3595875481429065,
    "early_diff_slow": 0.22581451940911418,
    "early_diff_fast": 0.7493868493823478,
    "early_diff_very_fast": 0.6001349270133554,
    "late_diff_slow": 0.22269552562213069,
    "late_diff_fast": 0.7566016537781516,
    "a_early_diff_stim": 14.221472695169078,
    "a_early_diff_inhib": 11.53198545731135,
    "a_late_diff_stim": 10.29539205778599,
    "a_late_diff_inhib": 14.36640446116252,
    "diff_time": 1078.483687495444,
    "a_Chen_2018_ALP": 8.669708490633527,
    "a_Chen_2018_ARS": 3.073561644402912
}