{"a_Ber_2016_ALP": 0.7113458147078655, "a_Ber_2016_OC": 0.7536542833865917, "a_Valles_2020_ALP": 324.56776557831546, "a_Valles_2020_ARS": 699.6426286249562, "a_Chen_2018_ALP": 7.455763914472835, "a_Chen_2018_ARS": 3.4145107772210164, "a_Qiao_2021_ALP": 34.53272286338592, "a_early_diff_stim": 12.064932961190042, "a_early_diff_inhib": 10.143126312891383, "a_late_diff_stim": 9.081129836857784, "a_late_diff_inhib": 12.366035005207971, "early_diff_slow": 0.3850639563651672, "early_diff_fast": 0.5615639835790089, "early_diff_very_fast": 0.7026958964446816, "late_diff_slow": 0.22846045833938777, "late_diff_fast": 0.7242600287537695, "Mg_stim": 9.954627043359313, "Mg_dest": 29.902091134367716, "IL1b_ineffective": 111.21865643763917, "IL1b_stim": 4.053093787862366, "IL8_favorable": 11.531621472219953, "ALP_M_n": 1.4346161275785765, "ARS_M_n": 1.1087443295804793, "OC_M_n": 0.035902997293526424, "ALP_0": 0.32341239640936237, "ARS_0": 0.1575070996709372, "OC_0": 4.682120843177179, "diff_time": 856.0176785355503, "maturity_t": 0.8}