{"a_Ber_2016_ALP": 0.8441166733948657, "a_Ber_2016_OC": 0.2273772199880486, "a_Valles_2020_ALP": 347.94686279879306, "a_Valles_2020_ARS": 801.419891228253, "a_Chen_2018_ALP": 8.293409314399202, "a_Chen_2018_ARS": 3.730247728760116, "a_Qiao_2021_ALP": 39.4760538841582, "a_early_diff_stim": 7.73637950217371, "a_early_diff_inhib": 11.931257636503636, "a_late_diff_stim": 10.698745231299077, "a_late_diff_inhib": 6.257524035831226, "early_diff_slow": 0.25292125811270316, "early_diff_fast": 0.5506958518566711, "early_diff_very_fast": 0.7994120530357278, "late_diff_slow": 0.19707698672649518, "late_diff_fast": 0.765338978043194, "Mg_stim": 8.252057062386715, "Mg_dest": 36.26169282373801, "IL1b_ineffective": 113.68875820698167, "IL1b_stim": 4.235495285641791, "IL8_favorable": 11.617550749314468, "ALP_M_n": 1.7461250437828926, "ARS_M_n": 0.835297269240979, "OC_M_n": 0.552020044401387, "ALP_0": 0.37215833086875316, "ARS_0": 0.06904347704073503, "OC_0": 5.525083012005324, "diff_time": 949.8532808980909, "maturity_t": 0.7057319943032487}