{"a_Ber_2016_ALP": 0.8081313170253273, "a_Ber_2016_OC": 0.45409603232554974, "a_Valles_2020_ALP": 334.30145782475495, "a_Valles_2020_ARS": 685.2032106987019, "a_Chen_2018_ALP": 8.338417114119691, "a_Chen_2018_ARS": 3.3578999908602203, "a_Qiao_2021_ALP": 37.1074636791622, "a_early_diff_stim": 8.539055266083547, "a_early_diff_inhib": 12.438544537082091, "a_late_diff_stim": 11.781467803216517, "a_late_diff_inhib": 7.800024060617758, "early_diff_slow": 0.2382960283472065, "early_diff_fast": 0.5840291386297066, "early_diff_very_fast": 0.7607419373865351, "late_diff_slow": 0.14225368593107415, "late_diff_fast": 0.6111269785159884, "Mg_stim": 9.699724177730111, "Mg_dest": 23.23341158424541, "IL1b_ineffective": 113.55863155768049, "IL1b_stim": 3.770791700805132, "IL8_favorable": 11.494212543460598, "ALP_M_n": 1.3960558338105125, "ARS_M_n": 1.0671400930204296, "OC_M_n": 0.3957183998859061, "ALP_0": 0.2904175986350183, "ARS_0": 0.1575437386758611, "OC_0": 2.974130008363192, "diff_time": 836.4224876095417, "maturity_t": 0.765875361451422}