{"a_Ber_2016_ALP": 0.907511027708913, "a_Ber_2016_OC": 0.07003850375682087, "a_Valles_2020_ALP": 398.13254192491564, "a_Valles_2020_ARS": 807.6922029840429, "a_Chen_2018_ALP": 8.970260281377904, "a_Chen_2018_ARS": 3.622828465817404, "a_Qiao_2021_ALP": 40.876176768811355, "a_early_diff_stim": 7.390391970556043, "a_early_diff_inhib": 17.625150539643094, "a_late_diff_stim": 10.097793831598011, "a_late_diff_inhib": 6.299349814636297, "early_diff_slow": 0.2842490101343914, "early_diff_fast": 0.5640748221015313, "early_diff_very_fast": 0.8610740361941019, "late_diff_slow": 0.10208754869128103, "late_diff_fast": 0.7264349147164889, "Mg_stim": 8.161397590187882, "Mg_dest": 29.599797867970423, "IL1b_ineffective": 115.721526175965, "IL1b_stim": 3.6806183004950146, "IL8_favorable": 7.907780357844985, "ALP_M_n": 1.4017943500518686, "ARS_M_n": 0.7266002594326558, "OC_M_n": 0.6292445191462164, "ALP_0": 0.2788312067048897, "ARS_0": 0.05426105392419689, "OC_0": 8.283758828954541, "diff_time": 1019.548965254118, "maturity_t": 0.788552935208771}