{"a_Ber_2016_ALP": 0.7619398218197171, "a_Ber_2016_OC": 0.3662662641614854, "a_Valles_2020_ALP": 334.4485435560951, "a_Valles_2020_ARS": 726.5286106944936, "a_Chen_2018_ALP": 8.11599017072835, "a_Chen_2018_ARS": 3.540840504513651, "a_Qiao_2021_ALP": 38.071873088632195, "a_early_diff_stim": 5.380688465235919, "a_early_diff_inhib": 17.54000324077674, "a_late_diff_stim": 15.464065720123072, "a_late_diff_inhib": 16.535442436886825, "early_diff_slow": 0.28888291422400153, "early_diff_fast": 0.6106894603301724, "early_diff_very_fast": 0.9289837779128115, "late_diff_slow": 0.26475805724197055, "late_diff_fast": 0.6845539953909097, "Mg_stim": 9.803069319995984, "Mg_dest": 25.92491158959086, "IL1b_ineffective": 112.9509726252565, "IL1b_stim": 3.844854334750268, "IL8_favorable": 12.157310187188408, "ALP_M_n": 1.287887320134638, "ARS_M_n": 0.966926812342663, "OC_M_n": 0.47298516871359336, "ALP_0": 0.2694866683439048, "ARS_0": 0.1171320670977617, "OC_0": 4.001842717684244, "diff_time": 853.7175684892675, "maturity_t": 0.7897846252154105}