{"a_Ber_2016_ALP": 0.5815407988615993, "a_Ber_2016_OC": 0.6240907783400022, "a_Valles_2020_ALP": 247.83750711654085, "a_Valles_2020_ARS": 404.0363093213806, "a_Chen_2018_ALP": 6.208588027203977, "a_Chen_2018_ARS": 2.0242464423429545, "a_Qiao_2021_ALP": 28.1387376002339, "a_early_diff_stim": 13.557859812400237, "a_early_diff_inhib": 13.862587691903443, "a_late_diff_stim": 2.813016902611965, "a_late_diff_inhib": 18.976623398973903, "early_diff_slow": 0.14071852327072498, "early_diff_fast": 0.550022069065552, "early_diff_very_fast": 0.6574651528185882, "late_diff_slow": 0.14036518074832732, "late_diff_fast": 0.7893997955558623, "Mg_stim": 9.976224339520622, "Mg_dest": 25.622405857947022, "IL1b_ineffective": 112.5623327677751, "IL1b_stim": 3.8220422372503933, "IL8_favorable": 10.340535266965688, "ALP_M_n": 1.6832985730822805, "ARS_M_n": 1.817612920716912, "OC_M_n": 0.12482692836477856, "ALP_0": 0.4300231480458621, "ARS_0": 0.46332324816132253, "OC_0": 3.899729998806463, "diff_time": 744.5138557229814, "maturity_t": 0.8}