{"a_Ber_2016_ALP": 0.4232294578387523, "a_Ber_2016_OC": 0.17418741549130415, "a_Valles_2020_ALP": 205.03565937444083, "a_Valles_2020_ARS": 384.51780130578453, "a_Chen_2018_ALP": 5.054687621167954, "a_Chen_2018_ARS": 1.9491712475624954, "a_Qiao_2021_ALP": 22.998719228541578, "a_early_diff_stim": 4.999797028583307, "a_early_diff_inhib": 17.173697439922613, "a_late_diff_stim": 15.739474998728927, "a_late_diff_inhib": 11.244129140273444, "early_diff_slow": 0.12454663518220724, "early_diff_fast": 0.6325229569843844, "early_diff_very_fast": 0.9647266304606829, "late_diff_slow": 0.16113061516352417, "late_diff_fast": 0.837333327524132, "Mg_stim": 9.965237902921942, "Mg_dest": 25.44138936065137, "IL1b_ineffective": 110.28381944327633, "IL1b_stim": 4.117564311786941, "IL8_favorable": 10.025420260207433, "ALP_M_n": 1.935040652902584, "ARS_M_n": 1.8630092501658138, "OC_M_n": 0.2323834335840031, "ALP_0": 0.5336479483545252, "ARS_0": 0.4819025994568148, "OC_0": 6.710345135864154, "diff_time": 741.0554320048741, "maturity_t": 0.8}