{"a_Ber_2016_ALP": 0.32545184155484497, "a_Ber_2016_OC": 0.5482608910497355, "a_Valles_2020_ALP": 145.41435098002106, "a_Valles_2020_ARS": 490.4735230127154, "a_Chen_2018_ALP": 3.552148645613324, "a_Chen_2018_ARS": 2.4807303067098463, "a_Qiao_2021_ALP": 16.27042529093565, "a_early_diff_stim": 8.574595400655303, "a_early_diff_inhib": 17.680174152721225, "a_late_diff_stim": 18.363552530556227, "a_late_diff_inhib": 6.215403826173793, "early_diff_slow": 0.373384903635111, "early_diff_fast": 0.5657618799295892, "early_diff_very_fast": 0.7736948659386916, "late_diff_slow": 0.2406294207020828, "late_diff_fast": 0.7946527741433437, "Mg_stim": 9.860471799103626, "Mg_dest": 28.94634945140752, "IL1b_ineffective": 111.97794551620596, "IL1b_stim": 4.199540662040107, "IL8_favorable": 8.522342702559662, "ALP_M_n": 2.349458680966295, "ARS_M_n": 1.6447990589747201, "OC_M_n": 0.32868946599119736, "ALP_0": 0.6928579346343191, "ARS_0": 0.3693900470704436, "OC_0": 2.4900687502437315, "diff_time": 755.9771908607152, "maturity_t": 0.7891205179211006}