{"a_Ber_2016_ALP": 0.599831903403212, "a_Ber_2016_OC": 0.29676908361973114, "a_Valles_2020_ALP": 260.7436214682687, "a_Valles_2020_ARS": 751.5621044968506, "a_Chen_2018_ALP": 5.930752869963721, "a_Chen_2018_ARS": 3.597281918748795, "a_Qiao_2021_ALP": 26.226124681169182, "a_early_diff_stim": 7.849024224145131, "a_early_diff_inhib": 13.971363817115922, "a_late_diff_stim": 6.8120179611449805, "a_late_diff_inhib": 4.926682606670015, "early_diff_slow": 0.3035849747785956, "early_diff_fast": 0.6052828327391382, "early_diff_very_fast": 0.8091720093500229, "late_diff_slow": 0.14757424365715566, "late_diff_fast": 0.8299586772824233, "Mg_stim": 9.320963676785393, "Mg_dest": 35.87748935273463, "IL1b_ineffective": 118.26730171334884, "IL1b_stim": 3.505586658375295, "IL8_favorable": 8.35436190286083, "ALP_M_n": 1.9260163773854433, "ARS_M_n": 1.0232218008498493, "OC_M_n": 0.005522657724824729, "ALP_0": 0.48980605129058336, "ARS_0": 0.1168786017011488, "OC_0": 3.9376662253242447, "diff_time": 877.1056817563543, "maturity_t": 0.7513567405515811}