{"a_Ber_2016_ALP": 0.28899028280537686, "a_Ber_2016_OC": 0.6188925112526377, "a_Valles_2020_ALP": 142.30746454868162, "a_Valles_2020_ARS": 332.07598083365167, "a_Chen_2018_ALP": 3.394275458336158, "a_Chen_2018_ARS": 1.7006959416534457, "a_Qiao_2021_ALP": 15.739385445958956, "a_early_diff_stim": 10.653334049572324, "a_early_diff_inhib": 10.479623368884472, "a_late_diff_stim": 5.338112244302984, "a_late_diff_inhib": 12.898638092600315, "early_diff_slow": 0.31615366362351044, "early_diff_fast": 0.568339419850459, "early_diff_very_fast": 0.7179686129280552, "late_diff_slow": 0.2354748161847355, "late_diff_fast": 0.6002031556687419, "Mg_stim": 9.899787151485523, "Mg_dest": 33.9097836261844, "IL1b_ineffective": 112.88270877127363, "IL1b_stim": 4.557045425256629, "IL8_favorable": 10.569782575387599, "ALP_M_n": 2.2416002621754916, "ARS_M_n": 2.0220257298390987, "OC_M_n": 0.13215295497999036, "ALP_0": 0.6946785995344222, "ARS_0": 0.544047109056706, "OC_0": 6.228738210273967, "diff_time": 715.6312554384128, "maturity_t": 0.8}