{"a_Ber_2016_ALP": 0.42662938801250166, "a_Ber_2016_OC": 0.7618932694223167, "a_Valles_2020_ALP": 189.2775124532599, "a_Valles_2020_ARS": 593.9002476122712, "a_Chen_2018_ALP": 4.410201390693134, "a_Chen_2018_ARS": 2.968337237080672, "a_Qiao_2021_ALP": 20.376422506817324, "a_early_diff_stim": 6.8041002706821265, "a_early_diff_inhib": 7.194864963096894, "a_late_diff_stim": 10.890286223687538, "a_late_diff_inhib": 12.360314327178559, "early_diff_slow": 0.23885589129683518, "early_diff_fast": 0.6186776164831193, "early_diff_very_fast": 0.8620949384333301, "late_diff_slow": 0.2839085345780586, "late_diff_fast": 0.8808787435062505, "Mg_stim": 9.883421806841916, "Mg_dest": 29.891735291945686, "IL1b_ineffective": 112.66520773441432, "IL1b_stim": 4.092150174489873, "IL8_favorable": 9.554445565159781, "ALP_M_n": 2.0367937638546776, "ARS_M_n": 1.363164231104747, "OC_M_n": 0.04053338815218693, "ALP_0": 0.5891051016737667, "ARS_0": 0.24465089094539433, "OC_0": 2.6774211910153825, "diff_time": 767.9969826364344, "maturity_t": 0.8}