{"a_Ber_2016_ALP": 0.4088616324370733, "a_Ber_2016_OC": 0.18739501145799012, "a_Valles_2020_ALP": 196.5109435343927, "a_Valles_2020_ARS": 359.65151678003593, "a_Chen_2018_ALP": 5.0087638110520185, "a_Chen_2018_ARS": 1.749254575020012, "a_Qiao_2021_ALP": 22.772850378172663, "a_early_diff_stim": 8.467638556877128, "a_early_diff_inhib": 16.595680326678973, "a_late_diff_stim": 14.050873279457093, "a_late_diff_inhib": 10.311925918890296, "early_diff_slow": 0.22651963467835917, "early_diff_fast": 0.581221064749446, "early_diff_very_fast": 0.7482903001491424, "late_diff_slow": 0.16494796917545063, "late_diff_fast": 0.6941312192567503, "Mg_stim": 9.985163031412814, "Mg_dest": 22.71821017258109, "IL1b_ineffective": 111.78344668507255, "IL1b_stim": 4.179271240026818, "IL8_favorable": 10.71991448601171, "ALP_M_n": 2.033200379237207, "ARS_M_n": 1.9760485256968923, "OC_M_n": 0.2276831323519794, "ALP_0": 0.5562565765785142, "ARS_0": 0.5264585581242152, "OC_0": 4.838504972334646, "diff_time": 742.6449689918945, "maturity_t": 0.7791323149668655}