{"a_Ber_2016_ALP": 0.5395796888601709, "a_Ber_2016_OC": 0.08349563518764314, "a_Valles_2020_ALP": 268.66815395845344, "a_Valles_2020_ARS": 724.3476336696383, "a_Chen_2018_ALP": 6.059837340045878, "a_Chen_2018_ARS": 3.5739704023412915, "a_Qiao_2021_ALP": 27.206964194070487, "a_early_diff_stim": 6.908850805131029, "a_early_diff_inhib": 15.25002894852264, "a_late_diff_stim": 14.131541465152644, "a_late_diff_inhib": 7.07229627627841, "early_diff_slow": 0.20108893574566766, "early_diff_fast": 0.630831756105472, "early_diff_very_fast": 0.8732596185564966, "late_diff_slow": 0.21554919884745416, "late_diff_fast": 0.6265301940871839, "Mg_stim": 9.878747379088907, "Mg_dest": 30.549898711017708, "IL1b_ineffective": 116.28698651136311, "IL1b_stim": 3.9071309007451607, "IL8_favorable": 7.904167732460849, "ALP_M_n": 1.8132165475932909, "ARS_M_n": 1.0830289516121758, "OC_M_n": 0.5470444578322433, "ALP_0": 0.46300297571214755, "ARS_0": 0.13238019121472863, "OC_0": 8.132845889725846, "diff_time": 874.7054362907442, "maturity_t": 0.7908891688619535}