{"a_Ber_2016_ALP": 0.7011385936746012, "a_Ber_2016_OC": 0.6440574899807059, "a_Valles_2020_ALP": 310.9541698020019, "a_Valles_2020_ARS": 618.7391486411465, "a_Chen_2018_ALP": 7.055850660158759, "a_Chen_2018_ARS": 3.1468399544616896, "a_Qiao_2021_ALP": 35.64560197282163, "a_early_diff_stim": 9.268177543544079, "a_early_diff_inhib": 8.776397788970181, "a_late_diff_stim": 15.030329448730328, "a_late_diff_inhib": 8.649149963467913, "early_diff_slow": 0.23374606860212566, "early_diff_fast": 0.5956480012306433, "early_diff_very_fast": 0.7775724915911753, "late_diff_slow": 0.1707499547984223, "late_diff_fast": 0.7246180686683412, "Mg_stim": 2.21428358111176, "Mg_dest": 20.50585504102741, "IL1b_ineffective": 109.5219725424962, "IL1b_stim": 4.231583285633542, "IL8_favorable": 21.376615888856982, "ALP_M_n": 1.2880449146309683, "ARS_M_n": 1.228339443702857, "OC_M_n": 0.093463608466559, "ALP_0": 0.2977908002475712, "ARS_0": 0.20673283019075056, "OC_0": 9.108302938326108, "diff_time": 814.3204090803647, "maturity_t": 0.7981929805097844}