{"a_Ber_2016_ALP": 0.75739341507009, "a_Ber_2016_OC": 0.63112797714916, "a_Valles_2020_ALP": 316.62171726444143, "a_Valles_2020_ARS": 707.0711977743487, "a_Chen_2018_ALP": 7.522553834915652, "a_Chen_2018_ARS": 3.3623687181748734, "a_Qiao_2021_ALP": 34.13652711787773, "a_early_diff_stim": 12.413889274174384, "a_early_diff_inhib": 12.432748327100578, "a_late_diff_stim": 10.586386930215507, "a_late_diff_inhib": 8.829080559025709, "early_diff_slow": 0.2846979536331768, "early_diff_fast": 0.5589900487861954, "early_diff_very_fast": 0.6993060606696817, "late_diff_slow": 0.20137719095031076, "late_diff_fast": 0.8089503342066274, "Mg_stim": 9.734616239728915, "Mg_dest": 30.33786902917612, "IL1b_ineffective": 117.17613994911179, "IL1b_stim": 3.8538975603729995, "IL8_favorable": 13.00812871966697, "ALP_M_n": 1.478889756736373, "ARS_M_n": 1.1334467655980605, "OC_M_n": 0.15427613309692279, "ALP_0": 0.33735114047591624, "ARS_0": 0.17117081708880708, "OC_0": 4.061631854758291, "diff_time": 856.5570051979909, "maturity_t": 0.7945561800158959}