{"a_Ber_2016_ALP": 0.541397013337062, "a_Ber_2016_OC": 0.4140639615764631, "a_Valles_2020_ALP": 227.12127479089716, "a_Valles_2020_ARS": 499.2756304565259, "a_Chen_2018_ALP": 5.238963066977282, "a_Chen_2018_ARS": 2.4391328100206677, "a_Qiao_2021_ALP": 25.34113364405051, "a_early_diff_stim": 6.500087067959097, "a_early_diff_inhib": 12.149767908301815, "a_late_diff_stim": 11.811448391305017, "a_late_diff_inhib": 4.449436534299942, "early_diff_slow": 0.1885829378434607, "early_diff_fast": 0.6001212541772949, "early_diff_very_fast": 0.8604616568767611, "late_diff_slow": 0.2778605637381504, "late_diff_fast": 0.6534888911376093, "Mg_stim": 9.993016050374246, "Mg_dest": 35.44791088429988, "IL1b_ineffective": 112.43950816889729, "IL1b_stim": 4.221208290418397, "IL8_favorable": 11.199191796767899, "ALP_M_n": 1.7998879571250863, "ARS_M_n": 1.5490662930247332, "OC_M_n": 0.31210207991601996, "ALP_0": 0.49037218543955896, "ARS_0": 0.35946316395374495, "OC_0": 3.8045569598334352, "diff_time": 755.6257273637226, "maturity_t": 0.7952761378474736}