{"a_Ber_2016_ALP": 0.7521308867056518, "a_Ber_2016_OC": 0.11800571052351873, "a_Valles_2020_ALP": 338.79871552288597, "a_Valles_2020_ARS": 785.4010520896356, "a_Chen_2018_ALP": 8.03722955982436, "a_Chen_2018_ARS": 3.3996974138252787, "a_Qiao_2021_ALP": 37.40617793880071, "a_early_diff_stim": 8.208893041968151, "a_early_diff_inhib": 5.878431610644449, "a_late_diff_stim": 1.6287621288310223, "a_late_diff_inhib": 8.828031356164667, "early_diff_slow": 0.29793526957783906, "early_diff_fast": 0.5492115476246984, "early_diff_very_fast": 0.796455070723452, "late_diff_slow": 0.2951153385457981, "late_diff_fast": 0.719223978754426, "Mg_stim": 8.557819566103209, "Mg_dest": 23.315220911905918, "IL1b_ineffective": 111.04926070488582, "IL1b_stim": 4.038147043553934, "IL8_favorable": 13.856582065022366, "ALP_M_n": 1.6808403122658728, "ARS_M_n": 0.8007653103726723, "OC_M_n": 0.43590851276873593, "ALP_0": 0.3704843332956686, "ARS_0": 0.07894048004357486, "OC_0": 6.482876815418275, "diff_time": 933.8226863064712, "maturity_t": 0.7482502002559369}