{"a_Ber_2016_ALP": 0.42728351761752886, "a_Ber_2016_OC": 0.5291807645017508, "a_Valles_2020_ALP": 226.0172422125849, "a_Valles_2020_ARS": 375.4338418171107, "a_Chen_2018_ALP": 5.594018324348503, "a_Chen_2018_ARS": 1.8686073148723927, "a_Qiao_2021_ALP": 25.78722687818252, "a_early_diff_stim": 10.69129467986415, "a_early_diff_inhib": 3.7520101807813493, "a_late_diff_stim": 10.196381705538256, "a_late_diff_inhib": 12.711344212704791, "early_diff_slow": 0.19541952829328257, "early_diff_fast": 0.5759966916676582, "early_diff_very_fast": 0.7139564313680447, "late_diff_slow": 0.32456658307873887, "late_diff_fast": 0.7588691503951431, "Mg_stim": 2.1728547729713457, "Mg_dest": 23.09118745904364, "IL1b_ineffective": 110.1638370947835, "IL1b_stim": 4.744945691983954, "IL8_favorable": 12.255325981309227, "ALP_M_n": 1.7991119655845569, "ARS_M_n": 1.9156960532055198, "OC_M_n": 0.30467202211045413, "ALP_0": 0.4811374152282274, "ARS_0": 0.502489565658542, "OC_0": 3.2026513671106134, "diff_time": 741.4816039748258, "maturity_t": 0.8}