{"a_Ber_2016_ALP": 0.618715645304833, "a_Ber_2016_OC": 0.2496795385660456, "a_Valles_2020_ALP": 285.20790983959944, "a_Valles_2020_ARS": 576.1524607179317, "a_Chen_2018_ALP": 6.907116000964112, "a_Chen_2018_ARS": 2.9217772982141774, "a_Qiao_2021_ALP": 30.734458262460876, "a_early_diff_stim": 5.712053563323894, "a_early_diff_inhib": 19.443049532633182, "a_late_diff_stim": 4.770095039685067, "a_late_diff_inhib": 9.759992050837354, "early_diff_slow": 0.22023936883977271, "early_diff_fast": 0.6472515019762207, "early_diff_very_fast": 0.9540866629147171, "late_diff_slow": 0.3897132792206923, "late_diff_fast": 0.8258546376013655, "Mg_stim": 9.695607607636152, "Mg_dest": 20.623915103516048, "IL1b_ineffective": 114.01915018296111, "IL1b_stim": 4.204584729660699, "IL8_favorable": 9.348048549617864, "ALP_M_n": 1.563177999802578, "ARS_M_n": 1.396787501482786, "OC_M_n": 0.1115841727278773, "ALP_0": 0.3713915814496175, "ARS_0": 0.26341798191716836, "OC_0": 1.7930358726318056, "diff_time": 795.7771690033791, "maturity_t": 0.8}