{"a_Ber_2016_ALP": 0.5940879977682596, "a_Ber_2016_OC": 0.15396883914315804, "a_Valles_2020_ALP": 394.9842327491649, "a_Valles_2020_ARS": 775.0793099334065, "a_Chen_2018_ALP": 9.47117315485028, "a_Chen_2018_ARS": 3.5766701820923257, "a_Qiao_2021_ALP": 41.89560997172945, "a_early_diff_stim": 13.683907598436342, "a_early_diff_inhib": 12.681548001558731, "a_late_diff_stim": 1.5748398783809936, "a_late_diff_inhib": 14.975605797271157, "early_diff_slow": 0.2684141405433739, "early_diff_fast": 0.5765287748682769, "early_diff_very_fast": 0.6549522591267316, "late_diff_slow": 0.18354015231921073, "late_diff_fast": 0.7110100613892717, "Mg_stim": 2.0302398598379363, "Mg_dest": 21.909541357354136, "IL1b_ineffective": 116.83111857128432, "IL1b_stim": 3.248939367187596, "IL8_favorable": 9.294172885071028, "ALP_M_n": 1.246838421109789, "ARS_M_n": 0.8429078433807056, "OC_M_n": 0.7310872139768252, "ALP_0": 0.22804816537093114, "ARS_0": 0.09010871141752765, "OC_0": 9.00206775960107, "diff_time": 950.5648012498502, "maturity_t": 0.7547701286169135}