{
    "a_Ber_2016_ALP": 0.3208587017163019,
    "a_Ber_2016_OC": 0.6232039118226005,
    "a_early_diff_stim": 2.2919428618566347,
    "a_late_diff_inhib": 10.15478264492961,
    "early_diff_very_fast": 0.8352436187319732,
    "late_diff_slow": 0.1881193550886141,
    "Mg_stim": 8.067170890610264,
    "Mg_dest": 23.990847066423026,
    "ALP_M_n": 0.03280114661836464,
    "OC_M_n": 2.3498685289135643,
    "ALP_0": 3.598644018323186,
    "OC_0": 0.6164002109307356,
    "diff_time": 1019.3438263156402,
    "maturity_t": 0.040420622212544666
}