{
    "a_Ber_2016_ALP": 0.4232443841429377,
    "a_Ber_2016_OC": 0.7224499113181124,
    "a_early_diff_stim": 14.323115216265357,
    "a_late_diff_inhib": 13.238802639994955,
    "early_diff_very_fast": 0.607751383269321,
    "late_diff_slow": 0.16557176457133543,
    "Mg_stim": 5.339469563863071,
    "Mg_dest": 21.893553117786745,
    "ALP_M_n": 0.7321512077221976,
    "OC_M_n": 0.7891261170480559,
    "ALP_0": 0.5958655910581337,
    "OC_0": 0.13780160970598843,
    "diff_time": 472.9793094489057,
    "maturity_t": 0.032769209795199386
}