{
    "a_Ber_2016_ALP": 0.110812499761479,
    "a_Ber_2016_OC": 0.40571565339843235,
    "a_early_diff_stim": 18.89893153130432,
    "a_late_diff_inhib": 12.9684650439551,
    "early_diff_very_fast": 0.6727953823604148,
    "late_diff_slow": 0.1583594791577429,
    "Mg_stim": 7.122481050407058,
    "Mg_dest": 25.721130267726554,
    "ALP_M_n": 0.6788938749394333,
    "OC_M_n": 1.3164075224465197,
    "ALP_0": 4.928135785454765,
    "OC_0": 0.6750727511562111,
    "diff_time": 468.6145261426111,
    "maturity_t": 0.016671335731533787
}