{
    "a_Ber_2016_ALP": 0.34176709939071687,
    "a_Ber_2016_OC": 0.7911715568918578,
    "a_early_diff_stim": 1.5109208051055152,
    "a_late_diff_inhib": 7.129373402327621,
    "early_diff_very_fast": 0.7338104622445626,
    "late_diff_slow": 0.28157504567510133,
    "Mg_stim": 4.12667198987005,
    "Mg_dest": 23.947489904437628,
    "ALP_M_n": 0.8886733902991786,
    "OC_M_n": 4.83639244420819,
    "ALP_0": 0.8436788056426563,
    "OC_0": 0.3777742731416289,
    "diff_time": 807.2593232045925,
    "maturity_t": 0.099292407768104
}