{
    "a_Ber_2016_ALP": 0.3516745429508486,
    "a_Ber_2016_OC": 0.5249606819413819,
    "a_early_diff_stim": 13.384321302996094,
    "a_late_diff_inhib": 10.964994835812721,
    "early_diff_very_fast": 0.6556308930457133,
    "late_diff_slow": 0.19000448467733605,
    "Mg_stim": 6.647509400109964,
    "Mg_dest": 25.17797116793058,
    "ALP_M_n": 2.6958587087448658,
    "OC_M_n": 1.3320748450501778,
    "ALP_0": 0.9002414491958604,
    "OC_0": 0.37272629237563226,
    "diff_time": 412.20806569679036,
    "maturity_t": 0.043515794408621855
}