{
    "a_Ber_2016_ALP": 0.14622689038217643,
    "a_Ber_2016_OC": 0.2948871387555208,
    "a_early_diff_stim": 10.707464244419482,
    "a_late_diff_inhib": 17.09962631702464,
    "early_diff_very_fast": 0.8679878873749043,
    "late_diff_slow": 0.15657502454233227,
    "Mg_stim": 8.824255080274908,
    "Mg_dest": 36.24496743342809,
    "ALP_M_n": 0.5965842423339429,
    "OC_M_n": 1.7705405553273459,
    "ALP_0": 4.019848152723492,
    "OC_0": 0.7571274729876788,
    "diff_time": 493.894596585887,
    "maturity_t": 0.07982601054781213
}