{
    "a_Ber_2016_ALP": 0.8443377376229321,
    "a_Ber_2016_OC": 0.45770054433171115,
    "a_early_diff_stim": 4.52045564514491,
    "a_late_diff_inhib": 17.693933445390122,
    "early_diff_very_fast": 0.7934261752267485,
    "late_diff_slow": 0.24045916970604622,
    "Mg_stim": 7.6818624726720355,
    "Mg_dest": 26.48694223308234,
    "ALP_M_n": 5.480788043328932,
    "OC_M_n": 1.4227233349838981,
    "ALP_0": 0.7054806236093769,
    "OC_0": 0.480654633571941,
    "diff_time": 489.5318321395695,
    "maturity_t": 0.12435144310526977
}