{
    "a_Ber_2016_ALP": 0.292619089924924,
    "a_Ber_2016_OC": 0.30526720640846494,
    "a_early_diff_stim": 3.234805330404023,
    "a_late_diff_inhib": 18.711542440618974,
    "early_diff_very_fast": 0.859484717855205,
    "late_diff_slow": 0.33964728250026077,
    "Mg_stim": 3.0633249147108774,
    "Mg_dest": 28.119623603978862,
    "ALP_M_n": 0.08501163707880492,
    "OC_M_n": 2.250931954878658,
    "ALP_0": 1.6094651690812154,
    "OC_0": 0.5339982547274005,
    "diff_time": 389.21417019401525,
    "maturity_t": 0.05045301238066419
}