{
    "a_Ber_2016_ALP": 0.6618111601720649,
    "a_Ber_2016_OC": 0.6668953162702961,
    "a_early_diff_stim": 2.9659240236165285,
    "a_late_diff_inhib": 11.61104381542704,
    "early_diff_very_fast": 0.7616224446078536,
    "late_diff_slow": 0.19415344076170638,
    "Mg_stim": 8.252691827987721,
    "Mg_dest": 22.962962264449054,
    "ALP_M_n": 2.4997534789216074,
    "OC_M_n": 2.4566340757554337,
    "ALP_0": 0.4408545933947433,
    "OC_0": 0.2134640451312549,
    "diff_time": 583.7227698555693,
    "maturity_t": 0.32563898427162624
}