{
    "a_Ber_2016_ALP": 0.11598272285519126,
    "a_Ber_2016_OC": 0.6364306064454758,
    "a_early_diff_stim": 4.193081221892195,
    "a_late_diff_inhib": 18.844042197319858,
    "early_diff_very_fast": 0.9276951741690708,
    "late_diff_slow": 0.25582429309106264,
    "Mg_stim": 6.819190291823835,
    "Mg_dest": 22.6731962317276,
    "ALP_M_n": 0.6833497747119742,
    "OC_M_n": 2.0628528424407246,
    "ALP_0": 4.2987618788382544,
    "OC_0": 0.5384450835924306,
    "diff_time": 870.7203432950607,
    "maturity_t": 0.07093315861169544
}