{
    "a_Ber_2016_ALP": 0.2791041745772268,
    "a_Ber_2016_OC": 0.3388824660743461,
    "a_early_diff_stim": 4.493913883392771,
    "a_late_diff_inhib": 16.37436286830274,
    "early_diff_very_fast": 0.7484112236259499,
    "late_diff_slow": 0.11596346116834902,
    "Mg_stim": 8.013449000804476,
    "Mg_dest": 30.773275036542845,
    "ALP_M_n": 0.2242197455985735,
    "OC_M_n": 2.1473380981964882,
    "ALP_0": 1.1880011101465837,
    "OC_0": 0.49184078113071794,
    "diff_time": 369.10661647107355,
    "maturity_t": 0.23704117740360972
}