{
    "a_Ber_2016_ALP": 0.2695537158444827,
    "a_Ber_2016_OC": 0.4834521265815579,
    "a_early_diff_stim": 1.5264794299011089,
    "a_late_diff_inhib": 13.55062495592248,
    "early_diff_very_fast": 0.6849108183142844,
    "late_diff_slow": 0.11208082071187198,
    "Mg_stim": 7.211743213721498,
    "Mg_dest": 29.55967830244384,
    "ALP_M_n": 0.3899746027374827,
    "OC_M_n": 1.1944628869456393,
    "ALP_0": 1.632368893450234,
    "OC_0": 0.5687970284521058,
    "diff_time": 527.3644037522193,
    "maturity_t": 0.049407053596432104
}