{
    "a_Ber_2016_ALP": 0.6237281056612697,
    "a_Ber_2016_OC": 0.6548430730844327,
    "a_early_diff_stim": 12.56583785393733,
    "a_late_diff_inhib": 15.281787764056485,
    "early_diff_very_fast": 0.8995415383554203,
    "late_diff_slow": 0.15858510054759206,
    "Mg_stim": 8.526653674669028,
    "Mg_dest": 28.18236260841956,
    "ALP_M_n": 0.6698646089767032,
    "OC_M_n": 2.3445971104940724,
    "ALP_0": 0.34158975887758897,
    "OC_0": 0.5529265755178127,
    "diff_time": 940.4919173400882,
    "maturity_t": 0.04693131075415342
}