{
    "a_Ber_2016_ALP": 0.3211313878356702,
    "a_Ber_2016_OC": 0.591624487928342,
    "a_early_diff_stim": 1.2090548256943017,
    "a_late_diff_inhib": 14.42304365861995,
    "early_diff_very_fast": 0.7394890314239864,
    "late_diff_slow": 0.10700877956292529,
    "Mg_stim": 5.8310520355878825,
    "Mg_dest": 20.54504968001323,
    "ALP_M_n": 0.06452995586223005,
    "OC_M_n": 1.14585831860158,
    "ALP_0": 0.7490876684985553,
    "OC_0": 0.3472088388744821,
    "diff_time": 528.2752842237015,
    "maturity_t": 0.1330572570086806
}