{
    "a_Ber_2016_ALP": 0.33168764103404136,
    "a_Ber_2016_OC": 0.5390437155211082,
    "a_early_diff_stim": 5.65624085539333,
    "a_late_diff_inhib": 14.105021802902831,
    "early_diff_very_fast": 0.8336095994106018,
    "late_diff_slow": 0.19780967206163447,
    "Mg_stim": 5.713511377091997,
    "Mg_dest": 24.83133586347754,
    "ALP_M_n": 0.38818778774963103,
    "OC_M_n": 1.7995518529650267,
    "ALP_0": 0.952562899930254,
    "OC_0": 0.5480329443256218,
    "diff_time": 722.7964162307952,
    "maturity_t": 0.059935521129231395
}