{
    "a_Ber_2016_ALP": 0.5851822897169533,
    "a_Ber_2016_OC": 0.3752259192550659,
    "a_early_diff_stim": 3.151259111623522,
    "a_late_diff_inhib": 17.694275892328044,
    "early_diff_very_fast": 0.8861472476130371,
    "late_diff_slow": 0.10474594901656281,
    "Mg_stim": 4.965152120952901,
    "Mg_dest": 27.136008404088333,
    "ALP_M_n": 1.4448582114449249,
    "OC_M_n": 1.3733420721263578,
    "ALP_0": 0.6454619407655307,
    "OC_0": 0.7354568543742162,
    "diff_time": 454.5401910467496,
    "maturity_t": 0.037362046696919095
}