{
    "a_Ber_2016_ALP": 0.6410390720191804,
    "a_Ber_2016_OC": 0.882950316461133,
    "a_early_diff_stim": 2.2297871969789904,
    "a_late_diff_inhib": 13.834549348551521,
    "early_diff_very_fast": 0.8694192029579175,
    "late_diff_slow": 0.22650724010382958,
    "Mg_stim": 6.597818261432784,
    "Mg_dest": 20.67311264848294,
    "ALP_M_n": 6.523387052418177,
    "OC_M_n": 0.7410912897538765,
    "ALP_0": 0.7922541070042693,
    "OC_0": 0.06290952984147116,
    "diff_time": 620.3483030779621,
    "maturity_t": 0.10056084804731369
}