{
    "a_Ber_2016_ALP": 0.29763969514139854,
    "a_Ber_2016_OC": 0.6575996407970277,
    "a_early_diff_stim": 0.2227455671521357,
    "a_late_diff_inhib": 11.147519746481805,
    "early_diff_very_fast": 0.7551500420028039,
    "late_diff_slow": 0.14659263202945505,
    "Mg_stim": 3.1556251121721584,
    "Mg_dest": 22.405904586003903,
    "ALP_M_n": 0.1890622762496636,
    "OC_M_n": 3.0433209966088373,
    "ALP_0": 1.57636686003462,
    "OC_0": 0.5615188777906245,
    "diff_time": 998.0020029779326,
    "maturity_t": 0.18391376766997075
}