{
    "a_Ber_2016_ALP": 0.19712551814804677,
    "a_Ber_2016_OC": 0.36665538896532085,
    "a_early_diff_stim": 14.495574059669188,
    "a_late_diff_inhib": 10.398968824448504,
    "early_diff_very_fast": 0.7619640688639568,
    "late_diff_slow": 0.10279916560029081,
    "Mg_stim": 6.737909792809141,
    "Mg_dest": 20.230987876601404,
    "ALP_M_n": 0.7123115851771785,
    "OC_M_n": 2.377879545333913,
    "ALP_0": 1.8474512576339646,
    "OC_0": 0.712412640267307,
    "diff_time": 745.6512405667927,
    "maturity_t": 0.044257174595164185
}