{
    "a_Ber_2016_ALP": 0.47397803161794144,
    "a_Ber_2016_OC": 0.755925987884084,
    "a_early_diff_stim": 5.762688179338307,
    "a_late_diff_inhib": 16.394206834674936,
    "early_diff_very_fast": 0.8026782463686651,
    "late_diff_slow": 0.11694135589220916,
    "Mg_stim": 9.562121504663109,
    "Mg_dest": 28.56005884239466,
    "ALP_M_n": 0.5290560855552741,
    "OC_M_n": 1.7376895173360858,
    "ALP_0": 0.4360153534415238,
    "OC_0": 0.4808446691127385,
    "diff_time": 912.5405161212856,
    "maturity_t": 0.04583206384362263
}