{
    "a_Ber_2016_ALP": 0.30838972820251465,
    "a_Ber_2016_OC": 0.35642906312036227,
    "a_early_diff_stim": 1.1154594518162604,
    "a_late_diff_inhib": 18.921815098718714,
    "early_diff_very_fast": 0.8019856229323604,
    "late_diff_slow": 0.16716020985661684,
    "Mg_stim": 3.974491625786578,
    "Mg_dest": 24.76409361453168,
    "ALP_M_n": 0.20659168907623737,
    "OC_M_n": 2.3933164147744908,
    "ALP_0": 1.3385291606777767,
    "OC_0": 0.7993900109154195,
    "diff_time": 836.511980912871,
    "maturity_t": 0.08043500167436596
}