{
    "a_Ber_2016_ALP": 0.13059771698960007,
    "a_Ber_2016_OC": 0.3553539480482468,
    "a_early_diff_stim": 10.048741276494559,
    "a_late_diff_inhib": 13.201955487554068,
    "early_diff_very_fast": 0.9656289814007095,
    "late_diff_slow": 0.24271938054970535,
    "Mg_stim": 8.834273861433212,
    "Mg_dest": 30.66742440430162,
    "ALP_M_n": 0.5078953888887164,
    "OC_M_n": 2.5166868734764516,
    "ALP_0": 6.209448327173208,
    "OC_0": 0.7541694811045963,
    "diff_time": 804.6852703149158,
    "maturity_t": 0.00034281627497313337
}