{
    "a_Ber_2016_ALP": 0.2977807702947199,
    "a_Ber_2016_OC": 0.5103827007630503,
    "a_early_diff_stim": 18.633570736077083,
    "a_late_diff_inhib": 10.925556627297128,
    "early_diff_very_fast": 0.8387807729413022,
    "late_diff_slow": 0.13084097949753704,
    "Mg_stim": 3.575682983356379,
    "Mg_dest": 21.677044312363087,
    "ALP_M_n": 0.04844848122751699,
    "OC_M_n": 1.937074988852764,
    "ALP_0": 9.949691431343998,
    "OC_0": 0.2614323666745708,
    "diff_time": 460.6536332440853,
    "maturity_t": 0.08266000731565326
}