{
    "a_Ber_2016_ALP": 0.26987233352063583,
    "a_Ber_2016_OC": 0.5323325163640611,
    "a_early_diff_stim": 1.4562537122766217,
    "a_late_diff_inhib": 15.685934917082223,
    "early_diff_very_fast": 0.6221891436000765,
    "late_diff_slow": 0.26199975592918934,
    "Mg_stim": 9.701328722756045,
    "Mg_dest": 34.63648915185504,
    "ALP_M_n": 1.6302193159117238,
    "OC_M_n": 1.7198893949969611,
    "ALP_0": 1.0037630465864145,
    "OC_0": 0.3590857233783096,
    "diff_time": 554.9548810797639,
    "maturity_t": 0.08763946945341945
}