{
    "a_Ber_2016_ALP": 0.29357183607631016,
    "a_Ber_2016_OC": 0.4754906250531384,
    "a_early_diff_stim": 7.762615122689188,
    "a_late_diff_inhib": 16.43910343795291,
    "early_diff_very_fast": 0.6547165853125909,
    "late_diff_slow": 0.22606208036253625,
    "Mg_stim": 8.617021352302816,
    "Mg_dest": 25.093420985971413,
    "ALP_M_n": 0.022302487480009518,
    "OC_M_n": 1.1649422509098089,
    "ALP_0": 3.347628659663846,
    "OC_0": 0.5629908658580717,
    "diff_time": 500.1504699118567,
    "maturity_t": 0.03186020044512994
}