{
    "a_Ber_2016_ALP": 0.286736042936478,
    "a_Ber_2016_OC": 0.17392319110892468,
    "a_early_diff_stim": 9.236254977525926,
    "a_late_diff_inhib": 15.14964776111551,
    "early_diff_very_fast": 0.6869666668672763,
    "late_diff_slow": 0.2796146684238343,
    "Mg_stim": 2.643433926563236,
    "Mg_dest": 30.079671550414545,
    "ALP_M_n": 0.232479099197052,
    "OC_M_n": 6.0469695874562905,
    "ALP_0": 1.8428391921672245,
    "OC_0": 0.43819716818597243,
    "diff_time": 593.9185408658327,
    "maturity_t": 0.14315657523247732
}