{
    "a_Ber_2016_ALP": 0.0848249316144683,
    "a_Ber_2016_OC": 0.6716581698223727,
    "a_early_diff_stim": 5.616031433375355,
    "a_late_diff_inhib": 17.16032171605173,
    "early_diff_very_fast": 0.8751473452669865,
    "late_diff_slow": 0.2775833761613461,
    "Mg_stim": 3.3126551385280267,
    "Mg_dest": 28.07344399220508,
    "ALP_M_n": 1.499241516452609,
    "OC_M_n": 1.442202665550748,
    "ALP_0": 2.489467707479527,
    "OC_0": 0.4695053221413562,
    "diff_time": 764.3335748376261,
    "maturity_t": 0.012290436556010509
}