{
    "a_Ber_2016_ALP": 0.36775155357024875,
    "a_Ber_2016_OC": 0.1560779327636399,
    "a_early_diff_stim": 3.175769594200146,
    "a_late_diff_inhib": 18.2810560124134,
    "early_diff_very_fast": 0.9635024848453306,
    "late_diff_slow": 0.16953107408217485,
    "Mg_stim": 9.127213725653695,
    "Mg_dest": 28.501654233448086,
    "ALP_M_n": 0.32437499594062125,
    "OC_M_n": 6.6323493199851935,
    "ALP_0": 0.37287637729759915,
    "OC_0": 0.5372770842281813,
    "diff_time": 675.767232532999,
    "maturity_t": 0.37333293700730136
}