{
    "a_Ber_2016_ALP": 0.2290100595285892,
    "a_Ber_2016_OC": 0.4094274249256437,
    "a_early_diff_stim": 1.7470059771523745,
    "a_late_diff_inhib": 11.322591161672042,
    "early_diff_very_fast": 0.8840074035014127,
    "late_diff_slow": 0.1304427138009126,
    "Mg_stim": 5.065833741805415,
    "Mg_dest": 27.86816226696272,
    "ALP_M_n": 0.7099241516257147,
    "OC_M_n": 2.170507136174769,
    "ALP_0": 1.4341432593796017,
    "OC_0": 0.6663579528471714,
    "diff_time": 724.9912985232767,
    "maturity_t": 0.11414085709721912
}