{
    "a_Ber_2016_ALP": 0.7729744783604318,
    "a_Ber_2016_OC": 0.4539507477244015,
    "a_early_diff_stim": 1.8750332433288992,
    "a_late_diff_inhib": 11.446934401756456,
    "early_diff_very_fast": 0.8408376563320292,
    "late_diff_slow": 0.27241137038739527,
    "Mg_stim": 8.120206182519969,
    "Mg_dest": 29.71087560656647,
    "ALP_M_n": 2.5823272250187634,
    "OC_M_n": 6.701706466116228,
    "ALP_0": 0.47376384661341836,
    "OC_0": 0.43124937072361763,
    "diff_time": 766.6360076260288,
    "maturity_t": 0.254852720394719
}