{
    "a_Ber_2016_ALP": 0.3312459021262741,
    "a_Ber_2016_OC": 0.526316338739602,
    "a_early_diff_stim": 5.184881517310207,
    "a_late_diff_inhib": 14.704714587151875,
    "early_diff_very_fast": 0.7882243389433132,
    "late_diff_slow": 0.20178508447177748,
    "Mg_stim": 6.668747859758582,
    "Mg_dest": 28.480531742072746,
    "ALP_M_n": 1.4032988417367698,
    "OC_M_n": 2.383087523009517,
    "ALP_0": 1.9584677715697927,
    "OC_0": 0.6546527072657423,
    "diff_time": 619.6620885099079,
    "maturity_t": 0.13910505605139614
}