{
    "a_Ber_2016_ALP": 0.11662805197871301,
    "a_Ber_2016_OC": 0.1482939357831834,
    "a_early_diff_stim": 9.873238804145881,
    "a_late_diff_inhib": 15.444356231314785,
    "early_diff_very_fast": 0.6805330862129104,
    "late_diff_slow": 0.154492935927171,
    "Mg_stim": 3.311097494529111,
    "Mg_dest": 28.78497208274009,
    "ALP_M_n": 2.4228523964438273,
    "OC_M_n": 2.118456707577008,
    "ALP_0": 1.478576909328786,
    "OC_0": 1.3112196476501983,
    "diff_time": 557.2014311472136,
    "maturity_t": 0.010835706025790055
}