{
    "a_Ber_2016_ALP": 0.2739109431613316,
    "a_Ber_2016_OC": 0.30642372015162134,
    "a_early_diff_stim": 12.59813649571401,
    "a_late_diff_inhib": 16.720308422576498,
    "early_diff_very_fast": 0.6753620070905149,
    "late_diff_slow": 0.18062051429767595,
    "Mg_stim": 8.70274844080339,
    "Mg_dest": 26.764265810703357,
    "ALP_M_n": 0.11311323866735773,
    "OC_M_n": 1.695284965911181,
    "ALP_0": 2.935824054260941,
    "OC_0": 0.8743191297044975,
    "diff_time": 568.2753256523847,
    "maturity_t": 0.024555007221080262
}