{
    "a_Ber_2016_ALP": 0.30982902215961794,
    "a_Ber_2016_OC": 0.21119382325841785,
    "a_early_diff_stim": 12.128517216470087,
    "a_late_diff_inhib": 3.2473400598766755,
    "early_diff_very_fast": 0.737179030407068,
    "late_diff_slow": 0.16794114797898022,
    "Mg_stim": 5.511616564159654,
    "Mg_dest": 30.258983989999102,
    "ALP_M_n": 0.34137076747234557,
    "OC_M_n": 0.12072431157271225,
    "ALP_0": 0.5421000420728574,
    "OC_0": 9.339906392510283,
    "diff_time": 454.35153327660424,
    "maturity_t": 0.7707148150042934
}