{
    "a_Ber_2016_ALP": 0.27807410990612885,
    "a_Ber_2016_OC": 0.4926155171797122,
    "a_early_diff_stim": 6.466270108174522,
    "a_late_diff_inhib": 12.761281599398888,
    "early_diff_very_fast": 0.9007708903289037,
    "late_diff_slow": 0.22253795623466746,
    "Mg_stim": 4.1880242341459155,
    "Mg_dest": 35.34618921478399,
    "ALP_M_n": 11.745817869676586,
    "OC_M_n": 2.3152938816990236,
    "ALP_0": 0.972373241987523,
    "OC_0": 0.4069704577562124,
    "diff_time": 610.1697330207895,
    "maturity_t": 0.04314928773743227
}