{
    "a_Ber_2016_ALP": 0.32099550489325873,
    "a_Ber_2016_OC": 0.7606917308161609,
    "a_early_diff_stim": 13.080345037856256,
    "a_late_diff_inhib": 12.161975405906642,
    "early_diff_very_fast": 0.6284891185730862,
    "late_diff_slow": 0.19877765194332625,
    "Mg_stim": 9.276564184749706,
    "Mg_dest": 20.880510454908137,
    "ALP_M_n": 0.008492940220918385,
    "OC_M_n": 1.0224914321919205,
    "ALP_0": 2.901572983038577,
    "OC_0": 0.04872287922638202,
    "diff_time": 375.89749734354234,
    "maturity_t": 0.1112460419439746
}