{
    "a_Ber_2016_ALP": 0.32646796341790074,
    "a_Ber_2016_OC": 0.3722796893726942,
    "a_early_diff_stim": 10.826836891793233,
    "a_late_diff_inhib": 15.910946193074421,
    "early_diff_very_fast": 0.8000667529806023,
    "late_diff_slow": 0.3666032598461426,
    "Mg_stim": 2.7065490322704893,
    "Mg_dest": 28.520329336426272,
    "ALP_M_n": 0.3578733723769655,
    "OC_M_n": 2.94793982888142,
    "ALP_0": 1.0263055729292354,
    "OC_0": 0.4307018583506982,
    "diff_time": 582.275715803168,
    "maturity_t": 0.016246233842376043
}