{
    "a_Ber_2016_ALP": 0.3511339585043392,
    "a_Ber_2016_OC": 0.33114128578390184,
    "a_early_diff_stim": 4.372262049530906,
    "a_late_diff_inhib": 12.502811901649203,
    "early_diff_very_fast": 0.8281943844226307,
    "late_diff_slow": 0.27177622914251537,
    "Mg_stim": 3.089999612918242,
    "Mg_dest": 24.195005879000114,
    "ALP_M_n": 0.10936956689590652,
    "OC_M_n": 1.8806556771832899,
    "ALP_0": 0.6931241644526296,
    "OC_0": 0.5947629115641202,
    "diff_time": 413.7700206442072,
    "maturity_t": 0.05032743173906513
}