{
    "a_Ber_2016_ALP": 0.23606102396138692,
    "a_Ber_2016_OC": 0.24836900484600793,
    "a_early_diff_stim": 14.097430021344717,
    "a_late_diff_inhib": 17.708999165853765,
    "early_diff_very_fast": 0.6465737354703842,
    "late_diff_slow": 0.23651379879772672,
    "Mg_stim": 7.472361789261363,
    "Mg_dest": 31.872615389576016,
    "ALP_M_n": 0.4412721089185675,
    "OC_M_n": 2.024364479225786,
    "ALP_0": 1.6777577963546648,
    "OC_0": 0.782129631317903,
    "diff_time": 499.511688931335,
    "maturity_t": 0.07437098820894118
}