{
    "a_Ber_2016_ALP": 0.14091404175812405,
    "a_Ber_2016_OC": 0.35307909569558327,
    "a_early_diff_stim": 8.59095484802326,
    "a_late_diff_inhib": 13.043141734635276,
    "early_diff_very_fast": 0.6594714651954423,
    "late_diff_slow": 0.18325200045715023,
    "Mg_stim": 7.816288056984589,
    "Mg_dest": 24.297582316433896,
    "ALP_M_n": 1.0821227381415577,
    "OC_M_n": 2.6832244874390994,
    "ALP_0": 1.928637509685231,
    "OC_0": 0.3564118749975401,
    "diff_time": 476.5543638559773,
    "maturity_t": 0.2205422371544086
}