{
    "a_Ber_2016_ALP": 0.17017078077432557,
    "a_Ber_2016_OC": 0.5895851622455777,
    "a_early_diff_stim": 7.899467174718123,
    "a_late_diff_inhib": 16.44487520470927,
    "early_diff_very_fast": 0.7783054700286883,
    "late_diff_slow": 0.20976600580653765,
    "Mg_stim": 9.069248214880698,
    "Mg_dest": 23.673300099340278,
    "ALP_M_n": 0.6143199211707868,
    "OC_M_n": 0.8972402876589377,
    "ALP_0": 2.71531857097329,
    "OC_0": 0.40509288045322767,
    "diff_time": 459.7244151659062,
    "maturity_t": 0.014065364641948507
}