{
    "a_Ber_2016_ALP": 0.32657557161215667,
    "a_Ber_2016_OC": 0.47213823280170003,
    "a_early_diff_stim": 4.829749771947813,
    "a_late_diff_inhib": 11.724680373151637,
    "early_diff_very_fast": 0.8773928472920374,
    "late_diff_slow": 0.3029380723441916,
    "Mg_stim": 2.2457415321474086,
    "Mg_dest": 27.77292099461927,
    "ALP_M_n": 7.7548647196721365,
    "OC_M_n": 2.1750311308306314,
    "ALP_0": 0.9708029360780326,
    "OC_0": 0.2743696449807409,
    "diff_time": 471.17877584065957,
    "maturity_t": 0.03014509770571309
}