{
    "a_Ber_2016_ALP": 0.28645981138733456,
    "a_Ber_2016_OC": 0.6264188128906211,
    "a_early_diff_stim": 4.0064289278883995,
    "a_late_diff_inhib": 19.230143962694846,
    "early_diff_very_fast": 0.910200811481034,
    "late_diff_slow": 0.21934589430938295,
    "Mg_stim": 9.992484071205977,
    "Mg_dest": 30.917124443624996,
    "ALP_M_n": 1.7652617979625709,
    "OC_M_n": 5.2685601662478065,
    "ALP_0": 0.8094411959839108,
    "OC_0": 0.40380239026992754,
    "diff_time": 782.9526957228775,
    "maturity_t": 0.29336438744057847
}