{
    "a_Ber_2016_ALP": 0.1713346729333537,
    "a_Ber_2016_OC": 0.10344321425845512,
    "a_early_diff_stim": 1.3299189613274756,
    "a_late_diff_inhib": 11.54611171230006,
    "early_diff_very_fast": 0.8882205548274367,
    "late_diff_slow": 0.1273624753112648,
    "Mg_stim": 6.291706116540879,
    "Mg_dest": 23.87580509765841,
    "ALP_M_n": 1.5354437760957809,
    "OC_M_n": 4.927866292208948,
    "ALP_0": 1.0360587939436692,
    "OC_0": 0.5145324424355786,
    "diff_time": 416.11550646068605,
    "maturity_t": 0.5435459519976767
}