{
    "a_Ber_2016_ALP": 0.3535168189709648,
    "a_Ber_2016_OC": 0.5921601869176836,
    "a_early_diff_stim": 3.0865270622741154,
    "a_late_diff_inhib": 10.703142274270196,
    "early_diff_very_fast": 0.7596166931434147,
    "late_diff_slow": 0.18688907681346437,
    "Mg_stim": 5.707224738240459,
    "Mg_dest": 33.422922496052244,
    "ALP_M_n": 1.7074168598175812,
    "OC_M_n": 3.6636915709686986,
    "ALP_0": 0.8645769090602273,
    "OC_0": 0.5067284704143964,
    "diff_time": 870.6928498453959,
    "maturity_t": 0.08304131847464045
}