{
    "a_Ber_2016_ALP": 0.282317160868415,
    "a_Ber_2016_OC": 0.8248520717155298,
    "a_early_diff_stim": 4.7086456587375265,
    "a_late_diff_inhib": 8.630798179730403,
    "early_diff_very_fast": 0.8632764566498334,
    "late_diff_slow": 0.33204058212084986,
    "Mg_stim": 7.339238468240297,
    "Mg_dest": 20.745101641950747,
    "ALP_M_n": 0.19216070989045736,
    "OC_M_n": 2.7428977023980288,
    "ALP_0": 1.878782686181788,
    "OC_0": 0.18392069563422397,
    "diff_time": 626.0962974074378,
    "maturity_t": 0.05707011109203936
}