{
    "a_Ber_2016_ALP": 0.2832978915252672,
    "a_Ber_2016_OC": 0.22061278598572875,
    "a_early_diff_stim": 8.148045503484537,
    "a_late_diff_inhib": 19.239359335819827,
    "early_diff_very_fast": 0.7471557870281329,
    "late_diff_slow": 0.166775195300378,
    "Mg_stim": 6.632289816297124,
    "Mg_dest": 38.08678153208163,
    "ALP_M_n": 0.07741931442850011,
    "OC_M_n": 1.9183022115121797,
    "ALP_0": 8.470610265767112,
    "OC_0": 0.9572348945006685,
    "diff_time": 483.143652637419,
    "maturity_t": 0.06342900224103377
}