{
    "a_Ber_2016_ALP": 0.12572569021934865,
    "a_Ber_2016_OC": 0.49846516892526566,
    "a_early_diff_stim": 5.604975245733451,
    "a_late_diff_inhib": 17.012097478788824,
    "early_diff_very_fast": 0.9279919446744725,
    "late_diff_slow": 0.15092391364885713,
    "Mg_stim": 5.031271759489539,
    "Mg_dest": 33.72501236090756,
    "ALP_M_n": 0.8437741675991433,
    "OC_M_n": 1.757316888297435,
    "ALP_0": 3.1281424637546533,
    "OC_0": 0.49481030680836824,
    "diff_time": 619.9000246183888,
    "maturity_t": 0.08432228662507396
}