{
    "a_Ber_2016_ALP": 0.3709226746421138,
    "a_Ber_2016_OC": 0.13838650092171048,
    "a_early_diff_stim": 10.256815544756549,
    "a_late_diff_inhib": 15.818034154570189,
    "early_diff_very_fast": 0.6514401690186657,
    "late_diff_slow": 0.26841698406445935,
    "Mg_stim": 4.718758618000631,
    "Mg_dest": 23.460058463705508,
    "ALP_M_n": 0.28732493576709145,
    "OC_M_n": 3.3548724614384424,
    "ALP_0": 0.5374355513199691,
    "OC_0": 0.7508779600317946,
    "diff_time": 538.6724032046169,
    "maturity_t": 0.1211836097473561
}