{
    "a_Ber_2016_ALP": 0.4210152832803411,
    "a_Ber_2016_OC": 0.5740280369555952,
    "a_early_diff_stim": 0.8627809329109596,
    "a_late_diff_inhib": 18.034184584824153,
    "early_diff_very_fast": 0.917613334686116,
    "late_diff_slow": 0.19036112978712857,
    "Mg_stim": 7.190471174165122,
    "Mg_dest": 23.38634613199854,
    "ALP_M_n": 0.8850227087373815,
    "OC_M_n": 0.9135870630188152,
    "ALP_0": 0.6759772474834088,
    "OC_0": 0.43811018855416095,
    "diff_time": 377.7167150185591,
    "maturity_t": 0.015082980949737005
}