{
    "a_Ber_2016_ALP": 0.2714360208996538,
    "a_Ber_2016_OC": 0.7411858580121524,
    "a_early_diff_stim": 3.706931126505771,
    "a_late_diff_inhib": 14.894163914412214,
    "early_diff_very_fast": 0.6545907513096552,
    "late_diff_slow": 0.15901481122806838,
    "Mg_stim": 2.16832463423658,
    "Mg_dest": 26.770604452171206,
    "ALP_M_n": 0.3912576953738241,
    "OC_M_n": 0.6778484793193285,
    "ALP_0": 1.2748393302853558,
    "OC_0": 0.11918611174470475,
    "diff_time": 376.66568867156104,
    "maturity_t": 0.06393368609287421
}