{
    "a_Ber_2016_ALP": 0.3294774651996849,
    "a_Ber_2016_OC": 0.7020044496083312,
    "a_early_diff_stim": 2.079802234761214,
    "a_late_diff_inhib": 11.816180416903162,
    "early_diff_very_fast": 0.9379567565049969,
    "late_diff_slow": 0.1694847434003044,
    "Mg_stim": 8.644180525128135,
    "Mg_dest": 26.057433169248753,
    "ALP_M_n": 0.013631432437819321,
    "OC_M_n": 0.895178378301439,
    "ALP_0": 0.4402626402854908,
    "OC_0": 0.2598350067289019,
    "diff_time": 561.6663727552459,
    "maturity_t": 0.07370183014579636
}