{
    "a_Ber_2016_ALP": 0.29925458379667674,
    "a_Ber_2016_OC": 0.2765285185300439,
    "a_early_diff_stim": 17.71598492486556,
    "a_late_diff_inhib": 3.61678392921974,
    "early_diff_very_fast": 0.8595769715415789,
    "late_diff_slow": 0.17611875249921624,
    "Mg_stim": 6.988486291984074,
    "Mg_dest": 32.706253138360836,
    "ALP_M_n": 0.4049541200728403,
    "OC_M_n": 0.006600386440727348,
    "ALP_0": 0.6358760087220987,
    "OC_0": 5.620285359693003,
    "diff_time": 454.34297892925133,
    "maturity_t": 0.7381489946299429
}