{
    "a_Ber_2016_ALP": 0.2314034262223319,
    "a_Ber_2016_OC": 0.708052129932448,
    "a_early_diff_stim": 8.931347998916873,
    "a_late_diff_inhib": 17.259244874117538,
    "early_diff_very_fast": 0.9640597598655978,
    "late_diff_slow": 0.30793426726830375,
    "Mg_stim": 6.89879513139222,
    "Mg_dest": 30.496970286284093,
    "ALP_M_n": 2.309147478531793,
    "OC_M_n": 2.895896585406841,
    "ALP_0": 1.0438345632683754,
    "OC_0": 0.23895909809979443,
    "diff_time": 626.8653396897331,
    "maturity_t": 0.10708346428525828
}