{
    "a_Ber_2016_ALP": 0.1418057254498263,
    "a_Ber_2016_OC": 0.4887851993615398,
    "a_early_diff_stim": 0.6053008171370452,
    "a_late_diff_inhib": 7.749115452657613,
    "early_diff_very_fast": 0.6406662532011634,
    "late_diff_slow": 0.12370879780227542,
    "Mg_stim": 6.658327879201822,
    "Mg_dest": 36.53880453573755,
    "ALP_M_n": 0.49265900308453375,
    "OC_M_n": 3.1606168927668308,
    "ALP_0": 5.1626423979510925,
    "OC_0": 0.16869024650800368,
    "diff_time": 409.40056209686355,
    "maturity_t": 0.1497889327600013
}