{
    "a_Ber_2016_ALP": 0.4030180610807518,
    "a_Ber_2016_OC": 0.4454837366825215,
    "a_early_diff_stim": 18.103106107855947,
    "a_late_diff_inhib": 15.96270814401997,
    "early_diff_very_fast": 0.9161742042174266,
    "late_diff_slow": 0.20630269015026914,
    "Mg_stim": 8.891180765793965,
    "Mg_dest": 25.966154745187296,
    "ALP_M_n": 2.226539020060727,
    "OC_M_n": 5.15853458699792,
    "ALP_0": 0.796282030058271,
    "OC_0": 0.4558443916073225,
    "diff_time": 758.6497039589318,
    "maturity_t": 0.11994121999220218
}