{
    "a_Ber_2016_ALP": 0.5233286461532034,
    "a_Ber_2016_OC": 0.48314499785712156,
    "a_early_diff_stim": 1.517090903769472,
    "a_late_diff_inhib": 19.828224082364443,
    "early_diff_very_fast": 0.9491882661176515,
    "late_diff_slow": 0.2429403299521106,
    "Mg_stim": 7.119778265002482,
    "Mg_dest": 28.930179724531833,
    "ALP_M_n": 0.9484261534510929,
    "OC_M_n": 2.3855895104864264,
    "ALP_0": 0.23797178954509982,
    "OC_0": 0.2791250436460122,
    "diff_time": 527.554641691812,
    "maturity_t": 0.39652484915535674
}