{
    "a_Ber_2016_ALP": 0.2779788159494334,
    "a_Ber_2016_OC": 0.7376691018479324,
    "a_early_diff_stim": 5.504861353816324,
    "a_late_diff_inhib": 14.879812362180802,
    "early_diff_very_fast": 0.8720516650141852,
    "late_diff_slow": 0.12649036520449725,
    "Mg_stim": 6.709825186595644,
    "Mg_dest": 23.154510838443436,
    "ALP_M_n": 0.20523032049040424,
    "OC_M_n": 0.9037067672806991,
    "ALP_0": 2.2450426452023517,
    "OC_0": 0.09390941975579814,
    "diff_time": 501.4875704455234,
    "maturity_t": 0.11427390724800462
}