{
    "a_Ber_2016_ALP": 0.02649284594878107,
    "a_Ber_2016_OC": 0.7764092027970233,
    "a_early_diff_stim": 19.683323072167447,
    "a_late_diff_inhib": 5.960702337791949,
    "early_diff_very_fast": 0.6219536165535606,
    "late_diff_slow": 0.28051876914946927,
    "Mg_stim": 7.193715638212939,
    "Mg_dest": 34.38179411616413,
    "ALP_M_n": 1.5109479828320538,
    "OC_M_n": 0.013507565075167401,
    "ALP_0": 4.634900527166098,
    "OC_0": 4.831123427542587,
    "diff_time": 480.7395757069677,
    "maturity_t": 0.779449147268404
}