{
    "a_Ber_2016_ALP": 0.3383558819388864,
    "a_Ber_2016_OC": 0.7554155334669833,
    "a_early_diff_stim": 1.1838723668189584,
    "a_late_diff_inhib": 9.4270933586731,
    "early_diff_very_fast": 0.739893417641135,
    "late_diff_slow": 0.19798546437928327,
    "Mg_stim": 4.596395368288405,
    "Mg_dest": 34.43736536170345,
    "ALP_M_n": 0.07797242122280679,
    "OC_M_n": 2.1871954035386505,
    "ALP_0": 0.8056132168135672,
    "OC_0": 0.026580041634630014,
    "diff_time": 460.3605930069426,
    "maturity_t": 0.1382453139229738
}