{
    "a_Ber_2016_ALP": 0.1569532476671376,
    "a_Ber_2016_OC": 0.7718847836649528,
    "a_early_diff_stim": 1.683592898314166,
    "a_late_diff_inhib": 15.386271685646799,
    "early_diff_very_fast": 0.9077270057524939,
    "late_diff_slow": 0.20370189158679586,
    "Mg_stim": 3.80965470928468,
    "Mg_dest": 31.525158498447766,
    "ALP_M_n": 0.5117905173399118,
    "OC_M_n": 3.35703205745153,
    "ALP_0": 3.5430363828542033,
    "OC_0": 0.09016778880352148,
    "diff_time": 547.499649291906,
    "maturity_t": 0.43800220847722815
}