{
    "a_Ber_2016_ALP": 0.12090590300009217,
    "a_Ber_2016_OC": 0.6130298217776449,
    "a_early_diff_stim": 4.634653550725964,
    "a_late_diff_inhib": 12.038608550205545,
    "early_diff_very_fast": 0.7014073734647674,
    "late_diff_slow": 0.30227792251985675,
    "Mg_stim": 4.939535119797945,
    "Mg_dest": 26.26587770244702,
    "ALP_M_n": 1.1204396238493073,
    "OC_M_n": 2.1243967354537427,
    "ALP_0": 2.221448359447091,
    "OC_0": 0.1336504542675997,
    "diff_time": 417.77743982494036,
    "maturity_t": 0.05119158139472714
}