{
    "a_Ber_2016_ALP": 0.40518126931618137,
    "a_Ber_2016_OC": 0.5200951814105509,
    "a_early_diff_stim": 2.961590003624632,
    "a_late_diff_inhib": 10.373205228691093,
    "early_diff_very_fast": 0.7243821761988798,
    "late_diff_slow": 0.11913742672593619,
    "Mg_stim": 6.690454192001324,
    "Mg_dest": 26.04409891587233,
    "ALP_M_n": 0.7639719178374295,
    "OC_M_n": 1.1488231326307075,
    "ALP_0": 0.6111570604702925,
    "OC_0": 0.45472701630899554,
    "diff_time": 401.9987065101878,
    "maturity_t": 0.07872729042018445
}