{
    "a_Ber_2016_ALP": 0.27340188116810116,
    "a_Ber_2016_OC": 0.8044995427829298,
    "a_early_diff_stim": 1.2365696833627065,
    "a_late_diff_inhib": 14.02085095395959,
    "early_diff_very_fast": 0.7136008469646361,
    "late_diff_slow": 0.16977065129370802,
    "Mg_stim": 8.678537007134187,
    "Mg_dest": 22.87156871709343,
    "ALP_M_n": 0.04985325479479837,
    "OC_M_n": 0.7001748473498268,
    "ALP_0": 8.982408549026847,
    "OC_0": 0.09376496675312702,
    "diff_time": 560.9790700476602,
    "maturity_t": 0.10663565776620335
}