{
    "a_Ber_2016_ALP": 0.5282029395135097,
    "a_Ber_2016_OC": 0.7179077412163688,
    "a_early_diff_stim": 4.035335053602117,
    "a_late_diff_inhib": 16.602428967065098,
    "early_diff_very_fast": 0.8429187119170303,
    "late_diff_slow": 0.127108503085205,
    "Mg_stim": 5.43373333094613,
    "Mg_dest": 26.52975237517565,
    "ALP_M_n": 1.325970559694761,
    "OC_M_n": 0.9889165131169436,
    "ALP_0": 0.710736411066357,
    "OC_0": 0.3788942678604399,
    "diff_time": 684.0315849179156,
    "maturity_t": 0.003353799904824514
}