{
    "a_Ber_2016_ALP": 0.51949442436128,
    "a_Ber_2016_OC": 0.8810199228379103,
    "a_early_diff_stim": 6.438627775915629,
    "a_late_diff_inhib": 13.071821400376917,
    "early_diff_very_fast": 0.7639884310166769,
    "late_diff_slow": 0.22454978192191377,
    "Mg_stim": 7.572762765592224,
    "Mg_dest": 31.49832517107827,
    "ALP_M_n": 0.6749186108297557,
    "OC_M_n": 1.3956145261739008,
    "ALP_0": 0.3607322455917059,
    "OC_0": 0.04014502499256725,
    "diff_time": 564.3470970078027,
    "maturity_t": 0.10112059148142544
}