{
    "a_Ber_2016_ALP": 0.2966342516412724,
    "a_Ber_2016_OC": 0.9770403405567822,
    "a_early_diff_stim": 2.545253200785586,
    "a_late_diff_inhib": 15.552503625003823,
    "early_diff_very_fast": 0.7917932040880055,
    "late_diff_slow": 0.15923053911053084,
    "Mg_stim": 3.6389328244117163,
    "Mg_dest": 34.63191749192121,
    "ALP_M_n": 0.406157078353214,
    "OC_M_n": 1.1450615209027113,
    "ALP_0": 1.0253490946294859,
    "OC_0": 0.2744160652896701,
    "diff_time": 891.5461436214688,
    "maturity_t": 0.0361521865666542
}