{
    "a_Ber_2016_ALP": 0.061107895905295195,
    "a_Ber_2016_OC": 0.7376578082789869,
    "a_early_diff_stim": 10.681529063266463,
    "a_late_diff_inhib": 14.154048016115135,
    "early_diff_very_fast": 0.7976183601220616,
    "late_diff_slow": 0.2556386140521531,
    "Mg_stim": 8.602861378809617,
    "Mg_dest": 33.96222574038938,
    "ALP_M_n": 1.1488605415935336,
    "OC_M_n": 12.014899510090446,
    "ALP_0": 4.087684075423546,
    "OC_0": 0.022165810476871606,
    "diff_time": 514.7533540144673,
    "maturity_t": 0.24764150525119372
}