{
    "a_Ber_2016_ALP": 0.31052530277228924,
    "a_Ber_2016_OC": 0.28587640338875653,
    "a_early_diff_stim": 12.813864279856348,
    "a_late_diff_inhib": 3.6534783067226515,
    "early_diff_very_fast": 0.6242580223205584,
    "late_diff_slow": 0.14810297516916643,
    "Mg_stim": 4.267333665353504,
    "Mg_dest": 28.571083157754792,
    "ALP_M_n": 0.37687952360419963,
    "OC_M_n": 0.5178419344722474,
    "ALP_0": 0.5052922195127811,
    "OC_0": 6.295031591580423,
    "diff_time": 413.16806742832273,
    "maturity_t": 0.7689746078402161
}