{
    "a_Ber_2016_ALP": 0.24548954853526292,
    "a_Ber_2016_OC": 0.2513191464839971,
    "a_early_diff_stim": 0.3753369145936602,
    "a_late_diff_inhib": 17.849271710240593,
    "early_diff_very_fast": 0.7358029853131294,
    "late_diff_slow": 0.22719245300665286,
    "Mg_stim": 6.679887337178475,
    "Mg_dest": 24.93816738853301,
    "ALP_M_n": 0.13217732194323584,
    "OC_M_n": 2.066203454100693,
    "ALP_0": 6.502152854916865,
    "OC_0": 0.8705987074456321,
    "diff_time": 572.2310452143136,
    "maturity_t": 0.1694647026142831
}