{
    "a_Ber_2016_ALP": 0.2837673671505967,
    "a_Ber_2016_OC": 0.4809834250338294,
    "a_early_diff_stim": 0.6931286325088395,
    "a_late_diff_inhib": 10.076661533731862,
    "early_diff_very_fast": 0.7341200423060128,
    "late_diff_slow": 0.36780119958476937,
    "Mg_stim": 4.61217778634172,
    "Mg_dest": 24.46079798738714,
    "ALP_M_n": 0.24848292485641385,
    "OC_M_n": 4.480067537449898,
    "ALP_0": 1.4572027679063413,
    "OC_0": 0.37184802825183877,
    "diff_time": 673.4216510440064,
    "maturity_t": 0.08254643393536965
}