{
    "a_Ber_2016_ALP": 0.34234612599474984,
    "a_Ber_2016_OC": 0.486914140552338,
    "a_early_diff_stim": 7.53665742911341,
    "a_late_diff_inhib": 18.552024355445482,
    "early_diff_very_fast": 0.8822541679197499,
    "late_diff_slow": 0.20855847000322542,
    "Mg_stim": 7.112330285562463,
    "Mg_dest": 34.6169725971654,
    "ALP_M_n": 1.3496469976905476,
    "OC_M_n": 1.0962906528801537,
    "ALP_0": 0.9013463454364105,
    "OC_0": 0.572887044896835,
    "diff_time": 420.945881753588,
    "maturity_t": 0.01229819464752855
}