{
    "a_Ber_2016_ALP": 0.3253141491875239,
    "a_Ber_2016_OC": 0.6168143148009949,
    "a_early_diff_stim": 6.54835286058536,
    "a_late_diff_inhib": 12.679754678464493,
    "early_diff_very_fast": 0.7691296845379307,
    "late_diff_slow": 0.13740568135274636,
    "Mg_stim": 9.229842393514376,
    "Mg_dest": 23.048213419687713,
    "ALP_M_n": 0.04600307029395587,
    "OC_M_n": 1.1739289982646635,
    "ALP_0": 0.7864301142698554,
    "OC_0": 0.4136216276466116,
    "diff_time": 604.0664498898382,
    "maturity_t": 0.04885517081764593
}