{
    "a_Ber_2016_ALP": 0.31995823378051197,
    "a_Ber_2016_OC": 0.506099595504451,
    "a_early_diff_stim": 2.669766584347102,
    "a_late_diff_inhib": 16.918339893613993,
    "early_diff_very_fast": 0.7879287824487431,
    "late_diff_slow": 0.3317256182023226,
    "Mg_stim": 2.411442746408489,
    "Mg_dest": 27.873121481269838,
    "ALP_M_n": 0.5429150920645941,
    "OC_M_n": 1.6578490633038212,
    "ALP_0": 0.9900804620580927,
    "OC_0": 0.4295113401025427,
    "diff_time": 567.1942390943328,
    "maturity_t": 0.0019411656511832823
}