{
    "a_Ber_2016_ALP": 0.39930711018029463,
    "a_Ber_2016_OC": 0.746833760356324,
    "a_early_diff_stim": 5.014216460992445,
    "a_late_diff_inhib": 18.66935343805283,
    "early_diff_very_fast": 0.8679626219028868,
    "late_diff_slow": 0.2862149094765075,
    "Mg_stim": 8.814791946438465,
    "Mg_dest": 22.288403100016282,
    "ALP_M_n": 0.8941665070748401,
    "OC_M_n": 0.9592498947030107,
    "ALP_0": 0.6112105304458034,
    "OC_0": 0.07432278753964688,
    "diff_time": 467.16465083996263,
    "maturity_t": 0.15953659389176367
}