{
    "a_Ber_2016_ALP": 0.30204803377445194,
    "a_Ber_2016_OC": 0.6089786273908014,
    "a_early_diff_stim": 7.527883549546412,
    "a_late_diff_inhib": 12.368586234836929,
    "early_diff_very_fast": 0.8228160289146217,
    "late_diff_slow": 0.17711164683408948,
    "Mg_stim": 4.8734111951676065,
    "Mg_dest": 26.05847555501184,
    "ALP_M_n": 1.753315509519569,
    "OC_M_n": 1.8484270354329262,
    "ALP_0": 0.9959991807702991,
    "OC_0": 0.5803164776743984,
    "diff_time": 870.86767653159,
    "maturity_t": 0.023673451837725262
}