{
    "a_Ber_2016_ALP": 0.32105838248191787,
    "a_Ber_2016_OC": 0.6505297814130858,
    "a_early_diff_stim": 10.615627267881406,
    "a_late_diff_inhib": 17.864618027730106,
    "early_diff_very_fast": 0.7450845362722839,
    "late_diff_slow": 0.31178016483642557,
    "Mg_stim": 4.782938409017424,
    "Mg_dest": 25.327758552592535,
    "ALP_M_n": 0.005137339347934942,
    "OC_M_n": 2.0973865419215825,
    "ALP_0": 1.4136279182325402,
    "OC_0": 0.5232268762088366,
    "diff_time": 866.7071112146535,
    "maturity_t": 0.023852522514143343
}