{
    "a_Ber_2016_ALP": 0.3277703160566044,
    "a_Ber_2016_OC": 0.3399564896151543,
    "a_early_diff_stim": 2.7300748213447856,
    "a_late_diff_inhib": 6.297367609405597,
    "early_diff_very_fast": 0.7536074076426242,
    "late_diff_slow": 0.29757098116165903,
    "Mg_stim": 7.692182583201904,
    "Mg_dest": 25.509953055587342,
    "ALP_M_n": 3.111228450520415,
    "OC_M_n": 6.346586601104449,
    "ALP_0": 0.8871992348561462,
    "OC_0": 0.34292951332904364,
    "diff_time": 628.8775890216201,
    "maturity_t": 0.12014052094511797
}