{
    "a_Ber_2016_ALP": 0.380118718040474,
    "a_Ber_2016_OC": 0.3238259591372163,
    "a_early_diff_stim": 2.1276643918097498,
    "a_late_diff_inhib": 11.715873242701495,
    "early_diff_very_fast": 0.8753772080432265,
    "late_diff_slow": 0.1708290371729294,
    "Mg_stim": 3.0127772015663012,
    "Mg_dest": 39.03049190551104,
    "ALP_M_n": 15.062312887804183,
    "OC_M_n": 2.02997730959804,
    "ALP_0": 0.9691378399703117,
    "OC_0": 0.5613095734046825,
    "diff_time": 487.69079471855036,
    "maturity_t": 0.017252586117761495
}