{
    "a_Ber_2016_ALP": 0.09961711370349091,
    "a_Ber_2016_OC": 0.4171979188442709,
    "a_early_diff_stim": 14.766807977129695,
    "a_late_diff_inhib": 17.108706605633586,
    "early_diff_very_fast": 0.7565654788024159,
    "late_diff_slow": 0.2335562437323827,
    "Mg_stim": 6.940770426682473,
    "Mg_dest": 25.23411751080308,
    "ALP_M_n": 0.9013805434988628,
    "OC_M_n": 1.254272294527559,
    "ALP_0": 3.4530710234532513,
    "OC_0": 0.6805094828312189,
    "diff_time": 426.6061401962085,
    "maturity_t": 0.011698444550943557
}