{
    "a_Ber_2016_ALP": 0.2510260416480406,
    "a_Ber_2016_OC": 0.33936381526798914,
    "a_early_diff_stim": 4.126842838226195,
    "a_late_diff_inhib": 15.385602703937549,
    "early_diff_very_fast": 0.7655930764667492,
    "late_diff_slow": 0.2317712010351513,
    "Mg_stim": 9.584865397375776,
    "Mg_dest": 21.755252653107384,
    "ALP_M_n": 0.20944251619248136,
    "OC_M_n": 1.7989433379961235,
    "ALP_0": 2.594012704946095,
    "OC_0": 0.6107346541590075,
    "diff_time": 411.9306810820341,
    "maturity_t": 0.18084780343422072
}