{
    "a_Ber_2016_ALP": 0.22504160700558734,
    "a_Ber_2016_OC": 0.6710147199434172,
    "a_early_diff_stim": 10.687556639055858,
    "a_late_diff_inhib": 10.612522359844453,
    "early_diff_very_fast": 0.7017919095550912,
    "late_diff_slow": 0.11450047738573316,
    "Mg_stim": 8.886271305000278,
    "Mg_dest": 31.087706571294355,
    "ALP_M_n": 1.502419519800715,
    "OC_M_n": 1.2551765359027984,
    "ALP_0": 1.1588906366773088,
    "OC_0": 0.15036238720560033,
    "diff_time": 447.23659443244765,
    "maturity_t": 0.08932037202412739
}