{
    "a_Ber_2016_ALP": 0.14729898693046312,
    "a_Ber_2016_OC": 0.2799998842331899,
    "a_early_diff_stim": 4.336290554892258,
    "a_late_diff_inhib": 3.1089110098849826,
    "early_diff_very_fast": 0.9664879993294029,
    "late_diff_slow": 0.2623976030510552,
    "Mg_stim": 4.271866316397435,
    "Mg_dest": 31.415490493473495,
    "ALP_M_n": 0.9817574091835076,
    "OC_M_n": 2.569126177619235e-07,
    "ALP_0": 1.8341326442122936,
    "OC_0": 3.949560420733985,
    "diff_time": 729.5962391141815,
    "maturity_t": 0.5101976180294643
}