{
    "a_Ber_2016_ALP": 0.29053477159371327,
    "a_Ber_2016_OC": 0.5179710230956515,
    "a_early_diff_stim": 3.111995220731926,
    "a_late_diff_inhib": 17.3855315068106,
    "early_diff_very_fast": 0.7893411363400831,
    "late_diff_slow": 0.28887725027411637,
    "Mg_stim": 6.176320637324251,
    "Mg_dest": 21.142227551007544,
    "ALP_M_n": 0.24163815079873002,
    "OC_M_n": 1.6144981499978992,
    "ALP_0": 0.932830644923118,
    "OC_0": 0.3089732647656624,
    "diff_time": 386.43086585195255,
    "maturity_t": 0.21638448496911622
}