{
    "a_Ber_2016_ALP": 0.307998158791635,
    "a_Ber_2016_OC": 0.24955934860237838,
    "a_early_diff_stim": 1.9616344834937218,
    "a_late_diff_inhib": 13.36967000841544,
    "early_diff_very_fast": 0.6994349715350554,
    "late_diff_slow": 0.14325705546274223,
    "Mg_stim": 8.747140238702338,
    "Mg_dest": 30.204433176683928,
    "ALP_M_n": 0.1475508498199959,
    "OC_M_n": 2.104931908900362,
    "ALP_0": 1.1219893985221319,
    "OC_0": 1.0085250937729562,
    "diff_time": 689.7790722800383,
    "maturity_t": 0.03636822506532728
}