{
    "a_Ber_2016_ALP": 0.308060547836697,
    "a_Ber_2016_OC": 0.6647003848399351,
    "a_early_diff_stim": 4.133636555951081,
    "a_late_diff_inhib": 10.953843471608819,
    "early_diff_very_fast": 0.8528921099628147,
    "late_diff_slow": 0.21859949640514084,
    "Mg_stim": 8.601823507979676,
    "Mg_dest": 38.73513606568701,
    "ALP_M_n": 0.08944278350605384,
    "OC_M_n": 2.1066913062462844,
    "ALP_0": 0.9628942374610711,
    "OC_0": 0.2540142637304603,
    "diff_time": 601.4933475379808,
    "maturity_t": 0.015817712250591115
}