{
    "a_Ber_2016_ALP": 0.32510052416598445,
    "a_Ber_2016_OC": 0.5660811535200407,
    "a_early_diff_stim": 1.4902759000284531,
    "a_late_diff_inhib": 9.98669178992651,
    "early_diff_very_fast": 0.6216788084492434,
    "late_diff_slow": 0.16727599707012644,
    "Mg_stim": 5.473164975726215,
    "Mg_dest": 22.357769124049113,
    "ALP_M_n": 0.004633040810647775,
    "OC_M_n": 1.2868132633610732,
    "ALP_0": 3.0023668094181084,
    "OC_0": 0.4864371651571248,
    "diff_time": 613.2401587199938,
    "maturity_t": 0.06578519656185695
}