{
    "a_Ber_2016_ALP": 0.5767661508680973,
    "a_Ber_2016_OC": 0.7429923809048964,
    "a_early_diff_stim": 16.210483088480675,
    "a_late_diff_inhib": 8.94839323807776,
    "early_diff_very_fast": 0.6638812810742365,
    "late_diff_slow": 0.21287593633480678,
    "Mg_stim": 6.880988425150386,
    "Mg_dest": 25.14226324607794,
    "ALP_M_n": 1.3164482492566925,
    "OC_M_n": 1.8833226415460977,
    "ALP_0": 0.5680486077035763,
    "OC_0": 0.04063964128109019,
    "diff_time": 402.58285416863504,
    "maturity_t": 0.045520567728082044
}