{
    "a_Ber_2016_ALP": 0.3014777875939851,
    "a_Ber_2016_OC": 0.25652179116317514,
    "a_early_diff_stim": 16.444273085899603,
    "a_late_diff_inhib": 10.01404298721473,
    "early_diff_very_fast": 0.9128032342480007,
    "late_diff_slow": 0.2251627709065674,
    "Mg_stim": 8.109266553977857,
    "Mg_dest": 24.752565665252863,
    "ALP_M_n": 1.0304478919189564,
    "OC_M_n": 0.050172590774189105,
    "ALP_0": 0.6341704190712114,
    "OC_0": 4.728733808903361,
    "diff_time": 463.8232111253005,
    "maturity_t": 0.4896125587885327
}