{
    "a_Ber_2016_ALP": 0.27052574671108015,
    "a_Ber_2016_OC": 0.4234313693609949,
    "a_early_diff_stim": 12.024813040629029,
    "a_late_diff_inhib": 18.606499178880235,
    "early_diff_very_fast": 0.7483086659710444,
    "late_diff_slow": 0.33645160278051395,
    "Mg_stim": 9.354319900451138,
    "Mg_dest": 29.26954640549572,
    "ALP_M_n": 2.500585881158713,
    "OC_M_n": 2.9838793535469277,
    "ALP_0": 0.9324311502708552,
    "OC_0": 0.2376558788826978,
    "diff_time": 489.7860868509476,
    "maturity_t": 0.1344476356077894
}