{
    "a_Ber_2016_ALP": 0.8598373262574608,
    "a_Ber_2016_OC": 0.6145516880379444,
    "a_early_diff_stim": 2.18355852175139,
    "a_late_diff_inhib": 17.483245670554897,
    "early_diff_very_fast": 0.8368328572845414,
    "late_diff_slow": 0.2518097813981367,
    "Mg_stim": 7.332536138159204,
    "Mg_dest": 22.360840163071224,
    "ALP_M_n": 0.7123796960051738,
    "OC_M_n": 1.054025180341645,
    "ALP_0": 0.1178495321809212,
    "OC_0": 0.284589904130935,
    "diff_time": 433.0511841664623,
    "maturity_t": 0.13354782573858037
}