{
    "a_Ber_2016_ALP": 0.33154725400775364,
    "a_Ber_2016_OC": 0.26583037282086613,
    "a_early_diff_stim": 16.946022619541615,
    "a_late_diff_inhib": 7.424339555740063,
    "early_diff_very_fast": 0.932304665979552,
    "late_diff_slow": 0.2898311702050452,
    "Mg_stim": 8.42856245163589,
    "Mg_dest": 23.088026187706774,
    "ALP_M_n": 0.3424628699985779,
    "OC_M_n": 0.025353733139210483,
    "ALP_0": 0.5578841876018061,
    "OC_0": 6.754444586890229,
    "diff_time": 888.039010034116,
    "maturity_t": 0.5118705964100354
}