{
    "a_Ber_2016_ALP": 0.12701249898165795,
    "a_Ber_2016_OC": 0.9453803029977801,
    "a_early_diff_stim": 2.4700377581246604,
    "a_late_diff_inhib": 12.663856355481876,
    "early_diff_very_fast": 0.6336732991585746,
    "late_diff_slow": 0.1806433126906855,
    "Mg_stim": 9.326401442481973,
    "Mg_dest": 24.376752507641854,
    "ALP_M_n": 0.9090472990549774,
    "OC_M_n": 3.5810053947583658,
    "ALP_0": 2.4074806677587732,
    "OC_0": 0.2652356012624457,
    "diff_time": 731.4268497529607,
    "maturity_t": 0.3271834980250432
}