{
    "a_Ber_2016_ALP": 0.2679375068165611,
    "a_Ber_2016_OC": 0.22248290283534206,
    "a_early_diff_stim": 3.5839881430561173,
    "a_late_diff_inhib": 8.766664819639232,
    "early_diff_very_fast": 0.7731072677305842,
    "late_diff_slow": 0.3216212206717636,
    "Mg_stim": 6.372822908858444,
    "Mg_dest": 27.653533972126674,
    "ALP_M_n": 0.10902093582313976,
    "OC_M_n": 5.1744057247078485,
    "ALP_0": 3.072275008786843,
    "OC_0": 0.3415966412297401,
    "diff_time": 536.7417944912705,
    "maturity_t": 0.10718095351764785
}