{
    "a_Ber_2016_ALP": 0.4889609899544006,
    "a_Ber_2016_OC": 0.7392495936751551,
    "a_early_diff_stim": 5.693910244921,
    "a_late_diff_inhib": 16.977574067247758,
    "early_diff_very_fast": 0.6280644038463414,
    "late_diff_slow": 0.1458280863707572,
    "Mg_stim": 8.485408597489462,
    "Mg_dest": 25.59082245902613,
    "ALP_M_n": 0.2741874113412468,
    "OC_M_n": 0.6164346364879039,
    "ALP_0": 0.19470818612513036,
    "OC_0": 0.13668395519778148,
    "diff_time": 440.11515058842696,
    "maturity_t": 0.03637784395258665
}