{
    "a_Ber_2016_ALP": 0.058557214630145224,
    "a_Ber_2016_OC": 0.568228596207941,
    "a_early_diff_stim": 12.291371876989174,
    "a_late_diff_inhib": 1.5863530549943086,
    "early_diff_very_fast": 0.9898893383668419,
    "late_diff_slow": 0.2112174931395384,
    "Mg_stim": 4.679405991350171,
    "Mg_dest": 25.253259525151275,
    "ALP_M_n": 1.2300510517718508,
    "OC_M_n": 0.17554410171262846,
    "ALP_0": 3.337251676727267,
    "OC_0": 6.019761573705895,
    "diff_time": 382.63983201420183,
    "maturity_t": 0.837331013984197
}