{
    "a_Ber_2016_ALP": 0.26547650512265036,
    "a_Ber_2016_OC": 0.7845766926531258,
    "a_early_diff_stim": 0.5248489633813374,
    "a_late_diff_inhib": 12.592139877032032,
    "early_diff_very_fast": 0.6487612797018392,
    "late_diff_slow": 0.13074176593817713,
    "Mg_stim": 6.228063073283316,
    "Mg_dest": 25.849140410663516,
    "ALP_M_n": 1.3132911569335746,
    "OC_M_n": 0.7053657542581394,
    "ALP_0": 1.1750775504470046,
    "OC_0": 0.2259104672858288,
    "diff_time": 628.2194197788651,
    "maturity_t": 0.0054860492253874515
}