{
    "a_Ber_2016_ALP": 0.25200561539286914,
    "a_Ber_2016_OC": 0.921944975561049,
    "a_early_diff_stim": 8.325883309305166,
    "a_late_diff_inhib": 8.665344766662027,
    "early_diff_very_fast": 0.7427200598065277,
    "late_diff_slow": 0.11593332213174501,
    "Mg_stim": 7.217291743558465,
    "Mg_dest": 22.36378181054434,
    "ALP_M_n": 0.15765668144192854,
    "OC_M_n": 3.112723176783669,
    "ALP_0": 4.0673239853286685,
    "OC_0": 0.4150642323213316,
    "diff_time": 932.9730246971495,
    "maturity_t": 0.10128248862473017
}