{
    "a_Ber_2016_ALP": 0.5916019320175745,
    "a_Ber_2016_OC": 0.36704134822668344,
    "a_early_diff_stim": 12.325409659265405,
    "a_late_diff_inhib": 16.569506067275466,
    "early_diff_very_fast": 0.9553775541255738,
    "late_diff_slow": 0.2568055258604634,
    "Mg_stim": 7.496828286516762,
    "Mg_dest": 30.19364370744053,
    "ALP_M_n": 1.7034125626438772,
    "OC_M_n": 2.2428745124301495,
    "ALP_0": 0.6047692045038107,
    "OC_0": 0.5329441774921932,
    "diff_time": 571.159825435376,
    "maturity_t": 0.0844164586653099
}