{
    "a_Ber_2016_ALP": 0.3916827401606458,
    "a_Ber_2016_OC": 0.7996260367186669,
    "a_early_diff_stim": 7.720950473525641,
    "a_late_diff_inhib": 16.02704848117667,
    "early_diff_very_fast": 0.7214120769303515,
    "late_diff_slow": 0.1457244106755615,
    "Mg_stim": 5.322857417122108,
    "Mg_dest": 20.837578600195226,
    "ALP_M_n": 1.632447019204931,
    "OC_M_n": 1.188273894716698,
    "ALP_0": 0.8422456418043728,
    "OC_0": 0.3859416848133537,
    "diff_time": 820.243230326544,
    "maturity_t": 0.008746882103098007
}