{
    "a_Ber_2016_ALP": 0.22791984469710141,
    "a_Ber_2016_OC": 0.9015481676531361,
    "a_early_diff_stim": 0.00824127945525678,
    "a_late_diff_inhib": 15.73889923658546,
    "early_diff_very_fast": 0.7832860692829665,
    "late_diff_slow": 0.2272675689862712,
    "Mg_stim": 4.75890570821924,
    "Mg_dest": 22.426637344793097,
    "ALP_M_n": 0.24906515006669444,
    "OC_M_n": 1.6442553541911864,
    "ALP_0": 3.586203542500431,
    "OC_0": 0.4014334427184925,
    "diff_time": 953.7424707824894,
    "maturity_t": 0.08942713794670896
}