{
    "a_Ber_2016_ALP": 0.3367613434453744,
    "a_Ber_2016_OC": 0.0963815851289785,
    "a_early_diff_stim": 2.055823417812212,
    "a_late_diff_inhib": 11.036532299469375,
    "early_diff_very_fast": 0.8440366652961988,
    "late_diff_slow": 0.27251138773230826,
    "Mg_stim": 7.653593549331029,
    "Mg_dest": 21.154699820437067,
    "ALP_M_n": 0.35959811821608406,
    "OC_M_n": 2.575718864605655,
    "ALP_0": 0.9202907104325634,
    "OC_0": 1.2738278527467912,
    "diff_time": 365.25361947459027,
    "maturity_t": 0.003982323009362244
}