{
    "a_Ber_2016_ALP": 0.16656102977080497,
    "a_Ber_2016_OC": 0.32094163730720404,
    "a_early_diff_stim": 5.860003143796457,
    "a_late_diff_inhib": 13.900160143884428,
    "early_diff_very_fast": 0.8024446081552647,
    "late_diff_slow": 0.14136875252053227,
    "Mg_stim": 9.401174432159298,
    "Mg_dest": 20.338376618317405,
    "ALP_M_n": 0.858720727782491,
    "OC_M_n": 2.276855515560756,
    "ALP_0": 2.0948380533445956,
    "OC_0": 0.6949958383534843,
    "diff_time": 630.9681420511569,
    "maturity_t": 0.13281412145706326
}