{
    "a_Ber_2016_ALP": 0.297742807499397,
    "a_Ber_2016_OC": 0.7524226854481112,
    "a_early_diff_stim": 5.5350617142414205,
    "a_late_diff_inhib": 10.025474113710654,
    "early_diff_very_fast": 0.7974132617855941,
    "late_diff_slow": 0.12250226520262578,
    "Mg_stim": 9.701149454295237,
    "Mg_dest": 21.856450748587264,
    "ALP_M_n": 2.111391538366685,
    "OC_M_n": 1.0540726805924587,
    "ALP_0": 0.964008962777693,
    "OC_0": 0.2805715740625524,
    "diff_time": 646.8016235032452,
    "maturity_t": 0.06219006248567967
}