{
    "a_Ber_2016_ALP": 0.47746074103043784,
    "a_Ber_2016_OC": 0.17212706549328327,
    "a_early_diff_stim": 6.614496643175424,
    "a_late_diff_inhib": 9.833333531362015,
    "early_diff_very_fast": 0.7920297997284712,
    "late_diff_slow": 0.25475203367121885,
    "Mg_stim": 4.5225407959307375,
    "Mg_dest": 29.423426668674445,
    "ALP_M_n": 1.3709053017109132,
    "OC_M_n": 6.351409129852748,
    "ALP_0": 0.6982060583040366,
    "OC_0": 0.6753708730140212,
    "diff_time": 842.3290290938633,
    "maturity_t": 0.05683891910627871
}