{
    "a_Ber_2016_ALP": 0.6372670363906148,
    "a_Ber_2016_OC": 0.3192060035130219,
    "a_early_diff_stim": 1.1460155377559194,
    "a_late_diff_inhib": 19.385935973724482,
    "early_diff_very_fast": 0.8264846606555084,
    "late_diff_slow": 0.21827264616713538,
    "Mg_stim": 8.819142849731481,
    "Mg_dest": 34.60786303302241,
    "ALP_M_n": 1.9562099816867446,
    "OC_M_n": 3.1241347862954747,
    "ALP_0": 0.42932093336305627,
    "OC_0": 0.5887996328266893,
    "diff_time": 669.230034131174,
    "maturity_t": 0.31364440055842935
}