{
    "a_Ber_2016_ALP": 0.27470240059378287,
    "a_Ber_2016_OC": 0.3696841416065415,
    "a_early_diff_stim": 0.8309803202556965,
    "a_late_diff_inhib": 15.815234401053228,
    "early_diff_very_fast": 0.717956691952093,
    "late_diff_slow": 0.15293564902980125,
    "Mg_stim": 5.734451233210373,
    "Mg_dest": 36.79397338523411,
    "ALP_M_n": 2.0400045781302185,
    "OC_M_n": 2.6456179192786604,
    "ALP_0": 0.732952600206191,
    "OC_0": 0.40519820687301966,
    "diff_time": 539.8327133744065,
    "maturity_t": 0.4084273970467861
}