{
    "a_Ber_2016_ALP": 0.26054623567018464,
    "a_Ber_2016_OC": 0.28929597457683837,
    "a_early_diff_stim": 6.124790301438762,
    "a_late_diff_inhib": 19.260271063493896,
    "early_diff_very_fast": 0.6805006461886232,
    "late_diff_slow": 0.22470364987826003,
    "Mg_stim": 5.1975779797434765,
    "Mg_dest": 31.425721625720694,
    "ALP_M_n": 1.709891376276776,
    "OC_M_n": 1.9733357333009087,
    "ALP_0": 0.9822611507466134,
    "OC_0": 0.6743964883199731,
    "diff_time": 475.40429098993707,
    "maturity_t": 0.11223297624612835
}