{
    "a_Ber_2016_ALP": 0.5102885782069447,
    "a_Ber_2016_OC": 0.36295812204247646,
    "a_early_diff_stim": 1.7647632428147966,
    "a_late_diff_inhib": 15.140520427842915,
    "early_diff_very_fast": 0.8436805485885507,
    "late_diff_slow": 0.19568221047198453,
    "Mg_stim": 9.207772374536225,
    "Mg_dest": 22.689358884653856,
    "ALP_M_n": 0.6922329987708388,
    "OC_M_n": 2.702002648811871,
    "ALP_0": 0.11905688311651001,
    "OC_0": 0.3397669796696076,
    "diff_time": 486.70356948430856,
    "maturity_t": 0.4497233057761638
}