{
    "a_Ber_2016_ALP": 0.3046888592930686,
    "a_Ber_2016_OC": 0.6793312357305491,
    "a_early_diff_stim": 11.211953735855582,
    "a_late_diff_inhib": 17.65613879823387,
    "early_diff_very_fast": 0.7907670713417182,
    "late_diff_slow": 0.2713522360581347,
    "Mg_stim": 3.9338459933979633,
    "Mg_dest": 22.51907671168223,
    "ALP_M_n": 0.03907292146515689,
    "OC_M_n": 1.3221345883169946,
    "ALP_0": 2.1094502700934825,
    "OC_0": 0.36177470767905073,
    "diff_time": 654.6617307879003,
    "maturity_t": 0.03764625244887842
}