{
    "a_Ber_2016_ALP": 0.30440190887003477,
    "a_Ber_2016_OC": 0.21833088871126904,
    "a_early_diff_stim": 7.099375454578066,
    "a_late_diff_inhib": 16.556722663073536,
    "early_diff_very_fast": 0.8589567962784883,
    "late_diff_slow": 0.312292061553385,
    "Mg_stim": 6.980112549990585,
    "Mg_dest": 35.43230187798884,
    "ALP_M_n": 1.1691219935717478,
    "OC_M_n": 2.5780843303084193,
    "ALP_0": 1.06905769701373,
    "OC_0": 0.6548448610377415,
    "diff_time": 472.40825375296174,
    "maturity_t": 0.005167652279400902
}