{
    "a_Ber_2016_ALP": 0.21722561301182797,
    "a_Ber_2016_OC": 0.3307416072376324,
    "a_early_diff_stim": 1.3258868081384696,
    "a_late_diff_inhib": 17.711544307173718,
    "early_diff_very_fast": 0.8989414308127776,
    "late_diff_slow": 0.16401170743794657,
    "Mg_stim": 5.673777487216518,
    "Mg_dest": 23.47681512037109,
    "ALP_M_n": 0.18944045406691645,
    "OC_M_n": 1.43609200299151,
    "ALP_0": 6.024136797134923,
    "OC_0": 0.849756686663431,
    "diff_time": 417.24055069551594,
    "maturity_t": 0.03034207053109694
}