{
    "a_Ber_2016_ALP": 0.08073260099999757,
    "a_Ber_2016_OC": 0.23187609461246098,
    "a_early_diff_stim": 9.00256459337677,
    "a_late_diff_inhib": 15.84956982161301,
    "early_diff_very_fast": 0.7668718863509515,
    "late_diff_slow": 0.21455084459033388,
    "Mg_stim": 7.606107434389914,
    "Mg_dest": 24.74701049449596,
    "ALP_M_n": 0.9888239098611974,
    "OC_M_n": 0.10789377484078959,
    "ALP_0": 3.3464559617467176,
    "OC_0": 4.742474467901674,
    "diff_time": 395.2809435011161,
    "maturity_t": 0.9365968264205139
}