{
    "a_Ber_2016_ALP": 0.2434426729028637,
    "a_Ber_2016_OC": 0.7839320942020191,
    "a_early_diff_stim": 4.9909711044355545,
    "a_late_diff_inhib": 19.40279594689221,
    "early_diff_very_fast": 0.8726406310336362,
    "late_diff_slow": 0.27332407795945435,
    "Mg_stim": 9.43840332845453,
    "Mg_dest": 29.891699092418644,
    "ALP_M_n": 0.16928876984229646,
    "OC_M_n": 0.9731346614595164,
    "ALP_0": 3.6837398085110133,
    "OC_0": 0.2519238729729576,
    "diff_time": 655.129097815779,
    "maturity_t": 0.05511191813119709
}