{
    "a_Ber_2016_ALP": 0.4072856981680334,
    "a_Ber_2016_OC": 0.43127900784477174,
    "a_early_diff_stim": 3.5131677897820652,
    "a_late_diff_inhib": 14.527827573060064,
    "early_diff_very_fast": 0.724256957767215,
    "late_diff_slow": 0.1680083657662095,
    "Mg_stim": 3.2240304953813275,
    "Mg_dest": 32.588969027122914,
    "ALP_M_n": 7.94182276948086,
    "OC_M_n": 1.2884353326464466,
    "ALP_0": 0.9390036315739904,
    "OC_0": 0.6456461567844318,
    "diff_time": 519.7557733511798,
    "maturity_t": 0.036078132378925015
}