{
    "a_Ber_2016_ALP": 0.31656676904304853,
    "a_Ber_2016_OC": 0.4414498904534905,
    "a_early_diff_stim": 4.755505509030798,
    "a_late_diff_inhib": 17.324849899063125,
    "early_diff_very_fast": 0.7031281687932416,
    "late_diff_slow": 0.20720320998480346,
    "Mg_stim": 7.9079138830376285,
    "Mg_dest": 21.271146837828933,
    "ALP_M_n": 0.06195687718604753,
    "OC_M_n": 2.0736337785921175,
    "ALP_0": 0.5753098423199687,
    "OC_0": 0.6101847871602701,
    "diff_time": 698.1932704020329,
    "maturity_t": 0.10455364644557365
}