{
    "a_Ber_2016_ALP": 0.2410151723342133,
    "a_Ber_2016_OC": 0.5473300295916764,
    "a_early_diff_stim": 1.604875755798661,
    "a_late_diff_inhib": 13.982148818887536,
    "early_diff_very_fast": 0.6372513689100234,
    "late_diff_slow": 0.16254097813536877,
    "Mg_stim": 5.812150190569676,
    "Mg_dest": 34.60297669816118,
    "ALP_M_n": 0.21778352180964453,
    "OC_M_n": 1.2977648045453896,
    "ALP_0": 4.256083203630532,
    "OC_0": 0.38480594141086105,
    "diff_time": 527.8837933611237,
    "maturity_t": 0.10270788782476654
}