{
    "a_Ber_2016_ALP": 0.1692441056680451,
    "a_Ber_2016_OC": 0.12668286715603766,
    "a_early_diff_stim": 5.613157586032126,
    "a_late_diff_inhib": 14.176586967060892,
    "early_diff_very_fast": 0.8118685206101164,
    "late_diff_slow": 0.3153949819667628,
    "Mg_stim": 3.2839804870910143,
    "Mg_dest": 23.087825594813353,
    "ALP_M_n": 0.5993604865502523,
    "OC_M_n": 3.424789450800274,
    "ALP_0": 3.085862847699866,
    "OC_0": 0.9666225041421153,
    "diff_time": 675.4675425155102,
    "maturity_t": 0.06190434401904925
}