{
    "a_Ber_2016_ALP": 0.27039619204326565,
    "a_Ber_2016_OC": 0.6999148604550972,
    "a_early_diff_stim": 1.8269671335545732,
    "a_late_diff_inhib": 18.977018748305966,
    "early_diff_very_fast": 0.7636428776183987,
    "late_diff_slow": 0.1664184151942269,
    "Mg_stim": 3.151110879101925,
    "Mg_dest": 32.42499435756985,
    "ALP_M_n": 0.1835884597232993,
    "OC_M_n": 0.880709654169461,
    "ALP_0": 2.2889525480350166,
    "OC_0": 0.30986239453176784,
    "diff_time": 590.2131048245352,
    "maturity_t": 0.029414313814056604
}