{
    "a_Ber_2016_ALP": 0.3218003051593856,
    "a_Ber_2016_OC": 0.8283622876704005,
    "a_early_diff_stim": 13.546438643167901,
    "a_late_diff_inhib": 17.649034123957303,
    "early_diff_very_fast": 0.6709565605355086,
    "late_diff_slow": 0.16002896512951864,
    "Mg_stim": 5.333650443358092,
    "Mg_dest": 25.060373022896137,
    "ALP_M_n": 0.047372879221943776,
    "OC_M_n": 1.991735297370566,
    "ALP_0": 2.6601811042629717,
    "OC_0": 0.4915099508594362,
    "diff_time": 1026.271048719497,
    "maturity_t": 0.018589233546744303
}