{
    "a_Ber_2016_ALP": 0.40177425638525394,
    "a_Ber_2016_OC": 0.39749862424783355,
    "a_early_diff_stim": 11.357705215721527,
    "a_late_diff_inhib": 15.317439010309247,
    "early_diff_very_fast": 0.904808064909056,
    "late_diff_slow": 0.12105111522342016,
    "Mg_stim": 9.241544224928983,
    "Mg_dest": 23.082785187415123,
    "ALP_M_n": 2.6446588243357785,
    "OC_M_n": 1.5479191243253965,
    "ALP_0": 0.8981003793249871,
    "OC_0": 0.7781448528791819,
    "diff_time": 635.5096608413336,
    "maturity_t": 0.0071526911624708025
}