{
    "a_Ber_2016_ALP": 0.4374034972597124,
    "a_Ber_2016_OC": 0.4179554676764461,
    "a_early_diff_stim": 15.278342234422295,
    "a_late_diff_inhib": 14.541504129979774,
    "early_diff_very_fast": 0.8255872812242443,
    "late_diff_slow": 0.15465430567516741,
    "Mg_stim": 4.800271687318416,
    "Mg_dest": 24.221511037060733,
    "ALP_M_n": 0.33666569687012426,
    "OC_M_n": 1.6324701992129942,
    "ALP_0": 0.41154178257964347,
    "OC_0": 0.4883745350527562,
    "diff_time": 406.3829123266913,
    "maturity_t": 0.05355806615315545
}