{
    "a_Ber_2016_ALP": 0.22335052925837462,
    "a_Ber_2016_OC": 0.4536617061314701,
    "a_early_diff_stim": 8.932744775818701,
    "a_late_diff_inhib": 13.353043571368023,
    "early_diff_very_fast": 0.8335302446572752,
    "late_diff_slow": 0.23937513038948516,
    "Mg_stim": 6.726545801145728,
    "Mg_dest": 26.27907466760962,
    "ALP_M_n": 0.23714080509522084,
    "OC_M_n": 1.8290606947763806,
    "ALP_0": 5.078402631109782,
    "OC_0": 0.5458107224055606,
    "diff_time": 617.126691737452,
    "maturity_t": 0.05294956246925253
}