{
    "a_Ber_2016_ALP": 0.10777421656737096,
    "a_Ber_2016_OC": 0.5883593454876974,
    "a_early_diff_stim": 4.433922297571987,
    "a_late_diff_inhib": 9.558808639836137,
    "early_diff_very_fast": 0.8998768132374083,
    "late_diff_slow": 0.10980667616296291,
    "Mg_stim": 5.364991033347902,
    "Mg_dest": 33.790991819797085,
    "ALP_M_n": 0.8344858878732744,
    "OC_M_n": 1.5114984455903784,
    "ALP_0": 3.5215019769350118,
    "OC_0": 0.3758508621226859,
    "diff_time": 593.3202561552572,
    "maturity_t": 0.010795178109803405
}