{
    "a_Ber_2016_ALP": 0.2308747063021261,
    "a_Ber_2016_OC": 0.5854757826785733,
    "a_early_diff_stim": 11.920821991163328,
    "a_late_diff_inhib": 11.152712937061173,
    "early_diff_very_fast": 0.9011753054551283,
    "late_diff_slow": 0.11758496912598423,
    "Mg_stim": 8.633610231933165,
    "Mg_dest": 26.35504733543336,
    "ALP_M_n": 0.17213050406025363,
    "OC_M_n": 1.555707374700277,
    "ALP_0": 4.591687807529867,
    "OC_0": 0.22222380826866686,
    "diff_time": 398.69561716345703,
    "maturity_t": 0.13717280165559795
}