{
    "a_Ber_2016_ALP": 0.30639638966317134,
    "a_Ber_2016_OC": 0.3205579351691963,
    "a_early_diff_stim": 5.544682212391198,
    "a_late_diff_inhib": 11.740176863216368,
    "early_diff_very_fast": 0.6086139704083182,
    "late_diff_slow": 0.21193674216958258,
    "Mg_stim": 8.362737450045907,
    "Mg_dest": 20.765721408323408,
    "ALP_M_n": 0.05768132528475639,
    "OC_M_n": 1.725600826933333,
    "ALP_0": 0.8619322390835863,
    "OC_0": 0.8862669051935953,
    "diff_time": 620.1962779350423,
    "maturity_t": 0.01992689373081902
}