{
    "a_Ber_2016_ALP": 0.2954246415049054,
    "a_Ber_2016_OC": 0.4752557632683733,
    "a_early_diff_stim": 17.373225523214455,
    "a_late_diff_inhib": 18.91813945532788,
    "early_diff_very_fast": 0.8833117227965435,
    "late_diff_slow": 0.10061395931003209,
    "Mg_stim": 7.012634511928562,
    "Mg_dest": 34.236216863573745,
    "ALP_M_n": 0.26981046688862753,
    "OC_M_n": 1.1333206274957122,
    "ALP_0": 1.059091588245966,
    "OC_0": 0.5925733553210593,
    "diff_time": 508.82232404697055,
    "maturity_t": 0.007608234355089377
}