{
    "a_Ber_2016_ALP": 0.27802134537295137,
    "a_Ber_2016_OC": 0.39158796463275086,
    "a_early_diff_stim": 6.622863948768264,
    "a_late_diff_inhib": 15.259373666246635,
    "early_diff_very_fast": 0.7768587246581852,
    "late_diff_slow": 0.3386282128497911,
    "Mg_stim": 4.795176660779295,
    "Mg_dest": 31.098340441588984,
    "ALP_M_n": 0.08953997005033806,
    "OC_M_n": 2.7258065301910746,
    "ALP_0": 4.305369508964264,
    "OC_0": 0.39128542236396896,
    "diff_time": 554.84875141562,
    "maturity_t": 0.029344229860078626
}