{
    "a_Ber_2016_ALP": 0.2833133426137915,
    "a_Ber_2016_OC": 0.9697403380036147,
    "a_early_diff_stim": 1.6179747428275868,
    "a_late_diff_inhib": 18.424092368320217,
    "early_diff_very_fast": 0.8279667712319803,
    "late_diff_slow": 0.28043093377679795,
    "Mg_stim": 9.315037683591022,
    "Mg_dest": 23.109937180209148,
    "ALP_M_n": 3.162365099578972,
    "OC_M_n": 3.4239022308578666,
    "ALP_0": 0.845568443309198,
    "OC_0": 0.42776276450488737,
    "diff_time": 973.7453353622509,
    "maturity_t": 0.21619292778701907
}