{
    "a_Ber_2016_ALP": 0.15105589906403927,
    "a_Ber_2016_OC": 0.44505048000347835,
    "a_early_diff_stim": 9.287830047673783,
    "a_late_diff_inhib": 17.017948032940197,
    "early_diff_very_fast": 0.9115562938281515,
    "late_diff_slow": 0.13054993074768162,
    "Mg_stim": 9.14155640137947,
    "Mg_dest": 30.465709705773666,
    "ALP_M_n": 0.7841484736441373,
    "OC_M_n": 2.417073170409786,
    "ALP_0": 2.3879803462056417,
    "OC_0": 0.5861499537247257,
    "diff_time": 732.0901901947593,
    "maturity_t": 0.09962662505217817
}