{
    "a_Ber_2016_ALP": 0.23184373923332385,
    "a_Ber_2016_OC": 0.8449521138279502,
    "a_early_diff_stim": 5.330707004921438,
    "a_late_diff_inhib": 19.925154605772917,
    "early_diff_very_fast": 0.7047000834312257,
    "late_diff_slow": 0.24960822651840345,
    "Mg_stim": 9.452106570532802,
    "Mg_dest": 31.600169385348426,
    "ALP_M_n": 0.19127273925086985,
    "OC_M_n": 0.6802044140684347,
    "ALP_0": 5.661018591554795,
    "OC_0": 0.1433536552776615,
    "diff_time": 646.703651012164,
    "maturity_t": 0.03028860640411085
}