{
    "a_Ber_2016_ALP": 0.2890724385981523,
    "a_Ber_2016_OC": 0.7239126149224567,
    "a_early_diff_stim": 4.00819065080477,
    "a_late_diff_inhib": 14.576030231959006,
    "early_diff_very_fast": 0.8425588872304668,
    "late_diff_slow": 0.18645991407382415,
    "Mg_stim": 7.36890288480903,
    "Mg_dest": 36.5987275757113,
    "ALP_M_n": 0.9217132344068137,
    "OC_M_n": 1.3808509620420168,
    "ALP_0": 0.8956491869538714,
    "OC_0": 0.07505999289446891,
    "diff_time": 484.40250119773316,
    "maturity_t": 0.16257690817507953
}