{
    "a_Ber_2016_ALP": 0.28717775808420104,
    "a_Ber_2016_OC": 0.15996634807793575,
    "a_early_diff_stim": 2.8197585646652326,
    "a_late_diff_inhib": 18.497434935943804,
    "early_diff_very_fast": 0.9108634887535061,
    "late_diff_slow": 0.19055580979337633,
    "Mg_stim": 4.262855701427187,
    "Mg_dest": 36.63522470549985,
    "ALP_M_n": 1.5056322413219383,
    "OC_M_n": 2.309167335624863,
    "ALP_0": 0.9706926973974802,
    "OC_0": 1.0078584007852711,
    "diff_time": 430.0094565607918,
    "maturity_t": 0.14746112008274134
}