{
    "a_Ber_2016_ALP": 0.27430597983909266,
    "a_Ber_2016_OC": 0.6212786042539776,
    "a_early_diff_stim": 4.90097016977631,
    "a_late_diff_inhib": 18.291148387928846,
    "early_diff_very_fast": 0.7093832097672166,
    "late_diff_slow": 0.12927812848310755,
    "Mg_stim": 6.805368825068044,
    "Mg_dest": 20.53122736543964,
    "ALP_M_n": 1.8990758536999417,
    "OC_M_n": 1.6261944539208424,
    "ALP_0": 1.075900534115838,
    "OC_0": 0.5487415573818782,
    "diff_time": 813.5992507405359,
    "maturity_t": 0.03146826105658984
}