{
    "a_Ber_2016_ALP": 0.1165119179675943,
    "a_Ber_2016_OC": 0.386509567952981,
    "a_early_diff_stim": 2.4711461868891442,
    "a_late_diff_inhib": 15.75847046502378,
    "early_diff_very_fast": 0.8482590976702802,
    "late_diff_slow": 0.18090314711180447,
    "Mg_stim": 4.9051567682598565,
    "Mg_dest": 22.2566175860903,
    "ALP_M_n": 0.5078587574836019,
    "OC_M_n": 1.8110270401610253,
    "ALP_0": 6.667160189456406,
    "OC_0": 0.5898402379824355,
    "diff_time": 557.2174558994212,
    "maturity_t": 0.1425655535563306
}