{
    "a_Ber_2016_ALP": 0.3238340640026615,
    "a_Ber_2016_OC": 0.11835139167941255,
    "a_early_diff_stim": 3.6578513217097632,
    "a_late_diff_inhib": 9.129334155713108,
    "early_diff_very_fast": 0.7532263176199878,
    "late_diff_slow": 0.18581490367886033,
    "Mg_stim": 6.185953833790095,
    "Mg_dest": 38.92354919305157,
    "ALP_M_n": 0.17057135328515055,
    "OC_M_n": 3.4191689906227656,
    "ALP_0": 0.9142438334101214,
    "OC_0": 0.7854763203976829,
    "diff_time": 523.2225086496163,
    "maturity_t": 0.01036204680147069
}