{
    "a_Ber_2016_ALP": 0.3343924373652496,
    "a_Ber_2016_OC": 0.3109800982346989,
    "a_early_diff_stim": 15.018258749751835,
    "a_late_diff_inhib": 16.735221127113284,
    "early_diff_very_fast": 0.6450211451594086,
    "late_diff_slow": 0.18697221629327943,
    "Mg_stim": 6.012322314020909,
    "Mg_dest": 32.140963374434236,
    "ALP_M_n": 0.8374342896212099,
    "OC_M_n": 1.5897529996768867,
    "ALP_0": 0.9097394837240841,
    "OC_0": 0.8252703623909706,
    "diff_time": 510.78081691146195,
    "maturity_t": 0.023939707814915997
}