{
    "a_Ber_2016_ALP": 0.24252670934811593,
    "a_Ber_2016_OC": 0.2875923654669981,
    "a_early_diff_stim": 12.067595969884835,
    "a_late_diff_inhib": 15.429518577976534,
    "early_diff_very_fast": 0.808542512209673,
    "late_diff_slow": 0.13806014447849047,
    "Mg_stim": 7.646634886001498,
    "Mg_dest": 37.283815740052134,
    "ALP_M_n": 2.0486923139353483,
    "OC_M_n": 2.4719599252925657,
    "ALP_0": 0.9924383619750256,
    "OC_0": 0.5126589972708749,
    "diff_time": 501.79905735394254,
    "maturity_t": 0.14796718647297263
}