{
    "a_Ber_2016_ALP": 0.5958069390992204,
    "a_Ber_2016_OC": 0.6596866396209066,
    "a_early_diff_stim": 7.8842093459888,
    "a_late_diff_inhib": 10.987453454995986,
    "early_diff_very_fast": 0.7990548911216978,
    "late_diff_slow": 0.2808857702076668,
    "Mg_stim": 6.472631914118706,
    "Mg_dest": 28.224293799995987,
    "ALP_M_n": 0.6416711701020337,
    "OC_M_n": 2.4517276489315285,
    "ALP_0": 0.3154008294284817,
    "OC_0": 0.27881563878589516,
    "diff_time": 627.6321925694401,
    "maturity_t": 0.039163270431704734
}