{
    "a_Ber_2016_ALP": 0.32017211178093535,
    "a_Ber_2016_OC": 0.1113738672523443,
    "a_early_diff_stim": 1.4978809379230404,
    "a_late_diff_inhib": 15.310351087834777,
    "early_diff_very_fast": 0.739389583066447,
    "late_diff_slow": 0.17858746207287535,
    "Mg_stim": 2.7800927790100523,
    "Mg_dest": 32.136666188761126,
    "ALP_M_n": 0.32926878031843554,
    "OC_M_n": 2.321828850488529,
    "ALP_0": 0.9715086307584109,
    "OC_0": 1.3377979174975758,
    "diff_time": 402.64310814416723,
    "maturity_t": 0.10832593889693357
}