{
    "a_Ber_2016_ALP": 0.20649143675072287,
    "a_Ber_2016_OC": 0.7576176141931539,
    "a_early_diff_stim": 11.715503018548333,
    "a_late_diff_inhib": 13.178045670338197,
    "early_diff_very_fast": 0.8105438938365147,
    "late_diff_slow": 0.3170114219356841,
    "Mg_stim": 4.776887701856534,
    "Mg_dest": 25.050598729145666,
    "ALP_M_n": 0.5413789128610623,
    "OC_M_n": 0.030733548154875473,
    "ALP_0": 1.7417782690208885,
    "OC_0": 5.121929546383384,
    "diff_time": 667.083854863233,
    "maturity_t": 0.7703783999492418
}