{
    "a_Ber_2016_ALP": 0.3262365759467371,
    "a_Ber_2016_OC": 0.7781348964492467,
    "a_early_diff_stim": 7.518658021256739,
    "a_late_diff_inhib": 19.10553756325988,
    "early_diff_very_fast": 0.8017397004655509,
    "late_diff_slow": 0.16922070731400699,
    "Mg_stim": 6.693299598747151,
    "Mg_dest": 29.412338518060665,
    "ALP_M_n": 0.023824102823359027,
    "OC_M_n": 0.843608659333891,
    "ALP_0": 4.101697855180374,
    "OC_0": 0.2973934113743174,
    "diff_time": 683.9422283445465,
    "maturity_t": 0.00012626330272872004
}