{
    "a_Ber_2016_ALP": 0.21379925315188983,
    "a_Ber_2016_OC": 0.7131603132976821,
    "a_early_diff_stim": 14.816854533943356,
    "a_late_diff_inhib": 11.214164295670392,
    "early_diff_very_fast": 0.6204027024742302,
    "late_diff_slow": 0.1994989768031709,
    "Mg_stim": 6.691964154260914,
    "Mg_dest": 35.85439414922837,
    "ALP_M_n": 3.0259778497378202,
    "OC_M_n": 1.6925783222590847,
    "ALP_0": 1.1147501535827495,
    "OC_0": 0.07017003409583199,
    "diff_time": 453.04354934475083,
    "maturity_t": 0.025642463203721162
}