{
    "a_Ber_2016_ALP": 0.11811121233719774,
    "a_Ber_2016_OC": 0.16722612500744116,
    "a_early_diff_stim": 2.3888882426681355,
    "a_late_diff_inhib": 14.913344007191409,
    "early_diff_very_fast": 0.7588517496281827,
    "late_diff_slow": 0.17149409277397004,
    "Mg_stim": 4.867673506598724,
    "Mg_dest": 26.8051440452628,
    "ALP_M_n": 0.8382958705517672,
    "OC_M_n": 2.764769575022342,
    "ALP_0": 3.0598030180670115,
    "OC_0": 0.804844524383172,
    "diff_time": 526.8540154356144,
    "maturity_t": 0.23424698342254163
}