{
    "a_Ber_2016_ALP": 0.32053094817291655,
    "a_Ber_2016_OC": 0.8358390031886551,
    "a_early_diff_stim": 0.35225074397001777,
    "a_late_diff_inhib": 18.367034802734608,
    "early_diff_very_fast": 0.7755751512948538,
    "late_diff_slow": 0.18933791311382792,
    "Mg_stim": 5.0290683560949985,
    "Mg_dest": 25.0431669754512,
    "ALP_M_n": 0.29024104512163085,
    "OC_M_n": 1.4248493682152912,
    "ALP_0": 0.9253134562704712,
    "OC_0": 0.31014019629729184,
    "diff_time": 763.8894645718138,
    "maturity_t": 0.13933507325858185
}