{
    "a_Ber_2016_ALP": 0.3081714930168965,
    "a_Ber_2016_OC": 0.20476664424546456,
    "a_early_diff_stim": 0.6662678846722394,
    "a_late_diff_inhib": 14.046757278156552,
    "early_diff_very_fast": 0.921224629489387,
    "late_diff_slow": 0.15211046202440015,
    "Mg_stim": 2.87281809199862,
    "Mg_dest": 34.94112683353826,
    "ALP_M_n": 0.2537472849090591,
    "OC_M_n": 1.927815235964107,
    "ALP_0": 0.8849898473828776,
    "OC_0": 1.0275986069013614,
    "diff_time": 443.96993687932786,
    "maturity_t": 0.07583653999427611
}