{
    "a_Ber_2016_ALP": 0.3546006138813473,
    "a_Ber_2016_OC": 0.1762093167629989,
    "a_early_diff_stim": 18.32904476969872,
    "a_late_diff_inhib": 17.55818089834692,
    "early_diff_very_fast": 0.9075915302235407,
    "late_diff_slow": 0.16689120186988748,
    "Mg_stim": 2.783609803298453,
    "Mg_dest": 21.40125028739788,
    "ALP_M_n": 0.46976126569833543,
    "OC_M_n": 3.6128848972441556,
    "ALP_0": 0.7468100500642526,
    "OC_0": 0.6503351858458877,
    "diff_time": 579.4812279969499,
    "maturity_t": 0.09373320790736084
}