{
    "a_Ber_2016_ALP": 0.27384236122371935,
    "a_Ber_2016_OC": 0.4341406051700515,
    "a_early_diff_stim": 4.881657728594512,
    "a_late_diff_inhib": 7.194662471593223,
    "early_diff_very_fast": 0.7916029018772004,
    "late_diff_slow": 0.2755577389185877,
    "Mg_stim": 9.149986051169147,
    "Mg_dest": 27.332535761694047,
    "ALP_M_n": 0.05722770651902374,
    "OC_M_n": 4.223969147777008,
    "ALP_0": 7.127726873998243,
    "OC_0": 0.4454872594884113,
    "diff_time": 709.6479163573748,
    "maturity_t": 0.029040141241634513
}