{
    "a_Ber_2016_ALP": 0.23617069740089539,
    "a_Ber_2016_OC": 0.40119042529746424,
    "a_early_diff_stim": 7.043481604182261,
    "a_late_diff_inhib": 9.324532353613483,
    "early_diff_very_fast": 0.8476555099463352,
    "late_diff_slow": 0.13621164627081087,
    "Mg_stim": 9.652152594347122,
    "Mg_dest": 31.614956684342108,
    "ALP_M_n": 0.23848829663135687,
    "OC_M_n": 2.7093019266840224,
    "ALP_0": 3.293460499284983,
    "OC_0": 0.2901299347179606,
    "diff_time": 365.22767344914985,
    "maturity_t": 0.12157884903965474
}