{
    "a_Ber_2016_ALP": 0.3961305411622999,
    "a_Ber_2016_OC": 0.4989158381530766,
    "a_early_diff_stim": 4.5689090632817315,
    "a_late_diff_inhib": 14.062285477651029,
    "early_diff_very_fast": 0.8088783485306481,
    "late_diff_slow": 0.22304769575435496,
    "Mg_stim": 8.745162559194931,
    "Mg_dest": 21.614788540148517,
    "ALP_M_n": 0.4897317330938839,
    "OC_M_n": 1.0998565127014777,
    "ALP_0": 0.66781000482537,
    "OC_0": 0.5638235836190373,
    "diff_time": 518.3223952774939,
    "maturity_t": 0.016010817722783805
}