{
    "a_Ber_2016_ALP": 0.25095690633226403,
    "a_Ber_2016_OC": 0.7537472274907295,
    "a_early_diff_stim": 7.904846133912153,
    "a_late_diff_inhib": 15.329498543172193,
    "early_diff_very_fast": 0.6826299538674491,
    "late_diff_slow": 0.23910755679907528,
    "Mg_stim": 6.64930633478917,
    "Mg_dest": 25.92052245620521,
    "ALP_M_n": 0.16440704770964512,
    "OC_M_n": 0.7764500450036317,
    "ALP_0": 3.6050810447739976,
    "OC_0": 0.078615402783975,
    "diff_time": 399.1923427028837,
    "maturity_t": 0.07426043324079969
}