{
    "a_Ber_2016_ALP": 0.27677011129638385,
    "a_Ber_2016_OC": 0.9035442768670752,
    "a_early_diff_stim": 1.3095208986854363,
    "a_late_diff_inhib": 15.452507635925162,
    "early_diff_very_fast": 0.704641060911699,
    "late_diff_slow": 0.12461859609551229,
    "Mg_stim": 3.4055589153557824,
    "Mg_dest": 38.78915006957666,
    "ALP_M_n": 1.6510938744546912,
    "OC_M_n": 3.8000650170640204,
    "ALP_0": 0.7981545342369767,
    "OC_0": 0.22823066270594872,
    "diff_time": 680.6224899606824,
    "maturity_t": 0.37307947358260063
}