{
    "a_Ber_2016_ALP": 0.3508546305534231,
    "a_Ber_2016_OC": 0.2409737722541514,
    "a_early_diff_stim": 3.486835060251769,
    "a_late_diff_inhib": 10.848636401388038,
    "early_diff_very_fast": 0.725287447853757,
    "late_diff_slow": 0.2678626466322912,
    "Mg_stim": 8.957433250077262,
    "Mg_dest": 28.56437006924174,
    "ALP_M_n": 1.1947966949468363,
    "OC_M_n": 2.4962383504604224,
    "ALP_0": 0.8912343433800718,
    "OC_0": 0.6256750780857541,
    "diff_time": 508.27363981379,
    "maturity_t": 0.03671282556631966
}