{
    "a_Ber_2016_ALP": 0.16696171919518346,
    "a_Ber_2016_OC": 0.4269443602196909,
    "a_early_diff_stim": 12.816099438504754,
    "a_late_diff_inhib": 19.50753464492705,
    "early_diff_very_fast": 0.6899412634866975,
    "late_diff_slow": 0.1907390281940764,
    "Mg_stim": 5.223046353649142,
    "Mg_dest": 39.59924983718258,
    "ALP_M_n": 0.5451496477651943,
    "OC_M_n": 1.408995557624003,
    "ALP_0": 3.6133637072081006,
    "OC_0": 0.5614225185241913,
    "diff_time": 425.89685642640273,
    "maturity_t": 0.03866626708626396
}