{
    "a_Ber_2016_ALP": 0.2305516507804762,
    "a_Ber_2016_OC": 0.4825030557244883,
    "a_early_diff_stim": 5.623799286667421,
    "a_late_diff_inhib": 14.307942734257654,
    "early_diff_very_fast": 0.8610382596776305,
    "late_diff_slow": 0.1175525511052738,
    "Mg_stim": 5.856343633845003,
    "Mg_dest": 30.711728416420065,
    "ALP_M_n": 0.32152552388372735,
    "OC_M_n": 2.4003745781812387,
    "ALP_0": 2.790906076808041,
    "OC_0": 0.5719479938078789,
    "diff_time": 760.7258788165265,
    "maturity_t": 0.09377881311395485
}