{
    "a_Ber_2016_ALP": 0.1473734016071688,
    "a_Ber_2016_OC": 0.43785845234369064,
    "a_early_diff_stim": 7.780296089066186,
    "a_late_diff_inhib": 16.845052824576197,
    "early_diff_very_fast": 0.7606320366583543,
    "late_diff_slow": 0.14603008462412798,
    "Mg_stim": 3.412699473050713,
    "Mg_dest": 32.673109097431166,
    "ALP_M_n": 1.293112846867453,
    "OC_M_n": 1.5057312402984933,
    "ALP_0": 1.7129777078515656,
    "OC_0": 0.5534272483491421,
    "diff_time": 536.8425214092746,
    "maturity_t": 0.06156225057467978
}