{
    "a_Ber_2016_ALP": 0.30346300786120334,
    "a_Ber_2016_OC": 0.3135227655922681,
    "a_early_diff_stim": 4.850042070924681,
    "a_late_diff_inhib": 15.578347361261395,
    "early_diff_very_fast": 0.754569178433142,
    "late_diff_slow": 0.11703550916075944,
    "Mg_stim": 5.1993114663194255,
    "Mg_dest": 24.234582079518333,
    "ALP_M_n": 2.22593606030421,
    "OC_M_n": 1.7731128182322689,
    "ALP_0": 0.9696453419750525,
    "OC_0": 0.7833666758587842,
    "diff_time": 552.2174628020947,
    "maturity_t": 0.06481467223378111
}