{
    "a_Ber_2016_ALP": 0.19925398800856509,
    "a_Ber_2016_OC": 0.30988919239811513,
    "a_early_diff_stim": 5.781829706318002,
    "a_late_diff_inhib": 17.881165416246663,
    "early_diff_very_fast": 0.6484580306329522,
    "late_diff_slow": 0.18589076325858117,
    "Mg_stim": 7.236013020803674,
    "Mg_dest": 23.66440451660688,
    "ALP_M_n": 0.3485308184550672,
    "OC_M_n": 2.412027467788967,
    "ALP_0": 3.293876682846132,
    "OC_0": 0.9532871003451451,
    "diff_time": 953.7866449611132,
    "maturity_t": 0.0025962229830556165
}