{
    "a_Ber_2016_ALP": 0.29853446640312453,
    "a_Ber_2016_OC": 0.2994254238682015,
    "a_early_diff_stim": 16.92783744155212,
    "a_late_diff_inhib": 17.29013097415998,
    "early_diff_very_fast": 0.7152470653697536,
    "late_diff_slow": 0.19515499842263467,
    "Mg_stim": 8.334880261806607,
    "Mg_dest": 28.43480977395061,
    "ALP_M_n": 0.03597378350449176,
    "OC_M_n": 3.064885892098573,
    "ALP_0": 3.159199696882749,
    "OC_0": 0.8046897268550071,
    "diff_time": 879.0854431721328,
    "maturity_t": 0.04533288524305018
}