{
    "a_Ber_2016_ALP": 0.2385363829562831,
    "a_Ber_2016_OC": 0.5549667713456432,
    "a_early_diff_stim": 3.5068502605237226,
    "a_late_diff_inhib": 19.79657485578623,
    "early_diff_very_fast": 0.9450404258059799,
    "late_diff_slow": 0.30383147447036,
    "Mg_stim": 5.927267289662946,
    "Mg_dest": 33.087123223052345,
    "ALP_M_n": 2.0294472969816097,
    "OC_M_n": 1.6249205192931175,
    "ALP_0": 1.1173965646472095,
    "OC_0": 0.40412460964841485,
    "diff_time": 594.1487804815649,
    "maturity_t": 0.04705789037446317
}