{
    "a_Ber_2016_ALP": 0.21394731922082355,
    "a_Ber_2016_OC": 0.9334364421318824,
    "a_early_diff_stim": 1.375778541957435,
    "a_late_diff_inhib": 17.461544131274877,
    "early_diff_very_fast": 0.696101498119509,
    "late_diff_slow": 0.2051585933889863,
    "Mg_stim": 4.240330085802722,
    "Mg_dest": 33.87022922638563,
    "ALP_M_n": 0.8597322513542967,
    "OC_M_n": 2.075551429396558,
    "ALP_0": 1.226533054291242,
    "OC_0": 0.08754532345728228,
    "diff_time": 599.4101618786203,
    "maturity_t": 0.33938793939604206
}