{
    "a_Ber_2016_ALP": 0.30083168932011933,
    "a_Ber_2016_OC": 0.5591374998497901,
    "a_early_diff_stim": 1.3079603264817232,
    "a_late_diff_inhib": 18.433020846633518,
    "early_diff_very_fast": 0.8814251540370078,
    "late_diff_slow": 0.2906593493616526,
    "Mg_stim": 8.074232747260872,
    "Mg_dest": 22.609131117291515,
    "ALP_M_n": 1.8004058928075848,
    "OC_M_n": 2.1442265314761118,
    "ALP_0": 0.6801208255993105,
    "OC_0": 0.2268191303789718,
    "diff_time": 527.7447964172992,
    "maturity_t": 0.4055948673895084
}