{
    "a_Ber_2016_ALP": 0.35233141066020107,
    "a_Ber_2016_OC": 0.16256010763027967,
    "a_early_diff_stim": 1.0021238122475289,
    "a_late_diff_inhib": 15.485475731323062,
    "early_diff_very_fast": 0.8160327804839369,
    "late_diff_slow": 0.19833224429203644,
    "Mg_stim": 5.260154387834229,
    "Mg_dest": 28.90635558117573,
    "ALP_M_n": 2.4389789978404153,
    "OC_M_n": 4.276796104055003,
    "ALP_0": 0.7351380680766066,
    "OC_0": 0.8287110432840503,
    "diff_time": 831.737191601169,
    "maturity_t": 0.23723928242274428
}