{
    "a_Ber_2016_ALP": 0.4950649209634773,
    "a_Ber_2016_OC": 0.08963788437789245,
    "a_early_diff_stim": 11.005575445425956,
    "a_late_diff_inhib": 17.171559723587855,
    "early_diff_very_fast": 0.8595824541202377,
    "late_diff_slow": 0.34430922394986047,
    "Mg_stim": 3.0029171400209185,
    "Mg_dest": 24.86735794157073,
    "ALP_M_n": 0.8446850394078614,
    "OC_M_n": 3.8933996897244736,
    "ALP_0": 0.5185841492846104,
    "OC_0": 0.8074333189146191,
    "diff_time": 532.162663808963,
    "maturity_t": 0.08366105978307663
}