{
    "a_Ber_2016_ALP": 0.27898478549897376,
    "a_Ber_2016_OC": 0.22997176516551682,
    "a_early_diff_stim": 4.797291483229388,
    "a_late_diff_inhib": 11.884940703214582,
    "early_diff_very_fast": 0.7097235081241643,
    "late_diff_slow": 0.22668819958370567,
    "Mg_stim": 8.515508067129382,
    "Mg_dest": 25.90393027018468,
    "ALP_M_n": 0.04927539147146029,
    "OC_M_n": 4.061564721538582,
    "ALP_0": 4.617041588654277,
    "OC_0": 0.7775492160369896,
    "diff_time": 866.0917511735105,
    "maturity_t": 0.11670055402762183
}