{
    "a_Ber_2016_ALP": 0.08989964472635731,
    "a_Ber_2016_OC": 0.35489593748493337,
    "a_early_diff_stim": 2.6715552364715576,
    "a_late_diff_inhib": 13.926383224418718,
    "early_diff_very_fast": 0.7541150953226738,
    "late_diff_slow": 0.10986037892692749,
    "Mg_stim": 8.308886473360221,
    "Mg_dest": 32.628259377191625,
    "ALP_M_n": 0.6447859427486886,
    "OC_M_n": 1.7792309778374396,
    "ALP_0": 6.490124521091623,
    "OC_0": 0.8114381902195937,
    "diff_time": 656.818627470574,
    "maturity_t": 0.04405854637129364
}