{
    "a_Ber_2016_ALP": 0.15428330129541304,
    "a_Ber_2016_OC": 0.6348497094330225,
    "a_early_diff_stim": 5.512812285699895,
    "a_late_diff_inhib": 16.165958092296776,
    "early_diff_very_fast": 0.7695732629419872,
    "late_diff_slow": 0.20380300375694155,
    "Mg_stim": 9.421917156261971,
    "Mg_dest": 23.532141556057816,
    "ALP_M_n": 0.6982510769406373,
    "OC_M_n": 0.8538654018960757,
    "ALP_0": 2.8435143567822405,
    "OC_0": 0.311008549291871,
    "diff_time": 469.7436884772008,
    "maturity_t": 0.04008741783450222
}