{
    "a_Ber_2016_ALP": 0.25052371239573495,
    "a_Ber_2016_OC": 0.3922743965698617,
    "a_early_diff_stim": 1.4502761948233869,
    "a_late_diff_inhib": 16.150549662812374,
    "early_diff_very_fast": 0.8582655913099031,
    "late_diff_slow": 0.11463857578631365,
    "Mg_stim": 4.787430801536572,
    "Mg_dest": 28.012105409232056,
    "ALP_M_n": 0.21882272007990397,
    "OC_M_n": 2.271393159816536,
    "ALP_0": 3.4865571813123477,
    "OC_0": 0.7036011794630872,
    "diff_time": 757.9450979108119,
    "maturity_t": 0.11102660720186748
}