{
    "a_Ber_2016_ALP": 0.0409893448683103,
    "a_Ber_2016_OC": 0.4830512486868104,
    "a_early_diff_stim": 17.615975399279087,
    "a_late_diff_inhib": 5.847099335023101,
    "early_diff_very_fast": 0.8782030432128219,
    "late_diff_slow": 0.1680729351076644,
    "Mg_stim": 3.0693550240382006,
    "Mg_dest": 36.65276451975298,
    "ALP_M_n": 1.3012887867489,
    "OC_M_n": 0.23076333718941786,
    "ALP_0": 4.162819411931642,
    "OC_0": 7.90109794690632,
    "diff_time": 367.596599130098,
    "maturity_t": 0.9196233809430174
}