{
    "a_Ber_2016_ALP": 0.22907982542860805,
    "a_Ber_2016_OC": 0.6618104462838719,
    "a_early_diff_stim": 4.30935837814385,
    "a_late_diff_inhib": 16.46237155827616,
    "early_diff_very_fast": 0.6668030748553095,
    "late_diff_slow": 0.14830530154801636,
    "Mg_stim": 4.689008568508901,
    "Mg_dest": 26.362775803458128,
    "ALP_M_n": 0.5722289011076249,
    "OC_M_n": 0.7855265275864625,
    "ALP_0": 1.8954444564981991,
    "OC_0": 0.2728177243315697,
    "diff_time": 442.85449714045393,
    "maturity_t": 0.027320440224740672
}