{
    "a_Ber_2016_ALP": 0.14458580216253183,
    "a_Ber_2016_OC": 0.050559562948588,
    "a_early_diff_stim": 0.9153361437470665,
    "a_late_diff_inhib": 12.226792784431941,
    "early_diff_very_fast": 0.8788718701835214,
    "late_diff_slow": 0.2753777159688111,
    "Mg_stim": 6.6696575411907135,
    "Mg_dest": 22.71984779789964,
    "ALP_M_n": 6.579872939508694,
    "OC_M_n": 5.363306761562615,
    "ALP_0": 0.9056960306216824,
    "OC_0": 1.0324795700012352,
    "diff_time": 793.8707583014445,
    "maturity_t": 0.23326004483460386
}