{
    "a_Ber_2016_ALP": 0.15451148944954674,
    "a_Ber_2016_OC": 0.7588439362373469,
    "a_early_diff_stim": 9.281667607923518,
    "a_late_diff_inhib": 10.083207009878437,
    "early_diff_very_fast": 0.8028059580779002,
    "late_diff_slow": 0.16270213280416357,
    "Mg_stim": 2.964254642386723,
    "Mg_dest": 26.289265369256615,
    "ALP_M_n": 0.736664856748819,
    "OC_M_n": 0.7114822968000769,
    "ALP_0": 2.766662600712977,
    "OC_0": 0.09002643054903402,
    "diff_time": 510.79330881599174,
    "maturity_t": 0.01460551980995586
}