{
    "a_Ber_2016_ALP": 0.27535060632776287,
    "a_Ber_2016_OC": 0.4578421529009093,
    "a_early_diff_stim": 10.868136635993292,
    "a_late_diff_inhib": 17.20574360706079,
    "early_diff_very_fast": 0.6012069305623726,
    "late_diff_slow": 0.25729143042169506,
    "Mg_stim": 5.62620691542207,
    "Mg_dest": 25.991265162014056,
    "ALP_M_n": 0.06577531930623515,
    "OC_M_n": 2.191112149164491,
    "ALP_0": 6.13489039878109,
    "OC_0": 0.2899023879356486,
    "diff_time": 470.56488630242643,
    "maturity_t": 0.132658738277165
}