{
    "a_Ber_2016_ALP": 0.3985087117039989,
    "a_Ber_2016_OC": 0.630074111004464,
    "a_early_diff_stim": 4.9716788780099845,
    "a_late_diff_inhib": 13.819191173494033,
    "early_diff_very_fast": 0.6996650360925767,
    "late_diff_slow": 0.17694587250084515,
    "Mg_stim": 7.472840233800315,
    "Mg_dest": 25.85020647792026,
    "ALP_M_n": 0.8056778631071685,
    "OC_M_n": 1.0334066516242546,
    "ALP_0": 0.669133001767791,
    "OC_0": 0.2599291395073076,
    "diff_time": 489.342347115023,
    "maturity_t": 0.10123305798158921
}