{
    "a_Ber_2016_ALP": 0.28297833268390205,
    "a_Ber_2016_OC": 0.035334342127644094,
    "a_early_diff_stim": 7.542267561625446,
    "a_late_diff_inhib": 16.87974455404646,
    "early_diff_very_fast": 0.7847730419901485,
    "late_diff_slow": 0.19139325642403507,
    "Mg_stim": 3.671784668712679,
    "Mg_dest": 28.167203787869305,
    "ALP_M_n": 0.3404866496170349,
    "OC_M_n": 3.7475965724526192,
    "ALP_0": 1.6138631785827398,
    "OC_0": 1.506402256674535,
    "diff_time": 635.7311444565901,
    "maturity_t": 0.07652704697774539
}