{
    "a_Ber_2016_ALP": 0.23732208213300202,
    "a_Ber_2016_OC": 0.259580807798997,
    "a_early_diff_stim": 3.7693295850884256,
    "a_late_diff_inhib": 14.848358463467815,
    "early_diff_very_fast": 0.825758314336179,
    "late_diff_slow": 0.2191955841764305,
    "Mg_stim": 4.7741631628546175,
    "Mg_dest": 21.849299352040973,
    "ALP_M_n": 0.2753790116883209,
    "OC_M_n": 2.7468097386355135,
    "ALP_0": 3.3910879810286167,
    "OC_0": 0.9321318546402269,
    "diff_time": 877.6370508463621,
    "maturity_t": 0.04560870674871754
}