{
    "a_Ber_2016_ALP": 0.47209419406098324,
    "a_Ber_2016_OC": 0.3424507099101075,
    "a_early_diff_stim": 3.928895975491663,
    "a_late_diff_inhib": 17.30483546405694,
    "early_diff_very_fast": 0.7272551047337478,
    "late_diff_slow": 0.21902307353199613,
    "Mg_stim": 7.710425718570907,
    "Mg_dest": 31.506864300736485,
    "ALP_M_n": 2.237624956150269,
    "OC_M_n": 2.819882023581305,
    "ALP_0": 0.7119421043140428,
    "OC_0": 0.716794660866139,
    "diff_time": 794.6134061112106,
    "maturity_t": 0.12485460931512737
}