{
    "a_Ber_2016_ALP": 0.2874440540362389,
    "a_Ber_2016_OC": 0.8324663626217711,
    "a_early_diff_stim": 3.503953112504369,
    "a_late_diff_inhib": 11.613522524382564,
    "early_diff_very_fast": 0.7635152999058634,
    "late_diff_slow": 0.1540991115701692,
    "Mg_stim": 8.057729068962725,
    "Mg_dest": 34.955282883302694,
    "ALP_M_n": 0.6669338213750149,
    "OC_M_n": 2.073593773338908,
    "ALP_0": 1.2180309520409232,
    "OC_0": 0.45087133236381594,
    "diff_time": 951.2629041135415,
    "maturity_t": 0.015484353880661076
}