{
    "a_Ber_2016_ALP": 0.3184691647672923,
    "a_Ber_2016_OC": 0.25387734293694847,
    "a_early_diff_stim": 1.3061636305923763,
    "a_late_diff_inhib": 17.61164399767526,
    "early_diff_very_fast": 0.6052982321556893,
    "late_diff_slow": 0.22000524818230172,
    "Mg_stim": 7.1062705242598145,
    "Mg_dest": 20.807325191784646,
    "ALP_M_n": 0.29261074188845804,
    "OC_M_n": 2.404275267194553,
    "ALP_0": 1.117702060403205,
    "OC_0": 0.9003385969709887,
    "diff_time": 708.3467849268394,
    "maturity_t": 0.11198763390843613
}