{
    "a_Ber_2016_ALP": 0.0983234233936742,
    "a_Ber_2016_OC": 0.6635633192184853,
    "a_early_diff_stim": 4.530615871495734,
    "a_late_diff_inhib": 12.292383464951829,
    "early_diff_very_fast": 0.807229910250959,
    "late_diff_slow": 0.10878416438538432,
    "Mg_stim": 7.5038960444150575,
    "Mg_dest": 24.840772064465998,
    "ALP_M_n": 0.7165847446558413,
    "OC_M_n": 1.0949658398024984,
    "ALP_0": 4.879103270616449,
    "OC_0": 0.3383708683343036,
    "diff_time": 594.4468236700361,
    "maturity_t": 0.06285711598386144
}