{
    "a_Ber_2016_ALP": 0.28704284330610025,
    "a_Ber_2016_OC": 0.390278059228188,
    "a_early_diff_stim": 3.708816925818524,
    "a_late_diff_inhib": 16.523264075555602,
    "early_diff_very_fast": 0.6708467547543098,
    "late_diff_slow": 0.1435047011806046,
    "Mg_stim": 3.4624149268486373,
    "Mg_dest": 20.571798081929323,
    "ALP_M_n": 0.14559375846464848,
    "OC_M_n": 1.5859740500381032,
    "ALP_0": 2.8334470895580965,
    "OC_0": 0.5723360170986753,
    "diff_time": 483.7417276478629,
    "maturity_t": 0.12482684457975984
}