{
    "a_Ber_2016_ALP": 0.49812810430331944,
    "a_Ber_2016_OC": 0.8459753103944433,
    "a_early_diff_stim": 11.075259584267474,
    "a_late_diff_inhib": 19.140046095221333,
    "early_diff_very_fast": 0.8772390042490148,
    "late_diff_slow": 0.2550915222876954,
    "Mg_stim": 2.8928677264863416,
    "Mg_dest": 25.773187074831462,
    "ALP_M_n": 1.9670492294222282,
    "OC_M_n": 1.0141653860501059,
    "ALP_0": 0.8022749441203905,
    "OC_0": 0.28675959485920366,
    "diff_time": 764.3197117660494,
    "maturity_t": 0.01338062583612476
}