{
    "a_Ber_2016_ALP": 0.30179081185868206,
    "a_Ber_2016_OC": 0.772709984286725,
    "a_early_diff_stim": 14.669346457153287,
    "a_late_diff_inhib": 14.774004108388347,
    "early_diff_very_fast": 0.7776076679377838,
    "late_diff_slow": 0.2808332650714379,
    "Mg_stim": 6.590558736762514,
    "Mg_dest": 22.09109432501544,
    "ALP_M_n": 0.9873855174455646,
    "OC_M_n": 2.22966413681321,
    "ALP_0": 1.030927283027317,
    "OC_0": 0.2580386288569641,
    "diff_time": 665.2152929620047,
    "maturity_t": 0.08975074804130535
}