{
    "a_Ber_2016_ALP": 0.1995754778079549,
    "a_Ber_2016_OC": 0.5437373634182028,
    "a_early_diff_stim": 2.20956646561719,
    "a_late_diff_inhib": 17.273461095744523,
    "early_diff_very_fast": 0.8276210711306828,
    "late_diff_slow": 0.14098274775338454,
    "Mg_stim": 4.323196655472158,
    "Mg_dest": 30.144520161442795,
    "ALP_M_n": 3.4370403662704834,
    "OC_M_n": 1.6300207160545714,
    "ALP_0": 1.1571035461355925,
    "OC_0": 0.6556325833275523,
    "diff_time": 823.9644426778879,
    "maturity_t": 0.006084390454894918
}