{
    "a_Ber_2016_ALP": 0.21095256193330922,
    "a_Ber_2016_OC": 0.6603693079617918,
    "a_early_diff_stim": 4.8165607664869,
    "a_late_diff_inhib": 14.549517407509999,
    "early_diff_very_fast": 0.6057354085119394,
    "late_diff_slow": 0.1663093067640277,
    "Mg_stim": 8.636114389641735,
    "Mg_dest": 32.23850144120171,
    "ALP_M_n": 0.2856869202088661,
    "OC_M_n": 0.9162817260085863,
    "ALP_0": 4.522675986720175,
    "OC_0": 0.2331407252941984,
    "diff_time": 434.8188840995881,
    "maturity_t": 0.08954454872850562
}