{
    "a_Ber_2016_ALP": 0.13404081649164978,
    "a_Ber_2016_OC": 0.6268538068303472,
    "a_early_diff_stim": 3.125462181664696,
    "a_late_diff_inhib": 11.937886357705498,
    "early_diff_very_fast": 0.8529169354391356,
    "late_diff_slow": 0.2019488614797321,
    "Mg_stim": 2.1174972504886362,
    "Mg_dest": 27.51093927709917,
    "ALP_M_n": 0.7687564932642428,
    "OC_M_n": 1.5192042314471101,
    "ALP_0": 3.34319858863308,
    "OC_0": 0.4918457235032914,
    "diff_time": 738.6746088956726,
    "maturity_t": 0.011470490006524092
}