{
    "a_Ber_2016_ALP": 0.2797045061320241,
    "a_Ber_2016_OC": 0.7270070762555096,
    "a_early_diff_stim": 11.844748411924657,
    "a_late_diff_inhib": 15.748387328287052,
    "early_diff_very_fast": 0.681356182202065,
    "late_diff_slow": 0.2962854576784297,
    "Mg_stim": 4.922388430906748,
    "Mg_dest": 25.619723698698092,
    "ALP_M_n": 2.9793125033291785,
    "OC_M_n": 1.1830197390029873,
    "ALP_0": 1.0288258486150883,
    "OC_0": 0.28410157930149427,
    "diff_time": 629.6986126983157,
    "maturity_t": 0.011811589720536834
}