{
    "a_Ber_2016_ALP": 0.16777769320488886,
    "a_Ber_2016_OC": 0.582599729736262,
    "a_early_diff_stim": 10.963151530002067,
    "a_late_diff_inhib": 10.838861632780874,
    "early_diff_very_fast": 0.7524295167977704,
    "late_diff_slow": 0.2748781541217311,
    "Mg_stim": 5.900850567457473,
    "Mg_dest": 25.737028259405527,
    "ALP_M_n": 0.5908491238911807,
    "OC_M_n": 0.1435827991671432,
    "ALP_0": 2.347136148558687,
    "OC_0": 8.104140090789485,
    "diff_time": 504.7744034022727,
    "maturity_t": 0.95771747853298
}