{
    "a_Ber_2016_ALP": 0.306634630743628,
    "a_Ber_2016_OC": 0.39588855356396285,
    "a_early_diff_stim": 8.60392015631965,
    "a_late_diff_inhib": 18.740057086664926,
    "early_diff_very_fast": 0.8561625419086999,
    "late_diff_slow": 0.13823333847114144,
    "Mg_stim": 9.577199204795235,
    "Mg_dest": 27.316783449754183,
    "ALP_M_n": 0.09890614434556085,
    "OC_M_n": 1.6650939743523248,
    "ALP_0": 2.683784526339095,
    "OC_0": 0.6232772939330471,
    "diff_time": 558.5216978214968,
    "maturity_t": 0.0845268167918659
}