{
    "a_Ber_2016_ALP": 0.16763770312955822,
    "a_Ber_2016_OC": 0.8122864151168152,
    "a_early_diff_stim": 3.7113621868907463,
    "a_late_diff_inhib": 8.328286926140954,
    "early_diff_very_fast": 0.6072813538911008,
    "late_diff_slow": 0.34426374338186433,
    "Mg_stim": 7.9399850653753274,
    "Mg_dest": 36.809334264784155,
    "ALP_M_n": 0.3726488266121653,
    "OC_M_n": 5.892272445904967,
    "ALP_0": 5.521754180869903,
    "OC_0": 0.17749703244277967,
    "diff_time": 614.7979496401641,
    "maturity_t": 0.03557557637047717
}