{
    "a_Ber_2016_ALP": 0.23067742259737847,
    "a_Ber_2016_OC": 0.5821443673803859,
    "a_early_diff_stim": 1.6752494166687795,
    "a_late_diff_inhib": 19.152001579445525,
    "early_diff_very_fast": 0.8916396920103438,
    "late_diff_slow": 0.22854751701214307,
    "Mg_stim": 5.20282260788336,
    "Mg_dest": 27.412721368160792,
    "ALP_M_n": 0.7066820634740504,
    "OC_M_n": 1.044397876119692,
    "ALP_0": 1.4117132005908146,
    "OC_0": 0.4235383562214105,
    "diff_time": 540.6303223800312,
    "maturity_t": 0.04910211165867485
}