{
    "a_Ber_2016_ALP": 0.18715414043605205,
    "a_Ber_2016_OC": 0.3028070146631263,
    "a_early_diff_stim": 1.8980589939241665,
    "a_late_diff_inhib": 10.667178838245743,
    "early_diff_very_fast": 0.9533362482806242,
    "late_diff_slow": 0.274057470746889,
    "Mg_stim": 9.24584773210314,
    "Mg_dest": 27.37124378791513,
    "ALP_M_n": 0.3059112961708748,
    "OC_M_n": 2.8065199959129274,
    "ALP_0": 5.700431819286847,
    "OC_0": 0.5482194235585723,
    "diff_time": 582.3795937096013,
    "maturity_t": 0.09125304193596616
}