{
    "a_Ber_2016_ALP": 0.3263524866314056,
    "a_Ber_2016_OC": 0.3805892643506494,
    "a_early_diff_stim": 14.900528699724697,
    "a_late_diff_inhib": 18.486276220704486,
    "early_diff_very_fast": 0.8952384850867663,
    "late_diff_slow": 0.14373890591945443,
    "Mg_stim": 8.26895683952334,
    "Mg_dest": 34.66142801271764,
    "ALP_M_n": 0.22071271004146067,
    "OC_M_n": 1.423041736212966,
    "ALP_0": 0.8257508865685576,
    "OC_0": 0.6854699178434708,
    "diff_time": 421.54784664341025,
    "maturity_t": 0.03429949379078445
}