{
    "ALP_M_n": 1.8829239044741433,
    "ARS_M_n": 1.6854762591090828,
    "ALP_0": 0.1803762923695266,
    "ARS_0": 0.7318376392917625,
    "maturity_t": 0.684136876250061,
    "early_diff_slow": 0.14149739373084758,
    "early_diff_fast": 0.5852017835248586,
    "early_diff_very_fast": 0.7585576009239787,
    "late_diff_slow": 0.18818308017241464,
    "late_diff_fast": 0.6613950241836103,
    "a_early_diff_stim": 2.85396340375905,
    "a_early_diff_inhib": 0.2649571410644822,
    "a_late_diff_stim": 0.7203083197262345,
    "a_late_diff_inhib": 0.9595033125599791,
    "diff_time": 834.5930544817054,
    "a_Valles_2020_ALP": 552.4634737195821,
    "a_Valles_2020_ARS": 337.30207286825276
}