{
    "ALP_M_n": 1.6198494496654603,
    "ARS_M_n": 1.3751373724882336,
    "ALP_0": 0.2405096908157197,
    "ARS_0": 0.5116905151573653,
    "maturity_t": 0.7585628903855886,
    "early_diff_slow": 0.10720147833095806,
    "early_diff_fast": 0.6622092984313788,
    "early_diff_very_fast": 0.8547896052959916,
    "late_diff_slow": 0.2877753488066941,
    "late_diff_fast": 0.8306557555611395,
    "a_early_diff_stim": 1.65195500797548,
    "a_early_diff_inhib": 0.5918054662303117,
    "a_late_diff_stim": 3.9058330630741396,
    "a_late_diff_inhib": 0.4593910344514602,
    "diff_time": 857.6447178006008,
    "a_Valles_2020_ALP": 420.25498053887645,
    "a_Valles_2020_ARS": 481.14977741080577
}