{
    "ALP_M_n": 4.302223155903211,
    "ARS_M_n": 1.9971148308087512,
    "ALP_0": 0.6984991600167514,
    "ARS_0": 0.6845617789530625,
    "maturity_t": 0.9517747045070905,
    "early_diff_slow": 0.28548445846835413,
    "early_diff_fast": 0.7088543896480822,
    "early_diff_very_fast": 0.8620945766042547,
    "late_diff_slow": 0.29871875022510397,
    "late_diff_fast": 0.8787366565628669,
    "a_early_diff_stim": 0.7655444679576769,
    "a_early_diff_inhib": 0.8048024113942684,
    "a_late_diff_stim": 4.5242160101223075,
    "a_late_diff_inhib": 0.33090331241024046,
    "diff_time": 935.9958462054062,
    "a_Valles_2020_ALP": 157.26912418484724,
    "a_Valles_2020_ARS": 367.89046192110385
}