{
    "ALP_M_n": 4.283033193541243,
    "ARS_M_n": 2.5458158921620306,
    "ALP_0": 0.6342630668820836,
    "ARS_0": 0.9646488515430564,
    "maturity_t": 0.6538162467051534,
    "early_diff_slow": 0.37427915033350634,
    "early_diff_fast": 0.7085361435852301,
    "early_diff_very_fast": 0.8304080243675561,
    "late_diff_slow": 0.24346629335319883,
    "late_diff_fast": 0.6413828382751542,
    "a_early_diff_stim": 0.8344413657137602,
    "a_early_diff_inhib": 0.3795895117418927,
    "a_late_diff_stim": 1.6668426612174265,
    "a_late_diff_inhib": 0.3932784580294807,
    "diff_time": 1014.6299500836066,
    "a_Valles_2020_ALP": 232.45916649437618,
    "a_Valles_2020_ARS": 209.26081747053246
}