{
    "ALP_M_n": 5.873387242461069,
    "ARS_M_n": 0.8564713410769293,
    "ALP_0": 0.4554417339431756,
    "ARS_0": 0.17396612812698709,
    "maturity_t": 0.4638313935880523,
    "early_diff_slow": 0.300828656970889,
    "early_diff_fast": 0.6641985181696706,
    "early_diff_very_fast": 0.8208915044659968,
    "late_diff_slow": 0.3295185714610558,
    "late_diff_fast": 0.7343111683501972,
    "a_early_diff_stim": 0.5542546756389,
    "a_early_diff_inhib": 0.6098281543315733,
    "a_late_diff_stim": 4.817384523417026,
    "a_late_diff_inhib": 0.49759677933889246,
    "diff_time": 946.9579201206593,
    "a_Valles_2020_ALP": 687.9932052399116,
    "a_Valles_2020_ARS": 740.8907880078939
}