{
    "ALP_M_n": 2.5666408957000737,
    "ARS_M_n": 1.4586446667316861,
    "ALP_0": 0.5003082839867232,
    "ARS_0": 0.6004122601854186,
    "maturity_t": 0.738788892560332,
    "early_diff_slow": 0.3178353933702603,
    "early_diff_fast": 0.6346538991409645,
    "early_diff_very_fast": 0.7100697000393306,
    "late_diff_slow": 0.3021073502990378,
    "late_diff_fast": 0.7316686393753729,
    "a_early_diff_stim": 1.8178334392330693,
    "a_early_diff_inhib": 0.5385225693909861,
    "a_late_diff_stim": 3.5751110301014837,
    "a_late_diff_inhib": 0.4983390492945065,
    "diff_time": 859.2066961816089,
    "a_Valles_2020_ALP": 268.66882791023085,
    "a_Valles_2020_ARS": 428.28376392554986
}