{
    "ALP_M_n": 2.8011772796593086,
    "ARS_M_n": 1.5905267449803868,
    "ALP_0": 0.5649485189139335,
    "ARS_0": 0.7744930395035827,
    "maturity_t": 0.6713078520491784,
    "early_diff_slow": 0.24215685538041418,
    "early_diff_fast": 0.5783810137307199,
    "early_diff_very_fast": 0.7425492611448851,
    "late_diff_slow": 0.1621225997939304,
    "late_diff_fast": 0.6849815852119219,
    "a_early_diff_stim": 3.047306180504717,
    "a_early_diff_inhib": 0.6839820834488319,
    "a_late_diff_stim": 2.8584715992881504,
    "a_late_diff_inhib": 0.3352953738530233,
    "diff_time": 875.8050811412921,
    "a_Valles_2020_ALP": 231.8658419135856,
    "a_Valles_2020_ARS": 341.25733448590864
}