{
    "ALP_M_n": 3.5857190811810224,
    "ARS_M_n": 1.3845432901187382,
    "ALP_0": 0.36391384561378265,
    "ARS_0": 0.2931541337214719,
    "maturity_t": 0.6182621757383941,
    "early_diff_slow": 0.32396645129867296,
    "early_diff_fast": 0.5388004327149658,
    "early_diff_very_fast": 0.9442164096332883,
    "late_diff_slow": 0.18969859904079106,
    "late_diff_fast": 0.7816038389976137,
    "a_early_diff_stim": 3.910878993469593,
    "a_early_diff_inhib": 0.6933597857525726,
    "a_late_diff_stim": 0.8711741552549636,
    "a_late_diff_inhib": 0.16711639031467096,
    "diff_time": 772.9774460142222,
    "a_Valles_2020_ALP": 447.97747181879674,
    "a_Valles_2020_ARS": 594.6548528715596
}