{
    "ALP_M_n": 2.8971791363493207,
    "ARS_M_n": 1.371358416788739,
    "ALP_0": 0.4765264972924549,
    "ARS_0": 0.4674021670475523,
    "maturity_t": 0.7077758465429105,
    "early_diff_slow": 0.26236803508548784,
    "early_diff_fast": 0.6131262594265712,
    "early_diff_very_fast": 0.8107473958271179,
    "late_diff_slow": 0.2555007083928033,
    "late_diff_fast": 0.730758227410831,
    "a_early_diff_stim": 2.2878219813487783,
    "a_early_diff_inhib": 0.5188320849048836,
    "a_late_diff_stim": 2.497739918521984,
    "a_late_diff_inhib": 0.4916889973603253,
    "diff_time": 898.3412577932817,
    "a_Valles_2020_ALP": 349.76016420500434,
    "a_Valles_2020_ARS": 534.8058302175745
}