{
    "ALP_M_n": 4.563791037344706,
    "ARS_M_n": 2.8518098954734303,
    "ALP_0": 0.43614853255199815,
    "ARS_0": 0.7148709212876786,
    "maturity_t": 0.8315648384125736,
    "early_diff_slow": 0.23975297221375472,
    "early_diff_fast": 0.6303700623914332,
    "early_diff_very_fast": 0.684237306837177,
    "late_diff_slow": 0.19375177844254807,
    "late_diff_fast": 0.6643417643929524,
    "a_early_diff_stim": 1.0723379728010285,
    "a_early_diff_inhib": 0.7893584172758574,
    "a_late_diff_stim": 0.06375848565150344,
    "a_late_diff_inhib": 0.4052494307291963,
    "diff_time": 954.3119070296855,
    "a_Valles_2020_ALP": 592.4783985586142,
    "a_Valles_2020_ARS": 294.250288930115
}