{
    "ALP_M_n": 2.306978483167062,
    "ARS_M_n": 1.3659790393500946,
    "ALP_0": 0.4701075028064935,
    "ARS_0": 0.5440858741082375,
    "maturity_t": 0.7120875924966296,
    "early_diff_slow": 0.3168756611625295,
    "early_diff_fast": 0.5606605341266344,
    "early_diff_very_fast": 0.7573794400981598,
    "late_diff_slow": 0.33334287870225093,
    "late_diff_fast": 0.7421092911071279,
    "a_early_diff_stim": 4.324591185964371,
    "a_early_diff_inhib": 0.30752244567412645,
    "a_late_diff_stim": 3.438566303174884,
    "a_late_diff_inhib": 0.23501203735487797,
    "diff_time": 868.2944893002826,
    "a_Valles_2020_ALP": 285.4677120914285,
    "a_Valles_2020_ARS": 468.1644143759721
}