{
    "ALP_M_n": 0.959813430234361,
    "ARS_M_n": 1.0144055673140002,
    "ALP_0": 0.09574882866082175,
    "ARS_0": 0.4644192320722287,
    "maturity_t": 0.8197463858713533,
    "early_diff_slow": 0.1805930601932102,
    "early_diff_fast": 0.6512901909812939,
    "early_diff_very_fast": 0.90538441558128,
    "late_diff_slow": 0.18927556919843797,
    "late_diff_fast": 0.6555704396415035,
    "a_early_diff_stim": 2.2502078265739636,
    "a_early_diff_inhib": 0.7021867526854457,
    "a_late_diff_stim": 3.3965111085793565,
    "a_late_diff_inhib": 0.6529059977855362,
    "diff_time": 1027.9413123751333,
    "a_Valles_2020_ALP": 457.14330421526887,
    "a_Valles_2020_ARS": 576.4700536512227
}