{
    "ALP_M_n": 3.2409504014656427,
    "ARS_M_n": 1.194346936420095,
    "ALP_0": 0.6826140536943123,
    "ARS_0": 0.3927739704056674,
    "maturity_t": 0.8249074580547908,
    "early_diff_slow": 0.29039489060560275,
    "early_diff_fast": 0.6520279012214343,
    "early_diff_very_fast": 0.7341749552389591,
    "late_diff_slow": 0.17223729100429802,
    "late_diff_fast": 0.6654172064154134,
    "a_early_diff_stim": 1.6853666379021879,
    "a_early_diff_inhib": 0.39521204457264003,
    "a_late_diff_stim": 1.5512532572924584,
    "a_late_diff_inhib": 0.44056497285240076,
    "diff_time": 1019.7632717570524,
    "a_Valles_2020_ALP": 192.35255092440207,
    "a_Valles_2020_ARS": 633.8489630400744
}