{
    "ALP_M_n": 2.723686865167929,
    "ARS_M_n": 1.4478007872850815,
    "ALP_0": 0.5100880533328266,
    "ARS_0": 0.6245355943762784,
    "maturity_t": 0.6988532808023749,
    "early_diff_slow": 0.2648416638579032,
    "early_diff_fast": 0.6231767943627942,
    "early_diff_very_fast": 0.7377530684237451,
    "late_diff_slow": 0.17620780472528574,
    "late_diff_fast": 0.6154002479923736,
    "a_early_diff_stim": 1.6685558343011682,
    "a_early_diff_inhib": 0.3764129295450336,
    "a_late_diff_stim": 4.2374387878003725,
    "a_late_diff_inhib": 0.6036387624632706,
    "diff_time": 1006.6912617144674,
    "a_Valles_2020_ALP": 317.4567564779047,
    "a_Valles_2020_ARS": 462.64573665404595
}