{
    "ALP_M_n": 1.8167551873784205,
    "ARS_M_n": 1.1503404937714856,
    "ALP_0": 0.4046556280640653,
    "ARS_0": 0.44352681851933384,
    "maturity_t": 0.7509112375320888,
    "early_diff_slow": 0.18913583663141223,
    "early_diff_fast": 0.627229047032577,
    "early_diff_very_fast": 0.8318282053259249,
    "late_diff_slow": 0.19676203659512917,
    "late_diff_fast": 0.7051578696029215,
    "a_early_diff_stim": 2.235870832458641,
    "a_early_diff_inhib": 0.08323969738919906,
    "a_late_diff_stim": 1.8800144775432337,
    "a_late_diff_inhib": 0.5099455277284509,
    "diff_time": 924.4027893617874,
    "a_Valles_2020_ALP": 322.9728369483181,
    "a_Valles_2020_ARS": 557.2102411365661
}