{
    "ALP_M_n": 1.8382635763026516,
    "ARS_M_n": 0.971922089833795,
    "ALP_0": 0.5294763961793216,
    "ARS_0": 0.34680879017845606,
    "maturity_t": 0.9054102279040772,
    "early_diff_slow": 0.23937053861332014,
    "early_diff_fast": 0.6476476324012862,
    "early_diff_very_fast": 0.7875632004784712,
    "late_diff_slow": 0.324873606539701,
    "late_diff_fast": 0.8190941236406131,
    "a_early_diff_stim": 2.2026742425670824,
    "a_early_diff_inhib": 0.2559195173032064,
    "a_late_diff_stim": 2.1020442151922873,
    "a_late_diff_inhib": 0.3820389866429551,
    "diff_time": 982.2435714909261,
    "a_Valles_2020_ALP": 257.5080219206884,
    "a_Valles_2020_ARS": 636.3467384163204
}