{
    "ALP_M_n": 2.34585000918253,
    "ARS_M_n": 1.0936556220635971,
    "ALP_0": 0.5601526136613468,
    "ARS_0": 0.5757695588522306,
    "maturity_t": 0.6496906897661429,
    "early_diff_slow": 0.2021409757667304,
    "early_diff_fast": 0.6921130437308306,
    "early_diff_very_fast": 0.9489425203490363,
    "late_diff_slow": 0.24755422151699613,
    "late_diff_fast": 0.7459483049031437,
    "a_early_diff_stim": 1.3830282953648456,
    "a_early_diff_inhib": 0.9993125643268639,
    "a_late_diff_stim": 4.8376366318122095,
    "a_late_diff_inhib": 0.4094997522989589,
    "diff_time": 1044.4126409480498,
    "a_Valles_2020_ALP": 268.6018484880792,
    "a_Valles_2020_ARS": 516.9302165111253
}