{
    "ALP_M_n": 4.746815652252576,
    "ARS_M_n": 0.9001627942614732,
    "ALP_0": 0.5535899341097708,
    "ARS_0": 0.022480294526176586,
    "maturity_t": 0.5662767551906578,
    "early_diff_slow": 0.294285273685052,
    "early_diff_fast": 0.5667803741372116,
    "early_diff_very_fast": 0.8936898530707231,
    "late_diff_slow": 0.3352861343864343,
    "late_diff_fast": 0.6891554363156842,
    "a_early_diff_stim": 1.7754948957431538,
    "a_early_diff_inhib": 0.3386257762324827,
    "a_late_diff_stim": 2.829433748540248,
    "a_late_diff_inhib": 0.5549578574459996,
    "diff_time": 831.200756314198,
    "a_Valles_2020_ALP": 245.3931174325102,
    "a_Valles_2020_ARS": 835.0702399544582
}