{
    "ALP_M_n": 3.540615516090147,
    "ARS_M_n": 1.930132232252672,
    "ALP_0": 0.3522262601281581,
    "ARS_0": 0.7783250599908259,
    "maturity_t": 0.6093310876395254,
    "early_diff_slow": 0.30968214480399137,
    "early_diff_fast": 0.596780818836447,
    "early_diff_very_fast": 0.9260648311567323,
    "late_diff_slow": 0.37703653864060105,
    "late_diff_fast": 0.8353564196608492,
    "a_early_diff_stim": 1.553048620566607,
    "a_early_diff_inhib": 0.47074323292702724,
    "a_late_diff_stim": 3.288073533355176,
    "a_late_diff_inhib": 0.3458127135110435,
    "diff_time": 785.8775981627574,
    "a_Valles_2020_ALP": 482.5336275713827,
    "a_Valles_2020_ARS": 279.66290407843263
}