{
    "ALP_M_n": 2.700770594326023,
    "ARS_M_n": 1.153003618016522,
    "ALP_0": 0.7462093517104194,
    "ARS_0": 0.24362328274808911,
    "maturity_t": 0.7653525165995593,
    "early_diff_slow": 0.18262687200819633,
    "early_diff_fast": 0.561434526786877,
    "early_diff_very_fast": 0.7147355209631533,
    "late_diff_slow": 0.22544826123104578,
    "late_diff_fast": 0.619285989844822,
    "a_early_diff_stim": 4.243909110000418,
    "a_early_diff_inhib": 0.7018617628741508,
    "a_late_diff_stim": 2.2016824397514796,
    "a_late_diff_inhib": 0.5541703500486399,
    "diff_time": 834.953339389455,
    "a_Valles_2020_ALP": 137.5625447211843,
    "a_Valles_2020_ARS": 661.6254594791045
}