{
    "ALP_M_n": 3.9340926535021095,
    "ARS_M_n": 1.6182559794781148,
    "ALP_0": 0.43694117163381935,
    "ARS_0": 0.24755487491163392,
    "maturity_t": 0.8386814706192559,
    "early_diff_slow": 0.35051885765101176,
    "early_diff_fast": 0.7226139844416389,
    "early_diff_very_fast": 0.8610247725423144,
    "late_diff_slow": 0.3987480026209974,
    "late_diff_fast": 0.8211166013303034,
    "a_early_diff_stim": 0.613690710909069,
    "a_early_diff_inhib": 0.6693811136940612,
    "a_late_diff_stim": 2.719376779878702,
    "a_late_diff_inhib": 0.5731141537489872,
    "diff_time": 873.8534594564227,
    "a_Valles_2020_ALP": 433.59686004733004,
    "a_Valles_2020_ARS": 751.494507249928
}