{
    "ALP_M_n": 2.6893539672587115,
    "ARS_M_n": 1.4625646222822373,
    "ALP_0": 0.3152444263120518,
    "ARS_0": 0.141623482342767,
    "maturity_t": 0.7199033072175722,
    "early_diff_slow": 0.2408443617591313,
    "early_diff_fast": 0.5850105855407861,
    "early_diff_very_fast": 0.6956323420269901,
    "late_diff_slow": 0.37994458802848247,
    "late_diff_fast": 0.6650641834752392,
    "a_early_diff_stim": 1.703656747905765,
    "a_early_diff_inhib": 0.4089404950355332,
    "a_late_diff_stim": 0.7641327562801044,
    "a_late_diff_inhib": 0.6183122505293328,
    "diff_time": 714.386214373595,
    "a_Valles_2020_ALP": 382.7389464146781,
    "a_Valles_2020_ARS": 700.8292405778491
}