{
    "ALP_M_n": 2.7872702352165373,
    "ARS_M_n": 1.2107249370571869,
    "ALP_0": 0.3616540139141882,
    "ARS_0": 0.4480065206978714,
    "maturity_t": 0.6009374758732232,
    "early_diff_slow": 0.1884727422180565,
    "early_diff_fast": 0.601766555454209,
    "early_diff_very_fast": 0.8288673903552034,
    "late_diff_slow": 0.3744809872453134,
    "late_diff_fast": 0.6102313165749711,
    "a_early_diff_stim": 1.769045840087783,
    "a_early_diff_inhib": 0.029859241589309915,
    "a_late_diff_stim": 1.817392284105327,
    "a_late_diff_inhib": 0.4319777881739091,
    "diff_time": 893.6957371267926,
    "a_Valles_2020_ALP": 467.09031115016415,
    "a_Valles_2020_ARS": 542.1605479435468
}