{
    "ALP_M_n": 3.5705433698868356,
    "ARS_M_n": 0.9470000241756829,
    "ALP_0": 0.38943332022880056,
    "ARS_0": 0.13976521782376183,
    "maturity_t": 0.5657668360034384,
    "early_diff_slow": 0.30477075383458885,
    "early_diff_fast": 0.5530767267950594,
    "early_diff_very_fast": 0.7935192802261245,
    "late_diff_slow": 0.1197865204655805,
    "late_diff_fast": 0.8774671427319204,
    "a_early_diff_stim": 2.8526691907877852,
    "a_early_diff_inhib": 0.4562697881013176,
    "a_late_diff_stim": 2.836007244815757,
    "a_late_diff_inhib": 0.7037236278095833,
    "diff_time": 869.1852997968927,
    "a_Valles_2020_ALP": 494.4629701920662,
    "a_Valles_2020_ARS": 750.7551648629928
}