{
    "ALP_M_n": 1.7027340983903543,
    "ARS_M_n": 1.1516987122234867,
    "ALP_0": 0.36218542926992764,
    "ARS_0": 0.49453234669695534,
    "maturity_t": 0.7442238569528062,
    "early_diff_slow": 0.3422505074386081,
    "early_diff_fast": 0.5780880218304772,
    "early_diff_very_fast": 0.6743376544295316,
    "late_diff_slow": 0.2596859943353073,
    "late_diff_fast": 0.8580438751667364,
    "a_early_diff_stim": 3.715621710969277,
    "a_early_diff_inhib": 0.46377031032752103,
    "a_late_diff_stim": 2.3533752891429534,
    "a_late_diff_inhib": 0.4301645841129658,
    "diff_time": 950.6846043720062,
    "a_Valles_2020_ALP": 353.5675159853264,
    "a_Valles_2020_ARS": 534.7734621968269
}