{
    "ALP_M_n": 2.8366610955552893,
    "ARS_M_n": 1.2420195117067827,
    "ALP_0": 0.8017518396289378,
    "ARS_0": 0.46114935040058896,
    "maturity_t": 0.7303334718878568,
    "early_diff_slow": 0.3267977925504046,
    "early_diff_fast": 0.5667742236034234,
    "early_diff_very_fast": 0.8678749634770089,
    "late_diff_slow": 0.30610727812413163,
    "late_diff_fast": 0.696235000289447,
    "a_early_diff_stim": 4.195034392659795,
    "a_early_diff_inhib": 0.7042439077770749,
    "a_late_diff_stim": 3.823348068678558,
    "a_late_diff_inhib": 0.13440291688785583,
    "diff_time": 889.5189069866041,
    "a_Valles_2020_ALP": 125.21714998893931,
    "a_Valles_2020_ARS": 530.5233392151666
}