{
    "ALP_M_n": 3.256613635307543,
    "ARS_M_n": 1.2377956525105982,
    "ALP_0": 0.572556829385133,
    "ARS_0": 0.1056385877648579,
    "maturity_t": 0.7086420264218326,
    "early_diff_slow": 0.27797712857789436,
    "early_diff_fast": 0.5912302546646081,
    "early_diff_very_fast": 0.8426941366413331,
    "late_diff_slow": 0.21686630161581366,
    "late_diff_fast": 0.8247942982061022,
    "a_early_diff_stim": 1.8098581592705636,
    "a_early_diff_inhib": 0.5812685261182577,
    "a_late_diff_stim": 3.1164565272363913,
    "a_late_diff_inhib": 0.6747548272299674,
    "diff_time": 749.255102382031,
    "a_Valles_2020_ALP": 187.00579731435352,
    "a_Valles_2020_ARS": 750.1061492408323
}