{
    "ALP_M_n": 1.6817170027051134,
    "ARS_M_n": 0.8493548170143921,
    "ALP_0": 0.2562076761118998,
    "ARS_0": 0.20514908628504128,
    "maturity_t": 0.6772914661097311,
    "early_diff_slow": 0.1741412735880358,
    "early_diff_fast": 0.587192396940311,
    "early_diff_very_fast": 0.9288290467738368,
    "late_diff_slow": 0.3373846009114606,
    "late_diff_fast": 0.7701367645548317,
    "a_early_diff_stim": 3.5084559260805603,
    "a_early_diff_inhib": 0.669172210980396,
    "a_late_diff_stim": 0.8375490708341493,
    "a_late_diff_inhib": 0.9470461530538524,
    "diff_time": 975.9176891660849,
    "a_Valles_2020_ALP": 471.5298677678356,
    "a_Valles_2020_ARS": 725.449490548408
}