{
    "ALP_M_n": 1.814214316562885,
    "ARS_M_n": 1.2839736258492649,
    "ALP_0": 0.3823679132193688,
    "ARS_0": 0.6245821020302381,
    "maturity_t": 0.7262300921589738,
    "early_diff_slow": 0.12120804306041885,
    "early_diff_fast": 0.5843002351375574,
    "early_diff_very_fast": 0.6969225876673089,
    "late_diff_slow": 0.32722001007309903,
    "late_diff_fast": 0.6889197153499899,
    "a_early_diff_stim": 3.3131384326242688,
    "a_early_diff_inhib": 0.4529021416234841,
    "a_late_diff_stim": 4.964843688942083,
    "a_late_diff_inhib": 0.5539250413761317,
    "diff_time": 948.8295526158371,
    "a_Valles_2020_ALP": 348.35294251785774,
    "a_Valles_2020_ARS": 456.69619220634905
}