{
    "ALP_M_n": 2.2578275954529166,
    "ARS_M_n": 0.6840585902656314,
    "ALP_0": 0.5422957983462131,
    "ARS_0": 0.07619495171319905,
    "maturity_t": 0.6677255690506685,
    "early_diff_slow": 0.3768432119592245,
    "early_diff_fast": 0.60715107363799,
    "early_diff_very_fast": 0.97081486359208,
    "late_diff_slow": 0.22931717942883678,
    "late_diff_fast": 0.8757054769645225,
    "a_early_diff_stim": 2.604527469362295,
    "a_early_diff_inhib": 0.9161929268177775,
    "a_late_diff_stim": 0.939219818935038,
    "a_late_diff_inhib": 0.8250117907149864,
    "diff_time": 1021.7118559203298,
    "a_Valles_2020_ALP": 273.09820949099804,
    "a_Valles_2020_ARS": 808.3578225965362
}