{
    "ALP_M_n": 3.7960748418651673,
    "ARS_M_n": 1.8012721632765454,
    "ALP_0": 0.269231667538262,
    "ARS_0": 0.18345497379758213,
    "maturity_t": 0.7314232979070883,
    "early_diff_slow": 0.23128748813078184,
    "early_diff_fast": 0.6015934972311467,
    "early_diff_very_fast": 0.6622974447254286,
    "late_diff_slow": 0.1604146012571972,
    "late_diff_fast": 0.827663099140801,
    "a_early_diff_stim": 1.086430241812474,
    "a_early_diff_inhib": 0.38510218786450945,
    "a_late_diff_stim": 4.963109380143278,
    "a_late_diff_inhib": 0.7730171995354846,
    "diff_time": 795.3949199735976,
    "a_Valles_2020_ALP": 810.5904776607557,
    "a_Valles_2020_ARS": 791.3670156401809
}