{
    "ALP_M_n": 1.461321803330191,
    "ARS_M_n": 0.9439369286680325,
    "ALP_0": 0.24762057992729047,
    "ARS_0": 0.39029297148986103,
    "maturity_t": 0.7018374846180512,
    "early_diff_slow": 0.3761853913789878,
    "early_diff_fast": 0.5957211395872424,
    "early_diff_very_fast": 0.9731645081083987,
    "late_diff_slow": 0.30087976412058787,
    "late_diff_fast": 0.7785434955078555,
    "a_early_diff_stim": 3.7238614053378307,
    "a_early_diff_inhib": 0.08162239349339645,
    "a_late_diff_stim": 4.194234950951568,
    "a_late_diff_inhib": 0.43176596437210824,
    "diff_time": 1037.1257169682428,
    "a_Valles_2020_ALP": 452.90188013889247,
    "a_Valles_2020_ARS": 622.4922824609581
}