{
    "ALP_M_n": 3.6621406287710583,
    "ARS_M_n": 2.6537708658836743,
    "ALP_0": 0.3213190749590129,
    "ARS_0": 0.7475502249098153,
    "maturity_t": 0.5915333074385429,
    "early_diff_slow": 0.16726749019820178,
    "early_diff_fast": 0.5833764461640475,
    "early_diff_very_fast": 0.6426230562576891,
    "late_diff_slow": 0.20977016026985473,
    "late_diff_fast": 0.7878827568719993,
    "a_early_diff_stim": 1.5106720111646592,
    "a_early_diff_inhib": 0.5442958819026472,
    "a_late_diff_stim": 1.196469728780828,
    "a_late_diff_inhib": 0.5267556020422752,
    "diff_time": 963.2800932398793,
    "a_Valles_2020_ALP": 866.296214029909,
    "a_Valles_2020_ARS": 290.8396550909477
}