{
    "ALP_M_n": 2.2845751793691975,
    "ARS_M_n": 1.3297744838287255,
    "ALP_0": 0.6842887664341308,
    "ARS_0": 0.7506191893155413,
    "maturity_t": 0.7324892730144684,
    "early_diff_slow": 0.34691057546245935,
    "early_diff_fast": 0.6442565235334007,
    "early_diff_very_fast": 0.9869140549408519,
    "late_diff_slow": 0.21095335925559652,
    "late_diff_fast": 0.7242363800827674,
    "a_early_diff_stim": 2.2040219966474726,
    "a_early_diff_inhib": 0.34091145479277346,
    "a_late_diff_stim": 1.6486078200710792,
    "a_late_diff_inhib": 0.37874229175145413,
    "diff_time": 989.2305476222922,
    "a_Valles_2020_ALP": 189.4744338565928,
    "a_Valles_2020_ARS": 403.74449463647994
}