{
    "ALP_M_n": 2.0800214906935417,
    "ARS_M_n": 1.0167521492012535,
    "ALP_0": 0.3072772064329721,
    "ARS_0": 0.4254631780484174,
    "maturity_t": 0.6097533249911083,
    "early_diff_slow": 0.2490556825124699,
    "early_diff_fast": 0.5721169466255447,
    "early_diff_very_fast": 0.9013607397224859,
    "late_diff_slow": 0.32205327100917724,
    "late_diff_fast": 0.7273560513891868,
    "a_early_diff_stim": 3.9802648041053743,
    "a_early_diff_inhib": 0.859456067284134,
    "a_late_diff_stim": 1.182670798025105,
    "a_late_diff_inhib": 0.43864846684539577,
    "diff_time": 1004.0817585694176,
    "a_Valles_2020_ALP": 502.91678685031604,
    "a_Valles_2020_ARS": 593.7957924450417
}