{
    "ALP_M_n": 2.347762299387734,
    "ARS_M_n": 1.254245768161153,
    "ALP_0": 0.49860066430997363,
    "ARS_0": 0.4794578012545578,
    "maturity_t": 0.7041836529224341,
    "early_diff_slow": 0.3954927219309704,
    "early_diff_fast": 0.5565367458172314,
    "early_diff_very_fast": 0.6940263566949654,
    "late_diff_slow": 0.14530717749148706,
    "late_diff_fast": 0.6077167553997581,
    "a_early_diff_stim": 4.294720260455057,
    "a_early_diff_inhib": 0.806840297613783,
    "a_late_diff_stim": 4.38719340000441,
    "a_late_diff_inhib": 0.6986958164361079,
    "diff_time": 888.2215304800427,
    "a_Valles_2020_ALP": 272.26229407435204,
    "a_Valles_2020_ARS": 519.2841794395241
}