{
    "ALP_M_n": 2.8458022949316253,
    "ARS_M_n": 1.397678132010729,
    "ALP_0": 0.40286570694223894,
    "ARS_0": 0.6145445731780548,
    "maturity_t": 0.6107312114657569,
    "early_diff_slow": 0.33904806591104436,
    "early_diff_fast": 0.5745542905763247,
    "early_diff_very_fast": 0.7113244654301335,
    "late_diff_slow": 0.2594220818330931,
    "late_diff_fast": 0.7161734415016225,
    "a_early_diff_stim": 2.2801348615114647,
    "a_early_diff_inhib": 0.8442298654486871,
    "a_late_diff_stim": 2.460034009109619,
    "a_late_diff_inhib": 0.6005477380343005,
    "diff_time": 888.6242163903129,
    "a_Valles_2020_ALP": 404.0930166031206,
    "a_Valles_2020_ARS": 434.78551862781933
}