{
    "ALP_M_n": 2.8142882092259827,
    "ARS_M_n": 1.4625150916525522,
    "ALP_0": 0.7788697767665501,
    "ARS_0": 0.6578071253423878,
    "maturity_t": 0.7307248905167532,
    "early_diff_slow": 0.2534265975463502,
    "early_diff_fast": 0.6362483935446542,
    "early_diff_very_fast": 0.7427398674187351,
    "late_diff_slow": 0.14785045684542553,
    "late_diff_fast": 0.725536663734116,
    "a_early_diff_stim": 2.0690105056811103,
    "a_early_diff_inhib": 0.8561812837128835,
    "a_late_diff_stim": 2.512515162627151,
    "a_late_diff_inhib": 0.7664556075049347,
    "diff_time": 882.1529598132136,
    "a_Valles_2020_ALP": 131.79084493842512,
    "a_Valles_2020_ARS": 405.8327904229387
}