{
    "ALP_M_n": 1.9547118681109303,
    "ARS_M_n": 1.3858665840674085,
    "ALP_0": 0.49393821047978415,
    "ARS_0": 0.8584207636212633,
    "maturity_t": 0.870056554427604,
    "early_diff_slow": 0.20915450532854535,
    "early_diff_fast": 0.6143036744166684,
    "early_diff_very_fast": 0.7186114216543484,
    "late_diff_slow": 0.3517881600799373,
    "late_diff_fast": 0.6890208540079403,
    "a_early_diff_stim": 2.6230432936268313,
    "a_early_diff_inhib": 0.632713093588001,
    "a_late_diff_stim": 0.7006471050084182,
    "a_late_diff_inhib": 0.9344817625840924,
    "diff_time": 1009.7976104713905,
    "a_Valles_2020_ALP": 290.1437674297836,
    "a_Valles_2020_ARS": 360.07202425074826
}