{
    "ALP_M_n": 2.771699853526835,
    "ARS_M_n": 1.0766904186132187,
    "ALP_0": 0.45617449401916027,
    "ARS_0": 0.25341529857774125,
    "maturity_t": 0.6473853345760724,
    "early_diff_slow": 0.2861692351852278,
    "early_diff_fast": 0.6633732110628607,
    "early_diff_very_fast": 0.7483230666141844,
    "late_diff_slow": 0.3188546880636083,
    "late_diff_fast": 0.8011017408453831,
    "a_early_diff_stim": 1.4351037572970191,
    "a_early_diff_inhib": 0.20732849222586403,
    "a_late_diff_stim": 1.6994224391901258,
    "a_late_diff_inhib": 0.9540113814679543,
    "diff_time": 865.5012305712763,
    "a_Valles_2020_ALP": 319.61852137130853,
    "a_Valles_2020_ARS": 667.2905467041992
}