{
    "ALP_M_n": 2.196085319890814,
    "ARS_M_n": 1.1075591629117156,
    "ALP_0": 0.518192196040769,
    "ARS_0": 0.32716380059103894,
    "maturity_t": 0.9089186731192339,
    "early_diff_slow": 0.18227178240102063,
    "early_diff_fast": 0.7145270804579624,
    "early_diff_very_fast": 0.8934760148038682,
    "late_diff_slow": 0.13622861178068152,
    "late_diff_fast": 0.7326101814615076,
    "a_early_diff_stim": 1.208953397257757,
    "a_early_diff_inhib": 0.9303688649406449,
    "a_late_diff_stim": 3.8374686116759937,
    "a_late_diff_inhib": 0.41141103489887115,
    "diff_time": 886.4573491067431,
    "a_Valles_2020_ALP": 253.78339370876964,
    "a_Valles_2020_ARS": 621.2804613943678
}