{
    "ALP_M_n": 2.5666708365850144,
    "ARS_M_n": 1.2217508319767887,
    "ALP_0": 0.45035782458655055,
    "ARS_0": 0.6740631205344901,
    "maturity_t": 0.5944027651433685,
    "early_diff_slow": 0.26627878571772934,
    "early_diff_fast": 0.5768504539648984,
    "early_diff_very_fast": 0.7008215821860375,
    "late_diff_slow": 0.3381069251132408,
    "late_diff_fast": 0.8329493212423111,
    "a_early_diff_stim": 3.136692762216067,
    "a_early_diff_inhib": 0.3365288543989744,
    "a_late_diff_stim": 1.6477143043993692,
    "a_late_diff_inhib": 0.7738889856828491,
    "diff_time": 1011.6171055760154,
    "a_Valles_2020_ALP": 375.3520999102422,
    "a_Valles_2020_ARS": 452.9241795924186
}