{
    "ALP_M_n": 1.405233792486325,
    "ARS_M_n": 1.0417815783943625,
    "ALP_0": 0.2375999618654909,
    "ARS_0": 0.4855121351691537,
    "maturity_t": 0.8542078642361303,
    "early_diff_slow": 0.23911814016499855,
    "early_diff_fast": 0.6473012743754517,
    "early_diff_very_fast": 0.792671438603945,
    "late_diff_slow": 0.18197232709267258,
    "late_diff_fast": 0.7032989329116492,
    "a_early_diff_stim": 2.0434121661148077,
    "a_early_diff_inhib": 0.8839422313486011,
    "a_late_diff_stim": 0.5558493802119566,
    "a_late_diff_inhib": 0.7047452964208862,
    "diff_time": 1019.0867749116385,
    "a_Valles_2020_ALP": 443.581215599311,
    "a_Valles_2020_ARS": 561.6590729896158
}