{
    "ALP_M_n": 2.487488974862733,
    "ARS_M_n": 0.8677998259301365,
    "ALP_0": 0.41572078548688807,
    "ARS_0": 0.02772337494309875,
    "maturity_t": 0.6773684207163226,
    "early_diff_slow": 0.14078444037960108,
    "early_diff_fast": 0.5960272661920729,
    "early_diff_very_fast": 0.7745066925599695,
    "late_diff_slow": 0.31208431575555584,
    "late_diff_fast": 0.7942108269807665,
    "a_early_diff_stim": 1.9188948548009337,
    "a_early_diff_inhib": 0.4595875306682071,
    "a_late_diff_stim": 3.716507976693644,
    "a_late_diff_inhib": 0.5047300871583768,
    "diff_time": 849.6354784186256,
    "a_Valles_2020_ALP": 336.5843232918561,
    "a_Valles_2020_ARS": 831.700484565746
}