{
    "ALP_M_n": 3.378312094328291,
    "ARS_M_n": 1.2831481880957458,
    "ALP_0": 0.5047863714166778,
    "ARS_0": 0.18542428184132667,
    "maturity_t": 0.6700689737471448,
    "early_diff_slow": 0.23071269119150245,
    "early_diff_fast": 0.6300541833029638,
    "early_diff_very_fast": 0.9166849732678471,
    "late_diff_slow": 0.1468044338545063,
    "late_diff_fast": 0.7574720101752858,
    "a_early_diff_stim": 1.1107234192888953,
    "a_early_diff_inhib": 0.6336605943054975,
    "a_late_diff_stim": 3.288768292335929,
    "a_late_diff_inhib": 0.6933089307384235,
    "diff_time": 766.3954862174379,
    "a_Valles_2020_ALP": 243.6801564319349,
    "a_Valles_2020_ARS": 684.6407293032945
}