{
    "ALP_M_n": 2.7961755607906467,
    "ARS_M_n": 1.4177694863933423,
    "ALP_0": 0.8033405027104906,
    "ARS_0": 0.9720653750673887,
    "maturity_t": 0.6578428508388523,
    "early_diff_slow": 0.37463405824776197,
    "early_diff_fast": 0.6020027324035093,
    "early_diff_very_fast": 0.7960375279301221,
    "late_diff_slow": 0.22192397676076353,
    "late_diff_fast": 0.7305096274277078,
    "a_early_diff_stim": 2.799735544089239,
    "a_early_diff_inhib": 0.37952996019088114,
    "a_late_diff_stim": 0.6540177534248914,
    "a_late_diff_inhib": 0.16276932325247429,
    "diff_time": 1058.772614213694,
    "a_Valles_2020_ALP": 145.43228663052895,
    "a_Valles_2020_ARS": 325.0724775501841
}