{
    "ALP_M_n": 2.6317925592925646,
    "ARS_M_n": 1.3088604617450972,
    "ALP_0": 0.4688107465898823,
    "ARS_0": 0.48904499046818584,
    "maturity_t": 0.7044855263081102,
    "early_diff_slow": 0.24827051607071232,
    "early_diff_fast": 0.6131967151931496,
    "early_diff_very_fast": 0.8009677845406862,
    "late_diff_slow": 0.24716577815054933,
    "late_diff_fast": 0.7536287333884288,
    "a_early_diff_stim": 2.3966860315294736,
    "a_early_diff_inhib": 0.5040005534289503,
    "a_late_diff_stim": 2.392007299186944,
    "a_late_diff_inhib": 0.5044673610739683,
    "diff_time": 930.370593827115,
    "a_Valles_2020_ALP": 357.3579689337735,
    "a_Valles_2020_ARS": 533.6593447614345
}