{
    "ALP_M_n": 2.273816927569739,
    "ARS_M_n": 1.1602084895945468,
    "ALP_0": 0.38627112372180233,
    "ARS_0": 0.3311039798066043,
    "maturity_t": 0.7070024686766065,
    "early_diff_slow": 0.36067343718324074,
    "early_diff_fast": 0.6623962485363832,
    "early_diff_very_fast": 0.7739737590881742,
    "late_diff_slow": 0.28099471848273,
    "late_diff_fast": 0.6516210122137626,
    "a_early_diff_stim": 1.4032700495879127,
    "a_early_diff_inhib": 0.4907416378512555,
    "a_late_diff_stim": 0.7149694308990673,
    "a_late_diff_inhib": 0.255725803439615,
    "diff_time": 863.6972190926637,
    "a_Valles_2020_ALP": 356.7470601934667,
    "a_Valles_2020_ARS": 609.9681756595123
}