{
    "ALP_M_n": 1.030837641787451,
    "ARS_M_n": 0.9882137086640612,
    "ALP_0": 0.10380857682109225,
    "ARS_0": 0.42748769699715555,
    "maturity_t": 0.7825742122455196,
    "early_diff_slow": 0.2512403530083183,
    "early_diff_fast": 0.6058538475614631,
    "early_diff_very_fast": 0.8105940260384719,
    "late_diff_slow": 0.29897198684256504,
    "late_diff_fast": 0.7022375195505592,
    "a_early_diff_stim": 3.086501541722876,
    "a_early_diff_inhib": 0.4423692268013104,
    "a_late_diff_stim": 3.9888014457374643,
    "a_late_diff_inhib": 0.594687229342081,
    "diff_time": 1024.903312899272,
    "a_Valles_2020_ALP": 475.50569986463614,
    "a_Valles_2020_ARS": 597.954841727557
}