{
    "ALP_M_n": 2.639519563910455,
    "ARS_M_n": 1.5590467995830615,
    "ALP_0": 0.16822344944550985,
    "ARS_0": 0.2514432726432575,
    "maturity_t": 0.693640874159646,
    "early_diff_slow": 0.37094498729496844,
    "early_diff_fast": 0.7101444698530259,
    "early_diff_very_fast": 0.8298746700212375,
    "late_diff_slow": 0.3483054985950436,
    "late_diff_fast": 0.7459046772026663,
    "a_early_diff_stim": 0.6733319369481952,
    "a_early_diff_inhib": 0.32422702521453883,
    "a_late_diff_stim": 2.536021966669918,
    "a_late_diff_inhib": 0.014939935518836545,
    "diff_time": 740.3000091001359,
    "a_Valles_2020_ALP": 700.0869932039967,
    "a_Valles_2020_ARS": 612.0460362109147
}