{
    "ALP_M_n": 1.970859571846954,
    "ARS_M_n": 1.2880760678055307,
    "ALP_0": 0.19262437878532554,
    "ARS_0": 0.6483690376569172,
    "maturity_t": 0.6020710066485289,
    "early_diff_slow": 0.15776854788952827,
    "early_diff_fast": 0.5745215877722966,
    "early_diff_very_fast": 0.7373334227807217,
    "late_diff_slow": 0.2097344355904511,
    "late_diff_fast": 0.7370813636126441,
    "a_early_diff_stim": 2.7051218862885946,
    "a_early_diff_inhib": 0.23551823679516593,
    "a_late_diff_stim": 2.085206673727322,
    "a_late_diff_inhib": 0.9844999786215659,
    "diff_time": 952.7234610091069,
    "a_Valles_2020_ALP": 660.8045789411137,
    "a_Valles_2020_ARS": 445.67391719369687
}