{
    "ALP_M_n": 3.447062741471218,
    "ARS_M_n": 1.365900038827926,
    "ALP_0": 0.5908974984239104,
    "ARS_0": 0.20036277755103718,
    "maturity_t": 0.6950850139109522,
    "early_diff_slow": 0.13582721429416128,
    "early_diff_fast": 0.5390149321615261,
    "early_diff_very_fast": 0.8216924442261156,
    "late_diff_slow": 0.331404517608742,
    "late_diff_fast": 0.7247019896595851,
    "a_early_diff_stim": 3.796610004867585,
    "a_early_diff_inhib": 0.4167226743442477,
    "a_late_diff_stim": 2.4445614307854586,
    "a_late_diff_inhib": 0.8116911267113184,
    "diff_time": 753.2711164403734,
    "a_Valles_2020_ALP": 176.48555482240826,
    "a_Valles_2020_ARS": 663.0937785121672
}