{
    "ALP_M_n": 2.130543007503681,
    "ARS_M_n": 1.580834412992302,
    "ALP_0": 0.25430297207130165,
    "ARS_0": 0.6345138082854804,
    "maturity_t": 0.6780617591958279,
    "early_diff_slow": 0.1888598331792255,
    "early_diff_fast": 0.620836367487583,
    "early_diff_very_fast": 0.7043679844657755,
    "late_diff_slow": 0.21697702372662594,
    "late_diff_fast": 0.7948027625515292,
    "a_early_diff_stim": 1.8016069572114592,
    "a_early_diff_inhib": 0.2970485493890348,
    "a_late_diff_stim": 2.402743077111392,
    "a_late_diff_inhib": 0.5305194617888364,
    "diff_time": 831.9294464930454,
    "a_Valles_2020_ALP": 487.5843074189127,
    "a_Valles_2020_ARS": 391.2116099861321
}