{
    "ALP_M_n": 1.734214456263633,
    "ARS_M_n": 0.9406838607283012,
    "ALP_0": 0.3315682774155,
    "ARS_0": 0.34285664779191777,
    "maturity_t": 0.7550914221876323,
    "early_diff_slow": 0.18110408956301682,
    "early_diff_fast": 0.6442666560284536,
    "early_diff_very_fast": 0.7869601371627645,
    "late_diff_slow": 0.35569290243843665,
    "late_diff_fast": 0.7521502236374865,
    "a_early_diff_stim": 1.847113141702692,
    "a_early_diff_inhib": 0.20385264649830992,
    "a_late_diff_stim": 0.2891999099173188,
    "a_late_diff_inhib": 0.5942757111355901,
    "diff_time": 1001.4046013520081,
    "a_Valles_2020_ALP": 403.5747659349188,
    "a_Valles_2020_ARS": 643.5939026401579
}