{
    "ALP_M_n": 2.401020639242135,
    "ARS_M_n": 0.9068174178505586,
    "ALP_0": 0.649378985886301,
    "ARS_0": 0.3816862665472277,
    "maturity_t": 0.6641381315366875,
    "early_diff_slow": 0.3646629132416238,
    "early_diff_fast": 0.6947254443660422,
    "early_diff_very_fast": 0.8156804357358913,
    "late_diff_slow": 0.3064966131191183,
    "late_diff_fast": 0.6507916398598259,
    "a_early_diff_stim": 1.8978862863574097,
    "a_early_diff_inhib": 0.4891492252563785,
    "a_late_diff_stim": 0.4164594983801386,
    "a_late_diff_inhib": 0.5553597404933025,
    "diff_time": 1066.6038235496874,
    "a_Valles_2020_ALP": 218.1886697202346,
    "a_Valles_2020_ARS": 634.0879785738067
}