{
    "ALP_M_n": 3.3591089815067563,
    "ARS_M_n": 1.3107341884745494,
    "ALP_0": 0.3847778555030293,
    "ARS_0": 0.1583785147655007,
    "maturity_t": 0.7747010486457009,
    "early_diff_slow": 0.23559028480169963,
    "early_diff_fast": 0.733887120719082,
    "early_diff_very_fast": 0.85993017362641,
    "late_diff_slow": 0.25492521570534576,
    "late_diff_fast": 0.7889244539591431,
    "a_early_diff_stim": 0.7073332639194937,
    "a_early_diff_inhib": 0.45202359494011124,
    "a_late_diff_stim": 3.8183286884815804,
    "a_late_diff_inhib": 0.5785571783700628,
    "diff_time": 925.6975543034115,
    "a_Valles_2020_ALP": 531.0079881947146,
    "a_Valles_2020_ARS": 873.0835158989389
}