{
    "ALP_M_n": 1.3567023532064717,
    "ARS_M_n": 1.2797356082178084,
    "ALP_0": 0.4068009774662588,
    "ARS_0": 0.8031989419667285,
    "maturity_t": 0.8715249121638586,
    "early_diff_slow": 0.3032550969345316,
    "early_diff_fast": 0.6261402780079854,
    "early_diff_very_fast": 0.7627410729174462,
    "late_diff_slow": 0.32698740876460686,
    "late_diff_fast": 0.7557299000173063,
    "a_early_diff_stim": 3.1524137296907466,
    "a_early_diff_inhib": 0.22057014291836152,
    "a_late_diff_stim": 3.8855234668372,
    "a_late_diff_inhib": 0.821461774112563,
    "diff_time": 1053.5774113540651,
    "a_Valles_2020_ALP": 308.9404473370153,
    "a_Valles_2020_ARS": 399.7152854255836
}