{
    "ALP_M_n": 1.8093426806065822,
    "ARS_M_n": 1.350294910823702,
    "ALP_0": 0.3064010646734906,
    "ARS_0": 0.6217428511496071,
    "maturity_t": 0.7092069243096443,
    "early_diff_slow": 0.15691357022081273,
    "early_diff_fast": 0.5572467225698637,
    "early_diff_very_fast": 0.7657392968400124,
    "late_diff_slow": 0.19969561808784347,
    "late_diff_fast": 0.7328090855693584,
    "a_early_diff_stim": 4.351064767780707,
    "a_early_diff_inhib": 0.6146988997977156,
    "a_late_diff_stim": 1.9748916050152154,
    "a_late_diff_inhib": 0.5003082586475428,
    "diff_time": 913.3320933855074,
    "a_Valles_2020_ALP": 408.0477799142252,
    "a_Valles_2020_ARS": 442.92476971066384
}