{
    "ALP_M_n": 2.338622141798539,
    "ARS_M_n": 1.2948144942088384,
    "ALP_0": 0.3511212149419177,
    "ARS_0": 0.4760250626572027,
    "maturity_t": 0.6597899131961706,
    "early_diff_slow": 0.30857840234573697,
    "early_diff_fast": 0.5436528382115127,
    "early_diff_very_fast": 0.9676758954821083,
    "late_diff_slow": 0.22875575896986805,
    "late_diff_fast": 0.7225845765496955,
    "a_early_diff_stim": 4.824359910482022,
    "a_early_diff_inhib": 0.3340894285411175,
    "a_late_diff_stim": 2.2824004151430413,
    "a_late_diff_inhib": 0.4135007766556702,
    "diff_time": 872.7975731267362,
    "a_Valles_2020_ALP": 409.47502428701245,
    "a_Valles_2020_ARS": 513.8905279023923
}