{
    "ALP_M_n": 4.284405421034601,
    "ARS_M_n": 1.7612707550861324,
    "ALP_0": 0.7574962819692622,
    "ARS_0": 0.2948870771196139,
    "maturity_t": 0.7113622236006641,
    "early_diff_slow": 0.2155329377744339,
    "early_diff_fast": 0.5789004488169853,
    "early_diff_very_fast": 0.7186967150432995,
    "late_diff_slow": 0.33727874757438525,
    "late_diff_fast": 0.6014134195378764,
    "a_early_diff_stim": 1.8325134814149868,
    "a_early_diff_inhib": 0.26068670899519847,
    "a_late_diff_stim": 1.8727600668080944,
    "a_late_diff_inhib": 0.1763926256236566,
    "diff_time": 703.2173163201873,
    "a_Valles_2020_ALP": 80.87965984656591,
    "a_Valles_2020_ARS": 538.944606607086
}