{
    "ALP_M_n": 1.7386617980772137,
    "ARS_M_n": 0.7343483573277887,
    "ALP_0": 0.26878678700831526,
    "ARS_0": 0.022566814782850803,
    "maturity_t": 0.6973810033489495,
    "early_diff_slow": 0.3161768550432344,
    "early_diff_fast": 0.5721779062057911,
    "early_diff_very_fast": 0.823918891543003,
    "late_diff_slow": 0.1680283368709141,
    "late_diff_fast": 0.6791852426778429,
    "a_early_diff_stim": 3.4365148690032443,
    "a_early_diff_inhib": 0.8211050175458638,
    "a_late_diff_stim": 2.312653654169829,
    "a_late_diff_inhib": 0.5470377262745562,
    "diff_time": 928.7615807021293,
    "a_Valles_2020_ALP": 445.900377606227,
    "a_Valles_2020_ARS": 836.216177362574
}