{
    "ALP_M_n": 1.8285054478237281,
    "ARS_M_n": 1.0111373981931768,
    "ALP_0": 0.24110196293824626,
    "ARS_0": 0.2741695882247118,
    "maturity_t": 0.6744866220332377,
    "early_diff_slow": 0.1685115884518785,
    "early_diff_fast": 0.5984443571981368,
    "early_diff_very_fast": 0.8739075106220968,
    "late_diff_slow": 0.2956767898624568,
    "late_diff_fast": 0.6291762089284897,
    "a_early_diff_stim": 2.2219569275387068,
    "a_early_diff_inhib": 0.34175682043338534,
    "a_late_diff_stim": 1.4736527287513375,
    "a_late_diff_inhib": 0.750642808433633,
    "diff_time": 910.2860304967734,
    "a_Valles_2020_ALP": 493.4922859929621,
    "a_Valles_2020_ARS": 665.6133736809403
}