{
    "ALP_M_n": 1.6061060890261625,
    "ARS_M_n": 0.8343692053791261,
    "ALP_0": 0.25670837794719453,
    "ARS_0": 0.2928809436264899,
    "maturity_t": 0.6516113043073256,
    "early_diff_slow": 0.20821510824759454,
    "early_diff_fast": 0.5952013322487876,
    "early_diff_very_fast": 0.808273949172587,
    "late_diff_slow": 0.23186454921845157,
    "late_diff_fast": 0.7738353639611976,
    "a_early_diff_stim": 3.652183364054223,
    "a_early_diff_inhib": 0.6608805260519762,
    "a_late_diff_stim": 4.470696838200398,
    "a_late_diff_inhib": 0.921368353048403,
    "diff_time": 1064.8408346992544,
    "a_Valles_2020_ALP": 490.21207539487807,
    "a_Valles_2020_ARS": 686.86002565955
}