{
    "ALP_M_n": 1.1145944994036152,
    "ARS_M_n": 0.7079087380722128,
    "ALP_0": 0.13951574929602648,
    "ARS_0": 0.12400156064926823,
    "maturity_t": 0.8270080546744066,
    "early_diff_slow": 0.2349212236055339,
    "early_diff_fast": 0.6327231677262468,
    "early_diff_very_fast": 0.7639541555890744,
    "late_diff_slow": 0.20236314252701545,
    "late_diff_fast": 0.857518822778321,
    "a_early_diff_stim": 2.5661068043026987,
    "a_early_diff_inhib": 0.18721541774660855,
    "a_late_diff_stim": 0.5112318133125844,
    "a_late_diff_inhib": 0.7653615415205872,
    "diff_time": 1041.7952428432397,
    "a_Valles_2020_ALP": 472.912235633995,
    "a_Valles_2020_ARS": 781.8093101277829
}