{
    "ALP_M_n": 2.258225855676802,
    "ARS_M_n": 1.1618188895037413,
    "ALP_0": 0.4768491426820082,
    "ARS_0": 0.5433384870442753,
    "maturity_t": 0.6622136148419775,
    "early_diff_slow": 0.31330694210774335,
    "early_diff_fast": 0.6450009434905366,
    "early_diff_very_fast": 0.7831825184402552,
    "late_diff_slow": 0.3726660298251673,
    "late_diff_fast": 0.7255768519684765,
    "a_early_diff_stim": 1.6596680246705962,
    "a_early_diff_inhib": 0.17921577032532943,
    "a_late_diff_stim": 1.3666849060960424,
    "a_late_diff_inhib": 0.553686253530618,
    "diff_time": 978.8704612084417,
    "a_Valles_2020_ALP": 313.0054634715948,
    "a_Valles_2020_ARS": 514.0647448872152
}