{
    "ALP_M_n": 4.883893903029397,
    "ARS_M_n": 1.7699547280833219,
    "ALP_0": 0.5974806207902795,
    "ARS_0": 0.29716947682899836,
    "maturity_t": 0.7945432046657702,
    "early_diff_slow": 0.23626738239785175,
    "early_diff_fast": 0.586237748262274,
    "early_diff_very_fast": 0.6450076887678876,
    "late_diff_slow": 0.14368739815258524,
    "late_diff_fast": 0.6801258878013761,
    "a_early_diff_stim": 1.5021961797807415,
    "a_early_diff_inhib": 0.34012632782150387,
    "a_late_diff_stim": 0.19073730287551616,
    "a_late_diff_inhib": 0.190546067637554,
    "diff_time": 936.801705928007,
    "a_Valles_2020_ALP": 249.00590422360213,
    "a_Valles_2020_ARS": 756.1862724754856
}