{
    "ALP_M_n": 2.734669299237424,
    "ARS_M_n": 1.510888091308623,
    "ALP_0": 0.6204317482737717,
    "ARS_0": 0.680406250623315,
    "maturity_t": 0.6988541795789789,
    "early_diff_slow": 0.22898218951706048,
    "early_diff_fast": 0.6578796394542584,
    "early_diff_very_fast": 0.8779110702031296,
    "late_diff_slow": 0.2553215814362153,
    "late_diff_fast": 0.8314222610153907,
    "a_early_diff_stim": 1.4645851733880637,
    "a_early_diff_inhib": 0.44840290075580636,
    "a_late_diff_stim": 4.139487018034478,
    "a_late_diff_inhib": 0.4667532276566311,
    "diff_time": 871.895317850086,
    "a_Valles_2020_ALP": 196.8623115423004,
    "a_Valles_2020_ARS": 388.0853286977359
}