{
    "ALP_M_n": 2.6133568643674243,
    "ARS_M_n": 1.237922506168181,
    "ALP_0": 0.48850919955145483,
    "ARS_0": 0.4285350142724485,
    "maturity_t": 0.6975311663725252,
    "early_diff_slow": 0.2551555602686195,
    "early_diff_fast": 0.6101443495479616,
    "early_diff_very_fast": 0.8187009922274027,
    "late_diff_slow": 0.24787984540018584,
    "late_diff_fast": 0.7472125839767938,
    "a_early_diff_stim": 2.450831690045457,
    "a_early_diff_inhib": 0.546730219993478,
    "a_late_diff_stim": 2.645298425037349,
    "a_late_diff_inhib": 0.5547308746666012,
    "diff_time": 919.4037242354892,
    "a_Valles_2020_ALP": 318.0601825725364,
    "a_Valles_2020_ARS": 569.2165560197355
}