{
    "ALP_M_n": 4.193595434794322,
    "ARS_M_n": 0.8657886748638663,
    "ALP_0": 0.8827239067520523,
    "ARS_0": 0.22070986131261772,
    "maturity_t": 0.5802715476620524,
    "early_diff_slow": 0.11372618655956976,
    "early_diff_fast": 0.6057372542688204,
    "early_diff_very_fast": 0.7801600267960904,
    "late_diff_slow": 0.341195510114666,
    "late_diff_fast": 0.7799668316908284,
    "a_early_diff_stim": 1.9848960215201576,
    "a_early_diff_inhib": 0.6460966349700328,
    "a_late_diff_stim": 0.986444324334133,
    "a_late_diff_inhib": 0.05847779375104123,
    "diff_time": 978.5652286174108,
    "a_Valles_2020_ALP": 85.06694491675523,
    "a_Valles_2020_ARS": 716.3166298790851
}