{
    "ALP_M_n": 4.268383904072648,
    "ARS_M_n": 1.8661091772891902,
    "ALP_0": 0.9397547270419696,
    "ARS_0": 0.9216665037565885,
    "maturity_t": 0.6532288933258139,
    "early_diff_slow": 0.3823934314645597,
    "early_diff_fast": 0.5753580958431206,
    "early_diff_very_fast": 0.9111064110038758,
    "late_diff_slow": 0.263910564802957,
    "late_diff_fast": 0.7169315711821304,
    "a_early_diff_stim": 2.670820457002916,
    "a_early_diff_inhib": 0.8443672101033607,
    "a_late_diff_stim": 3.742023391675308,
    "a_late_diff_inhib": 0.39706374710444503,
    "diff_time": 840.3956911493202,
    "a_Valles_2020_ALP": 57.442158633691406,
    "a_Valles_2020_ARS": 251.3547436208422
}