{
    "ALP_M_n": 2.4376132347894113,
    "ARS_M_n": 1.8145476315309446,
    "ALP_0": 0.09314572917540886,
    "ARS_0": 0.38527783886367195,
    "maturity_t": 0.6679916163350578,
    "early_diff_slow": 0.27637295768560477,
    "early_diff_fast": 0.6699442151401677,
    "early_diff_very_fast": 0.9660906467473258,
    "late_diff_slow": 0.1907346061732498,
    "late_diff_fast": 0.7100522082883478,
    "a_early_diff_stim": 0.6423189071770163,
    "a_early_diff_inhib": 0.7806126016132315,
    "a_late_diff_stim": 2.3711822601291015,
    "a_late_diff_inhib": 0.8239702271528042,
    "diff_time": 717.7295280994432,
    "a_Valles_2020_ALP": 817.1092476322481,
    "a_Valles_2020_ARS": 471.288476477704
}