{
    "ALP_M_n": 2.8864904378894862,
    "ARS_M_n": 0.9880651227114561,
    "ALP_0": 0.39889161299443926,
    "ARS_0": 0.08039899834407584,
    "maturity_t": 0.5532781497544106,
    "early_diff_slow": 0.14535530637869223,
    "early_diff_fast": 0.6099809130184787,
    "early_diff_very_fast": 0.6977739715290991,
    "late_diff_slow": 0.2773718311109777,
    "late_diff_fast": 0.7999114009463427,
    "a_early_diff_stim": 1.6222818908319694,
    "a_early_diff_inhib": 0.08014820812136914,
    "a_late_diff_stim": 4.630641531437462,
    "a_late_diff_inhib": 0.366549686939913,
    "diff_time": 998.1281503866256,
    "a_Valles_2020_ALP": 485.40924207836264,
    "a_Valles_2020_ARS": 933.6314389702346
}