{
    "ALP_M_n": 2.7440985223685184,
    "ARS_M_n": 1.712034114673995,
    "ALP_0": 0.5047404155493336,
    "ARS_0": 0.8480671214573965,
    "maturity_t": 0.6769486231047057,
    "early_diff_slow": 0.21512964587274852,
    "early_diff_fast": 0.6055590927073384,
    "early_diff_very_fast": 0.6976241896774752,
    "late_diff_slow": 0.14330317576296603,
    "late_diff_fast": 0.7095102779975933,
    "a_early_diff_stim": 1.9390707113065955,
    "a_early_diff_inhib": 0.6608764818288282,
    "a_late_diff_stim": 3.0124032378299503,
    "a_late_diff_inhib": 0.14703216616456266,
    "diff_time": 975.8199922560623,
    "a_Valles_2020_ALP": 313.34730174766366,
    "a_Valles_2020_ARS": 323.0375158185367
}