{
    "ALP_M_n": 2.4371268217730324,
    "ARS_M_n": 0.9169590109108614,
    "ALP_0": 0.5025149170734868,
    "ARS_0": 0.2724243744907978,
    "maturity_t": 0.6457161585060006,
    "early_diff_slow": 0.1645398017900946,
    "early_diff_fast": 0.6243370180005485,
    "early_diff_very_fast": 0.7770113891289812,
    "late_diff_slow": 0.206913433269131,
    "late_diff_fast": 0.8997577954623854,
    "a_early_diff_stim": 2.140309885796541,
    "a_early_diff_inhib": 0.976420767776838,
    "a_late_diff_stim": 0.5432098799113947,
    "a_late_diff_inhib": 0.5139234142386477,
    "diff_time": 975.7382528208143,
    "a_Valles_2020_ALP": 299.88191910826566,
    "a_Valles_2020_ARS": 682.2313311168718
}