{
    "ALP_M_n": 2.874136971415233,
    "ARS_M_n": 1.1677729645049606,
    "ALP_0": 0.5383469330542325,
    "ARS_0": 0.3419293264949705,
    "maturity_t": 0.7830267912907872,
    "early_diff_slow": 0.15622232119684104,
    "early_diff_fast": 0.7389472501561531,
    "early_diff_very_fast": 0.9200789802454329,
    "late_diff_slow": 0.31741162465160633,
    "late_diff_fast": 0.6363656151135746,
    "a_early_diff_stim": 0.8848124616308368,
    "a_early_diff_inhib": 0.6589496868293321,
    "a_late_diff_stim": 2.6732119221592114,
    "a_late_diff_inhib": 0.632227106534691,
    "diff_time": 951.1935201734743,
    "a_Valles_2020_ALP": 278.14148720697887,
    "a_Valles_2020_ARS": 645.570707053524
}