{
    "ALP_M_n": 1.679306081602265,
    "ARS_M_n": 0.9078155269383785,
    "ALP_0": 0.2677093428950358,
    "ARS_0": 0.23849121365161197,
    "maturity_t": 0.6976708855418888,
    "early_diff_slow": 0.19428494241117059,
    "early_diff_fast": 0.5723018400956563,
    "early_diff_very_fast": 0.908493762987435,
    "late_diff_slow": 0.11500580652914935,
    "late_diff_fast": 0.7256661903884587,
    "a_early_diff_stim": 3.4779785932270215,
    "a_early_diff_inhib": 0.4126125576997972,
    "a_late_diff_stim": 4.168860586432178,
    "a_late_diff_inhib": 0.6333514387716978,
    "diff_time": 951.5082581092131,
    "a_Valles_2020_ALP": 445.0301766478861,
    "a_Valles_2020_ARS": 698.9931058868985
}