{
    "ALP_M_n": 3.862050373068102,
    "ARS_M_n": 1.2411229998630073,
    "ALP_0": 0.8487725709539241,
    "ARS_0": 0.27579559854962954,
    "maturity_t": 0.6810634019633827,
    "early_diff_slow": 0.34933375805485267,
    "early_diff_fast": 0.5666559473217646,
    "early_diff_very_fast": 0.8730584941056916,
    "late_diff_slow": 0.3598549183406489,
    "late_diff_fast": 0.732682144199687,
    "a_early_diff_stim": 3.190230768378443,
    "a_early_diff_inhib": 0.9946188600742676,
    "a_late_diff_stim": 4.8297396353316655,
    "a_late_diff_inhib": 0.5211106208770606,
    "diff_time": 810.9886439446868,
    "a_Valles_2020_ALP": 81.1515181366367,
    "a_Valles_2020_ARS": 628.3956074298196
}