{
    "ALP_M_n": 2.585639675672305,
    "ARS_M_n": 0.7452820819747906,
    "ALP_0": 0.3273699061098566,
    "ARS_0": 0.03907292864721169,
    "maturity_t": 0.5887399663026044,
    "early_diff_slow": 0.2950988692647853,
    "early_diff_fast": 0.5429038446681822,
    "early_diff_very_fast": 0.8054972383851698,
    "late_diff_slow": 0.16735000826604232,
    "late_diff_fast": 0.7383737250311357,
    "a_early_diff_stim": 4.165544455949533,
    "a_early_diff_inhib": 0.3950593986370954,
    "a_late_diff_stim": 2.466602694269537,
    "a_late_diff_inhib": 0.9059577847107739,
    "diff_time": 932.7816483585372,
    "a_Valles_2020_ALP": 526.8022857599423,
    "a_Valles_2020_ARS": 826.0625568396194
}