{
    "ALP_M_n": 2.3441183426752135,
    "ARS_M_n": 1.4412816531724681,
    "ALP_0": 0.7271552514854558,
    "ARS_0": 0.7847976318172896,
    "maturity_t": 0.7592491313312036,
    "early_diff_slow": 0.1730945995839187,
    "early_diff_fast": 0.6488588556731819,
    "early_diff_very_fast": 0.8137044038359406,
    "late_diff_slow": 0.2271578042000755,
    "late_diff_fast": 0.7222542211484266,
    "a_early_diff_stim": 2.144048618280744,
    "a_early_diff_inhib": 0.16964757649957285,
    "a_late_diff_stim": 4.956514852031413,
    "a_late_diff_inhib": 0.3861725272756726,
    "diff_time": 943.6910975956456,
    "a_Valles_2020_ALP": 166.0026218101683,
    "a_Valles_2020_ARS": 368.8660559002862
}