{
    "ALP_M_n": 2.6093490946354416,
    "ARS_M_n": 1.7967397207486207,
    "ALP_0": 0.4862078436428831,
    "ARS_0": 0.7270036487487426,
    "maturity_t": 0.7166272574311294,
    "early_diff_slow": 0.3717537154702914,
    "early_diff_fast": 0.5434123251750494,
    "early_diff_very_fast": 0.9882582515565577,
    "late_diff_slow": 0.23209679340112485,
    "late_diff_fast": 0.8716967374469505,
    "a_early_diff_stim": 4.764284354054649,
    "a_early_diff_inhib": 0.23582263865692232,
    "a_late_diff_stim": 0.5763587097980065,
    "a_late_diff_inhib": 0.9875194883593663,
    "diff_time": 802.0234271117421,
    "a_Valles_2020_ALP": 259.396073132422,
    "a_Valles_2020_ARS": 318.4664273188472
}