{
    "ALP_M_n": 3.288902776473349,
    "ARS_M_n": 1.4647157004217224,
    "ALP_0": 0.7223318620362728,
    "ARS_0": 0.6886185924871021,
    "maturity_t": 0.6553984819773196,
    "early_diff_slow": 0.17684776376158232,
    "early_diff_fast": 0.5964469318344583,
    "early_diff_very_fast": 0.8077941806297273,
    "late_diff_slow": 0.19845570387182626,
    "late_diff_fast": 0.7004053587338568,
    "a_early_diff_stim": 2.596864304582842,
    "a_early_diff_inhib": 0.5851869203586897,
    "a_late_diff_stim": 4.238374694698006,
    "a_late_diff_inhib": 0.23106547505374486,
    "diff_time": 891.853972660706,
    "a_Valles_2020_ALP": 146.58274542805077,
    "a_Valles_2020_ARS": 394.7983748483266
}