{
    "ALP_M_n": 2.853312699311355,
    "ARS_M_n": 1.512251250766264,
    "ALP_0": 0.6497840077065008,
    "ARS_0": 0.6669178903709736,
    "maturity_t": 0.6963107906359747,
    "early_diff_slow": 0.34664803090936736,
    "early_diff_fast": 0.6406337648731083,
    "early_diff_very_fast": 0.9609933652515441,
    "late_diff_slow": 0.24828049852074988,
    "late_diff_fast": 0.7680894053546425,
    "a_early_diff_stim": 1.6863331441094866,
    "a_early_diff_inhib": 0.6805763736843033,
    "a_late_diff_stim": 3.5808916732914624,
    "a_late_diff_inhib": 0.395667242542926,
    "diff_time": 865.7626784224358,
    "a_Valles_2020_ALP": 179.86886052693524,
    "a_Valles_2020_ARS": 392.85201919426476
}