{
    "ALP_M_n": 2.757860109186873,
    "ARS_M_n": 1.5585545338330904,
    "ALP_0": 0.29113216443956635,
    "ARS_0": 0.2385967904514419,
    "maturity_t": 0.8638314894134888,
    "early_diff_slow": 0.1859908155215081,
    "early_diff_fast": 0.686398559265259,
    "early_diff_very_fast": 0.7970042662754012,
    "late_diff_slow": 0.31237725604735156,
    "late_diff_fast": 0.8315171431649532,
    "a_early_diff_stim": 0.8450857624967212,
    "a_early_diff_inhib": 0.5303657192401835,
    "a_late_diff_stim": 0.9424651915731286,
    "a_late_diff_inhib": 0.742058919624667,
    "diff_time": 723.3581233087505,
    "a_Valles_2020_ALP": 433.14415315022615,
    "a_Valles_2020_ARS": 609.6419204278208
}