{
    "ALP_M_n": 3.6435979472985784,
    "ARS_M_n": 1.2120128862880422,
    "ALP_0": 0.6017507532283657,
    "ARS_0": 0.2346894351248161,
    "maturity_t": 0.7641287982416095,
    "early_diff_slow": 0.23977600145516875,
    "early_diff_fast": 0.7178605240338394,
    "early_diff_very_fast": 0.8284031792492668,
    "late_diff_slow": 0.24204547193255538,
    "late_diff_fast": 0.6798580752465099,
    "a_early_diff_stim": 0.9666491952364049,
    "a_early_diff_inhib": 0.3378180265352035,
    "a_late_diff_stim": 2.1931299411706173,
    "a_late_diff_inhib": 0.5139038685212445,
    "diff_time": 1009.8481247755391,
    "a_Valles_2020_ALP": 256.01835499005256,
    "a_Valles_2020_ARS": 800.3917705747197
}