{
    "ALP_M_n": 2.588001827499935,
    "ARS_M_n": 1.3213839144601094,
    "ALP_0": 0.4658066397490272,
    "ARS_0": 0.5047901865320481,
    "maturity_t": 0.7059396472871664,
    "early_diff_slow": 0.2500562041389323,
    "early_diff_fast": 0.6182370453206143,
    "early_diff_very_fast": 0.7944850622571146,
    "late_diff_slow": 0.2479460411271905,
    "late_diff_fast": 0.7497335666898107,
    "a_early_diff_stim": 2.3003471392266164,
    "a_early_diff_inhib": 0.5113601781066824,
    "a_late_diff_stim": 2.4514011445537824,
    "a_late_diff_inhib": 0.5265214377471775,
    "diff_time": 938.8410197180134,
    "a_Valles_2020_ALP": 357.43180752199294,
    "a_Valles_2020_ARS": 528.4849089734035
}