{
    "ALP_M_n": 1.7222683634762368,
    "ARS_M_n": 0.9721270144357722,
    "ALP_0": 0.3932753626203706,
    "ARS_0": 0.4390548004878289,
    "maturity_t": 0.7046393046480027,
    "early_diff_slow": 0.37117638549849363,
    "early_diff_fast": 0.5908892782672515,
    "early_diff_very_fast": 0.7659257929760616,
    "late_diff_slow": 0.31944816422471656,
    "late_diff_fast": 0.7192932130387256,
    "a_early_diff_stim": 3.377798415538028,
    "a_early_diff_inhib": 0.7267914352977571,
    "a_late_diff_stim": 0.1045277727881464,
    "a_late_diff_inhib": 0.3833000726003,
    "diff_time": 1048.7976406815467,
    "a_Valles_2020_ALP": 357.5821515897182,
    "a_Valles_2020_ARS": 596.6872878862908
}