{
    "ALP_M_n": 1.8076382007441036,
    "ARS_M_n": 1.906311141909245,
    "ALP_0": 0.2571791517590644,
    "ARS_0": 0.9499062409216783,
    "maturity_t": 0.8185170745866808,
    "early_diff_slow": 0.28726270203062637,
    "early_diff_fast": 0.5808434794830745,
    "early_diff_very_fast": 0.6297689582653256,
    "late_diff_slow": 0.23657668870938514,
    "late_diff_fast": 0.843093523741926,
    "a_early_diff_stim": 3.2173664030007054,
    "a_early_diff_inhib": 0.41458733744452997,
    "a_late_diff_stim": 3.3321943277262682,
    "a_late_diff_inhib": 0.4628727022746737,
    "diff_time": 841.3192243425192,
    "a_Valles_2020_ALP": 427.8990969864122,
    "a_Valles_2020_ARS": 238.27598295758497
}