{
    "ALP_M_n": 1.326753462429596,
    "ARS_M_n": 0.8396660620471775,
    "ALP_0": 0.281974599435397,
    "ARS_0": 0.13489762641079175,
    "maturity_t": 0.8357298245536973,
    "early_diff_slow": 0.21580123506708107,
    "early_diff_fast": 0.5794966205210788,
    "early_diff_very_fast": 0.8551387740302354,
    "late_diff_slow": 0.24645571351259787,
    "late_diff_fast": 0.846203774760551,
    "a_early_diff_stim": 4.085826932261338,
    "a_early_diff_inhib": 0.97505936708176,
    "a_late_diff_stim": 3.70657861048156,
    "a_late_diff_inhib": 0.6285960387351145,
    "diff_time": 941.2525650978788,
    "a_Valles_2020_ALP": 362.3525618264265,
    "a_Valles_2020_ARS": 764.3172420282449
}