{
    "ALP_M_n": 1.3760966180243774,
    "ARS_M_n": 1.2204384272655513,
    "ALP_0": 0.06648733069973649,
    "ARS_0": 0.2888043576656312,
    "maturity_t": 0.746904854754097,
    "early_diff_slow": 0.3059253291050358,
    "early_diff_fast": 0.5854364572510834,
    "early_diff_very_fast": 0.7961983072201394,
    "late_diff_slow": 0.1773701558462728,
    "late_diff_fast": 0.8324806443280118,
    "a_early_diff_stim": 2.5922175157882945,
    "a_early_diff_inhib": 0.5890391225536437,
    "a_late_diff_stim": 1.076441668296229,
    "a_late_diff_inhib": 0.27683103974339357,
    "diff_time": 823.2934399486335,
    "a_Valles_2020_ALP": 557.7363212088374,
    "a_Valles_2020_ARS": 624.2866105625077
}