{
    "ALP_M_n": 2.9223944439273537,
    "ARS_M_n": 1.206951684638219,
    "ALP_0": 0.7398415868157744,
    "ARS_0": 0.6313948540330353,
    "maturity_t": 0.6487802276387284,
    "early_diff_slow": 0.15371936336115988,
    "early_diff_fast": 0.5652852535049784,
    "early_diff_very_fast": 0.7720843162292353,
    "late_diff_slow": 0.27936774061542347,
    "late_diff_fast": 0.8391849472585027,
    "a_early_diff_stim": 4.2308637898413,
    "a_early_diff_inhib": 0.552844780440762,
    "a_late_diff_stim": 0.09903879231373613,
    "a_late_diff_inhib": 0.46970064495491,
    "diff_time": 993.2128519764866,
    "a_Valles_2020_ALP": 160.53089329794796,
    "a_Valles_2020_ARS": 470.1272268269459
}