{"a_Ber_2016_ALP": 0.6752030267152734, "a_Ber_2016_OC": 0.1567251610245759, "a_Valles_2020_ALP": 199.19817235783103, "a_Valles_2020_ARS": 572.2057101972559, "a_Chen_2018_ALP": 9.934932000592765, "a_Chen_2018_ARS": 3.2706993309000314, "a_Qiao_2021_ALP": 21.39293952732418, "a_early_diff_stim": 6.072753528575882, "a_early_diff_inhib": 3.5747776374352425, "a_late_diff_stim": 10.782927604751677, "a_late_diff_inhib": 10.33615533056006, "early_diff_slow": 0.1963532093386007, "early_diff_fast": 0.6667645918127748, "early_diff_very_fast": 0.6065554570037959, "late_diff_slow": 0.3755014107823532, "late_diff_fast": 0.8546433356490523, "Mg_stim": 9.896654789074198, "Mg_dest": 32.436909543112854, "IL1b_ineffective": 177.46083222599475, "IL1b_stim": 1.4101981236381, "IL8_favorable": 2.4573197917729246, "ALP_M_n": 3.0294798011388013, "ARS_M_n": 1.2077830544936767, "OC_M_n": 0.30855938357567486, "ALP_0": 0.5001293776456897, "ARS_0": 0.19393447624679128, "OC_0": 5.579395085108661, "diff_time": 670.1452294076528, "maturity_t": 0.7781035837113669}