{"a_Ber_2016_ALP": 0.5446187840499241, "a_Ber_2016_OC": 0.6870941311020715, "a_Valles_2020_ALP": 186.88841007755494, "a_Valles_2020_ARS": 530.9424818743627, "a_Chen_2018_ALP": 9.763879430742499, "a_Chen_2018_ARS": 3.214564114721238, "a_Qiao_2021_ALP": 20.094584108907224, "a_early_diff_stim": 5.986334593972278, "a_early_diff_inhib": 10.701814202628059, "a_late_diff_stim": 14.11081083184197, "a_late_diff_inhib": 7.705151132292451, "early_diff_slow": 0.2930897917163328, "early_diff_fast": 0.6544431562767572, "early_diff_very_fast": 0.604743373702392, "late_diff_slow": 0.10716140532168311, "late_diff_fast": 0.7107007543152599, "Mg_stim": 9.955531287441579, "Mg_dest": 29.31142402572719, "IL1b_ineffective": 183.03778682412934, "IL1b_stim": 1.3890855527475843, "IL8_favorable": 2.393125266522965, "ALP_M_n": 3.5267674795914776, "ARS_M_n": 1.656655476413645, "OC_M_n": 0.08079058322012472, "ALP_0": 0.5631465334232684, "ARS_0": 0.3031099819792962, "OC_0": 4.30559073156504, "diff_time": 736.4133421519343, "maturity_t": 0.6936902939063763}