{"a_Ber_2016_ALP": 0.6218946240264273, "a_Ber_2016_OC": 0.2845544567296136, "a_Valles_2020_ALP": 202.99189989296914, "a_Valles_2020_ARS": 535.2381215742794, "a_Chen_2018_ALP": 9.935386729602799, "a_Chen_2018_ARS": 2.9971170247344974, "a_Qiao_2021_ALP": 21.555309100689882, "a_early_diff_stim": 4.542757262855714, "a_early_diff_inhib": 10.719628601339027, "a_late_diff_stim": 3.8203254794344677, "a_late_diff_inhib": 2.665460729671006, "early_diff_slow": 0.3229603740147781, "early_diff_fast": 0.7231495758146883, "early_diff_very_fast": 0.6474052075783693, "late_diff_slow": 0.2891725324150329, "late_diff_fast": 0.8889486380216574, "Mg_stim": 9.8276895431299, "Mg_dest": 23.952782988402625, "IL1b_ineffective": 180.206795454636, "IL1b_stim": 1.4103605297594086, "IL8_favorable": 2.4093053786211485, "ALP_M_n": 2.9218200085652564, "ARS_M_n": 1.32248636153148, "OC_M_n": 0.032958498372847804, "ALP_0": 0.4856298690302609, "ARS_0": 0.2285028895886653, "OC_0": 9.905655296361427, "diff_time": 664.3968400622762, "maturity_t": 0.8008491212615944}