{"a_Ber_2016_ALP": 0.46590500053672634, "a_Ber_2016_OC": 0.08701078120463689, "a_Valles_2020_ALP": 193.83960291373856, "a_Valles_2020_ARS": 540.6576919892111, "a_Chen_2018_ALP": 9.538621147998322, "a_Chen_2018_ARS": 3.172635539015383, "a_Qiao_2021_ALP": 20.694917449919796, "a_early_diff_stim": 6.2316817540420875, "a_early_diff_inhib": 8.08945329219564, "a_late_diff_stim": 7.663349179123613, "a_late_diff_inhib": 15.562110330062565, "early_diff_slow": 0.2548467103422947, "early_diff_fast": 0.6589460694233292, "early_diff_very_fast": 0.6044428072936532, "late_diff_slow": 0.19650619033431532, "late_diff_fast": 0.8047844880037479, "Mg_stim": 9.784639383644656, "Mg_dest": 34.84094718242749, "IL1b_ineffective": 180.94068320251972, "IL1b_stim": 1.4234884406162198, "IL8_favorable": 2.4236404793518247, "ALP_M_n": 3.195308598829893, "ARS_M_n": 1.3963190815170832, "OC_M_n": 0.9876286755377073, "ALP_0": 0.5324037223585173, "ARS_0": 0.256606750426276, "OC_0": 7.922336942573133, "diff_time": 703.9633341344379, "maturity_t": 0.7427903509257006}