{"a_Ber_2016_ALP": 0.6057291283846051, "a_Ber_2016_OC": 0.2702921925263051, "a_Valles_2020_ALP": 155.72423340656437, "a_Valles_2020_ARS": 476.800365462, "a_Chen_2018_ALP": 9.229695279564991, "a_Chen_2018_ARS": 2.877472169692302, "a_Qiao_2021_ALP": 16.93574291029586, "a_early_diff_stim": 4.9742578340292365, "a_early_diff_inhib": 4.0969362554385285, "a_late_diff_stim": 0.22929588717671018, "a_late_diff_inhib": 10.35936810518331, "early_diff_slow": 0.31951570318098604, "early_diff_fast": 0.6774235874905039, "early_diff_very_fast": 0.617685122146349, "late_diff_slow": 0.2687188903326265, "late_diff_fast": 0.7997472193130736, "Mg_stim": 9.903917441455269, "Mg_dest": 22.573666433072304, "IL1b_ineffective": 192.5108868632595, "IL1b_stim": 1.394611389105977, "IL8_favorable": 2.231835715414853, "ALP_M_n": 3.849017065038851, "ARS_M_n": 1.7002057155026677, "OC_M_n": 0.06764964831839934, "ALP_0": 0.5866262594114995, "ARS_0": 0.35421063607479203, "OC_0": 9.088526936196686, "diff_time": 699.1914372486773, "maturity_t": 0.7024068221001988}