{"a_Ber_2016_ALP": 0.5919239227226085, "a_Ber_2016_OC": 0.33237634615889927, "a_Valles_2020_ALP": 225.8692141498805, "a_Valles_2020_ARS": 516.4992662477998, "a_Chen_2018_ALP": 9.925190076374244, "a_Chen_2018_ARS": 2.6025939657535515, "a_Qiao_2021_ALP": 23.684345683308763, "a_early_diff_stim": 5.1176756415944915, "a_early_diff_inhib": 15.734981147005305, "a_late_diff_stim": 7.06744607257429, "a_late_diff_inhib": 13.933410935756667, "early_diff_slow": 0.27536048692369147, "early_diff_fast": 0.7187922050085364, "early_diff_very_fast": 0.6456654592649577, "late_diff_slow": 0.30516707649711106, "late_diff_fast": 0.7162796223046505, "Mg_stim": 9.666114770065388, "Mg_dest": 32.59747382239374, "IL1b_ineffective": 178.42777009775622, "IL1b_stim": 1.416750871206009, "IL8_favorable": 2.4921713766682814, "ALP_M_n": 2.6153109138568236, "ARS_M_n": 1.5954386096023028, "OC_M_n": 0.41158770358026797, "ALP_0": 0.4533877372488294, "ARS_0": 0.309220695479662, "OC_0": 7.718209933081508, "diff_time": 690.3914993717428, "maturity_t": 0.8247136013480874}