{"a_Ber_2016_ALP": 0.6298134700404155, "a_Ber_2016_OC": 0.5550792320376877, "a_Valles_2020_ALP": 171.1827966641829, "a_Valles_2020_ARS": 661.0725304672047, "a_Chen_2018_ALP": 9.19841096929807, "a_Chen_2018_ARS": 3.905276978154771, "a_Qiao_2021_ALP": 18.42829322128069, "a_early_diff_stim": 5.848049839916251, "a_early_diff_inhib": 15.373992721857007, "a_late_diff_stim": 11.631225281111519, "a_late_diff_inhib": 6.19912709413782, "early_diff_slow": 0.20701604197181206, "early_diff_fast": 0.6629320095277031, "early_diff_very_fast": 0.6058385446010858, "late_diff_slow": 0.25088328126221593, "late_diff_fast": 0.7843804425151392, "Mg_stim": 9.953911157915961, "Mg_dest": 21.571239097562692, "IL1b_ineffective": 187.43987366880623, "IL1b_stim": 1.3825904944303726, "IL8_favorable": 2.322548748408366, "ALP_M_n": 3.7629878240875008, "ARS_M_n": 1.239946748082246, "OC_M_n": 0.257791749473899, "ALP_0": 0.5898339587671078, "ARS_0": 0.16026447831131033, "OC_0": 2.819718788667895, "diff_time": 745.3827263398122, "maturity_t": 0.6788250354765707}