{"a_Ber_2016_ALP": 0.670306362700813, "a_Ber_2016_OC": 0.7583702055248746, "a_Valles_2020_ALP": 186.3122312161648, "a_Valles_2020_ARS": 625.7941915184915, "a_Chen_2018_ALP": 9.35736394016275, "a_Chen_2018_ARS": 3.736070533608216, "a_Qiao_2021_ALP": 20.370918724139237, "a_early_diff_stim": 6.002198177268857, "a_early_diff_inhib": 16.844357239619445, "a_late_diff_stim": 9.53100601978922, "a_late_diff_inhib": 10.261235687694617, "early_diff_slow": 0.3558516123363783, "early_diff_fast": 0.6626215315789192, "early_diff_very_fast": 0.6047865568999391, "late_diff_slow": 0.338168097149319, "late_diff_fast": 0.8761898603268399, "Mg_stim": 9.857506453102415, "Mg_dest": 34.00146648374961, "IL1b_ineffective": 181.8971541970758, "IL1b_stim": 1.4140498493242042, "IL8_favorable": 2.4205652764463395, "ALP_M_n": 3.580793623144445, "ARS_M_n": 1.314409923644136, "OC_M_n": 0.03873049459818612, "ALP_0": 0.5798677853977302, "ARS_0": 0.21044741060391822, "OC_0": 1.4911368638784488, "diff_time": 767.0103830184879, "maturity_t": 0.6678734804410942}