{"a_Ber_2016_ALP": 0.3621571580430041, "a_Ber_2016_OC": 0.5697316883885473, "a_Valles_2020_ALP": 186.96136742893287, "a_Valles_2020_ARS": 710.2454209913509, "a_Chen_2018_ALP": 9.807776738672786, "a_Chen_2018_ARS": 4.143282300090939, "a_Qiao_2021_ALP": 19.994691002632546, "a_early_diff_stim": 6.07736056170892, "a_early_diff_inhib": 6.885742448176665, "a_late_diff_stim": 11.323963198973924, "a_late_diff_inhib": 10.88320966618685, "early_diff_slow": 0.2316993752050954, "early_diff_fast": 0.6628496075171415, "early_diff_very_fast": 0.600690324467486, "late_diff_slow": 0.26054929169375274, "late_diff_fast": 0.6513674834729365, "Mg_stim": 9.693696494097932, "Mg_dest": 38.756911453684836, "IL1b_ineffective": 187.44644156021877, "IL1b_stim": 1.3840952720437212, "IL8_favorable": 2.3593774834751002, "ALP_M_n": 3.869958836928398, "ARS_M_n": 1.0976110918529192, "OC_M_n": 0.13825046935929478, "ALP_0": 0.5889169360827416, "ARS_0": 0.11885394486106325, "OC_0": 5.122830076911593, "diff_time": 780.254956294784, "maturity_t": 0.6439831799757945}