{"a_Ber_2016_ALP": 0.5286528843938224, "a_Ber_2016_OC": 0.25571988280764046, "a_Valles_2020_ALP": 186.71927946628097, "a_Valles_2020_ARS": 587.9854713046221, "a_Chen_2018_ALP": 9.686241979588354, "a_Chen_2018_ARS": 3.585845965004401, "a_Qiao_2021_ALP": 19.960541260059845, "a_early_diff_stim": 5.529984730083762, "a_early_diff_inhib": 18.360547041775664, "a_late_diff_stim": 11.425498312408243, "a_late_diff_inhib": 9.250069763420981, "early_diff_slow": 0.2231362040536154, "early_diff_fast": 0.6709218548222872, "early_diff_very_fast": 0.6144045455273832, "late_diff_slow": 0.3021784035452894, "late_diff_fast": 0.7989256125223659, "Mg_stim": 9.87431231520305, "Mg_dest": 22.92989736522799, "IL1b_ineffective": 184.2747978563695, "IL1b_stim": 1.3976405897329798, "IL8_favorable": 2.3463164286656735, "ALP_M_n": 3.547689503198588, "ARS_M_n": 1.356697370957506, "OC_M_n": 0.13043938894977383, "ALP_0": 0.565664709797559, "ARS_0": 0.23021144771559576, "OC_0": 1.3209955038594356, "diff_time": 740.873145173996, "maturity_t": 0.6918489413507399}