{"a_Ber_2016_ALP": 0.386616508529276, "a_Ber_2016_OC": 0.2748402911160949, "a_Valles_2020_ALP": 175.4141499093772, "a_Valles_2020_ARS": 547.1784067404592, "a_Chen_2018_ALP": 9.951692028960942, "a_Chen_2018_ARS": 3.3094823557636817, "a_Qiao_2021_ALP": 18.86942015819117, "a_early_diff_stim": 4.47463937882127, "a_early_diff_inhib": 10.151575884667647, "a_late_diff_stim": 3.4550061970594923, "a_late_diff_inhib": 10.752294175796182, "early_diff_slow": 0.3856721764846111, "early_diff_fast": 0.7060399146454235, "early_diff_very_fast": 0.6373323267452219, "late_diff_slow": 0.23525942202353067, "late_diff_fast": 0.8309194662591616, "Mg_stim": 9.984066139137832, "Mg_dest": 33.10228777845198, "IL1b_ineffective": 186.34300149886366, "IL1b_stim": 1.4074271793378692, "IL8_favorable": 2.252271919056035, "ALP_M_n": 3.6111477734563167, "ARS_M_n": 1.5023453583170985, "OC_M_n": 0.01791134601467732, "ALP_0": 0.5617135919456481, "ARS_0": 0.2639258908226832, "OC_0": 6.181523365358474, "diff_time": 709.7659263297522, "maturity_t": 0.7103961076169196}