{"a_Ber_2016_ALP": 0.4017059441499408, "a_Ber_2016_OC": 0.1962637419028502, "a_Valles_2020_ALP": 174.03646208701446, "a_Valles_2020_ARS": 569.1126659921371, "a_Chen_2018_ALP": 9.844078090213712, "a_Chen_2018_ARS": 3.4630739909822776, "a_Qiao_2021_ALP": 19.91894004866346, "a_early_diff_stim": 5.598007907530299, "a_early_diff_inhib": 16.342174630989657, "a_late_diff_stim": 7.70400548592361, "a_late_diff_inhib": 19.371478135440835, "early_diff_slow": 0.24630627136333297, "early_diff_fast": 0.666892509397738, "early_diff_very_fast": 0.6046234276223023, "late_diff_slow": 0.3403719355336192, "late_diff_fast": 0.6441968504621557, "Mg_stim": 9.862570942116138, "Mg_dest": 29.543800269746548, "IL1b_ineffective": 183.09832458051912, "IL1b_stim": 1.3664245830399686, "IL8_favorable": 2.3942631122584928, "ALP_M_n": 3.7236302396688554, "ARS_M_n": 1.4508585960971387, "OC_M_n": 0.17125176751065865, "ALP_0": 0.5758031893752974, "ARS_0": 0.26142132173648125, "OC_0": 6.963746526235761, "diff_time": 734.8788708369398, "maturity_t": 0.6688657065436034}