{"a_Ber_2016_ALP": 0.6936436251229714, "a_Ber_2016_OC": 0.268743385974241, "a_Valles_2020_ALP": 207.90545424036324, "a_Valles_2020_ARS": 622.6405739903888, "a_Chen_2018_ALP": 9.827107497906423, "a_Chen_2018_ARS": 3.453093314848993, "a_Qiao_2021_ALP": 22.175675287995578, "a_early_diff_stim": 6.520469883436713, "a_early_diff_inhib": 9.725330337952428, "a_late_diff_stim": 5.3898329757457635, "a_late_diff_inhib": 1.5171122308594747, "early_diff_slow": 0.2033267040139553, "early_diff_fast": 0.6586579564509283, "early_diff_very_fast": 0.6021504247145235, "late_diff_slow": 0.3587308363912546, "late_diff_fast": 0.7735743757288246, "Mg_stim": 9.88721993677174, "Mg_dest": 32.941286902475106, "IL1b_ineffective": 179.67372738728915, "IL1b_stim": 1.4283512612112421, "IL8_favorable": 2.4543437159234642, "ALP_M_n": 3.105904519864099, "ARS_M_n": 1.3510299879766785, "OC_M_n": 0.021772207071200346, "ALP_0": 0.5216334324063003, "ARS_0": 0.2028135535427021, "OC_0": 5.583941107346283, "diff_time": 722.551483720519, "maturity_t": 0.7342095408265048}