{"a_Ber_2016_ALP": 0.7425600222559322, "a_Ber_2016_OC": 0.27325136683947976, "a_Valles_2020_ALP": 252.94040346167077, "a_Valles_2020_ARS": 830.565436528962, "a_Chen_2018_ALP": 9.854323581454693, "a_Chen_2018_ARS": 4.207890070463048, "a_Qiao_2021_ALP": 23.24342829468976, "a_early_diff_stim": 3.5540673262461353, "a_early_diff_inhib": 11.05835603281956, "a_late_diff_stim": 11.241922651493297, "a_late_diff_inhib": 5.29348353964267, "early_diff_slow": 0.21725336970664422, "early_diff_fast": 0.5655106959956365, "early_diff_very_fast": 0.7272169848834527, "late_diff_slow": 0.2390723718986267, "late_diff_fast": 0.7269710279231597, "Mg_stim": 9.176592319738468, "Mg_dest": 27.269980784460046, "IL1b_ineffective": 193.99204774487745, "IL1b_stim": 1.3546823426493741, "IL8_favorable": 2.2327589992434125, "ALP_M_n": 3.6418576992892726, "ARS_M_n": 0.6762636977566832, "OC_M_n": 0.5337418335330154, "ALP_0": 0.596828523752573, "ARS_0": 0.03641175353710197, "OC_0": 6.645740632617248, "diff_time": 993.2269059980298, "maturity_t": 0.9546212422531574}