{"a_Ber_2016_ALP": 0.8525237636807158, "a_Ber_2016_OC": 0.2784620248405158, "a_Valles_2020_ALP": 296.2729342838673, "a_Valles_2020_ARS": 842.7999272902431, "a_Chen_2018_ALP": 9.96651947941369, "a_Chen_2018_ARS": 4.07905863226485, "a_Qiao_2021_ALP": 26.24227471185445, "a_early_diff_stim": 4.144718127425967, "a_early_diff_inhib": 16.36195692679309, "a_late_diff_stim": 13.729744470035495, "a_late_diff_inhib": 8.457919803257736, "early_diff_slow": 0.1354712844490984, "early_diff_fast": 0.5610668468647545, "early_diff_very_fast": 0.7162983243093489, "late_diff_slow": 0.2396203192443334, "late_diff_fast": 0.7226701699095729, "Mg_stim": 9.598454857822102, "Mg_dest": 24.24283380277612, "IL1b_ineffective": 190.0969581856025, "IL1b_stim": 1.3724865812788565, "IL8_favorable": 2.247528346350798, "ALP_M_n": 3.3062326392358057, "ARS_M_n": 0.6399434039529478, "OC_M_n": 0.047940607382525195, "ALP_0": 0.564061755382817, "ARS_0": 0.03396680758828734, "OC_0": 6.921989062871279, "diff_time": 1044.1623204037178, "maturity_t": 0.9993986015879437}