{"a_Ber_2016_ALP": 0.5277475598588024, "a_Ber_2016_OC": 0.21650508936889318, "a_Valles_2020_ALP": 159.22828939741572, "a_Valles_2020_ARS": 511.9629012809039, "a_Chen_2018_ALP": 9.544297065858395, "a_Chen_2018_ARS": 3.368532858958565, "a_Qiao_2021_ALP": 17.676787787229493, "a_early_diff_stim": 3.942456548311019, "a_early_diff_inhib": 6.38085151787767, "a_late_diff_stim": 6.284727568927014, "a_late_diff_inhib": 1.979773314552455, "early_diff_slow": 0.20588516264480153, "early_diff_fast": 0.714658792097945, "early_diff_very_fast": 0.6469378772636734, "late_diff_slow": 0.20933282021711647, "late_diff_fast": 0.673979767761622, "Mg_stim": 9.799876150493255, "Mg_dest": 32.28842926148389, "IL1b_ineffective": 187.17137714544367, "IL1b_stim": 1.3553062755306229, "IL8_favorable": 2.257686329473458, "ALP_M_n": 3.8759222458017963, "ARS_M_n": 1.6955721508208779, "OC_M_n": 0.15683371922409797, "ALP_0": 0.585668650951719, "ARS_0": 0.2877841455578623, "OC_0": 6.516012067211012, "diff_time": 709.1100251167552, "maturity_t": 0.6870396213067724}