{"a_Ber_2016_ALP": 0.8830571821788331, "a_Ber_2016_OC": 0.6151698645173459, "a_Valles_2020_ALP": 317.50406717421737, "a_Valles_2020_ARS": 858.336387858595, "a_Chen_2018_ALP": 9.91426810597421, "a_Chen_2018_ARS": 4.255162843501922, "a_Qiao_2021_ALP": 29.308405298783814, "a_early_diff_stim": 4.690426052704253, "a_early_diff_inhib": 12.466019475665037, "a_late_diff_stim": 10.393761290817139, "a_late_diff_inhib": 1.3700714741525246, "early_diff_slow": 0.24958221011256854, "early_diff_fast": 0.5500657279681991, "early_diff_very_fast": 0.6917948017051415, "late_diff_slow": 0.3851150236554183, "late_diff_fast": 0.7640295381826526, "Mg_stim": 9.693830845626742, "Mg_dest": 26.93101382497069, "IL1b_ineffective": 182.93315632013275, "IL1b_stim": 1.4228543781705074, "IL8_favorable": 2.4139000354567415, "ALP_M_n": 3.1658666305263132, "ARS_M_n": 0.6316353760104394, "OC_M_n": 0.2386990047100409, "ALP_0": 0.5496941402972576, "ARS_0": 0.02367497952786908, "OC_0": 2.240238638582428, "diff_time": 1075.735955307274, "maturity_t": 0.9903237377290974}