{"a_Ber_2016_ALP": 0.6233010058676798, "a_Ber_2016_OC": 0.7431342718553758, "a_Valles_2020_ALP": 159.44181351013447, "a_Valles_2020_ARS": 629.1319613898722, "a_Chen_2018_ALP": 9.810183026188817, "a_Chen_2018_ARS": 3.909963194651829, "a_Qiao_2021_ALP": 18.059778163520363, "a_early_diff_stim": 5.22440676629999, "a_early_diff_inhib": 11.997117392117653, "a_late_diff_stim": 4.706175007277201, "a_late_diff_inhib": 10.357816621675735, "early_diff_slow": 0.2764327919669963, "early_diff_fast": 0.6680993163378623, "early_diff_very_fast": 0.6081512083498495, "late_diff_slow": 0.18861096248589818, "late_diff_fast": 0.6557966863786964, "Mg_stim": 9.870924817862083, "Mg_dest": 31.09778194998038, "IL1b_ineffective": 187.67049145690189, "IL1b_stim": 1.3892353005603582, "IL8_favorable": 2.30684492808642, "ALP_M_n": 3.947531946675767, "ARS_M_n": 1.3593950728504227, "OC_M_n": 0.028025513847344155, "ALP_0": 0.5904052641798528, "ARS_0": 0.18697985725960403, "OC_0": 6.3321323167061285, "diff_time": 717.9572237507134, "maturity_t": 0.6697942183379656}