{"a_Ber_2016_ALP": 0.5104433479889883, "a_Ber_2016_OC": 0.7835624171368433, "a_Valles_2020_ALP": 214.6901282130532, "a_Valles_2020_ARS": 712.6811213810562, "a_Chen_2018_ALP": 9.941622399728809, "a_Chen_2018_ARS": 4.004396897395094, "a_Qiao_2021_ALP": 22.517782628526678, "a_early_diff_stim": 5.587514058401848, "a_early_diff_inhib": 14.649753935903437, "a_late_diff_stim": 10.505135404475627, "a_late_diff_inhib": 15.452045151053774, "early_diff_slow": 0.10299003886231192, "early_diff_fast": 0.6978327827979109, "early_diff_very_fast": 0.6237446051472083, "late_diff_slow": 0.27967975148906515, "late_diff_fast": 0.7369183584454024, "Mg_stim": 9.755107821323193, "Mg_dest": 34.54404687563796, "IL1b_ineffective": 182.27016905457316, "IL1b_stim": 1.4073159934906894, "IL8_favorable": 2.3777636662142143, "ALP_M_n": 3.320917087855224, "ARS_M_n": 1.0190874497322828, "OC_M_n": 0.0034173406002815814, "ALP_0": 0.548982281722766, "ARS_0": 0.10429458196423681, "OC_0": 5.381496762568161, "diff_time": 792.7008776112028, "maturity_t": 0.680588216213078}