{"a_Ber_2016_ALP": 0.6795533300655022, "a_Ber_2016_OC": 0.6644873431049264, "a_Valles_2020_ALP": 187.84842149476444, "a_Valles_2020_ARS": 440.87459207847496, "a_Chen_2018_ALP": 9.741659353706556, "a_Chen_2018_ARS": 2.4419832876998995, "a_Qiao_2021_ALP": 20.152817778140342, "a_early_diff_stim": 5.894000426454947, "a_early_diff_inhib": 3.4693849008649966, "a_late_diff_stim": 12.31441601779836, "a_late_diff_inhib": 7.863393558667351, "early_diff_slow": 0.18997042928680496, "early_diff_fast": 0.6634214039694619, "early_diff_very_fast": 0.6086526492135806, "late_diff_slow": 0.3528728036028977, "late_diff_fast": 0.8454387217796935, "Mg_stim": 9.853729348162418, "Mg_dest": 39.666294283621845, "IL1b_ineffective": 181.36600029291446, "IL1b_stim": 1.3863641846995396, "IL8_favorable": 2.4141717695142404, "ALP_M_n": 2.9478425315688837, "ARS_M_n": 1.6823480242254811, "OC_M_n": 0.08035800442842335, "ALP_0": 0.49145711764012084, "ARS_0": 0.3423008733133288, "OC_0": 5.590571559903802, "diff_time": 632.7861990225335, "maturity_t": 0.8218002735394057}