{"a_Ber_2016_ALP": 0.6760277889722001, "a_Ber_2016_OC": 0.48539408741079687, "a_Valles_2020_ALP": 203.16332850104962, "a_Valles_2020_ARS": 502.72150691146527, "a_Chen_2018_ALP": 9.968586868505191, "a_Chen_2018_ARS": 2.922713404849355, "a_Qiao_2021_ALP": 21.82662129114757, "a_early_diff_stim": 5.391864381038467, "a_early_diff_inhib": 6.699832894350505, "a_late_diff_stim": 12.848897575421462, "a_late_diff_inhib": 18.817710313125573, "early_diff_slow": 0.2063354926828863, "early_diff_fast": 0.6825360250228534, "early_diff_very_fast": 0.6217359909845483, "late_diff_slow": 0.25128280779353224, "late_diff_fast": 0.619611470383661, "Mg_stim": 9.805831965211851, "Mg_dest": 34.10082763052331, "IL1b_ineffective": 180.63623463181807, "IL1b_stim": 1.423917108837248, "IL8_favorable": 2.4028731677937856, "ALP_M_n": 3.2161900927977323, "ARS_M_n": 1.6247155842151508, "OC_M_n": 0.2794038460791716, "ALP_0": 0.5285340886218423, "ARS_0": 0.3291691160192574, "OC_0": 5.2848376147283025, "diff_time": 725.9264269410751, "maturity_t": 0.7238906725180906}