{"a_Ber_2016_ALP": 0.5931037050877573, "a_Ber_2016_OC": 0.2786947254238296, "a_Valles_2020_ALP": 159.59818655898863, "a_Valles_2020_ARS": 602.7420325979443, "a_Chen_2018_ALP": 9.570159992031133, "a_Chen_2018_ARS": 3.850680695277207, "a_Qiao_2021_ALP": 18.11167987990494, "a_early_diff_stim": 5.6294858178103455, "a_early_diff_inhib": 13.126372417488616, "a_late_diff_stim": 3.439835604537258, "a_late_diff_inhib": 13.49865190812231, "early_diff_slow": 0.3740376399282942, "early_diff_fast": 0.6541629487316576, "early_diff_very_fast": 0.6005536060360253, "late_diff_slow": 0.32444695113244504, "late_diff_fast": 0.6811242103516217, "Mg_stim": 9.951169628632847, "Mg_dest": 36.917585198449046, "IL1b_ineffective": 186.36265231967582, "IL1b_stim": 1.369812854832242, "IL8_favorable": 2.331236274190452, "ALP_M_n": 3.984623820476571, "ARS_M_n": 1.4495674660902007, "OC_M_n": 0.00470398840766034, "ALP_0": 0.601139570043533, "ARS_0": 0.2180312259019495, "OC_0": 6.151170555677795, "diff_time": 735.5234448628887, "maturity_t": 0.6554593170626568}