{"a_Ber_2016_ALP": 0.5386565717583014, "a_Ber_2016_OC": 0.6235164209977285, "a_Valles_2020_ALP": 163.45474555421893, "a_Valles_2020_ARS": 645.8735364441615, "a_Chen_2018_ALP": 8.991929661581324, "a_Chen_2018_ARS": 3.9929193313618776, "a_Qiao_2021_ALP": 18.193228570747767, "a_early_diff_stim": 5.474210946093612, "a_early_diff_inhib": 8.994757031032073, "a_late_diff_stim": 5.174213412912094, "a_late_diff_inhib": 8.2181287298448, "early_diff_slow": 0.2796051108109694, "early_diff_fast": 0.6710751059861522, "early_diff_very_fast": 0.6072707047524863, "late_diff_slow": 0.22196936643474866, "late_diff_fast": 0.6105236304073691, "Mg_stim": 9.841051850789118, "Mg_dest": 32.94748250177257, "IL1b_ineffective": 185.07604697745387, "IL1b_stim": 1.399478039224137, "IL8_favorable": 2.3449196694078935, "ALP_M_n": 3.8971372448327193, "ARS_M_n": 1.2942015928450068, "OC_M_n": 0.15118915489252324, "ALP_0": 0.6055710920070798, "ARS_0": 0.17522338883446223, "OC_0": 1.504446289117466, "diff_time": 750.4702872689022, "maturity_t": 0.6560267478779449}