{"a_Ber_2016_ALP": 0.6455323516862966, "a_Ber_2016_OC": 0.26433854985434546, "a_Valles_2020_ALP": 173.1019930398498, "a_Valles_2020_ARS": 371.623283179479, "a_Chen_2018_ALP": 9.982720891745608, "a_Chen_2018_ARS": 2.2497269869793826, "a_Qiao_2021_ALP": 19.48794769600334, "a_early_diff_stim": 3.6218921871751055, "a_early_diff_inhib": 13.73071353410015, "a_late_diff_stim": 6.08052088671168, "a_late_diff_inhib": 13.224196718342656, "early_diff_slow": 0.2806122381947047, "early_diff_fast": 0.7437591690907648, "early_diff_very_fast": 0.6621586478248228, "late_diff_slow": 0.12062275802539532, "late_diff_fast": 0.7126715964371417, "Mg_stim": 9.925415870536014, "Mg_dest": 31.804017751680682, "IL1b_ineffective": 178.8659243665711, "IL1b_stim": 1.4137896307688678, "IL8_favorable": 2.4139489972939074, "ALP_M_n": 3.397120717036378, "ARS_M_n": 1.9302159012889988, "OC_M_n": 0.04942986034129454, "ALP_0": 0.5374006298915662, "ARS_0": 0.45311022645598686, "OC_0": 7.934673418081424, "diff_time": 663.7466881420543, "maturity_t": 0.741827627389043}