{"a_Ber_2016_ALP": 0.6636370555695462, "a_Ber_2016_OC": 0.2636710244662291, "a_Valles_2020_ALP": 197.32571138179856, "a_Valles_2020_ARS": 620.8198058660911, "a_Chen_2018_ALP": 9.847826980350291, "a_Chen_2018_ARS": 3.4363174377521633, "a_Qiao_2021_ALP": 21.0902467594875, "a_early_diff_stim": 5.335719010078602, "a_early_diff_inhib": 12.557121051001074, "a_late_diff_stim": 4.858414520923853, "a_late_diff_inhib": 0.43118324965491794, "early_diff_slow": 0.30180692897071676, "early_diff_fast": 0.6908109916415344, "early_diff_very_fast": 0.6206168386916112, "late_diff_slow": 0.2330359368038668, "late_diff_fast": 0.7457676867274416, "Mg_stim": 9.973577430981397, "Mg_dest": 20.361197465738176, "IL1b_ineffective": 178.05200721773414, "IL1b_stim": 1.39714913220436, "IL8_favorable": 2.461056086749899, "ALP_M_n": 3.2893768896040374, "ARS_M_n": 1.355193004783892, "OC_M_n": 0.08881118030725847, "ALP_0": 0.5365032753764915, "ARS_0": 0.20552864017823175, "OC_0": 8.913736752319926, "diff_time": 718.4717415784494, "maturity_t": 0.7225923681157975}