{"a_Ber_2016_ALP": 0.7142114227364922, "a_Ber_2016_OC": 0.21595527587235372, "a_Valles_2020_ALP": 214.73323639760088, "a_Valles_2020_ARS": 640.3604510996001, "a_Chen_2018_ALP": 9.65824181576636, "a_Chen_2018_ARS": 3.5992722052818387, "a_Qiao_2021_ALP": 22.55896047197766, "a_early_diff_stim": 4.720309526849238, "a_early_diff_inhib": 7.346400520243407, "a_late_diff_stim": 7.179411314848137, "a_late_diff_inhib": 12.16833516371938, "early_diff_slow": 0.2294842006234458, "early_diff_fast": 0.7325241448281279, "early_diff_very_fast": 0.6488229381549673, "late_diff_slow": 0.13053939597937483, "late_diff_fast": 0.6660651692138598, "Mg_stim": 9.923552949411729, "Mg_dest": 23.226149318729043, "IL1b_ineffective": 178.5859379112474, "IL1b_stim": 1.405550316073974, "IL8_favorable": 2.467948839149095, "ALP_M_n": 3.075043845228512, "ARS_M_n": 1.163023247875817, "OC_M_n": 0.35949665788097246, "ALP_0": 0.5286025877260944, "ARS_0": 0.17110207071220299, "OC_0": 4.783503182684655, "diff_time": 757.4282723023131, "maturity_t": 0.7226187675764091}