{"a_Ber_2016_ALP": 0.32253694854297654, "a_Ber_2016_OC": 0.20601031994848232, "a_Valles_2020_ALP": 135.8437521409045, "a_Valles_2020_ARS": 630.6709323951945, "a_Chen_2018_ALP": 6.717797405382719, "a_Chen_2018_ARS": 3.5866974993024576, "a_Qiao_2021_ALP": 14.612727112411251, "a_early_diff_stim": 4.8409316447627235, "a_early_diff_inhib": 18.172202827218147, "a_late_diff_stim": 9.74812680084983, "a_late_diff_inhib": 4.16006514053067, "early_diff_slow": 0.25966460710858175, "early_diff_fast": 0.7109200148077226, "early_diff_very_fast": 0.6325214624887899, "late_diff_slow": 0.1848948221810991, "late_diff_fast": 0.728517294260331, "Mg_stim": 9.94172920409853, "Mg_dest": 32.49286169167788, "IL1b_ineffective": 184.889135748238, "IL1b_stim": 1.3857703490788857, "IL8_favorable": 2.3239492500739516, "ALP_M_n": 3.707845357061814, "ARS_M_n": 1.2651203342304442, "OC_M_n": 0.5774732479738696, "ALP_0": 0.6469264963217058, "ARS_0": 0.19432779991308338, "OC_0": 9.78953129638319, "diff_time": 731.8166269332924, "maturity_t": 0.7074599953256702}