{"a_Ber_2016_ALP": 0.2484951689679795, "a_Ber_2016_OC": 0.5336855683979548, "a_Valles_2020_ALP": 95.86798231118497, "a_Valles_2020_ARS": 454.57995266208525, "a_Chen_2018_ALP": 6.741320749770741, "a_Chen_2018_ARS": 3.0120203266448042, "a_Qiao_2021_ALP": 11.172637722935077, "a_early_diff_stim": 3.8268140750444015, "a_early_diff_inhib": 16.707311990518157, "a_late_diff_stim": 4.131258990832306, "a_late_diff_inhib": 8.286027479060683, "early_diff_slow": 0.2669516018342835, "early_diff_fast": 0.6938083926834449, "early_diff_very_fast": 0.6364159110110053, "late_diff_slow": 0.397358659466833, "late_diff_fast": 0.6361190405263302, "Mg_stim": 9.765642332733186, "Mg_dest": 29.76963784048002, "IL1b_ineffective": 184.63772062289877, "IL1b_stim": 1.344021492779829, "IL8_favorable": 2.18522335271782, "ALP_M_n": 4.6175832908348635, "ARS_M_n": 1.8825653844392694, "OC_M_n": 0.1576406194372998, "ALP_0": 0.6881321537128977, "ARS_0": 0.3564175036532705, "OC_0": 5.617677012010928, "diff_time": 694.1126715409245, "maturity_t": 0.6640655752849566}