{"a_Ber_2016_ALP": 0.5759630417469553, "a_Ber_2016_OC": 0.2353247089857477, "a_Valles_2020_ALP": 146.37544817621247, "a_Valles_2020_ARS": 564.9727646181216, "a_Chen_2018_ALP": 9.943183588823015, "a_Chen_2018_ARS": 3.849558296404602, "a_Qiao_2021_ALP": 17.824680267052372, "a_early_diff_stim": 3.3795498400155495, "a_early_diff_inhib": 1.7165754863569394, "a_late_diff_stim": 3.190143244162311, "a_late_diff_inhib": 8.910282805541348, "early_diff_slow": 0.1800401880740772, "early_diff_fast": 0.7202957633029828, "early_diff_very_fast": 0.6540564891582284, "late_diff_slow": 0.14013836626166487, "late_diff_fast": 0.7087884216129227, "Mg_stim": 9.793724677158794, "Mg_dest": 20.033146056403986, "IL1b_ineffective": 182.9893265827768, "IL1b_stim": 1.4017267926609236, "IL8_favorable": 2.4029705425526657, "ALP_M_n": 4.22436833307383, "ARS_M_n": 1.6139905651581379, "OC_M_n": 0.1223182342269592, "ALP_0": 0.6064150854455026, "ARS_0": 0.24783436343266982, "OC_0": 3.3447846771989327, "diff_time": 718.0089231595983, "maturity_t": 0.6386937480770186}