{"a_Ber_2016_ALP": 0.6274555763248513, "a_Ber_2016_OC": 0.27726878408901423, "a_Valles_2020_ALP": 185.97640579069613, "a_Valles_2020_ARS": 568.371111629752, "a_Chen_2018_ALP": 9.977836648561697, "a_Chen_2018_ARS": 3.246238538760633, "a_Qiao_2021_ALP": 20.26209542970546, "a_early_diff_stim": 6.18705496890562, "a_early_diff_inhib": 2.6548377208659613, "a_late_diff_stim": 13.76378906644775, "a_late_diff_inhib": 11.555193904940392, "early_diff_slow": 0.11741676561926692, "early_diff_fast": 0.6534243819197396, "early_diff_very_fast": 0.6006187713344413, "late_diff_slow": 0.24965045794169904, "late_diff_fast": 0.7090106033879279, "Mg_stim": 9.95663570697805, "Mg_dest": 25.48013506666005, "IL1b_ineffective": 183.40750248652967, "IL1b_stim": 1.4107798877155187, "IL8_favorable": 2.436033722331409, "ALP_M_n": 3.2854461458234785, "ARS_M_n": 1.44840134080627, "OC_M_n": 0.009529710485495111, "ALP_0": 0.5309242314165161, "ARS_0": 0.2392320621580056, "OC_0": 1.7972181432332766, "diff_time": 684.5954765377493, "maturity_t": 0.7439686573275718}