{"a_Ber_2016_ALP": 0.6789881657913216, "a_Ber_2016_OC": 0.34920215466444576, "a_Valles_2020_ALP": 206.30307433239116, "a_Valles_2020_ARS": 619.6634860371967, "a_Chen_2018_ALP": 9.8553591718751, "a_Chen_2018_ARS": 3.543278302272126, "a_Qiao_2021_ALP": 22.039468868048925, "a_early_diff_stim": 6.119371040668703, "a_early_diff_inhib": 18.72507369722303, "a_late_diff_stim": 4.7310160451513426, "a_late_diff_inhib": 5.279524335065106, "early_diff_slow": 0.28973426452908047, "early_diff_fast": 0.6733687048661496, "early_diff_very_fast": 0.6125713532725218, "late_diff_slow": 0.20377101896528313, "late_diff_fast": 0.7532649644216098, "Mg_stim": 9.996086815442304, "Mg_dest": 28.15676717450318, "IL1b_ineffective": 182.40053458891816, "IL1b_stim": 1.4064647281687304, "IL8_favorable": 2.3814181388204148, "ALP_M_n": 3.093740246090088, "ARS_M_n": 1.2272608848654334, "OC_M_n": 0.39756590396353575, "ALP_0": 0.5187067341371582, "ARS_0": 0.17664898204638121, "OC_0": 4.837364660594062, "diff_time": 730.2110411186292, "maturity_t": 0.7408165194492305}