{"a_Ber_2016_ALP": 0.4009391417459318, "a_Ber_2016_OC": 0.5632055883057921, "a_Valles_2020_ALP": 189.88932052471395, "a_Valles_2020_ARS": 604.8617233331674, "a_Chen_2018_ALP": 9.948522878560599, "a_Chen_2018_ARS": 3.507143561835512, "a_Qiao_2021_ALP": 20.606092065477462, "a_early_diff_stim": 5.117472212162667, "a_early_diff_inhib": 18.063042344620616, "a_late_diff_stim": 12.724689833157967, "a_late_diff_inhib": 5.238921063656785, "early_diff_slow": 0.15888587185738387, "early_diff_fast": 0.6909420870724567, "early_diff_very_fast": 0.6236103230857966, "late_diff_slow": 0.36534628829112104, "late_diff_fast": 0.7463990343051912, "Mg_stim": 9.896728808594908, "Mg_dest": 32.846602219047185, "IL1b_ineffective": 176.09208708376707, "IL1b_stim": 1.4146517611641407, "IL8_favorable": 2.3540112799490984, "ALP_M_n": 3.2709705260949957, "ARS_M_n": 1.237603942703687, "OC_M_n": 0.297547333320813, "ALP_0": 0.5313443451336348, "ARS_0": 0.17959880978973788, "OC_0": 2.5095308994561925, "diff_time": 695.6551725253314, "maturity_t": 0.7383679028672157}