{"a_Ber_2016_ALP": 0.5445454873503057, "a_Ber_2016_OC": 0.4460828932782714, "a_Valles_2020_ALP": 184.4873940652096, "a_Valles_2020_ARS": 414.2977830378856, "a_Chen_2018_ALP": 9.843575195999346, "a_Chen_2018_ARS": 2.5136672549468555, "a_Qiao_2021_ALP": 20.086449295852933, "a_early_diff_stim": 3.960046200573141, "a_early_diff_inhib": 13.663232898726356, "a_late_diff_stim": 4.400735922984085, "a_late_diff_inhib": 1.6916242704982114, "early_diff_slow": 0.11603206231164132, "early_diff_fast": 0.7231016399836891, "early_diff_very_fast": 0.6562365907792764, "late_diff_slow": 0.17452450613872877, "late_diff_fast": 0.7995620424270665, "Mg_stim": 9.922106701620647, "Mg_dest": 24.497370287493663, "IL1b_ineffective": 183.75580551507005, "IL1b_stim": 1.3974457312060444, "IL8_favorable": 2.3318912206893216, "ALP_M_n": 3.3836155840056406, "ARS_M_n": 1.8992861087907125, "OC_M_n": 0.29817126370691593, "ALP_0": 0.5430508582582758, "ARS_0": 0.4112948876197421, "OC_0": 5.750933275533371, "diff_time": 698.7777262920483, "maturity_t": 0.7261478727174305}