{"a_Ber_2016_ALP": 0.659528393104924, "a_Ber_2016_OC": 0.2947425042234765, "a_Valles_2020_ALP": 185.4574912605587, "a_Valles_2020_ARS": 758.0310051805316, "a_Chen_2018_ALP": 9.831842600331198, "a_Chen_2018_ARS": 4.3927182859167475, "a_Qiao_2021_ALP": 20.19370607651496, "a_early_diff_stim": 2.9123432166331744, "a_early_diff_inhib": 8.118059906514741, "a_late_diff_stim": 17.88620044905735, "a_late_diff_inhib": 4.5719822680730005, "early_diff_slow": 0.2356145082813783, "early_diff_fast": 0.5626001747238536, "early_diff_very_fast": 0.713098754533898, "late_diff_slow": 0.25971635981183044, "late_diff_fast": 0.816862783372471, "Mg_stim": 9.12481628135972, "Mg_dest": 31.706130031811554, "IL1b_ineffective": 184.24841444302507, "IL1b_stim": 1.3712650914191133, "IL8_favorable": 2.3661188570672635, "ALP_M_n": 3.779437555156178, "ARS_M_n": 1.0607647528726618, "OC_M_n": 0.5888425325679739, "ALP_0": 0.6028055392020583, "ARS_0": 0.1151837319066906, "OC_0": 4.826649051799938, "diff_time": 807.9113373345059, "maturity_t": 0.9816960407580005}