{"a_Ber_2016_ALP": 0.777053912796697, "a_Ber_2016_OC": 0.11207211082757015, "a_Valles_2020_ALP": 236.50403109058902, "a_Valles_2020_ARS": 611.8676429344989, "a_Chen_2018_ALP": 9.969825616437038, "a_Chen_2018_ARS": 3.2544789785913033, "a_Qiao_2021_ALP": 24.201657769382567, "a_early_diff_stim": 7.121600303522095, "a_early_diff_inhib": 14.476880997339187, "a_late_diff_stim": 10.84356599586782, "a_late_diff_inhib": 9.134911985891582, "early_diff_slow": 0.2932162046579921, "early_diff_fast": 0.6639836538015254, "early_diff_very_fast": 0.6057599880522433, "late_diff_slow": 0.23446051561083964, "late_diff_fast": 0.644518414893169, "Mg_stim": 9.868366885592597, "Mg_dest": 31.56466269743237, "IL1b_ineffective": 180.987361249645, "IL1b_stim": 1.4259154608139823, "IL8_favorable": 2.4761400336993944, "ALP_M_n": 2.617210623931738, "ARS_M_n": 1.1761025480686624, "OC_M_n": 0.4232285658109706, "ALP_0": 0.45704850971592603, "ARS_0": 0.16896037684468798, "OC_0": 7.7013772137624725, "diff_time": 707.3405646315576, "maturity_t": 0.8093094075174347}