{"a_Ber_2016_ALP": 0.5242731388760121, "a_Ber_2016_OC": 0.26611752452634174, "a_Valles_2020_ALP": 154.24263315182293, "a_Valles_2020_ARS": 600.3249937311281, "a_Chen_2018_ALP": 7.6305969193953995, "a_Chen_2018_ARS": 3.5790512949396476, "a_Qiao_2021_ALP": 16.315194224868897, "a_early_diff_stim": 5.995851707568257, "a_early_diff_inhib": 4.623184774183146, "a_late_diff_stim": 2.231884915764968, "a_late_diff_inhib": 19.038987885279624, "early_diff_slow": 0.37389103717016275, "early_diff_fast": 0.6662876754714888, "early_diff_very_fast": 0.6084276021567031, "late_diff_slow": 0.3217453752481321, "late_diff_fast": 0.7666535539920147, "Mg_stim": 9.83237762608237, "Mg_dest": 37.75185124506212, "IL1b_ineffective": 182.6675498717736, "IL1b_stim": 1.4113581856727357, "IL8_favorable": 2.4360223200790045, "ALP_M_n": 3.668556439426049, "ARS_M_n": 1.3826483558093174, "OC_M_n": 0.036317886255264685, "ALP_0": 0.6212457343660029, "ARS_0": 0.21908250825754347, "OC_0": 4.427859106649895, "diff_time": 742.852601961174, "maturity_t": 0.6973366163196327}