{"a_Ber_2016_ALP": 0.6574304931477937, "a_Ber_2016_OC": 0.262156826996985, "a_Valles_2020_ALP": 227.02236901719573, "a_Valles_2020_ARS": 631.9146869046899, "a_Chen_2018_ALP": 9.930832600420716, "a_Chen_2018_ARS": 3.5002454166078882, "a_Qiao_2021_ALP": 24.04031107845513, "a_early_diff_stim": 4.973744698518138, "a_early_diff_inhib": 8.733636281657787, "a_late_diff_stim": 15.360206926744846, "a_late_diff_inhib": 9.079208788208751, "early_diff_slow": 0.11422032884764902, "early_diff_fast": 0.728621519908803, "early_diff_very_fast": 0.6510583822225621, "late_diff_slow": 0.23597257613501568, "late_diff_fast": 0.7232826598075761, "Mg_stim": 9.95889172837414, "Mg_dest": 31.59717016582945, "IL1b_ineffective": 179.1380569403221, "IL1b_stim": 1.4238296578893657, "IL8_favorable": 2.4872794594676577, "ALP_M_n": 2.7064178843077467, "ARS_M_n": 1.1262409622351577, "OC_M_n": 0.07705823235690823, "ALP_0": 0.47296837139446635, "ARS_0": 0.14872738964851873, "OC_0": 5.078944024769683, "diff_time": 724.8764545622836, "maturity_t": 0.7877047883465003}