{"a_Ber_2016_ALP": 0.3762588903289519, "a_Ber_2016_OC": 0.6618669136104667, "a_Valles_2020_ALP": 198.02037390349602, "a_Valles_2020_ARS": 691.5463541231267, "a_Chen_2018_ALP": 9.854746096268002, "a_Chen_2018_ARS": 3.977567888955955, "a_Qiao_2021_ALP": 21.470634415314933, "a_early_diff_stim": 5.601731042318947, "a_early_diff_inhib": 5.168421521959785, "a_late_diff_stim": 14.333538603639422, "a_late_diff_inhib": 1.842639884630703, "early_diff_slow": 0.33190576802729127, "early_diff_fast": 0.6809393701232754, "early_diff_very_fast": 0.6122035521688042, "late_diff_slow": 0.16395133794079253, "late_diff_fast": 0.7477613124414291, "Mg_stim": 9.634830125311872, "Mg_dest": 21.82931194636089, "IL1b_ineffective": 183.31457761656236, "IL1b_stim": 1.400290095440667, "IL8_favorable": 2.407018257847362, "ALP_M_n": 3.5492375136038, "ARS_M_n": 1.1647510398823249, "OC_M_n": 0.11497937953053883, "ALP_0": 0.5662683023209348, "ARS_0": 0.14148129897784717, "OC_0": 2.345998615564772, "diff_time": 769.6857327936391, "maturity_t": 0.6655469173978514}