{
    "a_Ber_2016_ALP": 0.3663982380047613,
    "a_Ber_2016_OC": 0.45458623860462893,
    "a_early_diff_stim": 1.5570726134034643,
    "a_late_diff_inhib": 15.354126067323298,
    "early_diff_very_fast": 0.7951131139868612,
    "late_diff_slow": 0.194030289367254,
    "Mg_stim": 6.7890528629388,
    "Mg_dest": 27.682067523645273,
    "ALP_M_n": 2.1764805999427854,
    "OC_M_n": 4.319042154827687,
    "ALP_0": 0.6591757941268288,
    "OC_0": 0.39807590662838677,
    "diff_time": 632.3675599132778,
    "maturity_t": 0.37754659178257427
}