{
    "a_Ber_2016_ALP": 0.37422330502529644,
    "a_Ber_2016_OC": 0.49110278079352,
    "a_early_diff_stim": 1.6076263336971581,
    "a_late_diff_inhib": 15.777844244728922,
    "early_diff_very_fast": 0.802775331161451,
    "late_diff_slow": 0.1936498786315684,
    "Mg_stim": 6.901377121986305,
    "Mg_dest": 27.832673858359428,
    "ALP_M_n": 2.390275839127084,
    "OC_M_n": 3.970298878850673,
    "ALP_0": 0.6575967666827658,
    "OC_0": 0.3787537233240118,
    "diff_time": 635.8798649320271,
    "maturity_t": 0.367919631074834
}