{
    "ALP_M_n": 4.124320189376346,
    "ALP_0": 1.297702321001939,
    "Mg_stim": 8.004709352717745,
    "Mg_dest": 33.823435112422615,
    "maturity_t": 0.4499868717684455,
    "early_diff_fast": 0.749397073243935,
    "a_early_diff_stim": 0.9203261739936903,
    "diff_time": 505.6661309950524,
    "a_Valles_2020_ALP": 585.088192427575
}