{
    "ALP_M_n": 5.62283582218342,
    "ALP_0": 1.213630280014454,
    "Mg_stim": 8.367200146226711,
    "Mg_dest": 30.32752937191059,
    "maturity_t": 0.6543388815222807,
    "early_diff_fast": 0.6981172728483361,
    "a_early_diff_stim": 0.9165206774495934,
    "diff_time": 772.9697257449245,
    "a_Valles_2020_ALP": 157.82062964043706
}