{
    "ALP_M_n": 6.745136350875761,
    "ALP_0": 1.1753981910900946,
    "Mg_stim": 8.271884394672346,
    "Mg_dest": 24.97800488869487,
    "maturity_t": 0.6780816901940327,
    "early_diff_fast": 0.6934817834341509,
    "a_early_diff_stim": 0.9111503820993473,
    "diff_time": 972.3657278088091,
    "a_Valles_2020_ALP": 330.9653324510314
}