{
    "ALP_M_n": 5.1670601890784615,
    "ALP_0": 1.2336047689910954,
    "Mg_stim": 8.60260820214699,
    "Mg_dest": 22.682402491776113,
    "maturity_t": 0.6879867530644289,
    "early_diff_fast": 0.7052834277918711,
    "a_early_diff_stim": 0.9187186213858956,
    "diff_time": 690.4517063137229,
    "a_Valles_2020_ALP": 23.83109334525534
}