{
    "ALP_M_n": 5.588220423797498,
    "ALP_0": 1.2149260161075626,
    "Mg_stim": 7.931571901608496,
    "Mg_dest": 32.47988376055793,
    "maturity_t": 0.29483268032568105,
    "early_diff_fast": 0.7495716674852437,
    "a_early_diff_stim": 0.9157712984816893,
    "diff_time": 766.2656489572487,
    "a_Valles_2020_ALP": 847.2248606059361
}