{
    "ALP_M_n": 3.592162158832137,
    "ALP_0": 1.3456599276522918,
    "Mg_stim": 8.020128214536538,
    "Mg_dest": 30.6260765837607,
    "maturity_t": 0.5527041366221528,
    "early_diff_fast": 0.7487009115815332,
    "a_early_diff_stim": 0.9214595011467019,
    "diff_time": 413.1529991642017,
    "a_Valles_2020_ALP": 433.65125921227144
}