{
    "ALP_M_n": 5.020877073834683,
    "ALP_0": 1.24045259148691,
    "Mg_stim": 7.88522891952996,
    "Mg_dest": 36.90558193440666,
    "maturity_t": 0.7793722123970683,
    "early_diff_fast": 0.6914761422021745,
    "a_early_diff_stim": 0.9151727252251699,
    "diff_time": 663.1725098956423,
    "a_Valles_2020_ALP": 300.28666438352343
}