{
    "ALP_M_n": 3.8827165618874933,
    "ALP_0": 1.3175648520181382,
    "Mg_stim": 7.9898263053685445,
    "Mg_dest": 26.899553223717753,
    "maturity_t": 0.4918257692235596,
    "early_diff_fast": 0.7498295270528729,
    "a_early_diff_stim": 0.9220851151000331,
    "diff_time": 462.7816145003722,
    "a_Valles_2020_ALP": 257.24224315723984
}