{
    "ALP_M_n": 5.029382987073113,
    "ALP_0": 1.2404537482678124,
    "Mg_stim": 8.005165950088609,
    "Mg_dest": 26.31966955888838,
    "maturity_t": 0.3401810808743296,
    "early_diff_fast": 0.7497206753849422,
    "a_early_diff_stim": 0.9168698580909618,
    "diff_time": 665.8397049570971,
    "a_Valles_2020_ALP": 888.7171216192719
}