{
    "ALP_M_n": 3.8679999553568525,
    "ALP_0": 1.3187781791905546,
    "Mg_stim": 7.98596420376217,
    "Mg_dest": 37.48202613597524,
    "maturity_t": 0.4947802142520917,
    "early_diff_fast": 0.7470516119452972,
    "a_early_diff_stim": 0.9186063033602029,
    "diff_time": 460.52967481193883,
    "a_Valles_2020_ALP": 790.7877181179161
}