{
    "ALP_M_n": 3.3135429087542025,
    "ALP_0": 1.3771091593205251,
    "Mg_stim": 7.9803002545689745,
    "Mg_dest": 36.843598955929366,
    "maturity_t": 0.6264020425011785,
    "early_diff_fast": 0.748398382262562,
    "a_early_diff_stim": 0.9206451259184367,
    "diff_time": 365.25251162780876,
    "a_Valles_2020_ALP": 565.3461595509419
}