{
    "ALP_M_n": 4.200306439551618,
    "ALP_0": 1.2906455602407458,
    "Mg_stim": 8.00980737857017,
    "Mg_dest": 34.20132825390502,
    "maturity_t": 0.4394809769358726,
    "early_diff_fast": 0.7479255790201881,
    "a_early_diff_stim": 0.9181193069783158,
    "diff_time": 515.63333324769,
    "a_Valles_2020_ALP": 612.2848129850537
}