{
    "ALP_M_n": 4.780806450254987,
    "ALP_0": 1.254149919243217,
    "Mg_stim": 8.276670905684924,
    "Mg_dest": 29.68202253828584,
    "maturity_t": 0.9136315062260656,
    "early_diff_fast": 0.6976497249198883,
    "a_early_diff_stim": 0.918184703092574,
    "diff_time": 622.0183382536845,
    "a_Valles_2020_ALP": 543.9731101065327
}