{
    "ALP_M_n": 5.977896171218841,
    "ALP_0": 1.2000440242279202,
    "Mg_stim": 7.084212341664439,
    "Mg_dest": 31.91326096534206,
    "maturity_t": 0.4324859400339359,
    "early_diff_fast": 0.7031649835363767,
    "a_early_diff_stim": 0.9150552282697855,
    "diff_time": 836.7636846699185,
    "a_Valles_2020_ALP": 714.0582482157129
}