{
    "ALP_M_n": 4.061056239475647,
    "ALP_0": 1.3021327235383389,
    "Mg_stim": 7.856139548868921,
    "Mg_dest": 27.33349082260262,
    "maturity_t": 0.5538212582630263,
    "early_diff_fast": 0.6961042896885535,
    "a_early_diff_stim": 0.9181265493566056,
    "diff_time": 493.74413824474004,
    "a_Valles_2020_ALP": 816.2287779074984
}