{
    "ALP_M_n": 5.0563805242332025,
    "ALP_0": 1.2384088534041404,
    "Mg_stim": 7.999948809465762,
    "Mg_dest": 22.643386224339864,
    "maturity_t": 0.33838295999451884,
    "early_diff_fast": 0.7493997206834601,
    "a_early_diff_stim": 0.9153047113323947,
    "diff_time": 668.5478983433156,
    "a_Valles_2020_ALP": 135.60969677400755
}