{
    "ALP_M_n": 3.320179567500332,
    "ALP_0": 1.3766031432491546,
    "Mg_stim": 7.939635063301509,
    "Mg_dest": 39.969774290085056,
    "maturity_t": 0.6241270568944457,
    "early_diff_fast": 0.7483947831227157,
    "a_early_diff_stim": 0.9214791891913402,
    "diff_time": 366.5509092700078,
    "a_Valles_2020_ALP": 137.74326793654984
}