{
    "ALP_M_n": 3.6897744658172296,
    "ALP_0": 1.3357648884800501,
    "Mg_stim": 8.021719847458334,
    "Mg_dest": 27.36135703945444,
    "maturity_t": 0.5306970532915929,
    "early_diff_fast": 0.7496925392324801,
    "a_early_diff_stim": 0.9209466324353293,
    "diff_time": 429.8714624816541,
    "a_Valles_2020_ALP": 675.7927073364108
}