{
    "ALP_M_n": 3.495625372374624,
    "ALP_0": 1.3560445321465888,
    "Mg_stim": 8.009697166035508,
    "Mg_dest": 27.38727848231172,
    "maturity_t": 0.576243414739657,
    "early_diff_fast": 0.7497321351028344,
    "a_early_diff_stim": 0.9204905732082878,
    "diff_time": 396.51964369890555,
    "a_Valles_2020_ALP": 973.4551764013069
}