{
    "ALP_M_n": 6.409589731371912,
    "ALP_0": 1.1854896689566021,
    "Mg_stim": 8.008714885242426,
    "Mg_dest": 30.29860481002801,
    "maturity_t": 0.24675173934477232,
    "early_diff_fast": 0.7490330191820852,
    "a_early_diff_stim": 0.9145441193759275,
    "diff_time": 913.2074885643061,
    "a_Valles_2020_ALP": 881.5950898034619
}