{
    "ALP_M_n": 4.459542523191233,
    "ALP_0": 1.273152495168798,
    "Mg_stim": 7.976802370923624,
    "Mg_dest": 32.383793676112525,
    "maturity_t": 0.4026987481952724,
    "early_diff_fast": 0.7497341001077725,
    "a_early_diff_stim": 0.917461366917337,
    "diff_time": 563.1654566646067,
    "a_Valles_2020_ALP": 21.41359102573739
}