{
    "ALP_M_n": 3.54260388434117,
    "ALP_0": 1.351294540689102,
    "Mg_stim": 8.003479031633256,
    "Mg_dest": 21.20810331304754,
    "maturity_t": 0.5641881807414113,
    "early_diff_fast": 0.7495092272611332,
    "a_early_diff_stim": 0.9261746214892602,
    "diff_time": 404.9629781053581,
    "a_Valles_2020_ALP": 718.5903248333755
}