{
    "ALP_M_n": 3.31959729865666,
    "ALP_0": 1.3764046866561073,
    "Mg_stim": 8.040859332891912,
    "Mg_dest": 23.349902173084843,
    "maturity_t": 0.6245691555963899,
    "early_diff_fast": 0.7495367399533531,
    "a_early_diff_stim": 0.9250173031497732,
    "diff_time": 365.9251047117192,
    "a_Valles_2020_ALP": 117.98578804304918
}