{
    "ALP_M_n": 3.3791400271707936,
    "ALP_0": 1.3691107721204123,
    "Mg_stim": 6.409094128048153,
    "Mg_dest": 34.405580241043154,
    "maturity_t": 0.9348366193618207,
    "early_diff_fast": 0.7222338177490217,
    "a_early_diff_stim": 0.9196178384040044,
    "diff_time": 376.6068399201294,
    "a_Valles_2020_ALP": 159.68788398148757
}