{
    "ALP_M_n": 3.3315444610402567,
    "ALP_0": 1.3750620713089152,
    "Mg_stim": 7.971342661547297,
    "Mg_dest": 37.37424439068199,
    "maturity_t": 0.6209404470574307,
    "early_diff_fast": 0.749820163833795,
    "a_early_diff_stim": 0.9225139052535754,
    "diff_time": 368.19432118451823,
    "a_Valles_2020_ALP": 139.91251621903103
}