{
    "ALP_M_n": 4.772036657351084,
    "ALP_0": 1.2541936060250665,
    "Mg_stim": 8.006053879131464,
    "Mg_dest": 32.80258888304824,
    "maturity_t": 0.366018429254526,
    "early_diff_fast": 0.7488608166688472,
    "a_early_diff_stim": 0.9196381328617187,
    "diff_time": 619.2012097638165,
    "a_Valles_2020_ALP": 680.4096189711861
}