{
    "ALP_M_n": 4.851844941986518,
    "ALP_0": 1.249827322400744,
    "Mg_stim": 7.990047280714044,
    "Mg_dest": 37.478776697905374,
    "maturity_t": 0.35751049784374456,
    "early_diff_fast": 0.7488362849456582,
    "a_early_diff_stim": 0.9168278277110531,
    "diff_time": 633.9168575213505,
    "a_Valles_2020_ALP": 950.117073011523
}