{
    "ALP_M_n": 6.509350318464051,
    "ALP_0": 1.1827420665152595,
    "Mg_stim": 8.001443332147986,
    "Mg_dest": 31.832290652097306,
    "maturity_t": 0.241635619174819,
    "early_diff_fast": 0.7482120417532065,
    "a_early_diff_stim": 0.9151810185831055,
    "diff_time": 932.6669965957922,
    "a_Valles_2020_ALP": 367.06961614856675
}