{
    "ALP_M_n": 3.4396044477425436,
    "ALP_0": 1.3622526721242831,
    "Mg_stim": 8.007510887443875,
    "Mg_dest": 23.820457104570874,
    "maturity_t": 0.5913227046970422,
    "early_diff_fast": 0.749538743205496,
    "a_early_diff_stim": 0.9250185569640168,
    "diff_time": 386.7227450449298,
    "a_Valles_2020_ALP": 558.574766859531
}