{
    "ALP_M_n": 6.10677506607958,
    "ALP_0": 1.1954705255878517,
    "Mg_stim": 7.469097848088,
    "Mg_dest": 39.701822908402754,
    "maturity_t": 0.7150227246073302,
    "early_diff_fast": 0.6940396450368944,
    "a_early_diff_stim": 0.9138731559122093,
    "diff_time": 859.6788577220601,
    "a_Valles_2020_ALP": 520.5810748909051
}