{
    "ALP_M_n": 6.478889706187529,
    "ALP_0": 1.1837666218409457,
    "Mg_stim": 8.054153118697116,
    "Mg_dest": 31.26720026821179,
    "maturity_t": 0.24298190554392476,
    "early_diff_fast": 0.7496570993792584,
    "a_early_diff_stim": 0.9150716718763776,
    "diff_time": 928.0951445070691,
    "a_Valles_2020_ALP": 892.1354365555865
}