{
    "ALP_M_n": 5.301647945248139,
    "ALP_0": 1.2274229290218348,
    "Mg_stim": 7.985143143537353,
    "Mg_dest": 27.895412490234794,
    "maturity_t": 0.3164821534954797,
    "early_diff_fast": 0.7499428274268073,
    "a_early_diff_stim": 0.9178490798085979,
    "diff_time": 715.082671377707,
    "a_Valles_2020_ALP": 25.149659012567554
}