{
    "ALP_M_n": 3.285538853173793,
    "ALP_0": 1.3798473680307282,
    "Mg_stim": 7.99180082386596,
    "Mg_dest": 26.38642834851559,
    "maturity_t": 0.6355657384105369,
    "early_diff_fast": 0.7492883266585811,
    "a_early_diff_stim": 0.9193156291118888,
    "diff_time": 360.04945423248597,
    "a_Valles_2020_ALP": 585.8679500609743
}