{
    "ALP_M_n": 3.8919204797059312,
    "ALP_0": 1.316472274878602,
    "Mg_stim": 7.799423215703893,
    "Mg_dest": 26.05667263748639,
    "maturity_t": 0.49046282589829954,
    "early_diff_fast": 0.7065770329801879,
    "a_early_diff_stim": 0.9187722127717785,
    "diff_time": 464.1450106576973,
    "a_Valles_2020_ALP": 673.0894003058849
}