{
    "ALP_M_n": 3.5252746987488446,
    "ALP_0": 1.3515714152446021,
    "Mg_stim": 7.929563148914718,
    "Mg_dest": 28.699557305646522,
    "maturity_t": 0.9042534849761814,
    "early_diff_fast": 0.697716455284828,
    "a_early_diff_stim": 0.9166734090063651,
    "diff_time": 400.8164523229312,
    "a_Valles_2020_ALP": 703.1335444747002
}