{
    "ALP_M_n": 4.172415842330219,
    "ALP_0": 1.2934919173492516,
    "Mg_stim": 8.025342716899713,
    "Mg_dest": 25.267465422015434,
    "maturity_t": 0.4429861531464912,
    "early_diff_fast": 0.7497461350101124,
    "a_early_diff_stim": 0.9175412828409344,
    "diff_time": 513.129939624835,
    "a_Valles_2020_ALP": 778.9631691546217
}