{
    "ALP_M_n": 5.434698594603627,
    "ALP_0": 1.2211233303266453,
    "Mg_stim": 7.958807904202562,
    "Mg_dest": 26.886319189588594,
    "maturity_t": 0.30645272858060013,
    "early_diff_fast": 0.7496518497341755,
    "a_early_diff_stim": 0.9163666134419777,
    "diff_time": 736.8376276053461,
    "a_Valles_2020_ALP": 247.094757926831
}