{
    "ALP_M_n": 3.361325752915441,
    "ALP_0": 1.372120116844189,
    "Mg_stim": 8.01665022331468,
    "Mg_dest": 33.29233836173629,
    "maturity_t": 0.611697134140014,
    "early_diff_fast": 0.7487773375610001,
    "a_early_diff_stim": 0.9232204838410998,
    "diff_time": 374.1872205973741,
    "a_Valles_2020_ALP": 321.74599337532794
}