{
    "ALP_M_n": 3.6923540552014784,
    "ALP_0": 1.3349557992055439,
    "Mg_stim": 8.011669914959501,
    "Mg_dest": 37.94722626713943,
    "maturity_t": 0.5306931676627571,
    "early_diff_fast": 0.7492568041919074,
    "a_early_diff_stim": 0.9207031172348835,
    "diff_time": 429.4331000103848,
    "a_Valles_2020_ALP": 243.5750157052363
}