{
    "ALP_M_n": 7.045681957621989,
    "ALP_0": 1.168094611032141,
    "Mg_stim": 7.977170214218333,
    "Mg_dest": 28.201689343492106,
    "maturity_t": 0.2184405781770344,
    "early_diff_fast": 0.7498669820647506,
    "a_early_diff_stim": 0.9141234106841859,
    "diff_time": 1030.3671010363391,
    "a_Valles_2020_ALP": 486.07670570479473
}