{
    "ALP_M_n": 4.304341566972069,
    "ALP_0": 1.2841806928864443,
    "Mg_stim": 8.028773904186261,
    "Mg_dest": 34.90113753277724,
    "maturity_t": 0.42317328112536934,
    "early_diff_fast": 0.7481758388305488,
    "a_early_diff_stim": 0.9190970775640086,
    "diff_time": 536.98506228975,
    "a_Valles_2020_ALP": 250.3374372460193
}