{
    "ALP_M_n": 4.045363219853439,
    "ALP_0": 1.3036029509729237,
    "Mg_stim": 7.985918015188614,
    "Mg_dest": 34.303769265806764,
    "maturity_t": 0.46323448044314885,
    "early_diff_fast": 0.7499068127384676,
    "a_early_diff_stim": 0.9191649657783181,
    "diff_time": 490.7222389134739,
    "a_Valles_2020_ALP": 154.68932612877364
}