{
    "ALP_M_n": 6.559780069703612,
    "ALP_0": 1.1807767838886336,
    "Mg_stim": 7.5296291049770705,
    "Mg_dest": 30.5528332570799,
    "maturity_t": 0.38930587282364376,
    "early_diff_fast": 0.6948178594183052,
    "a_early_diff_stim": 0.9130611724687671,
    "diff_time": 939.6924584689423,
    "a_Valles_2020_ALP": 358.9042731060538
}