{
    "ALP_M_n": 5.919935037436767,
    "ALP_0": 1.2013695713076897,
    "Mg_stim": 8.005117187782705,
    "Mg_dest": 35.66227531367137,
    "maturity_t": 0.2740677757696067,
    "early_diff_fast": 0.7491624536484333,
    "a_early_diff_stim": 0.9153674194158226,
    "diff_time": 820.4814178496734,
    "a_Valles_2020_ALP": 819.4638250736679
}