{
    "ALP_M_n": 6.734701416143208,
    "ALP_0": 1.1760697858406328,
    "Mg_stim": 5.831551373945427,
    "Mg_dest": 31.355239108499433,
    "maturity_t": 0.7147913589681623,
    "early_diff_fast": 0.7249805355212205,
    "a_early_diff_stim": 0.9120817178118675,
    "diff_time": 972.8662708722782,
    "a_Valles_2020_ALP": 758.3512809404763
}