{
    "ALP_M_n": 4.778686864653463,
    "ALP_0": 1.2541128455808712,
    "Mg_stim": 8.002228075282247,
    "Mg_dest": 23.46086458137247,
    "maturity_t": 0.36494552809403674,
    "early_diff_fast": 0.7492924237381289,
    "a_early_diff_stim": 0.9175251168156611,
    "diff_time": 621.3792968883615,
    "a_Valles_2020_ALP": 197.67768767852488
}