{
    "ALP_M_n": 4.821377221765735,
    "ALP_0": 1.2514517566148733,
    "Mg_stim": 8.031634866972588,
    "Mg_dest": 29.371831514452403,
    "maturity_t": 0.3608271416698134,
    "early_diff_fast": 0.7498391769438169,
    "a_early_diff_stim": 0.9175063881947292,
    "diff_time": 628.3719648935323,
    "a_Valles_2020_ALP": 63.36958642678502
}