{
    "ALP_M_n": 4.243154029598794,
    "ALP_0": 1.2887618017082303,
    "Mg_stim": 7.995003632097146,
    "Mg_dest": 36.5877281783837,
    "maturity_t": 0.4318137418405155,
    "early_diff_fast": 0.748416035243673,
    "a_early_diff_stim": 0.9202208916037847,
    "diff_time": 526.516442428788,
    "a_Valles_2020_ALP": 266.8759952970964
}