{
    "ALP_M_n": 3.4242339405433957,
    "ALP_0": 1.3645156620227903,
    "Mg_stim": 7.9772163580011,
    "Mg_dest": 31.80156597028049,
    "maturity_t": 0.5944919709405659,
    "early_diff_fast": 0.7494735533147396,
    "a_early_diff_stim": 0.9215291557604309,
    "diff_time": 384.76271870165573,
    "a_Valles_2020_ALP": 211.58111534478894
}