{
    "ALP_M_n": 4.073530248263977,
    "ALP_0": 1.3008373079966653,
    "Mg_stim": 7.011243647037663,
    "Mg_dest": 34.81719835771719,
    "maturity_t": 0.6653636401430989,
    "early_diff_fast": 0.7083462429896293,
    "a_early_diff_stim": 0.9162464349134476,
    "diff_time": 495.5913085672571,
    "a_Valles_2020_ALP": 366.68322211396594
}