{
    "ALP_M_n": 3.3839002059405794,
    "ALP_0": 1.3687033355826115,
    "Mg_stim": 6.195873629349627,
    "Mg_dest": 37.819327825022754,
    "maturity_t": 0.9240034276708272,
    "early_diff_fast": 0.7212177839458042,
    "a_early_diff_stim": 0.9210635446858436,
    "diff_time": 377.26799996438933,
    "a_Valles_2020_ALP": 406.87851613004426
}