{
    "ALP_M_n": 3.8970600729204143,
    "ALP_0": 1.3161235861463916,
    "Mg_stim": 7.982644429080535,
    "Mg_dest": 33.83929228363394,
    "maturity_t": 0.4894734896628666,
    "early_diff_fast": 0.7498835675218788,
    "a_early_diff_stim": 0.9190709806185717,
    "diff_time": 465.2717397635167,
    "a_Valles_2020_ALP": 136.66666621109516
}