{
    "ALP_M_n": 3.32603592090575,
    "ALP_0": 1.3755038394039154,
    "Mg_stim": 7.973609970821828,
    "Mg_dest": 25.21237898602152,
    "maturity_t": 0.6227847459806558,
    "early_diff_fast": 0.7497261193110333,
    "a_early_diff_stim": 0.9212858419504104,
    "diff_time": 367.29232489163775,
    "a_Valles_2020_ALP": 417.6404022210904
}