{
    "ALP_M_n": 3.61777424516765,
    "ALP_0": 1.3428447808850963,
    "Mg_stim": 7.989595660392379,
    "Mg_dest": 32.68494259138605,
    "maturity_t": 0.546943040421577,
    "early_diff_fast": 0.7490959820360447,
    "a_early_diff_stim": 0.9222297041310614,
    "diff_time": 417.01424016514204,
    "a_Valles_2020_ALP": 649.5643524243577
}