{
    "ALP_M_n": 4.857752166406202,
    "ALP_0": 1.2496323153449493,
    "Mg_stim": 5.767018949619539,
    "Mg_dest": 31.867055529760513,
    "maturity_t": 0.8166875416085161,
    "early_diff_fast": 0.7296659216057955,
    "a_early_diff_stim": 0.9179519635128868,
    "diff_time": 635.5451790647252,
    "a_Valles_2020_ALP": 520.0599264671906
}