{
    "ALP_M_n": 3.2969907362832536,
    "ALP_0": 1.3795656257609012,
    "Mg_stim": 7.990692406968543,
    "Mg_dest": 29.84216267792735,
    "maturity_t": 0.6309473820696702,
    "early_diff_fast": 0.7484712612440586,
    "a_early_diff_stim": 0.9223815898919556,
    "diff_time": 362.72845226339643,
    "a_Valles_2020_ALP": 325.65915752047954
}