{
    "ALP_M_n": 4.735781217726206,
    "ALP_0": 1.2563087543495093,
    "Mg_stim": 8.029269736329473,
    "Mg_dest": 27.647743019416026,
    "maturity_t": 0.36983300584392625,
    "early_diff_fast": 0.7493928702043475,
    "a_early_diff_stim": 0.920109195416479,
    "diff_time": 612.6829865075404,
    "a_Valles_2020_ALP": 534.0411872157997
}