{
    "ALP_M_n": 6.22207984039543,
    "ALP_0": 1.191736951749917,
    "Mg_stim": 7.566324316236982,
    "Mg_dest": 33.15240007131899,
    "maturity_t": 0.5591209074471994,
    "early_diff_fast": 0.6942700559318619,
    "a_early_diff_stim": 0.9147773243670975,
    "diff_time": 881.0699153276692,
    "a_Valles_2020_ALP": 77.5950104469091
}