{
    "ALP_M_n": 3.560670483913286,
    "ALP_0": 1.349300745814828,
    "Mg_stim": 7.998154723322764,
    "Mg_dest": 32.028589162090874,
    "maturity_t": 0.5598753214749455,
    "early_diff_fast": 0.7487068401379716,
    "a_early_diff_stim": 0.9212062878700695,
    "diff_time": 408.07272326204793,
    "a_Valles_2020_ALP": 273.70057349057646
}