{
    "ALP_M_n": 5.269201717320384,
    "ALP_0": 1.228634288045211,
    "Mg_stim": 5.594821005166141,
    "Mg_dest": 31.646595101636194,
    "maturity_t": 0.4405466104568814,
    "early_diff_fast": 0.7311024126195642,
    "a_early_diff_stim": 0.9167882760940477,
    "diff_time": 707.7033561800125,
    "a_Valles_2020_ALP": 688.863511087997
}