{
    "ALP_M_n": 3.6696567079500673,
    "ALP_0": 1.337400758231437,
    "Mg_stim": 8.002330172164783,
    "Mg_dest": 27.647782113485903,
    "maturity_t": 0.5354581202814204,
    "early_diff_fast": 0.7498713892360283,
    "a_early_diff_stim": 0.9198857749136665,
    "diff_time": 425.7533983696406,
    "a_Valles_2020_ALP": 237.25056719581056
}