{
    "ALP_M_n": 5.752953554248954,
    "ALP_0": 1.2083981693146646,
    "Mg_stim": 8.07152307215842,
    "Mg_dest": 33.36028592203278,
    "maturity_t": 0.2837905650966703,
    "early_diff_fast": 0.7495652827491022,
    "a_early_diff_stim": 0.9165963088914558,
    "diff_time": 796.1827106975139,
    "a_Valles_2020_ALP": 337.1753459017028
}