{
    "ALP_M_n": 4.008461202654386,
    "ALP_0": 1.3067888725950407,
    "Mg_stim": 7.9798075637832495,
    "Mg_dest": 26.776485695583343,
    "maturity_t": 0.4693310705942248,
    "early_diff_fast": 0.7497355943615697,
    "a_early_diff_stim": 0.9190709692333983,
    "diff_time": 484.8732445662645,
    "a_Valles_2020_ALP": 447.80905262710536
}