{
    "ALP_M_n": 3.9247466348525264,
    "ALP_0": 1.3140322788916718,
    "Mg_stim": 7.929432172888623,
    "Mg_dest": 28.4215133553456,
    "maturity_t": 0.4839836794500876,
    "early_diff_fast": 0.7474233301065414,
    "a_early_diff_stim": 0.9192301355576904,
    "diff_time": 470.63674388048395,
    "a_Valles_2020_ALP": 489.98665413469917
}