{
    "ALP_M_n": 4.663644381386876,
    "ALP_0": 1.2601749248251481,
    "Mg_stim": 8.005423755816931,
    "Mg_dest": 32.882212077744434,
    "maturity_t": 0.3782425919792002,
    "early_diff_fast": 0.7481884899920634,
    "a_early_diff_stim": 0.9170157964849616,
    "diff_time": 599.1045259118032,
    "a_Valles_2020_ALP": 564.8086549586803
}