{
    "ALP_M_n": 3.8138767318348767,
    "ALP_0": 1.3237510478933752,
    "Mg_stim": 8.02190953592175,
    "Mg_dest": 30.882800790189663,
    "maturity_t": 0.5052101004458257,
    "early_diff_fast": 0.7495375531453867,
    "a_early_diff_stim": 0.9194200399578136,
    "diff_time": 451.1014855651081,
    "a_Valles_2020_ALP": 329.6501779340438
}