{
    "ALP_M_n": 3.354296285408573,
    "ALP_0": 1.3726353763999837,
    "Mg_stim": 7.9605447634167525,
    "Mg_dest": 35.33218883490132,
    "maturity_t": 0.6140317647677528,
    "early_diff_fast": 0.7499055254596498,
    "a_early_diff_stim": 0.9211323055137552,
    "diff_time": 372.72983241213416,
    "a_Valles_2020_ALP": 137.88162567490855
}