{
    "ALP_M_n": 6.752943292063413,
    "ALP_0": 1.1758942519910747,
    "Mg_stim": 8.009299126485864,
    "Mg_dest": 36.277612505120004,
    "maturity_t": 0.23042388320585042,
    "early_diff_fast": 0.7494647294093388,
    "a_early_diff_stim": 0.9159575453799855,
    "diff_time": 977.5430796437978,
    "a_Valles_2020_ALP": 578.1695000000963
}