{
    "ALP_M_n": 3.3239981197634076,
    "ALP_0": 1.3757160468014862,
    "Mg_stim": 7.9965926883165,
    "Mg_dest": 39.790133266328425,
    "maturity_t": 0.6234208213433553,
    "early_diff_fast": 0.7494874741158378,
    "a_early_diff_stim": 0.9223586017036273,
    "diff_time": 366.3995286154377,
    "a_Valles_2020_ALP": 609.3750524681882
}