{
    "ALP_M_n": 3.6254167321184587,
    "ALP_0": 1.3422120076673447,
    "Mg_stim": 8.019287169420561,
    "Mg_dest": 38.37348267856988,
    "maturity_t": 0.5450420125521683,
    "early_diff_fast": 0.7484800112212897,
    "a_early_diff_stim": 0.9210029788025671,
    "diff_time": 418.698259116178,
    "a_Valles_2020_ALP": 759.0729811014651
}