{
    "ALP_M_n": 4.424710198164648,
    "ALP_0": 1.275676149588601,
    "Mg_stim": 8.015691172405948,
    "Mg_dest": 27.80473319097822,
    "maturity_t": 0.40701478222074977,
    "early_diff_fast": 0.7492989656602556,
    "a_early_diff_stim": 0.9176862101172661,
    "diff_time": 557.6817390935845,
    "a_Valles_2020_ALP": 453.9800119452101
}