{
    "ALP_M_n": 6.977849221907435,
    "ALP_0": 1.1700487867803253,
    "Mg_stim": 8.915487649865119,
    "Mg_dest": 21.04167508873676,
    "maturity_t": 0.7157736520478842,
    "early_diff_fast": 0.7102762105074957,
    "a_early_diff_stim": 0.9147083502674626,
    "diff_time": 1020.0904307087675,
    "a_Valles_2020_ALP": 900.8779179808255
}