{
    "ALP_M_n": 4.8946874721994105,
    "ALP_0": 1.246366783410708,
    "Mg_stim": 8.004249259789606,
    "Mg_dest": 23.885608216712072,
    "maturity_t": 0.35430811992168587,
    "early_diff_fast": 0.7495819069820983,
    "a_early_diff_stim": 0.916129172096278,
    "diff_time": 637.247079976838,
    "a_Valles_2020_ALP": 460.03991723039576
}