{"ALP_M_n": 4.081897316500494, "ALP_0": 0.4412027061406614, "IL1b_ineffective": 193.37285586481397, "IL1b_stim": 1.3680177569137637, "IL8_favorable": 2.219614397646822, "maturity_t": 0.7226634889685143, "early_diff_very_fast": 0.7442953752666636, "a_early_diff_stim": 2.403167409247557, "diff_time": 1021.7094567013439, "a_Qiao_2021_ALP": 62.82091673939369}