{"ALP_M_n": 4.926878255913484, "ALP_0": 0.6884239470469763, "IL1b_ineffective": 198.54970514162284, "IL1b_stim": 1.3044122517442318, "IL8_favorable": 2.1700179003039395, "maturity_t": 0.7838691409557166, "early_diff_very_fast": 0.7394143498534382, "a_early_diff_stim": 2.573942548793116, "diff_time": 956.1261222227014, "a_Qiao_2021_ALP": 17.100963943291415}