{"ALP_M_n": 4.864232548045041, "ALP_0": 0.37518446414230816, "IL1b_ineffective": 194.9269407969316, "IL1b_stim": 1.3696051887436216, "IL8_favorable": 2.210352547326451, "maturity_t": 0.6952125070654044, "early_diff_very_fast": 0.7358111123447321, "a_early_diff_stim": 1.5011680102060272, "diff_time": 751.8279391207275, "a_Qiao_2021_ALP": 82.60088593987797}