{"ALP_M_n": 4.553884226558238, "ALP_0": 0.5612446013255514, "IL1b_ineffective": 195.0009414227943, "IL1b_stim": 1.3552097475953158, "IL8_favorable": 2.209261018110645, "maturity_t": 0.7606337993514498, "early_diff_very_fast": 0.749778486692142, "a_early_diff_stim": 2.377965677700792, "diff_time": 976.2894433472914, "a_Qiao_2021_ALP": 33.60446706321825}