{"ALP_M_n": 3.5211609200794296, "ALP_0": 0.37564617446269594, "IL1b_ineffective": 190.5549494222651, "IL1b_stim": 1.375084982661006, "IL8_favorable": 2.2545112055930616, "maturity_t": 0.7982735432034436, "early_diff_very_fast": 0.7380130630149864, "a_early_diff_stim": 2.5237805411100678, "diff_time": 950.4190960820446, "a_Qiao_2021_ALP": 65.38676250278571}