{"ALP_M_n": 3.3332294361329002, "ALP_0": 0.29651442207755974, "IL1b_ineffective": 189.89487602702286, "IL1b_stim": 1.3742110650308224, "IL8_favorable": 2.273656041153899, "maturity_t": 0.7923094849588765, "early_diff_very_fast": 0.7366143573175082, "a_early_diff_stim": 2.3435184061222185, "diff_time": 942.353414738867, "a_Qiao_2021_ALP": 93.88303935953498}