{"ALP_M_n": 4.250291619246576, "ALP_0": 0.47128795898177567, "IL1b_ineffective": 190.69147686166025, "IL1b_stim": 1.3600046350287265, "IL8_favorable": 2.273419505064851, "maturity_t": 0.7789384840885375, "early_diff_very_fast": 0.745206094895082, "a_early_diff_stim": 2.269151363766597, "diff_time": 955.9204883553232, "a_Qiao_2021_ALP": 51.28501648328671}