{"ALP_M_n": 2.5444092682063757, "ALP_0": 0.1721244125913186, "IL1b_ineffective": 186.48700405087794, "IL1b_stim": 1.4074494114540688, "IL8_favorable": 2.28981473307266, "maturity_t": 0.8, "early_diff_very_fast": 0.7223381429054976, "a_early_diff_stim": 2.739554565769504, "diff_time": 1006.8393471491299, "a_Qiao_2021_ALP": 123.41692114289569}