{"ALP_M_n": 5.045647970542754, "ALP_0": 0.34167893745534084, "IL1b_ineffective": 193.5533171723575, "IL1b_stim": 1.3662013037072107, "IL8_favorable": 2.172350445115768, "maturity_t": 0.5652788126272255, "early_diff_very_fast": 0.739535552587148, "a_early_diff_stim": 1.540307497136201, "diff_time": 946.2646846797286, "a_Qiao_2021_ALP": 189.0104556755325}