{"ALP_M_n": 7.184970455581168, "ALP_0": 0.5083396327011628, "IL1b_ineffective": 197.75315639562598, "IL1b_stim": 1.3432522642543816, "IL8_favorable": 2.147038808214056, "maturity_t": 0.5196910231388692, "early_diff_very_fast": 0.7595153941786839, "a_early_diff_stim": 1.2228348835925853, "diff_time": 924.7573122645064, "a_Qiao_2021_ALP": 94.6086476923794}