{
    "a_Chen_2018_ALP": 5.855560735452682,
    "a_Chen_2018_ARS": 2.4124318250875105,
    "a_early_diff_stim": 14.711239023508037,
    "a_early_diff_inhib": 18.393074767221258,
    "a_late_diff_stim": 6.817327611898758,
    "a_late_diff_inhib": 7.838282380230456,
    "early_diff_slow": 0.3780641413224145,
    "early_diff_fast": 0.58023126329547,
    "early_diff_very_fast": 0.8146747831270988,
    "late_diff_slow": 0.1681623243924558,
    "late_diff_fast": 0.7134302573609557,
    "Mg_stim": 7.188678559643481,
    "Mg_dest": 21.767587378637664,
    "IL1b_ineffective": 123.92161626035684,
    "IL1b_stim": 13.9609401175644,
    "IL8_favorable": 9.046023067321002,
    "ALP_M_n": 3.021309102224817,
    "ARS_M_n": 1.6618369522236514,
    "ALP_0": 0.6224040509571647,
    "ARS_0": 0.35351528745376015,
    "diff_time": 918.6069024075923,
    "maturity_t": 0.3629343331610022
}