{
    "a_Chen_2018_ALP": 4.9361808631575155,
    "a_Chen_2018_ARS": 2.372028046873986,
    "a_early_diff_stim": 13.885384617277259,
    "a_early_diff_inhib": 19.554207827928206,
    "a_late_diff_stim": 6.395449770275916,
    "a_late_diff_inhib": 9.652097576678834,
    "early_diff_slow": 0.10298649192321674,
    "early_diff_fast": 0.5850269805841585,
    "early_diff_very_fast": 0.8361177668903863,
    "late_diff_slow": 0.17047887521521565,
    "late_diff_fast": 0.7124404694195036,
    "Mg_stim": 8.005173392237989,
    "Mg_dest": 27.47564331230002,
    "IL1b_ineffective": 50.91080188617855,
    "IL1b_stim": 17.531134676850762,
    "IL8_favorable": 64.64774927005757,
    "ALP_M_n": 3.2532191953335765,
    "ARS_M_n": 1.6736663537731375,
    "ALP_0": 0.6793979614825527,
    "ARS_0": 0.36258426220350515,
    "diff_time": 921.6581419158651,
    "maturity_t": 0.36015434353278536
}