{
    "a_Chen_2018_ALP": 7.031765133221172,
    "a_Chen_2018_ARS": 2.278172149808597,
    "a_early_diff_stim": 10.306228345431272,
    "a_early_diff_inhib": 10.906950308450751,
    "a_late_diff_stim": 12.329278994915535,
    "a_late_diff_inhib": 11.969618429219818,
    "early_diff_slow": 0.23947734099776757,
    "early_diff_fast": 0.6074187189456471,
    "early_diff_very_fast": 0.9232117729591615,
    "late_diff_slow": 0.16901605993100233,
    "late_diff_fast": 0.7339331873535501,
    "Mg_stim": 7.780430872694532,
    "Mg_dest": 33.034638952878666,
    "IL1b_ineffective": 180.4067827085649,
    "IL1b_stim": 25.706791013800455,
    "IL8_favorable": 4.586228369053018,
    "ALP_M_n": 3.0824774260291696,
    "ARS_M_n": 1.7247827331314327,
    "ALP_0": 0.5733976208356364,
    "ARS_0": 0.3748686323672745,
    "diff_time": 869.8488689146291,
    "maturity_t": 0.35540428247284783
}