{
    "a_Chen_2018_ALP": 7.743947216721003,
    "a_Chen_2018_ARS": 2.6880286018436395,
    "a_early_diff_stim": 10.121989070493068,
    "a_early_diff_inhib": 7.668768702918445,
    "a_late_diff_stim": 6.886568767150049,
    "a_late_diff_inhib": 11.150502445138804,
    "early_diff_slow": 0.3429403723471173,
    "early_diff_fast": 0.6192085464984111,
    "early_diff_very_fast": 0.9599109367263488,
    "late_diff_slow": 0.29416270187480614,
    "late_diff_fast": 0.8468143501820413,
    "Mg_stim": 9.030777269866249,
    "Mg_dest": 39.28265493469342,
    "IL1b_ineffective": 49.89175201067057,
    "IL1b_stim": 18.721329494102903,
    "IL8_favorable": 55.91982656195509,
    "ALP_M_n": 1.6706635886854413,
    "ARS_M_n": 1.5369698573344563,
    "ALP_0": 0.3675374463294612,
    "ARS_0": 0.2939884228246638,
    "diff_time": 932.8798709059267,
    "maturity_t": 0.45610260797935726
}