{
    "a_Chen_2018_ALP": 1.0094366707088862,
    "a_Chen_2018_ARS": 2.0869039636073903,
    "a_early_diff_stim": 9.944658862784586,
    "a_early_diff_inhib": 12.528234945236294,
    "a_late_diff_stim": 16.349224958251902,
    "a_late_diff_inhib": 17.338410484315425,
    "early_diff_slow": 0.18364602120485288,
    "early_diff_fast": 0.6103533277253361,
    "early_diff_very_fast": 0.9213326352909845,
    "late_diff_slow": 0.268091955601833,
    "late_diff_fast": 0.7083180680434747,
    "Mg_stim": 6.464747850421533,
    "Mg_dest": 32.50657444773872,
    "IL1b_ineffective": 56.746576780260305,
    "IL1b_stim": 21.941744083518973,
    "IL8_favorable": 49.344510687962206,
    "ALP_M_n": 5.03643051295559,
    "ARS_M_n": 1.8327197813389604,
    "ALP_0": 1.056065019622609,
    "ARS_0": 0.4245796437108996,
    "diff_time": 868.6720315155665,
    "maturity_t": 0.34915814229037334
}