{
    "a_Chen_2018_ALP": 4.52173208742549,
    "a_Chen_2018_ARS": 0.7055135379632117,
    "a_early_diff_stim": 8.170265771557347,
    "a_early_diff_inhib": 11.727836693783463,
    "a_late_diff_stim": 11.430963988794607,
    "a_late_diff_inhib": 12.800161210598699,
    "early_diff_slow": 0.3235193652919133,
    "early_diff_fast": 0.6822109005572946,
    "early_diff_very_fast": 0.9865869713468305,
    "late_diff_slow": 0.20440359461640456,
    "late_diff_fast": 0.7539437868459327,
    "Mg_stim": 4.916200859923504,
    "Mg_dest": 34.93476410266304,
    "IL1b_ineffective": 94.92264241398317,
    "IL1b_stim": 24.81291627169982,
    "IL8_favorable": 58.218863365617544,
    "ALP_M_n": 1.59924499417404,
    "ARS_M_n": 2.5317004416751696,
    "ALP_0": 0.49098228817845596,
    "ARS_0": 0.8145389296775266,
    "diff_time": 648.2795557427314,
    "maturity_t": 0.6521050993389675
}