{
    "a_Chen_2018_ALP": 5.763323204543828,
    "a_Chen_2018_ARS": 0.5354828229086032,
    "a_early_diff_stim": 11.397427908853906,
    "a_early_diff_inhib": 10.024635081442426,
    "a_late_diff_stim": 12.953655131254344,
    "a_late_diff_inhib": 17.262551466756193,
    "early_diff_slow": 0.32827811133626006,
    "early_diff_fast": 0.6841332654936593,
    "early_diff_very_fast": 0.8821930819707553,
    "late_diff_slow": 0.27972447850572063,
    "late_diff_fast": 0.8236602613447264,
    "Mg_stim": 5.457559808480674,
    "Mg_dest": 30.3763195948247,
    "IL1b_ineffective": 104.3270293429382,
    "IL1b_stim": 12.918155564247437,
    "IL8_favorable": 3.4095536704913982,
    "ALP_M_n": 0.7065231868124217,
    "ARS_M_n": 2.9851084074920884,
    "ALP_0": 0.1295396698215579,
    "ARS_0": 0.9506149072732055,
    "diff_time": 765.6424577501925,
    "maturity_t": 0.8305634220147642
}