{
    "a_Chen_2018_ALP": 5.019164738456627,
    "a_Chen_2018_ARS": 0.9909339245099915,
    "a_early_diff_stim": 11.513243447603282,
    "a_early_diff_inhib": 12.295275777518045,
    "a_late_diff_stim": 12.55777493320757,
    "a_late_diff_inhib": 4.636366899712359,
    "early_diff_slow": 0.15638962246419968,
    "early_diff_fast": 0.6363256120700607,
    "early_diff_very_fast": 0.8702889905150873,
    "late_diff_slow": 0.31907197575004503,
    "late_diff_fast": 0.6811084582649295,
    "Mg_stim": 5.76587068349839,
    "Mg_dest": 32.31365533098388,
    "IL1b_ineffective": 117.31164084527292,
    "IL1b_stim": 20.95015516787352,
    "IL8_favorable": 91.7291081450027,
    "ALP_M_n": 1.6545388118267772,
    "ARS_M_n": 2.409552259709343,
    "ALP_0": 0.475429283284926,
    "ARS_0": 0.7097660551113718,
    "diff_time": 734.6418913080557,
    "maturity_t": 0.5929904303248363
}