{
    "a_Chen_2018_ALP": 3.1140454881398054,
    "a_Chen_2018_ARS": 0.35523930437460655,
    "a_early_diff_stim": 8.65049287855171,
    "a_early_diff_inhib": 18.27337367626253,
    "a_late_diff_stim": 4.784991202348614,
    "a_late_diff_inhib": 7.39901193546629,
    "early_diff_slow": 0.19920036386049367,
    "early_diff_fast": 0.6157526963890644,
    "early_diff_very_fast": 0.9892180548431072,
    "late_diff_slow": 0.16696397401981614,
    "late_diff_fast": 0.7424038436793007,
    "Mg_stim": 8.203819025242819,
    "Mg_dest": 36.67542434105077,
    "IL1b_ineffective": 108.48851669030287,
    "IL1b_stim": 11.64645160598451,
    "IL8_favorable": 34.88432360225136,
    "ALP_M_n": 3.8082893629638024,
    "ARS_M_n": 3.267951359259965,
    "ALP_0": 0.7989466823812659,
    "ARS_0": 1.0987177626413132,
    "diff_time": 788.6826458057078,
    "maturity_t": 0.3676567346692876
}