{
    "a_Chen_2018_ALP": 2.614254830941567,
    "a_Chen_2018_ARS": 1.1091080272201113,
    "a_early_diff_stim": 12.050949596473735,
    "a_early_diff_inhib": 14.181551170587866,
    "a_late_diff_stim": 4.1174924289951855,
    "a_late_diff_inhib": 3.453177156642142,
    "early_diff_slow": 0.3399528282584374,
    "early_diff_fast": 0.5777222487452606,
    "early_diff_very_fast": 0.8226772886552999,
    "late_diff_slow": 0.33897232986641906,
    "late_diff_fast": 0.870336998875229,
    "Mg_stim": 3.6813158424156556,
    "Mg_dest": 21.023934449302004,
    "IL1b_ineffective": 47.09689306198199,
    "IL1b_stim": 20.701453959414838,
    "IL8_favorable": 4.243698746285105,
    "ALP_M_n": 4.070460014542976,
    "ARS_M_n": 2.496053650123325,
    "ALP_0": 0.8405796687008779,
    "ARS_0": 0.6718094118260884,
    "diff_time": 752.0407246838505,
    "maturity_t": 0.36523298998256104
}