{
    "a_Chen_2018_ALP": 0.8446262610172917,
    "a_Chen_2018_ARS": 1.4247719094670952,
    "a_early_diff_stim": 13.318308320215081,
    "a_early_diff_inhib": 2.479112113369455,
    "a_late_diff_stim": 9.004406487514503,
    "a_late_diff_inhib": 9.148443899189736,
    "early_diff_slow": 0.1415828746645567,
    "early_diff_fast": 0.5902179364084227,
    "early_diff_very_fast": 0.861924591623541,
    "late_diff_slow": 0.31761602020276547,
    "late_diff_fast": 0.7631213627809607,
    "Mg_stim": 6.675439930882059,
    "Mg_dest": 22.649348374412945,
    "IL1b_ineffective": 111.14532339853994,
    "IL1b_stim": 17.757964671409592,
    "IL8_favorable": 8.707478462081248,
    "ALP_M_n": 4.9173250411767,
    "ARS_M_n": 2.155923266480897,
    "ALP_0": 1.112378151126565,
    "ARS_0": 0.6136233755956229,
    "diff_time": 919.3628697390188,
    "maturity_t": 0.3567753700352287
}