{
    "a_Chen_2018_ALP": 5.256554142292728,
    "a_Chen_2018_ARS": 0.7929991440979159,
    "a_early_diff_stim": 13.577394497943276,
    "a_early_diff_inhib": 14.727336323404073,
    "a_late_diff_stim": 16.647598781871945,
    "a_late_diff_inhib": 16.614067683867887,
    "early_diff_slow": 0.29394943725455847,
    "early_diff_fast": 0.6208761303078606,
    "early_diff_very_fast": 0.8081768658036492,
    "late_diff_slow": 0.27251399628353323,
    "late_diff_fast": 0.621392493574172,
    "Mg_stim": 7.91591172304412,
    "Mg_dest": 28.704577215520608,
    "IL1b_ineffective": 68.1219244388555,
    "IL1b_stim": 10.669687617698083,
    "IL8_favorable": 16.964094371521412,
    "ALP_M_n": 1.4904023504569688,
    "ARS_M_n": 2.6044443629255882,
    "ALP_0": 0.42650039368533316,
    "ARS_0": 0.798949122553378,
    "diff_time": 734.2211798337007,
    "maturity_t": 0.6168826255410172
}