{
    "a_Chen_2018_ALP": 3.357015693239146,
    "a_Chen_2018_ARS": 1.1208871579598072,
    "a_early_diff_stim": 8.86913005585314,
    "a_early_diff_inhib": 8.11124451070754,
    "a_late_diff_stim": 5.818559822607239,
    "a_late_diff_inhib": 14.612938022508747,
    "early_diff_slow": 0.2256749364747514,
    "early_diff_fast": 0.6171593030293598,
    "early_diff_very_fast": 0.9884316524551814,
    "late_diff_slow": 0.1507301489011137,
    "late_diff_fast": 0.6609175707986022,
    "Mg_stim": 6.4463906708057745,
    "Mg_dest": 33.611620266051474,
    "IL1b_ineffective": 101.58800134492986,
    "IL1b_stim": 1.3624341221935072,
    "IL8_favorable": 5.952347897627881,
    "ALP_M_n": 3.779817469499272,
    "ARS_M_n": 2.41444006041897,
    "ALP_0": 0.7844674390589604,
    "ARS_0": 0.6939309504747073,
    "diff_time": 822.9833383376729,
    "maturity_t": 0.3605051125278802
}