{
    "a_Chen_2018_ALP": 5.867885921485099,
    "a_Chen_2018_ARS": 0.3344559977162941,
    "a_early_diff_stim": 9.347948835188932,
    "a_early_diff_inhib": 11.298520606849083,
    "a_late_diff_stim": 3.5618481380357903,
    "a_late_diff_inhib": 4.400734337853573,
    "early_diff_slow": 0.20672271280681304,
    "early_diff_fast": 0.654480278768569,
    "early_diff_very_fast": 0.9032564710611689,
    "late_diff_slow": 0.3557990554750099,
    "late_diff_fast": 0.7305830047967846,
    "Mg_stim": 5.586365235732849,
    "Mg_dest": 27.83960222031252,
    "IL1b_ineffective": 121.50087269422013,
    "IL1b_stim": 22.073413538089007,
    "IL8_favorable": 76.11425141179465,
    "ALP_M_n": 1.3553455491445152,
    "ARS_M_n": 3.2715928295321435,
    "ALP_0": 0.3427527983744612,
    "ARS_0": 1.0698848071232043,
    "diff_time": 659.2646773257845,
    "maturity_t": 0.6233591545452499
}