{
    "a_Chen_2018_ALP": 0.40036595219120696,
    "a_Chen_2018_ARS": 1.6564242308962684,
    "a_early_diff_stim": 13.72283533997713,
    "a_early_diff_inhib": 18.728982386620466,
    "a_late_diff_stim": 15.585159430257566,
    "a_late_diff_inhib": 1.972885479668916,
    "early_diff_slow": 0.28292613202308053,
    "early_diff_fast": 0.5834732371277968,
    "early_diff_very_fast": 0.8303158284403955,
    "late_diff_slow": 0.344892947584855,
    "late_diff_fast": 0.8600149767965889,
    "Mg_stim": 6.514361251752858,
    "Mg_dest": 22.35680944561484,
    "IL1b_ineffective": 71.8270289122755,
    "IL1b_stim": 1.015486801733232,
    "IL8_favorable": 53.883254490130156,
    "ALP_M_n": 5.506058851570083,
    "ARS_M_n": 2.0101972715366627,
    "ALP_0": 1.2568402448972673,
    "ARS_0": 0.5448590169103972,
    "diff_time": 881.0346599174691,
    "maturity_t": 0.35783570974145207
}