{
    "a_Chen_2018_ALP": 9.591856613710538,
    "a_Chen_2018_ARS": 2.137844527560066,
    "a_early_diff_stim": 10.881037700932977,
    "a_early_diff_inhib": 7.6446177809159,
    "a_late_diff_stim": 8.241362663607482,
    "a_late_diff_inhib": 17.795317367422072,
    "early_diff_slow": 0.2957627980107219,
    "early_diff_fast": 0.6028901636758972,
    "early_diff_very_fast": 0.9222658952458151,
    "late_diff_slow": 0.3562092429996927,
    "late_diff_fast": 0.7323898638789206,
    "Mg_stim": 3.4894391983162656,
    "Mg_dest": 25.46679067026961,
    "IL1b_ineffective": 122.20383946111974,
    "IL1b_stim": 25.718443293466677,
    "IL8_favorable": 37.64560814432073,
    "ALP_M_n": 1.7765702263556649,
    "ARS_M_n": 1.8125756478887274,
    "ALP_0": 0.3322025689773974,
    "ARS_0": 0.412911706125135,
    "diff_time": 882.8103812123999,
    "maturity_t": 0.40646011152206823
}