{
    "a_Chen_2018_ALP": 9.990628180499101,
    "a_Chen_2018_ARS": 2.333993008533313,
    "a_early_diff_stim": 11.574018274426827,
    "a_early_diff_inhib": 8.244398164818774,
    "a_late_diff_stim": 13.646487119072008,
    "a_late_diff_inhib": 10.740833995344946,
    "early_diff_slow": 0.2219472798519684,
    "early_diff_fast": 0.6139100967525536,
    "early_diff_very_fast": 0.9326677589777758,
    "late_diff_slow": 0.23724360625973082,
    "late_diff_fast": 0.7894251351906576,
    "Mg_stim": 3.1696012041718005,
    "Mg_dest": 27.578944280099524,
    "IL1b_ineffective": 121.34924938724288,
    "IL1b_stim": 20.11447398651382,
    "IL8_favorable": 36.48159904238287,
    "ALP_M_n": 1.335404676367866,
    "ARS_M_n": 1.6568511292362584,
    "ALP_0": 0.22853801482940225,
    "ARS_0": 0.3856511756406458,
    "diff_time": 1009.7799129008562,
    "maturity_t": 0.4197065550584612
}