{
    "a_Chen_2018_ALP": 2.8068928295754447,
    "a_Chen_2018_ARS": 3.1222492042533307,
    "a_early_diff_stim": 11.860345396515058,
    "a_early_diff_inhib": 4.912966727532324,
    "a_late_diff_stim": 10.352912956545829,
    "a_late_diff_inhib": 7.1136991855107725,
    "early_diff_slow": 0.17726853699244766,
    "early_diff_fast": 0.6128337726412147,
    "early_diff_very_fast": 0.898064558828541,
    "late_diff_slow": 0.36669822563728416,
    "late_diff_fast": 0.6744259489951081,
    "Mg_stim": 3.221188536252654,
    "Mg_dest": 27.638035583908792,
    "IL1b_ineffective": 145.1393710709596,
    "IL1b_stim": 1.932871004803836,
    "IL8_favorable": 91.95594149454789,
    "ALP_M_n": 3.918874758799025,
    "ARS_M_n": 1.3045144288599764,
    "ALP_0": 0.8484935584952666,
    "ARS_0": 0.21181740653134667,
    "diff_time": 1048.6901769367805,
    "maturity_t": 0.3442340321624092
}