{
    "a_Chen_2018_ALP": 8.531805216089333,
    "a_Chen_2018_ARS": 2.046470391193709,
    "a_early_diff_stim": 10.329175720037375,
    "a_early_diff_inhib": 14.406150956156267,
    "a_late_diff_stim": 8.80455539273977,
    "a_late_diff_inhib": 9.585832188126126,
    "early_diff_slow": 0.24323539494254728,
    "early_diff_fast": 0.6116451718882512,
    "early_diff_very_fast": 0.9349582723647418,
    "late_diff_slow": 0.1305325824415726,
    "late_diff_fast": 0.8262430559856059,
    "Mg_stim": 4.121394078543683,
    "Mg_dest": 22.11492072295671,
    "IL1b_ineffective": 123.51054597218472,
    "IL1b_stim": 11.413820212125705,
    "IL8_favorable": 81.35153250604901,
    "ALP_M_n": 2.551614911641726,
    "ARS_M_n": 1.8109643288313106,
    "ALP_0": 0.48575041804097424,
    "ARS_0": 0.4413685794361698,
    "diff_time": 899.6969733359122,
    "maturity_t": 0.3621319613731578
}