{
    "a_Chen_2018_ALP": 9.989051109706129,
    "a_Chen_2018_ARS": 2.8440067513729814,
    "a_early_diff_stim": 12.170049811058776,
    "a_early_diff_inhib": 8.355195495218476,
    "a_late_diff_stim": 10.309481542186392,
    "a_late_diff_inhib": 4.052264937077137,
    "early_diff_slow": 0.34039793559602133,
    "early_diff_fast": 0.615262605659095,
    "early_diff_very_fast": 0.9408048767637461,
    "late_diff_slow": 0.10188231012547852,
    "late_diff_fast": 0.7088030603916715,
    "Mg_stim": 5.905542813915462,
    "Mg_dest": 26.79137656645263,
    "IL1b_ineffective": 138.35211380450477,
    "IL1b_stim": 17.896352310414343,
    "IL8_favorable": 64.571780712795,
    "ALP_M_n": 0.9245629492859293,
    "ARS_M_n": 1.4088807534692462,
    "ALP_0": 0.10881453166810333,
    "ARS_0": 0.2758766723615114,
    "diff_time": 1078.151887101836,
    "maturity_t": 0.42594278988622797
}