{
    "a_Chen_2018_ALP": 9.878809672486101,
    "a_Chen_2018_ARS": 1.478498780051654,
    "a_early_diff_stim": 16.559739824443966,
    "a_early_diff_inhib": 8.054938505116326,
    "a_late_diff_stim": 17.087882552174587,
    "a_late_diff_inhib": 17.91067287526911,
    "early_diff_slow": 0.3032396016978368,
    "early_diff_fast": 0.5733751397927591,
    "early_diff_very_fast": 0.8028509162482413,
    "late_diff_slow": 0.10509001570299861,
    "late_diff_fast": 0.7703866922318723,
    "Mg_stim": 5.067152710828266,
    "Mg_dest": 26.453220610829145,
    "IL1b_ineffective": 151.7048212700847,
    "IL1b_stim": 17.884589969430014,
    "IL8_favorable": 36.83111670664658,
    "ALP_M_n": 1.7809867124882153,
    "ARS_M_n": 2.12055224222496,
    "ALP_0": 0.3298126830992437,
    "ARS_0": 0.5974693205037572,
    "diff_time": 922.517001234882,
    "maturity_t": 0.39727075958898367
}