{
    "a_Chen_2018_ALP": 5.046102372547359,
    "a_Chen_2018_ARS": 3.01641461856613,
    "a_early_diff_stim": 12.370045441602393,
    "a_early_diff_inhib": 15.87159807768182,
    "a_late_diff_stim": 4.874712482896189,
    "a_late_diff_inhib": 1.7731784745490042,
    "early_diff_slow": 0.26289456898294744,
    "early_diff_fast": 0.606945807006963,
    "early_diff_very_fast": 0.9041111582680335,
    "late_diff_slow": 0.3589926312713409,
    "late_diff_fast": 0.6984652947471972,
    "Mg_stim": 2.607493492720251,
    "Mg_dest": 35.18595730478788,
    "IL1b_ineffective": 129.3565459954235,
    "IL1b_stim": 26.654599131487664,
    "IL8_favorable": 69.60297655295412,
    "ALP_M_n": 3.359159018431207,
    "ARS_M_n": 1.348676407275152,
    "ALP_0": 0.6862884345132251,
    "ARS_0": 0.23276677616746388,
    "diff_time": 1034.4562911567004,
    "maturity_t": 0.34520157184963035
}