{
    "a_Chen_2018_ALP": 5.580886844427104,
    "a_Chen_2018_ARS": 2.557133482392515,
    "a_early_diff_stim": 13.347601025324757,
    "a_early_diff_inhib": 13.26638538212664,
    "a_late_diff_stim": 18.35745110316835,
    "a_late_diff_inhib": 9.715901066820011,
    "early_diff_slow": 0.3622815380286762,
    "early_diff_fast": 0.599886685614079,
    "early_diff_very_fast": 0.8946729646003129,
    "late_diff_slow": 0.22391893333390092,
    "late_diff_fast": 0.7706939764571701,
    "Mg_stim": 4.471344083595927,
    "Mg_dest": 33.20911022317436,
    "IL1b_ineffective": 117.48018920943971,
    "IL1b_stim": 13.809712998840263,
    "IL8_favorable": 54.17526640165966,
    "ALP_M_n": 3.0592101121110287,
    "ARS_M_n": 1.5486493842813902,
    "ALP_0": 0.6445701734838543,
    "ARS_0": 0.3341486552551364,
    "diff_time": 1022.5472008114375,
    "maturity_t": 0.3565401787644482
}