{
    "a_Chen_2018_ALP": 7.468777250109993,
    "a_Chen_2018_ARS": 1.458953235470855,
    "a_early_diff_stim": 13.30750647900017,
    "a_early_diff_inhib": 8.46293527494449,
    "a_late_diff_stim": 6.578407923613389,
    "a_late_diff_inhib": 7.680307170732581,
    "early_diff_slow": 0.1918243403621234,
    "early_diff_fast": 0.586023517065946,
    "early_diff_very_fast": 0.8532189368243127,
    "late_diff_slow": 0.2302493164475217,
    "late_diff_fast": 0.7518059189231333,
    "Mg_stim": 6.589905840531273,
    "Mg_dest": 23.36282720193147,
    "IL1b_ineffective": 133.60227859726058,
    "IL1b_stim": 4.5958394532950635,
    "IL8_favorable": 88.16259931148042,
    "ALP_M_n": 2.684135275785077,
    "ARS_M_n": 2.154061486809124,
    "ALP_0": 0.5306383333242212,
    "ARS_0": 0.5948519257588718,
    "diff_time": 884.1241913280325,
    "maturity_t": 0.3676754636606225
}