{
    "a_Chen_2018_ALP": 2.5511638028022405,
    "a_Chen_2018_ARS": 1.7792441636483087,
    "a_early_diff_stim": 13.671023434219846,
    "a_early_diff_inhib": 1.88045413742773,
    "a_late_diff_stim": 7.2676743073400205,
    "a_late_diff_inhib": 15.730934281790958,
    "early_diff_slow": 0.17457606086230593,
    "early_diff_fast": 0.5767966428063479,
    "early_diff_very_fast": 0.8144477311105341,
    "late_diff_slow": 0.3502125526292667,
    "late_diff_fast": 0.7124133295156204,
    "Mg_stim": 3.8642968398978113,
    "Mg_dest": 35.2026996920897,
    "IL1b_ineffective": 88.20526809543621,
    "IL1b_stim": 5.17865211215042,
    "IL8_favorable": 39.315974056127445,
    "ALP_M_n": 4.13477168447994,
    "ARS_M_n": 2.0207597631659966,
    "ALP_0": 0.8541765100389695,
    "ARS_0": 0.4931212914528482,
    "diff_time": 834.6216202632077,
    "maturity_t": 0.35525159364845793
}