{
    "a_Chen_2018_ALP": 9.891487622070018,
    "a_Chen_2018_ARS": 3.20002934848795,
    "a_early_diff_stim": 18.647153429486185,
    "a_early_diff_inhib": 17.744008051115728,
    "a_late_diff_stim": 11.339082012431259,
    "a_late_diff_inhib": 1.6528304209209672,
    "early_diff_slow": 0.23592248560472376,
    "early_diff_fast": 0.573001328178217,
    "early_diff_very_fast": 0.7662383057134963,
    "late_diff_slow": 0.3090362681699431,
    "late_diff_fast": 0.7640779357441636,
    "Mg_stim": 4.3548823823556075,
    "Mg_dest": 35.24743137217617,
    "IL1b_ineffective": 133.0463733596933,
    "IL1b_stim": 8.951379238884202,
    "IL8_favorable": 31.61055230702331,
    "ALP_M_n": 2.3951475465462853,
    "ARS_M_n": 1.263861716220155,
    "ALP_0": 0.44015990545881084,
    "ARS_0": 0.19512309601719893,
    "diff_time": 1062.63878848787,
    "maturity_t": 0.34846319664686104
}