{
    "a_Chen_2018_ALP": 9.626605103869666,
    "a_Chen_2018_ARS": 0.9085252352226003,
    "a_early_diff_stim": 11.399781180632441,
    "a_early_diff_inhib": 3.0493093440815837,
    "a_late_diff_stim": 4.204932640502143,
    "a_late_diff_inhib": 14.86446554698308,
    "early_diff_slow": 0.10311421659212133,
    "early_diff_fast": 0.5933949205281112,
    "early_diff_very_fast": 0.8798486456472853,
    "late_diff_slow": 0.12095220716893365,
    "late_diff_fast": 0.6872124792114561,
    "Mg_stim": 6.557577194858539,
    "Mg_dest": 31.3136290644412,
    "IL1b_ineffective": 126.22293953141804,
    "IL1b_stim": 16.024116952219543,
    "IL8_favorable": 78.75551712241166,
    "ALP_M_n": 1.5088401612613098,
    "ARS_M_n": 2.5697374756830467,
    "ALP_0": 0.26367397534714665,
    "ARS_0": 0.7721148324242217,
    "diff_time": 806.55888431536,
    "maturity_t": 0.4346996120454607
}