{
    "a_Chen_2018_ALP": 9.489205071760203,
    "a_Chen_2018_ARS": 2.422812640943644,
    "a_early_diff_stim": 11.954063498685281,
    "a_early_diff_inhib": 14.920030147971158,
    "a_late_diff_stim": 1.820227181992859,
    "a_late_diff_inhib": 9.615344470885178,
    "early_diff_slow": 0.37149096216933075,
    "early_diff_fast": 0.6089679738290409,
    "early_diff_very_fast": 0.9158145216263699,
    "late_diff_slow": 0.19057029503348127,
    "late_diff_fast": 0.6475197735225593,
    "Mg_stim": 7.111786138900137,
    "Mg_dest": 20.996269760573423,
    "IL1b_ineffective": 80.94825787809637,
    "IL1b_stim": 9.095585305205123,
    "IL8_favorable": 52.017116075229296,
    "ALP_M_n": 2.2896888859322364,
    "ARS_M_n": 1.6391176010979043,
    "ALP_0": 0.4353899141857623,
    "ARS_0": 0.36925980196078173,
    "diff_time": 1011.3553320052707,
    "maturity_t": 0.35887932477227463
}