{
    "a_Chen_2018_ALP": 3.4992280024211424,
    "a_Chen_2018_ARS": 1.3181238095554006,
    "a_early_diff_stim": 10.544321734241233,
    "a_early_diff_inhib": 6.018466166607927,
    "a_late_diff_stim": 13.728994803260782,
    "a_late_diff_inhib": 12.75268285372956,
    "early_diff_slow": 0.22771981662805227,
    "early_diff_fast": 0.6105779289737456,
    "early_diff_very_fast": 0.9556380341144474,
    "late_diff_slow": 0.19580791281861348,
    "late_diff_fast": 0.8323399585407679,
    "Mg_stim": 2.4025249964281947,
    "Mg_dest": 38.49341012525846,
    "IL1b_ineffective": 141.78465431843276,
    "IL1b_stim": 13.262670926555232,
    "IL8_favorable": 71.1422257307855,
    "ALP_M_n": 3.596535630065793,
    "ARS_M_n": 2.2336238712878527,
    "ALP_0": 0.7756352979547527,
    "ARS_0": 0.6435121247627001,
    "diff_time": 897.5683553490867,
    "maturity_t": 0.3640402951978302
}