{
    "a_Chen_2018_ALP": 5.287445260537154,
    "a_Chen_2018_ARS": 2.044161147148474,
    "a_early_diff_stim": 9.604348442068758,
    "a_early_diff_inhib": 3.4446070326207874,
    "a_late_diff_stim": 9.689632537737472,
    "a_late_diff_inhib": 1.0125507978307962,
    "early_diff_slow": 0.1709007280308079,
    "early_diff_fast": 0.609447926285382,
    "early_diff_very_fast": 0.9426214407258506,
    "late_diff_slow": 0.21728946660682813,
    "late_diff_fast": 0.8559081026604329,
    "Mg_stim": 4.371107376085166,
    "Mg_dest": 31.440295275963184,
    "IL1b_ineffective": 135.0987143343469,
    "IL1b_stim": 20.131004875291516,
    "IL8_favorable": 52.16084734222062,
    "ALP_M_n": 3.399192007669774,
    "ARS_M_n": 1.8800983520470993,
    "ALP_0": 0.6613248084195027,
    "ARS_0": 0.42653669241806397,
    "diff_time": 837.9178087022392,
    "maturity_t": 0.35582384508118825
}