{
    "a_Chen_2018_ALP": 8.185962259920476,
    "a_Chen_2018_ARS": 0.548676634179478,
    "a_early_diff_stim": 12.337617225933087,
    "a_early_diff_inhib": 4.250835426294749,
    "a_late_diff_stim": 2.5117952284031686,
    "a_late_diff_inhib": 10.767747093987223,
    "early_diff_slow": 0.24789275542857614,
    "early_diff_fast": 0.5846235220574865,
    "early_diff_very_fast": 0.8410588578414189,
    "late_diff_slow": 0.33893907742437024,
    "late_diff_fast": 0.6489433001761994,
    "Mg_stim": 5.5862862013451124,
    "Mg_dest": 29.078980565056767,
    "IL1b_ineffective": 90.28208734395636,
    "IL1b_stim": 16.92208634145358,
    "IL8_favorable": 84.91185803079414,
    "ALP_M_n": 1.6445761553860019,
    "ARS_M_n": 2.9729617612070878,
    "ALP_0": 0.33347230782371073,
    "ARS_0": 0.9507279122183488,
    "diff_time": 791.2586626800223,
    "maturity_t": 0.46038439340304715
}