{
    "a_Chen_2018_ALP": 6.0945247499158635,
    "a_Chen_2018_ARS": 3.118554654264697,
    "a_early_diff_stim": 11.111069514568582,
    "a_early_diff_inhib": 3.886956168387811,
    "a_late_diff_stim": 5.694307841642323,
    "a_late_diff_inhib": 2.5915367563157616,
    "early_diff_slow": 0.2765851842582577,
    "early_diff_fast": 0.6245899911189379,
    "early_diff_very_fast": 0.9641547896785834,
    "late_diff_slow": 0.3947720398432898,
    "late_diff_fast": 0.6219399143822568,
    "Mg_stim": 2.029791852901633,
    "Mg_dest": 30.384726036643443,
    "IL1b_ineffective": 160.46456976053543,
    "IL1b_stim": 9.18967637804769,
    "IL8_favorable": 36.68674708107481,
    "ALP_M_n": 3.083545692419964,
    "ARS_M_n": 1.275589670873617,
    "ALP_0": 0.6260263843613139,
    "ARS_0": 0.2100413144479137,
    "diff_time": 1071.0469112718793,
    "maturity_t": 0.34689370115391877
}