{
    "a_Chen_2018_ALP": 1.6831575034027022,
    "a_Chen_2018_ARS": 2.5584021230385328,
    "a_early_diff_stim": 17.41052165218021,
    "a_early_diff_inhib": 12.754663162371532,
    "a_late_diff_stim": 5.83620801408888,
    "a_late_diff_inhib": 10.560744780031577,
    "early_diff_slow": 0.3417317876803452,
    "early_diff_fast": 0.5749597869820764,
    "early_diff_very_fast": 0.7960657487788544,
    "late_diff_slow": 0.2265808987591021,
    "late_diff_fast": 0.6465848772098095,
    "Mg_stim": 7.4457165089344475,
    "Mg_dest": 38.31583892728679,
    "IL1b_ineffective": 108.60665278801076,
    "IL1b_stim": 2.5826623509264444,
    "IL8_favorable": 92.81069580510544,
    "ALP_M_n": 4.362108536767961,
    "ARS_M_n": 1.555067081808203,
    "ALP_0": 0.968979315249607,
    "ARS_0": 0.33312702493853896,
    "diff_time": 1009.5017874959626,
    "maturity_t": 0.34831070728708763
}