{
    "a_Chen_2018_ALP": 5.244540236981061,
    "a_Chen_2018_ARS": 2.1815070068188023,
    "a_early_diff_stim": 12.4043786490387,
    "a_early_diff_inhib": 10.348172141809846,
    "a_late_diff_stim": 10.04787873696227,
    "a_late_diff_inhib": 10.315280814066282,
    "early_diff_slow": 0.24624392950149457,
    "early_diff_fast": 0.6078465505744003,
    "early_diff_very_fast": 0.8910579959849741,
    "late_diff_slow": 0.25217191925139837,
    "late_diff_fast": 0.7579725210961393,
    "Mg_stim": 6.125291723180359,
    "Mg_dest": 30.254163494274636,
    "IL1b_ineffective": 115.56075935499261,
    "IL1b_stim": 14.94463231627303,
    "IL8_favorable": 49.36029890096935,
    "ALP_M_n": 3.088564990052081,
    "ARS_M_n": 1.7907008823601596,
    "ALP_0": 0.6520174353784454,
    "ARS_0": 0.4299780472515401,
    "diff_time": 929.8797176137579,
    "maturity_t": 0.3988640436676893
}