{
    "a_Chen_2018_ALP": 2.466743807479254,
    "a_Chen_2018_ARS": 2.587222155931177,
    "a_early_diff_stim": 11.466943078961583,
    "a_early_diff_inhib": 12.171560019672569,
    "a_late_diff_stim": 3.443674092488658,
    "a_late_diff_inhib": 11.601863008998084,
    "early_diff_slow": 0.1477708245702697,
    "early_diff_fast": 0.6039685932572624,
    "early_diff_very_fast": 0.8966844141393278,
    "late_diff_slow": 0.14032323168439348,
    "late_diff_fast": 0.8498185196285095,
    "Mg_stim": 6.418125722417753,
    "Mg_dest": 36.056694306953226,
    "IL1b_ineffective": 155.14388597244508,
    "IL1b_stim": 6.0315606220433455,
    "IL8_favorable": 58.6529104302223,
    "ALP_M_n": 4.051698559661182,
    "ARS_M_n": 1.579859426259741,
    "ALP_0": 0.8712942293979989,
    "ARS_0": 0.3153988278328636,
    "diff_time": 929.1718155063545,
    "maturity_t": 0.35298413497500647
}