{
    "a_Chen_2018_ALP": 6.620501906169531,
    "a_Chen_2018_ARS": 2.220739019903083,
    "a_early_diff_stim": 12.724608936050998,
    "a_early_diff_inhib": 12.327993110893953,
    "a_late_diff_stim": 12.541327653439556,
    "a_late_diff_inhib": 13.265928259106758,
    "early_diff_slow": 0.28460012332641116,
    "early_diff_fast": 0.5968901566559778,
    "early_diff_very_fast": 0.8905365969965807,
    "late_diff_slow": 0.16503747687356157,
    "late_diff_fast": 0.7873586117174474,
    "Mg_stim": 7.911728291951628,
    "Mg_dest": 39.94235115382153,
    "IL1b_ineffective": 180.65195571103902,
    "IL1b_stim": 15.14888318229541,
    "IL8_favorable": 85.39542088001407,
    "ALP_M_n": 2.8912531899394835,
    "ARS_M_n": 1.7333161683443266,
    "ALP_0": 0.585484578282862,
    "ARS_0": 0.40446810014192774,
    "diff_time": 953.0464940277047,
    "maturity_t": 0.3582594202112679
}