{
    "a_Chen_2018_ALP": 6.319088415643517,
    "a_Chen_2018_ARS": 2.533560945184611,
    "a_early_diff_stim": 10.295932931999168,
    "a_early_diff_inhib": 4.782498571779099,
    "a_late_diff_stim": 13.268510575999928,
    "a_late_diff_inhib": 5.523882152030405,
    "early_diff_slow": 0.1400806433660256,
    "early_diff_fast": 0.7092879265826586,
    "early_diff_very_fast": 0.9887970856571902,
    "late_diff_slow": 0.2566682272821664,
    "late_diff_fast": 0.7848317018534662,
    "Mg_stim": 3.3384956649782715,
    "Mg_dest": 26.048839718523865,
    "IL1b_ineffective": 188.56677997067413,
    "IL1b_stim": 7.4552432253468,
    "IL8_favorable": 77.52072573796084,
    "ALP_M_n": 0.9266810743476932,
    "ARS_M_n": 1.3768074585519965,
    "ALP_0": 0.20840357103447624,
    "ARS_0": 0.2709701217178949,
    "diff_time": 907.2650772747112,
    "maturity_t": 0.6693162754550532
}