{
    "a_Chen_2018_ALP": 6.424702465082016,
    "a_Chen_2018_ARS": 2.933769841078068,
    "a_early_diff_stim": 12.564478460679114,
    "a_early_diff_inhib": 10.801635785848294,
    "a_late_diff_stim": 4.397268988323232,
    "a_late_diff_inhib": 18.113006929973984,
    "early_diff_slow": 0.12917766157308885,
    "early_diff_fast": 0.599195042531125,
    "early_diff_very_fast": 0.88550697436499,
    "late_diff_slow": 0.322909913671274,
    "late_diff_fast": 0.888102661977964,
    "Mg_stim": 9.55878036879452,
    "Mg_dest": 31.635486795831753,
    "IL1b_ineffective": 181.30168707300152,
    "IL1b_stim": 17.945136975726037,
    "IL8_favorable": 33.65037179255556,
    "ALP_M_n": 2.9245845225263745,
    "ARS_M_n": 1.4108893215110732,
    "ALP_0": 0.5974347361703194,
    "ARS_0": 0.24573297542739367,
    "diff_time": 979.1264882775481,
    "maturity_t": 0.3566761075942015
}