{
    "a_Chen_2018_ALP": 6.300000545959449,
    "a_Chen_2018_ARS": 1.1252697965812188,
    "a_early_diff_stim": 9.02234850792183,
    "a_early_diff_inhib": 8.196063098398167,
    "a_late_diff_stim": 12.595833966731021,
    "a_late_diff_inhib": 15.001667555755311,
    "early_diff_slow": 0.17324147722766148,
    "early_diff_fast": 0.670398224902951,
    "early_diff_very_fast": 0.9340411180000632,
    "late_diff_slow": 0.2903254416468779,
    "late_diff_fast": 0.8328632649235669,
    "Mg_stim": 4.222748531643317,
    "Mg_dest": 24.001289186416265,
    "IL1b_ineffective": 152.3751180266397,
    "IL1b_stim": 14.270038505574036,
    "IL8_favorable": 82.76372196079083,
    "ALP_M_n": 1.3356669889622892,
    "ARS_M_n": 2.4428731593200155,
    "ALP_0": 0.3252178532296241,
    "ARS_0": 0.6585320791709658,
    "diff_time": 732.5043010867369,
    "maturity_t": 0.5903754519313756
}