{
    "a_Chen_2018_ALP": 5.366135805437654,
    "a_Chen_2018_ARS": 1.5286621969682435,
    "a_early_diff_stim": 14.047730852243479,
    "a_early_diff_inhib": 6.442359987774704,
    "a_late_diff_stim": 7.754494643740872,
    "a_late_diff_inhib": 0.09696510352062404,
    "early_diff_slow": 0.3352939226472858,
    "early_diff_fast": 0.6262869261385546,
    "early_diff_very_fast": 0.8161328616582367,
    "late_diff_slow": 0.34868362138083064,
    "late_diff_fast": 0.8704917730355219,
    "Mg_stim": 6.519773988726708,
    "Mg_dest": 30.418481977862726,
    "IL1b_ineffective": 105.06792883554773,
    "IL1b_stim": 10.163609545581599,
    "IL8_favorable": 72.84889936107818,
    "ALP_M_n": 1.2885897775782917,
    "ARS_M_n": 1.869073639824531,
    "ALP_0": 0.36795959527446265,
    "ARS_0": 0.5042954074263859,
    "diff_time": 738.2669724526888,
    "maturity_t": 0.6657004488002174
}