{
    "a_Chen_2018_ALP": 2.7042505722114214,
    "a_Chen_2018_ARS": 1.1910965637906972,
    "a_early_diff_stim": 13.597648754526324,
    "a_early_diff_inhib": 17.270548384962986,
    "a_late_diff_stim": 4.0552618002432865,
    "a_late_diff_inhib": 7.359960270434063,
    "early_diff_slow": 0.1878299547022602,
    "early_diff_fast": 0.5814641742615281,
    "early_diff_very_fast": 0.8335695582860777,
    "late_diff_slow": 0.2200113516021966,
    "late_diff_fast": 0.8964924003246626,
    "Mg_stim": 9.697230040155532,
    "Mg_dest": 37.56749283179704,
    "IL1b_ineffective": 135.09481810269418,
    "IL1b_stim": 22.182228206830924,
    "IL8_favorable": 46.01201464333643,
    "ALP_M_n": 3.9349556183573617,
    "ARS_M_n": 2.3426940137675154,
    "ALP_0": 0.8425410348905639,
    "ARS_0": 0.6771660896491344,
    "diff_time": 860.7021441473746,
    "maturity_t": 0.3606697566956924
}