{
    "a_Chen_2018_ALP": 9.850106019009077,
    "a_Chen_2018_ARS": 2.456152059600391,
    "a_early_diff_stim": 13.471280681485776,
    "a_early_diff_inhib": 9.159140890150413,
    "a_late_diff_stim": 18.452650681446144,
    "a_late_diff_inhib": 12.926621468101487,
    "early_diff_slow": 0.1326289444676929,
    "early_diff_fast": 0.5962270640793077,
    "early_diff_very_fast": 0.8705406341194954,
    "late_diff_slow": 0.2268009676091739,
    "late_diff_fast": 0.6799400988046762,
    "Mg_stim": 6.062507506058695,
    "Mg_dest": 28.167242706920185,
    "IL1b_ineffective": 39.12973797687698,
    "IL1b_stim": 13.941717801412693,
    "IL8_favorable": 20.40359726252496,
    "ALP_M_n": 0.8988733401600758,
    "ARS_M_n": 1.6103514831823804,
    "ALP_0": 0.09682597421635672,
    "ARS_0": 0.3537137540835131,
    "diff_time": 987.9619187243054,
    "maturity_t": 0.4366996309917216
}