{"ALP_M_n": 1.9010970720895168, "ARS_M_n": 1.3225103137720549, "ALP_0": 0.607940733247289, "ARS_0": 0.7840394048833712, "maturity_t": 0.8199456164169725, "early_diff_slow": 0.2232627699149548, "early_diff_fast": 0.7396347667099938, "early_diff_very_fast": 0.9203710912074414, "late_diff_slow": 0.2876258619208168, "late_diff_fast": 0.7833009727672203, "a_early_diff_stim": 1.6711657196848495, "a_early_diff_inhib": 16.500780655885357, "a_late_diff_stim": 1.6650329930762844, "a_late_diff_inhib": 1.5378881263619917, "diff_time": 936.7078742962135, "a_Valles_2020_ALP": 213.38390472306114, "a_Valles_2020_ARS": 377.64261799071903}