{"ALP_M_n": 1.727290144758286, "ARS_M_n": 1.883881423544172, "ALP_0": 0.4996193283055666, "ARS_0": 1.2564871425709374, "maturity_t": 0.830832846615594, "early_diff_slow": 0.30000978477970686, "early_diff_fast": 0.5335599888307911, "early_diff_very_fast": 0.908904719406382, "late_diff_slow": 0.35408237503596746, "late_diff_fast": 0.7341698202177951, "a_early_diff_stim": 9.57757939319456, "a_early_diff_inhib": 3.2851518733415377, "a_late_diff_stim": 15.710899694966852, "a_late_diff_inhib": 18.936567966337122, "diff_time": 917.4590087048481, "a_Valles_2020_ALP": 256.49931917206516, "a_Valles_2020_ARS": 180.50633270131357}