{"ALP_M_n": 1.563094714426482, "ARS_M_n": 1.2619035004464065, "ALP_0": 0.28849289691058544, "ARS_0": 0.7521184699675502, "maturity_t": 0.6991099742803903, "early_diff_slow": 0.35159729625205016, "early_diff_fast": 0.580471572642971, "early_diff_very_fast": 0.9385067232585501, "late_diff_slow": 0.3287720818629166, "late_diff_fast": 0.8868681371466587, "a_early_diff_stim": 3.9986401248100143, "a_early_diff_inhib": 17.772381201939915, "a_late_diff_stim": 16.065218795530694, "a_late_diff_inhib": 0.13788987030090638, "diff_time": 1031.0204321909905, "a_Valles_2020_ALP": 428.27205901071517, "a_Valles_2020_ARS": 418.8565048131955}