{"ALP_M_n": 2.1198120342086275, "ARS_M_n": 1.627515033648108, "ALP_0": 0.3536864698564395, "ARS_0": 0.9112397914449283, "maturity_t": 0.7207692211720169, "early_diff_slow": 0.17038187320189008, "early_diff_fast": 0.588965956375938, "early_diff_very_fast": 0.6433814945944007, "late_diff_slow": 0.10571335979696203, "late_diff_fast": 0.8108175158697346, "a_early_diff_stim": 2.972167122533991, "a_early_diff_inhib": 11.765600049504016, "a_late_diff_stim": 19.840040612433217, "a_late_diff_inhib": 10.764352025631014, "diff_time": 984.9980993535282, "a_Valles_2020_ALP": 432.8328316274636, "a_Valles_2020_ARS": 309.85220349860026}