{"ALP_M_n": 2.4863841439817818, "ARS_M_n": 0.8534956833100905, "ALP_0": 0.9198488864054016, "ARS_0": 0.1872102325406382, "maturity_t": 0.7880229199078145, "early_diff_slow": 0.1750021755280192, "early_diff_fast": 0.5653740528849397, "early_diff_very_fast": 0.6730948559279453, "late_diff_slow": 0.2762134198981872, "late_diff_fast": 0.727818884872852, "a_early_diff_stim": 5.205517529771898, "a_early_diff_inhib": 7.9364626421759095, "a_late_diff_stim": 6.455980160056792, "a_late_diff_inhib": 12.443868418603227, "diff_time": 967.9273557657287, "a_Valles_2020_ALP": 111.03227725101105, "a_Valles_2020_ARS": 734.1924462777478}