{"ALP_M_n": 3.0054617298531836, "ARS_M_n": 0.8027750588155145, "ALP_0": 0.6692639190752444, "ARS_0": 0.30625503039219476, "maturity_t": 0.5902334123423044, "early_diff_slow": 0.22662907537487437, "early_diff_fast": 0.516472449736997, "early_diff_very_fast": 0.6795286287972238, "late_diff_slow": 0.3537143208198057, "late_diff_fast": 0.7590862045981804, "a_early_diff_stim": 14.836432164960847, "a_early_diff_inhib": 12.649206569945637, "a_late_diff_stim": 18.961124466571164, "a_late_diff_inhib": 18.1262899369587, "diff_time": 1067.6309350121476, "a_Valles_2020_ALP": 209.9472675299679, "a_Valles_2020_ARS": 672.5656190590167}