{"ALP_M_n": 2.2579291797669194, "ARS_M_n": 1.317541811965887, "ALP_0": 1.1343557371336905, "ARS_0": 0.8945059577093524, "maturity_t": 0.8928538994572509, "early_diff_slow": 0.3837591351757562, "early_diff_fast": 0.5509123683947884, "early_diff_very_fast": 0.6003850699483797, "late_diff_slow": 0.30748815203002927, "late_diff_fast": 0.6334410434125565, "a_early_diff_stim": 9.380142532892505, "a_early_diff_inhib": 17.565970744074242, "a_late_diff_stim": 10.536140145399724, "a_late_diff_inhib": 11.288810979898665, "diff_time": 1033.505923418179, "a_Valles_2020_ALP": 85.17141320162945, "a_Valles_2020_ARS": 356.21788856770456}