{"ALP_M_n": 2.8146859202793375, "ARS_M_n": 0.9381487443697827, "ALP_0": 0.5614724435178599, "ARS_0": 0.016416166936879247, "maturity_t": 0.708234087570634, "early_diff_slow": 0.3179373875731423, "early_diff_fast": 0.7487076829660961, "early_diff_very_fast": 0.9153633520487823, "late_diff_slow": 0.24417189920372112, "late_diff_fast": 0.7923603953565046, "a_early_diff_stim": 0.8554126158019764, "a_early_diff_inhib": 6.872177439199525, "a_late_diff_stim": 12.187615980892856, "a_late_diff_inhib": 19.674481282587863, "diff_time": 811.5498232954038, "a_Valles_2020_ALP": 214.46578090184664, "a_Valles_2020_ARS": 837.1139228069634}