{"ALP_M_n": 2.2402902591735234, "ARS_M_n": 1.33605082939227, "ALP_0": 0.7239983240094691, "ARS_0": 0.8087919918295835, "maturity_t": 0.7620702347949434, "early_diff_slow": 0.2928483358909447, "early_diff_fast": 0.5374164328938619, "early_diff_very_fast": 0.8310278027714049, "late_diff_slow": 0.16380663018366165, "late_diff_fast": 0.7021112628052174, "a_early_diff_stim": 11.388866989497533, "a_early_diff_inhib": 17.3584092763831, "a_late_diff_stim": 6.669359880022421, "a_late_diff_inhib": 8.091676197632175, "diff_time": 979.270444571805, "a_Valles_2020_ALP": 172.91489516532, "a_Valles_2020_ARS": 375.26993640568776}