{"ALP_M_n": 2.175063209659378, "ARS_M_n": 1.1434631681544516, "ALP_0": 0.6010566326778387, "ARS_0": 0.5705228873854014, "maturity_t": 0.706871059348476, "early_diff_slow": 0.18416880276562497, "early_diff_fast": 0.5423496142683722, "early_diff_very_fast": 0.8081255032947638, "late_diff_slow": 0.3105663982398729, "late_diff_fast": 0.6850976706066707, "a_early_diff_stim": 7.215370773295188, "a_early_diff_inhib": 5.9411118600043995, "a_late_diff_stim": 6.235202650153182, "a_late_diff_inhib": 9.529800787797036, "diff_time": 1021.2499719701135, "a_Valles_2020_ALP": 234.27545138093373, "a_Valles_2020_ARS": 512.3175575128818}