{"ALP_M_n": 2.4097931016685776, "ARS_M_n": 1.339987941265459, "ALP_0": 0.5390409193812776, "ARS_0": 0.799482913465906, "maturity_t": 0.6576828472353138, "early_diff_slow": 0.36604580862898123, "early_diff_fast": 0.6691591707957742, "early_diff_very_fast": 0.7788670511830791, "late_diff_slow": 0.19932736124304284, "late_diff_fast": 0.8599324675006534, "a_early_diff_stim": 1.972007131096848, "a_early_diff_inhib": 14.59556544004239, "a_late_diff_stim": 7.744839647919961, "a_late_diff_inhib": 2.532556442385875, "diff_time": 986.6328082260503, "a_Valles_2020_ALP": 272.45821661089394, "a_Valles_2020_ARS": 382.89727757641083}