{"ALP_M_n": 2.4625810959038166, "ARS_M_n": 0.8806211589973703, "ALP_0": 0.4123466059677667, "ARS_0": 0.4382161837253797, "maturity_t": 0.5664530938784405, "early_diff_slow": 0.33836383508971596, "early_diff_fast": 0.5938106739244471, "early_diff_very_fast": 0.7125072409961707, "late_diff_slow": 0.1575530971665883, "late_diff_fast": 0.6447324367556224, "a_early_diff_stim": 3.2082684687910707, "a_early_diff_inhib": 11.997399313180836, "a_late_diff_stim": 6.336539068771478, "a_late_diff_inhib": 2.2040307865427895, "diff_time": 1077.49790243273, "a_Valles_2020_ALP": 442.7580787035474, "a_Valles_2020_ARS": 599.9710180366201}