{"ALP_M_n": 2.0184823370608296, "ARS_M_n": 1.3187241887629542, "ALP_0": 0.24750204666174358, "ARS_0": 0.5053152171663, "maturity_t": 0.6485268385448051, "early_diff_slow": 0.21572749076263642, "early_diff_fast": 0.602452442138112, "early_diff_very_fast": 0.6698524887511983, "late_diff_slow": 0.23454189852177165, "late_diff_fast": 0.659266297817338, "a_early_diff_stim": 2.3312830557379898, "a_early_diff_inhib": 16.4186075344146, "a_late_diff_stim": 6.057028296524749, "a_late_diff_inhib": 13.443242565834701, "diff_time": 1024.6069927858448, "a_Valles_2020_ALP": 610.2065098632877, "a_Valles_2020_ARS": 552.0293131157506}