{"ALP_M_n": 2.6597441484488673, "ARS_M_n": 1.168837678827017, "ALP_0": 0.32120149183889923, "ARS_0": 0.2311429651915771, "maturity_t": 0.6471766245174472, "early_diff_slow": 0.3164665375438901, "early_diff_fast": 0.5283601398965436, "early_diff_very_fast": 0.7742660322950569, "late_diff_slow": 0.26900933751389855, "late_diff_fast": 0.7253248974352132, "a_early_diff_stim": 6.919441252909469, "a_early_diff_inhib": 7.007605553659621, "a_late_diff_stim": 12.909537765637282, "a_late_diff_inhib": 4.055588332681261, "diff_time": 816.6207637639483, "a_Valles_2020_ALP": 457.47371689613317, "a_Valles_2020_ARS": 666.5963968696616}