{"ALP_M_n": 1.5401538343546959, "ARS_M_n": 1.361871519503267, "ALP_0": 0.3101545873038687, "ARS_0": 0.8353378656094158, "maturity_t": 0.7233035997460896, "early_diff_slow": 0.2563635668218388, "early_diff_fast": 0.5606972381256143, "early_diff_very_fast": 0.9106703349505836, "late_diff_slow": 0.27915906063587903, "late_diff_fast": 0.7887027104036614, "a_early_diff_stim": 6.843333366949446, "a_early_diff_inhib": 19.126565866272216, "a_late_diff_stim": 17.20733980298798, "a_late_diff_inhib": 16.19824788471348, "diff_time": 1023.6519590578447, "a_Valles_2020_ALP": 399.2328040813563, "a_Valles_2020_ARS": 371.77145751287566}