{"ALP_M_n": 1.5068254786732578, "ARS_M_n": 1.0303261136793556, "ALP_0": 0.5984587882323041, "ARS_0": 0.5623170842360102, "maturity_t": 0.9130771749359101, "early_diff_slow": 0.1056690611275026, "early_diff_fast": 0.5550229582904289, "early_diff_very_fast": 0.8739653390532076, "late_diff_slow": 0.11814206918236997, "late_diff_fast": 0.8652664752346644, "a_early_diff_stim": 8.84883343998127, "a_early_diff_inhib": 18.401517949372494, "a_late_diff_stim": 11.822707675917654, "a_late_diff_inhib": 11.594760541937404, "diff_time": 1032.7563303806944, "a_Valles_2020_ALP": 225.37030239724615, "a_Valles_2020_ARS": 517.7273931425871}