{"ALP_M_n": 1.982595198224509, "ARS_M_n": 1.0888876910278862, "ALP_0": 0.43554659557712155, "ARS_0": 0.5744127488580086, "maturity_t": 0.6567590407318343, "early_diff_slow": 0.3122565025210001, "early_diff_fast": 0.5570300937159509, "early_diff_very_fast": 0.8197624478364928, "late_diff_slow": 0.18034331717326138, "late_diff_fast": 0.7948404860573068, "a_early_diff_stim": 5.004343445275271, "a_early_diff_inhib": 13.679625966278426, "a_late_diff_stim": 16.177373291017776, "a_late_diff_inhib": 14.593117124996986, "diff_time": 1064.2636947971896, "a_Valles_2020_ALP": 352.55616734609885, "a_Valles_2020_ARS": 520.013033351961}