{"ALP_M_n": 2.0691298181408633, "ARS_M_n": 2.6560836270759034, "ALP_0": 0.6034384576346449, "ARS_0": 1.6933869512566442, "maturity_t": 0.826216940147466, "early_diff_slow": 0.2891103171577044, "early_diff_fast": 0.6107447879829551, "early_diff_very_fast": 0.8705349476504101, "late_diff_slow": 0.3076034104488909, "late_diff_fast": 0.8060182072061806, "a_early_diff_stim": 2.4679519802955414, "a_early_diff_inhib": 17.06519728659641, "a_late_diff_stim": 7.538768813755484, "a_late_diff_inhib": 12.589836440155135, "diff_time": 849.4974996797157, "a_Valles_2020_ALP": 200.4511453747824, "a_Valles_2020_ARS": 61.16591184329613}