{"ALP_M_n": 1.3693303797913183, "ARS_M_n": 1.3079343075499237, "ALP_0": 0.1602421381672507, "ARS_0": 0.6636249569572672, "maturity_t": 0.6812743506842883, "early_diff_slow": 0.1330325081641338, "early_diff_fast": 0.6390385930061729, "early_diff_very_fast": 0.8642590916305651, "late_diff_slow": 0.24620738135861425, "late_diff_fast": 0.8582842312152045, "a_early_diff_stim": 1.9089853051913621, "a_early_diff_inhib": 3.869786232051748, "a_late_diff_stim": 11.289105396453268, "a_late_diff_inhib": 15.950677719309898, "diff_time": 1020.5414708705429, "a_Valles_2020_ALP": 531.9691099309209, "a_Valles_2020_ARS": 454.22288741937126}