{"ALP_M_n": 1.2304082930472067, "ARS_M_n": 1.1412109073648247, "ALP_0": 0.13512258454685622, "ARS_0": 0.43629755922657604, "maturity_t": 0.7857037023117313, "early_diff_slow": 0.3578197528451259, "early_diff_fast": 0.5254691561522936, "early_diff_very_fast": 0.6887116294217487, "late_diff_slow": 0.21900538973387976, "late_diff_fast": 0.7399456180030558, "a_early_diff_stim": 13.733787534706124, "a_early_diff_inhib": 11.819497232819893, "a_late_diff_stim": 13.875619688530714, "a_late_diff_inhib": 14.99849309745867, "diff_time": 898.7269897565009, "a_Valles_2020_ALP": 459.0953528040954, "a_Valles_2020_ARS": 549.3380957843985}