{"ALP_M_n": 1.7294034268157634, "ARS_M_n": 1.3165445523006136, "ALP_0": 0.7680708591368178, "ARS_0": 0.7532245059660282, "maturity_t": 0.9386401832410636, "early_diff_slow": 0.17928754937058689, "early_diff_fast": 0.570994491917729, "early_diff_very_fast": 0.8725155734140407, "late_diff_slow": 0.2380840165709439, "late_diff_fast": 0.7621642360460092, "a_early_diff_stim": 6.125329184350981, "a_early_diff_inhib": 4.5642356249999985, "a_late_diff_stim": 9.17341041010696, "a_late_diff_inhib": 18.765614732545696, "diff_time": 980.5972892309217, "a_Valles_2020_ALP": 166.78685705242836, "a_Valles_2020_ARS": 393.9247659497726}