{"ALP_M_n": 3.212744745507579, "ARS_M_n": 2.261374065592207, "ALP_0": 0.5020114855164873, "ARS_0": 1.0638021352513354, "maturity_t": 0.7096274353289795, "early_diff_slow": 0.1073058076459793, "early_diff_fast": 0.6439806979623992, "early_diff_very_fast": 0.7395899321660246, "late_diff_slow": 0.274298761989485, "late_diff_fast": 0.6838757394368701, "a_early_diff_stim": 1.3025205820134282, "a_early_diff_inhib": 8.755803137724673, "a_late_diff_stim": 13.562790794659286, "a_late_diff_inhib": 5.723765227893997, "diff_time": 958.8241883053955, "a_Valles_2020_ALP": 334.03217959476905, "a_Valles_2020_ARS": 192.87247978553543}