{"ALP_M_n": 1.7873338623676782, "ARS_M_n": 1.0256645977436518, "ALP_0": 0.1738025003242165, "ARS_0": 0.30232731245874006, "maturity_t": 0.6547785587835165, "early_diff_slow": 0.11105194004366933, "early_diff_fast": 0.5487146961065149, "early_diff_very_fast": 0.6545680030607153, "late_diff_slow": 0.32351834868179863, "late_diff_fast": 0.6080322023372016, "a_early_diff_stim": 5.413369274802849, "a_early_diff_inhib": 10.857085350481286, "a_late_diff_stim": 4.547782760674841, "a_late_diff_inhib": 3.379803844403604, "diff_time": 900.1308352437344, "a_Valles_2020_ALP": 587.7760751682789, "a_Valles_2020_ARS": 640.3185880943545}