{
    "ALP_M_n": 9.93933629782192,
    "ARS_M_n": 1.7800355950888114,
    "ALP_0": 0.41716083349508504,
    "ARS_0": 0.5762116650589334,
    "a_Valles_2020_ALP": 832.4487923117306,
    "a_Valles_2020_ARS": 356.2883296148333
}