{
    "ALP_M_n": 2.686243342066115,
    "ARS_M_n": 1.7223924465447216,
    "ALP_0": 0.38366851663698315,
    "ARS_0": 0.5326857900521631,
    "a_Valles_2020_ALP": 429.0274352045684,
    "a_Valles_2020_ARS": 383.718661934736
}