{
    "ALP_M_n": 2.391838159820519,
    "ARS_M_n": 0.9924772508638142,
    "ALP_0": 0.6285589200591931,
    "ARS_0": 0.14616722879367228,
    "maturity_t": 0.5534621733138964,
    "diff_time": 935.9100730462208,
    "a_Valles_2020_ALP": 281.54032257999194,
    "a_Valles_2020_ARS": 801.0085359441894
}