{
    "ALP_M_n": 1.091714379517441,
    "ARS_M_n": 1.9679021835569344,
    "ALP_0": 0.208264130986152,
    "ARS_0": 0.253130632729706,
    "maturity_t": 0.7974790343374565,
    "diff_time": 681.0925724750218,
    "a_Valles_2020_ALP": 417.38236787373916,
    "a_Valles_2020_ARS": 545.2199035404138
}