{
    "ALP_M_n": 3.5845249153586973,
    "ARS_M_n": 2.4251071432100795,
    "ALP_0": 0.4184107368107481,
    "ARS_0": 0.6259998509038238,
    "maturity_t": 0.7214509373585057,
    "diff_time": 656.9178072669716,
    "a_Valles_2020_ALP": 262.70076457732205,
    "a_Valles_2020_ARS": 246.0935044932217
}