{
  "ALP_M_n": 0.4322396909726532,
  "ARS_M_n": 0.2645044989255437,
  "ALP_0": 0.04728056389512054,
  "ARS_0": 0.024206217341400937,
  "Mg_S": 0.002887647388701798,
  "Mg_D": 0.02012753364580351,
  "IL1b_H": 0.03422966273814491,
  "IL1b_S": 0.0006083411430557966,
  "IL8_M": 0.0034677970613049827,
  "maturity_t": 0.022760802635100837,
  "early_diff_L": 0.0005641749364653118,
  "early_diff_H": 0.0008180938407581957,
  "early_diff_VH": 0.02311107477509879,
  "late_diff_L": 0.00035735685467433843,
  "late_diff_H": 0.18592900786014233,
  "a_early_diff_u": 0.008849483976324778,
  "a_early_diff_d": 0.08226287267607658,
  "a_late_diff_u": 0.03259123668782075,
  "a_late_diff_d": 0.00015123244942642298,
  "diff_time": 0.27734462011637995,
  "a_Chen_2018_ALP": 0.0788638162671946,
  "a_Chen_2018_ARS": 0.011067316869462896,
  "a_Valles_2020_ALP": 0.2071787435181353,
  "a_Valles_2020_ARS": 0.5329508946762174,
  "a_Qiao_2021_ALP": 0.40025130870498066
}