{
  "a_Ber_2016_ALP": 0.0021432526184472006,
  "a_Ber_2016_OC": 0.0005860624064620104,
  "a_Valles_2020_ALP": 0.002620262123661573,
  "a_Valles_2020_ARS": 0.003162520005659522,
  "a_Chen_2018_ALP": 0.00012324156738526798,
  "a_Chen_2018_ARS": 0.00010962525642541563,
  "a_Qiao_2021_ALP": 0.03401432329179581,
  "a_early_diff_stim": 5.159991811629666e-05,
  "a_early_diff_inhib": 0.0012394990139471523,
  "a_late_diff_stim": 0.002391749693875875,
  "a_late_diff_inhib": 0.054543489746993225,
  "early_diff_slow": 0.00010214717268482049,
  "early_diff_fast": 0.040360762581674585,
  "early_diff_very_fast": 0.04411411388363225,
  "late_diff_slow": 0.0002710866671248583,
  "late_diff_fast": 3.266334152656534e-05,
  "Mg_stim": 0.00018538550934193092,
  "Mg_dest": 0.0012345625053863094,
  "IL1b_ineffective": 0.0005177904385486467,
  "IL1b_stim": 0.0001287215842879233,
  "IL8_favorable": 0.0015346647796948094,
  "ALP_M_n": 0.35808891697143186,
  "ARS_M_n": 0.0011306037024978737,
  "OC_M_n": 3.1187005626766486e-05,
  "ALP_0": 0.39340963640066473,
  "ARS_0": 0.0034676518563825044,
  "OC_0": 3.0642362672258954e-06,
  "diff_time": 0.007703904273954009,
  "maturity_t": 0.003249846052998987
}