{
    "ALP_M_n": 3.3608295271076734,
    "ALP_0": 0.21639070290534582,
    "IL1b_ineffective": 103.0445400327937,
    "IL1b_stim": 18.33203266910526,
    "IL8_favorable": 29.823305622075953,
    "maturity_t": 0.7317734831381594,
    "early_diff_very_fast": 0.7924990795858201,
    "a_early_diff_stim": 16.454272513942602,
    "diff_time": 511.3020904111361,
    "a_Qiao_2021_ALP": 49.59445495600343
}