{
    "ALP_M_n": 4.673717488948163,
    "ALP_0": 0.38739748717750333,
    "IL1b_ineffective": 102.78859723064389,
    "IL1b_stim": 19.868160695613277,
    "IL8_favorable": 32.18648351468045,
    "maturity_t": 0.4465691242290217,
    "early_diff_very_fast": 0.9885009303959456,
    "a_early_diff_stim": 12.591390559789199,
    "diff_time": 891.1333086932086,
    "a_Qiao_2021_ALP": 95.78835687661642
}