{
    "ALP_M_n": 2.95298022961707,
    "ALP_0": 0.22364910651991418,
    "IL1b_ineffective": 104.6773744568587,
    "IL1b_stim": 12.910528048179408,
    "IL8_favorable": 21.396261776601886,
    "maturity_t": 0.6270138043696419,
    "early_diff_very_fast": 0.7997848868698556,
    "a_early_diff_stim": 14.810551530029338,
    "diff_time": 676.2702817543484,
    "a_Qiao_2021_ALP": 66.74367433716263
}