{
    "ALP_M_n": 3.482214239038312,
    "ALP_0": 0.25056014824178874,
    "IL1b_ineffective": 108.51038913726735,
    "IL1b_stim": 7.811515434241523,
    "IL8_favorable": 12.738620471546085,
    "maturity_t": 0.6674294754306332,
    "early_diff_very_fast": 0.7413274328464609,
    "a_early_diff_stim": 8.88135869318976,
    "diff_time": 568.9668759880909,
    "a_Qiao_2021_ALP": 55.193826660816626
}