{
    "ALP_M_n": 3.267165370824427,
    "ALP_0": 0.2019054817605659,
    "IL1b_ineffective": 102.83943649568602,
    "IL1b_stim": 19.52842597555108,
    "IL8_favorable": 32.0767494372688,
    "maturity_t": 0.5793596364551497,
    "early_diff_very_fast": 0.8075077488525452,
    "a_early_diff_stim": 18.552039428209603,
    "diff_time": 676.3792352455392,
    "a_Qiao_2021_ALP": 92.43616618358247
}