{
    "ALP_M_n": 4.510987473506865,
    "ALP_0": 0.3164817381377486,
    "IL1b_ineffective": 101.92447746789803,
    "IL1b_stim": 26.28556622439802,
    "IL8_favorable": 42.48757553683621,
    "maturity_t": 0.5669427639150243,
    "early_diff_very_fast": 0.9393539324050021,
    "a_early_diff_stim": 14.357607882200957,
    "diff_time": 630.922402505074,
    "a_Qiao_2021_ALP": 72.25718734961967
}