{
    "ALP_M_n": 2.1126379034034852,
    "ALP_0": 0.28650449441634473,
    "IL1b_ineffective": 106.80359695589001,
    "IL1b_stim": 9.11632524221254,
    "IL8_favorable": 15.493019692175473,
    "maturity_t": 0.6287618637190902,
    "early_diff_very_fast": 0.9608869926910772,
    "a_early_diff_stim": 14.333359373187061,
    "diff_time": 1052.734638561576,
    "a_Qiao_2021_ALP": 49.45943672844581
}