{
    "ALP_M_n": 3.3828581598014025,
    "ALP_0": 0.41479273923990934,
    "IL1b_ineffective": 107.0944197565174,
    "IL1b_stim": 8.998281312197975,
    "IL8_favorable": 14.937263993477472,
    "maturity_t": 0.6744360153686917,
    "early_diff_very_fast": 0.7362537230894014,
    "a_early_diff_stim": 14.829158470314747,
    "diff_time": 668.1053435502255,
    "a_Qiao_2021_ALP": 31.053637823864854
}