{
    "ALP_M_n": 4.472786153055002,
    "ALP_0": 0.2615690343942436,
    "IL1b_ineffective": 103.63485089276024,
    "IL1b_stim": 15.846774027132785,
    "IL8_favorable": 25.65443095027986,
    "maturity_t": 0.4452064510547727,
    "early_diff_very_fast": 0.7988889853195666,
    "a_early_diff_stim": 13.179183609887366,
    "diff_time": 818.4961252622306,
    "a_Qiao_2021_ALP": 196.08269664862212
}