{
    "ALP_M_n": 5.982019428891898,
    "ALP_0": 0.41539653195457615,
    "IL1b_ineffective": 102.95863175794018,
    "IL1b_stim": 19.184894513269537,
    "IL8_favorable": 30.408992068510567,
    "maturity_t": 0.4447292152543155,
    "early_diff_very_fast": 0.8091616826918955,
    "a_early_diff_stim": 14.123533333618571,
    "diff_time": 790.6494028965872,
    "a_Qiao_2021_ALP": 102.61742064044692
}