{
    "ALP_M_n": 5.002959090821879,
    "ALP_0": 0.43388068128948143,
    "IL1b_ineffective": 104.69530632584787,
    "IL1b_stim": 13.015671240904545,
    "IL8_favorable": 20.976589899411753,
    "maturity_t": 0.5300594638290954,
    "early_diff_very_fast": 0.7145593683355072,
    "a_early_diff_stim": 16.15925281062074,
    "diff_time": 701.974297565646,
    "a_Qiao_2021_ALP": 49.269790508340456
}