{
    "ALP_M_n": 2.513787323289119,
    "ALP_0": 0.19620614300690672,
    "IL1b_ineffective": 184.96599726297916,
    "IL1b_stim": 1.400054707042317,
    "IL8_favorable": 2.34193673339783,
    "maturity_t": 0.9672305572020913,
    "early_diff_very_fast": 0.7223863710590493,
    "a_early_diff_stim": 2.7528197055557984,
    "diff_time": 862.0972415299029,
    "a_Qiao_2021_ALP": 83.3751409881829
}