{
    "ALP_M_n": 6.498506275844409,
    "ALP_0": 0.31884112753000304,
    "IL1b_ineffective": 101.75192013797216,
    "IL1b_stim": 28.106412738955477,
    "IL8_favorable": 44.7219590846302,
    "maturity_t": 0.602752536031251,
    "early_diff_very_fast": 0.8488071905696164,
    "a_early_diff_stim": 11.624531788835675,
    "diff_time": 498.1664688430604,
    "a_Qiao_2021_ALP": 69.90518462271571
}