{
    "ALP_M_n": 1.7751127028122924,
    "ALP_0": 0.020929122251877097,
    "IL1b_ineffective": 105.51946154373832,
    "IL1b_stim": 10.814659403437052,
    "IL8_favorable": 18.501263271916063,
    "maturity_t": 0.7849108141174249,
    "early_diff_very_fast": 0.8309578533376251,
    "a_early_diff_stim": 13.08722990189756,
    "diff_time": 594.9435559432195,
    "a_Qiao_2021_ALP": 60.15533524036506
}