{
    "ALP_M_n": 5.245234130038964,
    "ALP_0": 0.4958923155036221,
    "IL1b_ineffective": 101.86010231198824,
    "IL1b_stim": 26.873100760100016,
    "IL8_favorable": 43.04391233697466,
    "maturity_t": 0.5458072905602073,
    "early_diff_very_fast": 0.9228726289868877,
    "a_early_diff_stim": 17.185743497292396,
    "diff_time": 687.0287740719108,
    "a_Qiao_2021_ALP": 33.18638606957126
}