{
    "ALP_M_n": 6.515733668032445,
    "ALP_0": 0.5575786419243305,
    "IL1b_ineffective": 104.76347705837021,
    "IL1b_stim": 12.978678910358528,
    "IL8_favorable": 20.89009335142274,
    "maturity_t": 0.3984939456710227,
    "early_diff_very_fast": 0.9482587673960204,
    "a_early_diff_stim": 8.464400369006656,
    "diff_time": 965.649985451553,
    "a_Qiao_2021_ALP": 54.941459759134965
}