{
    "ALP_M_n": 2.8161062918817197,
    "ALP_0": 0.2091526775788179,
    "IL1b_ineffective": 187.19874727895257,
    "IL1b_stim": 1.3899294489712162,
    "IL8_favorable": 2.305973906402201,
    "maturity_t": 0.879639338877626,
    "early_diff_very_fast": 0.7286094910306267,
    "a_early_diff_stim": 2.6271275653178825,
    "diff_time": 1052.2310902840015,
    "a_Qiao_2021_ALP": 131.42818563623192
}