{
    "ALP_M_n": 5.836327110970397,
    "ALP_0": 0.4416987153468114,
    "IL1b_ineffective": 104.34830810309738,
    "IL1b_stim": 14.008190910050033,
    "IL8_favorable": 22.771946637394223,
    "maturity_t": 0.4572732439075537,
    "early_diff_very_fast": 0.9193793158229181,
    "a_early_diff_stim": 8.178707081025404,
    "diff_time": 783.0707540260149,
    "a_Qiao_2021_ALP": 76.33724478528447
}