{
    "ALP_M_n": 3.324704385768049,
    "ALP_0": 0.3685605807466272,
    "IL1b_ineffective": 104.13410655201277,
    "IL1b_stim": 14.324364395376929,
    "IL8_favorable": 23.46162761225527,
    "maturity_t": 0.48756071106342286,
    "early_diff_very_fast": 0.9358465742029286,
    "a_early_diff_stim": 15.986207484234358,
    "diff_time": 1038.620716517558,
    "a_Qiao_2021_ALP": 68.72024389965175
}