{
    "ALP_M_n": 3.632922504887838,
    "ALP_0": 0.207232841899069,
    "IL1b_ineffective": 105.6434408319774,
    "IL1b_stim": 11.133163080659902,
    "IL8_favorable": 18.108921946827618,
    "maturity_t": 0.47348398862094854,
    "early_diff_very_fast": 0.6970961827492497,
    "a_early_diff_stim": 15.901595101830017,
    "diff_time": 809.9769582278127,
    "a_Qiao_2021_ALP": 165.93651643649423
}