{
    "ALP_M_n": 5.291399100973572,
    "ALP_0": 0.4743554107329487,
    "IL1b_ineffective": 102.3826668283679,
    "IL1b_stim": 22.64518842753429,
    "IL8_favorable": 36.17457782680696,
    "maturity_t": 0.49805876445721475,
    "early_diff_very_fast": 0.8916188197333985,
    "a_early_diff_stim": 16.031025334229245,
    "diff_time": 760.5979833411335,
    "a_Qiao_2021_ALP": 47.541496483741135
}