{
    "ALP_M_n": 4.6334122250232594,
    "ALP_0": 0.2671813533544362,
    "IL1b_ineffective": 103.84747926001685,
    "IL1b_stim": 15.578534255262632,
    "IL8_favorable": 24.905094900054323,
    "maturity_t": 0.5466756573780197,
    "early_diff_very_fast": 0.6903558017693304,
    "a_early_diff_stim": 17.45457006571815,
    "diff_time": 625.22062080886,
    "a_Qiao_2021_ALP": 106.47590549215457
}