{
    "ALP_M_n": 5.3156741589696574,
    "ALP_0": 0.3290376929051696,
    "IL1b_ineffective": 101.94537968942252,
    "IL1b_stim": 26.172460022935734,
    "IL8_favorable": 41.92836575842614,
    "maturity_t": 0.415103905113926,
    "early_diff_very_fast": 0.8665239847038007,
    "a_early_diff_stim": 17.119106469608173,
    "diff_time": 857.414679606762,
    "a_Qiao_2021_ALP": 197.29821884587895
}