{
    "ALP_M_n": 3.2272147976249483,
    "ALP_0": 0.4796918249260278,
    "IL1b_ineffective": 189.59709769978778,
    "IL1b_stim": 1.3801237709819674,
    "IL8_favorable": 2.268926927939134,
    "maturity_t": 0.9465822188469313,
    "early_diff_very_fast": 0.7353024147112915,
    "a_early_diff_stim": 3.590595892046459,
    "diff_time": 1061.8936582636436,
    "a_Qiao_2021_ALP": 37.637608307718025
}