{
    "ALP_M_n": 5.143542248908753,
    "ALP_0": 0.23951466298619414,
    "IL1b_ineffective": 105.87841384198182,
    "IL1b_stim": 10.822220299457573,
    "IL8_favorable": 17.541950383351136,
    "maturity_t": 0.6255432334240502,
    "early_diff_very_fast": 0.8920752593524867,
    "a_early_diff_stim": 4.639895982065774,
    "diff_time": 504.8585219124092,
    "a_Qiao_2021_ALP": 88.06687863557157
}