{
    "ALP_M_n": 3.017154912717784,
    "ALP_0": 0.21091939615097768,
    "IL1b_ineffective": 109.55820043735591,
    "IL1b_stim": 6.922280587507423,
    "IL8_favorable": 11.503121801347795,
    "maturity_t": 0.5281291646345929,
    "early_diff_very_fast": 0.7797273419156076,
    "a_early_diff_stim": 8.918699573239348,
    "diff_time": 828.3733246218958,
    "a_Qiao_2021_ALP": 106.18734042155323
}