{
    "ALP_M_n": 4.285285639877946,
    "ALP_0": 0.27939554989177856,
    "IL1b_ineffective": 103.74292703310749,
    "IL1b_stim": 15.504624076584198,
    "IL8_favorable": 25.20191841400403,
    "maturity_t": 0.4909430000853804,
    "early_diff_very_fast": 0.9526170679532128,
    "a_early_diff_stim": 8.918796817593599,
    "diff_time": 751.8485207798292,
    "a_Qiao_2021_ALP": 125.42538159473263
}