{
    "ALP_M_n": 3.9764838901111936,
    "ALP_0": 0.6580133710575797,
    "IL1b_ineffective": 105.071724654231,
    "IL1b_stim": 12.113736393956945,
    "IL8_favorable": 19.89255726941601,
    "maturity_t": 0.5711625477212026,
    "early_diff_very_fast": 0.9664723644748424,
    "a_early_diff_stim": 14.654846025378328,
    "diff_time": 963.08513755842,
    "a_Qiao_2021_ALP": 18.104410666049517
}