{
    "ALP_M_n": 3.5615536453854815,
    "ALP_0": 0.39532061966022797,
    "IL1b_ineffective": 102.82565715411975,
    "IL1b_stim": 19.465986911916904,
    "IL8_favorable": 31.93738627595797,
    "maturity_t": 0.5845476865705248,
    "early_diff_very_fast": 0.9214167177703813,
    "a_early_diff_stim": 18.018244367417804,
    "diff_time": 768.4987622866178,
    "a_Qiao_2021_ALP": 44.396953588126635
}