{
    "ALP_M_n": 3.5987500719545658,
    "ALP_0": 0.4010805431765663,
    "IL1b_ineffective": 101.7466222499865,
    "IL1b_stim": 28.02019055591721,
    "IL8_favorable": 45.44752915857659,
    "maturity_t": 0.7193893228953918,
    "early_diff_very_fast": 0.9749576313694382,
    "a_early_diff_stim": 19.514133120592774,
    "diff_time": 575.2924251151421,
    "a_Qiao_2021_ALP": 27.341662617597848
}