{
    "ALP_M_n": 2.0315736881189923,
    "ALP_0": 0.020298941942280744,
    "IL1b_ineffective": 107.43349871972612,
    "IL1b_stim": 8.410861289793319,
    "IL8_favorable": 14.42375506103837,
    "maturity_t": 0.4394221413007329,
    "early_diff_very_fast": 0.8776957316305658,
    "a_early_diff_stim": 7.7792122536646975,
    "diff_time": 980.5894287739729,
    "a_Qiao_2021_ALP": 198.81598805524237
}