{
    "ALP_M_n": 2.4334836631787358,
    "ALP_0": 0.11823670357048854,
    "IL1b_ineffective": 102.23179309557457,
    "IL1b_stim": 22.895787705230816,
    "IL8_favorable": 38.04050284764953,
    "maturity_t": 0.5254436229553239,
    "early_diff_very_fast": 0.9460512756780799,
    "a_early_diff_stim": 19.117988842376775,
    "diff_time": 845.1294555243106,
    "a_Qiao_2021_ALP": 120.63141574951064
}