{
    "ALP_M_n": 5.872478720745664,
    "ALP_0": 0.5173143477044402,
    "IL1b_ineffective": 103.58194373770807,
    "IL1b_stim": 16.285713221564944,
    "IL8_favorable": 26.23046452290522,
    "maturity_t": 0.3824054083531261,
    "early_diff_very_fast": 0.8920790253416127,
    "a_early_diff_stim": 13.796034019527958,
    "diff_time": 1070.2345432621341,
    "a_Qiao_2021_ALP": 76.3873393791168
}