{
    "ALP_M_n": 3.2776232507197096,
    "ALP_0": 0.4208880678899843,
    "IL1b_ineffective": 103.5545065674005,
    "IL1b_stim": 16.166092389488764,
    "IL8_favorable": 26.69104425670515,
    "maturity_t": 0.6348300067563906,
    "early_diff_very_fast": 0.9423250282127432,
    "a_early_diff_stim": 16.21699383023629,
    "diff_time": 758.7702129337822,
    "a_Qiao_2021_ALP": 34.50784999553556
}