{
    "ALP_M_n": 2.4540731217689613,
    "ALP_0": 0.08137929248099882,
    "IL1b_ineffective": 104.05676219875826,
    "IL1b_stim": 14.242947703470506,
    "IL8_favorable": 23.798896949825487,
    "maturity_t": 0.6418746310603478,
    "early_diff_very_fast": 0.9832611743849895,
    "a_early_diff_stim": 9.194859754015898,
    "diff_time": 632.0115297601282,
    "a_Qiao_2021_ALP": 90.80181410743086
}