{
    "ALP_M_n": 5.563579312969065,
    "ALP_0": 0.4682769691619347,
    "IL1b_ineffective": 102.42684155948245,
    "IL1b_stim": 22.309748987780836,
    "IL8_favorable": 35.56403549452048,
    "maturity_t": 0.6335167444711399,
    "early_diff_very_fast": 0.7746279578774294,
    "a_early_diff_stim": 17.29380598567192,
    "diff_time": 537.9895996539337,
    "a_Qiao_2021_ALP": 23.90867747370939
}