{
    "ALP_M_n": 2.345329957668096,
    "ALP_0": 0.1446666128927406,
    "IL1b_ineffective": 102.52424234449624,
    "IL1b_stim": 20.831188342212915,
    "IL8_favorable": 35.34472676484898,
    "maturity_t": 0.626893062814103,
    "early_diff_very_fast": 0.9432856737072856,
    "a_early_diff_stim": 18.757321013478023,
    "diff_time": 730.655835890567,
    "a_Qiao_2021_ALP": 75.32506048916687
}