{
    "ALP_M_n": 2.3363027071732074,
    "ALP_0": 0.057299820813871194,
    "IL1b_ineffective": 103.92168256300559,
    "IL1b_stim": 14.628782873821272,
    "IL8_favorable": 24.541507295272062,
    "maturity_t": 0.58524570450036,
    "early_diff_very_fast": 0.8859451937437302,
    "a_early_diff_stim": 11.99838382314696,
    "diff_time": 701.8809184607288,
    "a_Qiao_2021_ALP": 115.99630450121437
}