{
    "ALP_M_n": 5.737754321346351,
    "ALP_0": 0.406688850614096,
    "IL1b_ineffective": 108.0205488350377,
    "IL1b_stim": 8.382218679652638,
    "IL8_favorable": 13.332845191435162,
    "maturity_t": 0.397282507568622,
    "early_diff_very_fast": 0.8272599735359386,
    "a_early_diff_stim": 6.700563736251563,
    "diff_time": 928.9277777509394,
    "a_Qiao_2021_ALP": 143.3805099120362
}