{
    "ALP_M_n": 4.005092962066248,
    "ALP_0": 0.3480740625510961,
    "IL1b_ineffective": 105.34709358252651,
    "IL1b_stim": 11.56801590307185,
    "IL8_favorable": 19.294229405308215,
    "maturity_t": 0.46905461844845003,
    "early_diff_very_fast": 0.794555838203019,
    "a_early_diff_stim": 13.883627340402676,
    "diff_time": 899.0261259040926,
    "a_Qiao_2021_ALP": 92.05980783353348
}