{
    "ALP_M_n": 3.399601178267986,
    "ALP_0": 0.3409425855236794,
    "IL1b_ineffective": 105.33878400985034,
    "IL1b_stim": 11.4994873828065,
    "IL8_favorable": 18.940594317414217,
    "maturity_t": 0.603425741053235,
    "early_diff_very_fast": 0.72667373191428,
    "a_early_diff_stim": 18.385366094222892,
    "diff_time": 715.6762297966518,
    "a_Qiao_2021_ALP": 49.807320555273876
}