{
    "ALP_M_n": 5.403284870393865,
    "ALP_0": 0.27571949524830835,
    "IL1b_ineffective": 102.89178628611685,
    "IL1b_stim": 19.223193733784434,
    "IL8_favorable": 31.255736226936442,
    "maturity_t": 0.5456845130633892,
    "early_diff_very_fast": 0.8024128260418558,
    "a_early_diff_stim": 11.352841538695651,
    "diff_time": 592.0050934841275,
    "a_Qiao_2021_ALP": 122.36984085373048
}