{
    "ALP_M_n": 2.13883789507395,
    "ALP_0": 0.09791167265938294,
    "IL1b_ineffective": 104.30748352905843,
    "IL1b_stim": 13.492170165431649,
    "IL8_favorable": 22.96937624180978,
    "maturity_t": 0.5035966598033771,
    "early_diff_very_fast": 0.8405658827282251,
    "a_early_diff_stim": 16.973111161381812,
    "diff_time": 953.6976324714899,
    "a_Qiao_2021_ALP": 122.21250567526054
}