{
    "ALP_M_n": 3.5728836697533315,
    "ALP_0": 0.4714775019740328,
    "IL1b_ineffective": 110.89583119874685,
    "IL1b_stim": 6.294792059919825,
    "IL8_favorable": 10.419952311873232,
    "maturity_t": 0.6061782771835351,
    "early_diff_very_fast": 0.6614839816365647,
    "a_early_diff_stim": 17.11853174063753,
    "diff_time": 787.6908462145738,
    "a_Qiao_2021_ALP": 31.487739350705677
}