{
    "ALP_M_n": 4.185604282394582,
    "ALP_0": 0.44397785364824993,
    "IL1b_ineffective": 104.53209939482626,
    "IL1b_stim": 13.366146424845907,
    "IL8_favorable": 21.73693841919114,
    "maturity_t": 0.48217963973622746,
    "early_diff_very_fast": 0.9169901609195975,
    "a_early_diff_stim": 12.653904921503095,
    "diff_time": 929.5532235191587,
    "a_Qiao_2021_ALP": 56.524168206824804
}