{
    "ALP_M_n": 3.157860445377586,
    "ALP_0": 0.28702384936039405,
    "IL1b_ineffective": 108.43419153280573,
    "IL1b_stim": 7.913417939003287,
    "IL8_favorable": 13.0040907903579,
    "maturity_t": 0.6577096284354895,
    "early_diff_very_fast": 0.9348104111769302,
    "a_early_diff_stim": 6.378004818732215,
    "diff_time": 648.54604971,
    "a_Qiao_2021_ALP": 49.561836232290645
}