{
    "ALP_M_n": 3.6885279332290235,
    "ALP_0": 0.3162684070966625,
    "IL1b_ineffective": 107.61592997643704,
    "IL1b_stim": 8.626081560597953,
    "IL8_favorable": 14.065463539704034,
    "maturity_t": 0.47058560137976424,
    "early_diff_very_fast": 0.7552395795232884,
    "a_early_diff_stim": 12.439817426329721,
    "diff_time": 929.7602484811596,
    "a_Qiao_2021_ALP": 100.73833307589089
}