{
    "ALP_M_n": 4.369090684416256,
    "ALP_0": 0.38390600735635816,
    "IL1b_ineffective": 127.52665609979736,
    "IL1b_stim": 3.0227319973646978,
    "IL8_favorable": 4.880904497059248,
    "maturity_t": 0.558383361265859,
    "early_diff_very_fast": 0.8661338993877151,
    "a_early_diff_stim": 2.36271202297617,
    "diff_time": 689.2675564782494,
    "a_Qiao_2021_ALP": 53.1587834587768
}