{
    "ALP_M_n": 5.2846622166118475,
    "ALP_0": 0.45722676308737814,
    "IL1b_ineffective": 102.5900373811414,
    "IL1b_stim": 20.983595525070317,
    "IL8_favorable": 33.97160368691383,
    "maturity_t": 0.6962781733790132,
    "early_diff_very_fast": 0.7347979219525631,
    "a_early_diff_stim": 18.86276248157678,
    "diff_time": 490.6975215390387,
    "a_Qiao_2021_ALP": 19.661816709744617
}