{
    "ALP_M_n": 3.9495257651421687,
    "ALP_0": 0.1652968899466756,
    "IL1b_ineffective": 102.658513594657,
    "IL1b_stim": 20.386463335471998,
    "IL8_favorable": 32.78563198454859,
    "maturity_t": 0.7051472824819532,
    "early_diff_very_fast": 0.7862791584601927,
    "a_early_diff_stim": 14.00880868803152,
    "diff_time": 471.25839027078587,
    "a_Qiao_2021_ALP": 71.00596292206096
}