{
    "ALP_M_n": 4.760594061978652,
    "ALP_0": 0.3028133814684912,
    "IL1b_ineffective": 103.86917267944534,
    "IL1b_stim": 15.26083909347992,
    "IL8_favorable": 24.58414170749107,
    "maturity_t": 0.5577199671982171,
    "early_diff_very_fast": 0.6743594039175078,
    "a_early_diff_stim": 19.168202354862938,
    "diff_time": 618.0905282062114,
    "a_Qiao_2021_ALP": 84.10214302505702
}