{
    "ALP_M_n": 2.999734469151187,
    "ALP_0": 0.48479476258150145,
    "IL1b_ineffective": 110.00286618827184,
    "IL1b_stim": 6.749349282249117,
    "IL8_favorable": 11.15230095632662,
    "maturity_t": 0.6553082535662138,
    "early_diff_very_fast": 0.7812470729141627,
    "a_early_diff_stim": 14.125644088129773,
    "diff_time": 875.0203579147854,
    "a_Qiao_2021_ALP": 28.08364693407995
}