{
    "ALP_M_n": 4.698036932695927,
    "ALP_0": 0.16655189267327242,
    "IL1b_ineffective": 102.19012026054699,
    "IL1b_stim": 23.938275890890843,
    "IL8_favorable": 38.84614949086348,
    "maturity_t": 0.587705792459584,
    "early_diff_very_fast": 0.7478930590844303,
    "a_early_diff_stim": 16.306404181532464,
    "diff_time": 535.3472815534575,
    "a_Qiao_2021_ALP": 154.2411696304304
}