{
    "ALP_M_n": 4.2971745493440885,
    "ALP_0": 0.4238923312972634,
    "IL1b_ineffective": 110.78753892608042,
    "IL1b_stim": 6.482159905633468,
    "IL8_favorable": 10.341813401221224,
    "maturity_t": 0.45573977419651684,
    "early_diff_very_fast": 0.9583720293031941,
    "a_early_diff_stim": 5.341809659587768,
    "diff_time": 965.398649807106,
    "a_Qiao_2021_ALP": 71.14295026699973
}