{
    "ALP_M_n": 2.094183410624543,
    "ALP_0": 0.1209362963864398,
    "IL1b_ineffective": 106.6533593035849,
    "IL1b_stim": 9.365378749196747,
    "IL8_favorable": 15.924111038297681,
    "maturity_t": 0.6306724812776525,
    "early_diff_very_fast": 0.7555179894496992,
    "a_early_diff_stim": 16.224983149820048,
    "diff_time": 778.1458548167873,
    "a_Qiao_2021_ALP": 75.53099249720987
}