{
    "ALP_M_n": 7.020369423481619,
    "ALP_0": 0.5540960390647981,
    "IL1b_ineffective": 101.84057491775249,
    "IL1b_stim": 27.51110661703626,
    "IL8_favorable": 43.35562155712479,
    "maturity_t": 0.5277095677594291,
    "early_diff_very_fast": 0.946717908691965,
    "a_early_diff_stim": 12.116731650763468,
    "diff_time": 628.6693961277576,
    "a_Qiao_2021_ALP": 23.607155501002804
}