{
    "ALP_M_n": 3.8735043253173207,
    "ALP_0": 0.28163017752737696,
    "IL1b_ineffective": 103.9263241806631,
    "IL1b_stim": 14.988195855174503,
    "IL8_favorable": 24.701726679729703,
    "maturity_t": 0.5653829594531017,
    "early_diff_very_fast": 0.9244931234315293,
    "a_early_diff_stim": 9.756450458559407,
    "diff_time": 671.0680163503781,
    "a_Qiao_2021_ALP": 78.001272169827
}