{
    "ALP_M_n": 5.206987891107068,
    "ALP_0": 0.412916627045432,
    "IL1b_ineffective": 103.48307470495587,
    "IL1b_stim": 16.540983851019444,
    "IL8_favorable": 26.890488562538437,
    "maturity_t": 0.505166301180038,
    "early_diff_very_fast": 0.8596411406253347,
    "a_early_diff_stim": 11.76492527391823,
    "diff_time": 719.575870686493,
    "a_Qiao_2021_ALP": 63.98192350888567
}