{
    "ALP_M_n": 4.8558590951876734,
    "ALP_0": 0.5368913815721914,
    "IL1b_ineffective": 102.52546334797525,
    "IL1b_stim": 21.271328387135274,
    "IL8_favorable": 33.85643292421429,
    "maturity_t": 0.5070577442011102,
    "early_diff_very_fast": 0.9765934856843154,
    "a_early_diff_stim": 15.798519101588962,
    "diff_time": 835.9383746592099,
    "a_Qiao_2021_ALP": 33.40951235597146
}