{
    "ALP_M_n": 3.200423873541554,
    "ALP_0": 0.5126498673552397,
    "IL1b_ineffective": 107.50993707576356,
    "IL1b_stim": 8.635948235486017,
    "IL8_favorable": 14.239000751198773,
    "maturity_t": 0.5838006183210775,
    "early_diff_very_fast": 0.8651013464642983,
    "a_early_diff_stim": 14.879563243071626,
    "diff_time": 1015.6842484088618,
    "a_Qiao_2021_ALP": 30.74451678924849
}