{
    "ALP_M_n": 3.5543390019253254,
    "ALP_0": 0.32882718904924113,
    "IL1b_ineffective": 103.90161099038262,
    "IL1b_stim": 15.069535500484085,
    "IL8_favorable": 24.53028034478898,
    "maturity_t": 0.4810578578100739,
    "early_diff_very_fast": 0.8491683669050237,
    "a_early_diff_stim": 16.989939228257942,
    "diff_time": 936.8084544062,
    "a_Qiao_2021_ALP": 86.75174211251058
}