{
    "ALP_M_n": 3.265015571474783,
    "ALP_0": 0.23011331720042705,
    "IL1b_ineffective": 103.13504515165805,
    "IL1b_stim": 17.725604397822075,
    "IL8_favorable": 29.17078508990324,
    "maturity_t": 0.43997938340216536,
    "early_diff_very_fast": 0.9640897556399074,
    "a_early_diff_stim": 13.949583455921653,
    "diff_time": 989.2161396489,
    "a_Qiao_2021_ALP": 152.11360446052726
}