{
    "ALP_M_n": 4.730537974953215,
    "ALP_0": 0.7084924372416617,
    "IL1b_ineffective": 104.09004084820867,
    "IL1b_stim": 14.517740896752095,
    "IL8_favorable": 23.350049737369762,
    "maturity_t": 0.5026885245762064,
    "early_diff_very_fast": 0.9849102364757135,
    "a_early_diff_stim": 15.603472599592262,
    "diff_time": 1035.389419389958,
    "a_Qiao_2021_ALP": 16.563817694622664
}