{
    "ALP_M_n": 5.742762426998806,
    "ALP_0": 0.375309689830392,
    "IL1b_ineffective": 197.56843646659595,
    "IL1b_stim": 1.3512987021789833,
    "IL8_favorable": 2.162768687084508,
    "maturity_t": 0.686658904743756,
    "early_diff_very_fast": 0.7554185759885487,
    "a_early_diff_stim": 1.112227128029654,
    "diff_time": 692.2071393081875,
    "a_Qiao_2021_ALP": 94.71590518656025
}