{
    "ALP_M_n": 3.18245934680368,
    "ALP_0": 0.4020360896708853,
    "IL1b_ineffective": 105.38981506273858,
    "IL1b_stim": 11.622499793256514,
    "IL8_favorable": 19.04112845167796,
    "maturity_t": 0.5865723883566687,
    "early_diff_very_fast": 0.8886033848187302,
    "a_early_diff_stim": 14.35299897555007,
    "diff_time": 857.7662861992721,
    "a_Qiao_2021_ALP": 42.522493389131284
}