{
    "ALP_M_n": 1.994979334533086,
    "ALP_0": 0.14578575334637914,
    "IL1b_ineffective": 120.74853621083074,
    "IL1b_stim": 3.579647467805538,
    "IL8_favorable": 6.122237680924286,
    "maturity_t": 0.678114176116759,
    "early_diff_very_fast": 0.7449195144920869,
    "a_early_diff_stim": 7.221437525320412,
    "diff_time": 768.5822221992746,
    "a_Qiao_2021_ALP": 60.341007769724655
}