{
    "ALP_M_n": 5.17967741514935,
    "ALP_0": 0.4300818783143501,
    "IL1b_ineffective": 103.12915763311563,
    "IL1b_stim": 18.24175171555656,
    "IL8_favorable": 29.264841482460998,
    "maturity_t": 0.4567744257975089,
    "early_diff_very_fast": 0.8679069590729043,
    "a_early_diff_stim": 14.163282944792373,
    "diff_time": 845.5497832636664,
    "a_Qiao_2021_ALP": 77.76213717815163
}