{
    "ALP_M_n": 3.3018207829392496,
    "ALP_0": 0.4909617266687865,
    "IL1b_ineffective": 105.78862445864817,
    "IL1b_stim": 10.721639043586745,
    "IL8_favorable": 17.58899410298224,
    "maturity_t": 0.6206038759432864,
    "early_diff_very_fast": 0.7868931262434917,
    "a_early_diff_stim": 19.544743808042977,
    "diff_time": 856.6096538582051,
    "a_Qiao_2021_ALP": 29.318088521517897
}