{
    "ALP_M_n": 2.6147831432303943,
    "ALP_0": 0.13663090964705826,
    "IL1b_ineffective": 101.83649346490346,
    "IL1b_stim": 26.309267663073904,
    "IL8_favorable": 43.73709997246192,
    "maturity_t": 0.6018955100881066,
    "early_diff_very_fast": 0.98372709531566,
    "a_early_diff_stim": 18.31035991603076,
    "diff_time": 697.0795174100725,
    "a_Qiao_2021_ALP": 90.58285636157235
}