{
    "ALP_M_n": 2.3054267946590308,
    "ALP_0": 0.18818914050535707,
    "IL1b_ineffective": 105.92050222315946,
    "IL1b_stim": 10.350475469281228,
    "IL8_favorable": 17.380868167990847,
    "maturity_t": 0.7099100101324528,
    "early_diff_very_fast": 0.8607733106521631,
    "a_early_diff_stim": 12.4353514037501,
    "diff_time": 677.6379794649093,
    "a_Qiao_2021_ALP": 52.767749128729236
}