{
    "ALP_M_n": 3.913067175070783,
    "ALP_0": 0.6585257958315507,
    "IL1b_ineffective": 104.35203591986257,
    "IL1b_stim": 13.78928456459682,
    "IL8_favorable": 22.46138583618817,
    "maturity_t": 0.6156755377444537,
    "early_diff_very_fast": 0.8783084185772227,
    "a_early_diff_stim": 19.193952166618192,
    "diff_time": 856.3909124027143,
    "a_Qiao_2021_ALP": 15.88474608170573
}