{
    "ALP_M_n": 3.4881620351758604,
    "ALP_0": 0.41979106155517837,
    "IL1b_ineffective": 104.37652845359897,
    "IL1b_stim": 13.580912288319166,
    "IL8_favorable": 22.23031831033321,
    "maturity_t": 0.5599731491003408,
    "early_diff_very_fast": 0.8363706391616517,
    "a_early_diff_stim": 17.91888490055269,
    "diff_time": 856.4861777945133,
    "a_Qiao_2021_ALP": 44.0304631840475
}