{
    "ALP_M_n": 4.717603472008495,
    "ALP_0": 0.5771317502212956,
    "IL1b_ineffective": 125.61073572009163,
    "IL1b_stim": 3.167551409393676,
    "IL8_favorable": 5.120022299093755,
    "maturity_t": 0.4526479283875853,
    "early_diff_very_fast": 0.9192785322700034,
    "a_early_diff_stim": 3.4313667247855735,
    "diff_time": 1066.0604633628038,
    "a_Qiao_2021_ALP": 35.69948108113593
}