{
    "ALP_M_n": 5.7578742698974885,
    "ALP_0": 0.37496724828567907,
    "IL1b_ineffective": 197.88960989453676,
    "IL1b_stim": 1.3488868050711975,
    "IL8_favorable": 2.160434096125151,
    "maturity_t": 0.6419626338253862,
    "early_diff_very_fast": 0.751051282033814,
    "a_early_diff_stim": 1.1474512204763414,
    "diff_time": 716.3578402746375,
    "a_Qiao_2021_ALP": 104.40395380061094
}