{
    "ALP_M_n": 5.101364904584297,
    "ALP_0": 0.25514971656823365,
    "IL1b_ineffective": 101.99413306128224,
    "IL1b_stim": 25.799629795265936,
    "IL8_favorable": 41.01519447523423,
    "maturity_t": 0.5733621320334613,
    "early_diff_very_fast": 0.9422933735935514,
    "a_early_diff_stim": 10.456288621654348,
    "diff_time": 561.1600137760317,
    "a_Qiao_2021_ALP": 107.11148482064647
}