{
    "ALP_M_n": 2.036526155994931,
    "ALP_0": 0.2876863035053816,
    "IL1b_ineffective": 109.39282118976016,
    "IL1b_stim": 6.9488011388754956,
    "IL8_favorable": 11.852447511546117,
    "maturity_t": 0.6830851978165784,
    "early_diff_very_fast": 0.8605447197115209,
    "a_early_diff_stim": 14.451426501396675,
    "diff_time": 1015.92611305002,
    "a_Qiao_2021_ALP": 45.074832908499964
}