{
    "ALP_M_n": 4.295178950721631,
    "ALP_0": 0.3737905951699928,
    "IL1b_ineffective": 194.27021368388893,
    "IL1b_stim": 1.3622210609658367,
    "IL8_favorable": 2.2207776315202423,
    "maturity_t": 0.7909647220130583,
    "early_diff_very_fast": 0.746776939176575,
    "a_early_diff_stim": 2.009816387598591,
    "diff_time": 1020.82897935154,
    "a_Qiao_2021_ALP": 109.71802492380999
}