{
    "ALP_M_n": 3.931601401922855,
    "ALP_0": 0.4353523301180793,
    "IL1b_ineffective": 104.45391590357279,
    "IL1b_stim": 13.63943103912981,
    "IL8_favorable": 22.131186932838695,
    "maturity_t": 0.46938262237892875,
    "early_diff_very_fast": 0.9798947603126691,
    "a_early_diff_stim": 12.651272720869525,
    "diff_time": 1025.1704842210067,
    "a_Qiao_2021_ALP": 61.28487141890572
}