{
    "ALP_M_n": 4.222853268358762,
    "ALP_0": 0.39514520281781346,
    "IL1b_ineffective": 102.6657866094399,
    "IL1b_stim": 20.739644436049907,
    "IL8_favorable": 33.62596464182009,
    "maturity_t": 0.44509730246021695,
    "early_diff_very_fast": 0.9469409073276442,
    "a_early_diff_stim": 17.320832013709907,
    "diff_time": 982.0099524271012,
    "a_Qiao_2021_ALP": 85.63222554915194
}