{
    "ALP_M_n": 2.6546940763522007,
    "ALP_0": 0.4602509245295272,
    "IL1b_ineffective": 108.80451075441212,
    "IL1b_stim": 7.427703404957789,
    "IL8_favorable": 12.38947800174492,
    "maturity_t": 0.6633476579792241,
    "early_diff_very_fast": 0.8901763023676845,
    "a_early_diff_stim": 13.384765831596981,
    "diff_time": 970.3573183107386,
    "a_Qiao_2021_ALP": 30.33163784994013
}