{
    "ALP_M_n": 2.7440958158529516,
    "ALP_0": 0.27506434358037707,
    "IL1b_ineffective": 109.98725473775669,
    "IL1b_stim": 6.700470697722372,
    "IL8_favorable": 11.25861622729866,
    "maturity_t": 0.526107607084611,
    "early_diff_very_fast": 0.9258869983571061,
    "a_early_diff_stim": 7.801452025758256,
    "diff_time": 979.2361479336926,
    "a_Qiao_2021_ALP": 75.49502814720852
}