{
    "ALP_M_n": 2.7870386816773847,
    "ALP_0": 0.23786882208178653,
    "IL1b_ineffective": 104.88713241783088,
    "IL1b_stim": 12.359877890995364,
    "IL8_favorable": 20.619194441293256,
    "maturity_t": 0.5368588603825513,
    "early_diff_very_fast": 0.9355249819907581,
    "a_early_diff_stim": 12.095451561799687,
    "diff_time": 881.1517488157931,
    "a_Qiao_2021_ALP": 83.60608822256003
}