{
    "ALP_M_n": 5.740695991465113,
    "ALP_0": 0.6810419210863988,
    "IL1b_ineffective": 105.3817528917556,
    "IL1b_stim": 11.51589806431399,
    "IL8_favorable": 18.42800655260876,
    "maturity_t": 0.5343643939788554,
    "early_diff_very_fast": 0.9406634093576108,
    "a_early_diff_stim": 8.433484319058765,
    "diff_time": 756.5564916966609,
    "a_Qiao_2021_ALP": 13.378965653575804
}