{
    "ALP_M_n": 8.410275463525027,
    "ALP_0": 0.5417544514995217,
    "IL1b_ineffective": 103.54381183586781,
    "IL1b_stim": 16.604043520627442,
    "IL8_favorable": 26.596723168189623,
    "maturity_t": 0.46587638091195405,
    "early_diff_very_fast": 0.7066673278489964,
    "a_early_diff_stim": 13.650173251726699,
    "diff_time": 676.4550708787668,
    "a_Qiao_2021_ALP": 38.89126708025787
}