{
    "ALP_M_n": 2.426270019175492,
    "ALP_0": 0.020340225977443376,
    "IL1b_ineffective": 105.4410207712175,
    "IL1b_stim": 11.164229290146489,
    "IL8_favorable": 18.858290354290975,
    "maturity_t": 0.7039336672310598,
    "early_diff_very_fast": 0.6814397423480757,
    "a_early_diff_stim": 16.64394649405231,
    "diff_time": 543.4423726201134,
    "a_Qiao_2021_ALP": 91.4132779392311
}