{
    "ALP_M_n": 3.7456648454497268,
    "ALP_0": 0.22632665734349278,
    "IL1b_ineffective": 102.57871939919616,
    "IL1b_stim": 20.82575905300927,
    "IL8_favorable": 34.14713523485567,
    "maturity_t": 0.4478200877477264,
    "early_diff_very_fast": 0.9450944841497437,
    "a_early_diff_stim": 13.677260507417554,
    "diff_time": 869.397604828305,
    "a_Qiao_2021_ALP": 180.21500351195058
}