{
    "ALP_M_n": 2.4929761656544875,
    "ALP_0": 0.33717464477589526,
    "IL1b_ineffective": 107.57881105357077,
    "IL1b_stim": 8.332923578392576,
    "IL8_favorable": 14.00782014810251,
    "maturity_t": 0.6557542879434609,
    "early_diff_very_fast": 0.7595303019809535,
    "a_early_diff_stim": 18.579899025811894,
    "diff_time": 864.4562346843162,
    "a_Qiao_2021_ALP": 41.73176883414759
}