{
    "ALP_M_n": 3.359295454751309,
    "ALP_0": 0.28570467045215864,
    "IL1b_ineffective": 104.61884363826867,
    "IL1b_stim": 13.047773034686685,
    "IL8_favorable": 21.117304126708117,
    "maturity_t": 0.6442594308293522,
    "early_diff_very_fast": 0.7284011246578997,
    "a_early_diff_stim": 18.422373743827823,
    "diff_time": 643.2820248497804,
    "a_Qiao_2021_ALP": 54.462891816101966
}