{
    "ALP_M_n": 5.239059710636451,
    "ALP_0": 0.33273200259013436,
    "IL1b_ineffective": 102.25223812867556,
    "IL1b_stim": 23.538515345070024,
    "IL8_favorable": 37.884376457259975,
    "maturity_t": 0.5595262646786716,
    "early_diff_very_fast": 0.8146659559133949,
    "a_early_diff_stim": 15.157125037862277,
    "diff_time": 600.5620403672219,
    "a_Qiao_2021_ALP": 75.57585896776787
}