{
    "ALP_M_n": 9.76242051366976,
    "ALP_0": 0.510876226384934,
    "IL1b_ineffective": 103.1069815783536,
    "IL1b_stim": 18.35972847470736,
    "IL8_favorable": 28.87379602205384,
    "maturity_t": 0.365391608249298,
    "early_diff_very_fast": 0.8123339417867038,
    "a_early_diff_stim": 9.576961161376525,
    "diff_time": 847.3599165054744,
    "a_Qiao_2021_ALP": 148.86302899609527
}