{
    "ALP_M_n": 5.324856498246754,
    "ALP_0": 0.3811101399411991,
    "IL1b_ineffective": 105.5658278202016,
    "IL1b_stim": 11.280180892530542,
    "IL8_favorable": 18.406095163822304,
    "maturity_t": 0.5045592639111147,
    "early_diff_very_fast": 0.8590922001151551,
    "a_early_diff_stim": 7.129431048541095,
    "diff_time": 691.5653488090408,
    "a_Qiao_2021_ALP": 78.26269445795278
}