{
    "ALP_M_n": 3.21059482382296,
    "ALP_0": 0.348568584757964,
    "IL1b_ineffective": 104.2015923819738,
    "IL1b_stim": 14.170184253288157,
    "IL8_favorable": 22.997847409557366,
    "maturity_t": 0.6025526688602432,
    "early_diff_very_fast": 0.8507650092393313,
    "a_early_diff_stim": 16.555546093370758,
    "diff_time": 782.1276156856923,
    "a_Qiao_2021_ALP": 49.810751629034456
}