{
    "ALP_M_n": 5.485883436864767,
    "ALP_0": 0.6043603812966688,
    "IL1b_ineffective": 103.21238074946304,
    "IL1b_stim": 17.926396850794372,
    "IL8_favorable": 28.493322987256136,
    "maturity_t": 0.6131766195328952,
    "early_diff_very_fast": 0.9526068134082051,
    "a_early_diff_stim": 10.707960540043615,
    "diff_time": 611.4872996012393,
    "a_Qiao_2021_ALP": 13.951489626625763
}