{
    "ALP_M_n": 12.068456766293234,
    "ALP_0": 0.4430548207209397,
    "IL1b_ineffective": 103.70721911051638,
    "IL1b_stim": 16.140367546286246,
    "IL8_favorable": 25.479258716453046,
    "maturity_t": 0.468445166216314,
    "early_diff_very_fast": 0.8847324511438864,
    "a_early_diff_stim": 3.9836174905713824,
    "diff_time": 579.9061115825385,
    "a_Qiao_2021_ALP": 128.8792225903679
}