{
    "ALP_M_n": 2.7195503894546844,
    "ALP_0": 0.3291203855787434,
    "IL1b_ineffective": 105.79733595770779,
    "IL1b_stim": 10.522256558591387,
    "IL8_favorable": 17.651006202583467,
    "maturity_t": 0.5345707075986047,
    "early_diff_very_fast": 0.8261472239826416,
    "a_early_diff_stim": 18.751123191048304,
    "diff_time": 1057.2799983800053,
    "a_Qiao_2021_ALP": 61.074550908759264
}