{
    "ALP_M_n": 3.2266225257024366,
    "ALP_0": 0.1866784046983419,
    "IL1b_ineffective": 102.16640241284152,
    "IL1b_stim": 24.120349699736337,
    "IL8_favorable": 38.49307791579594,
    "maturity_t": 0.6755234834776948,
    "early_diff_very_fast": 0.871115347160984,
    "a_early_diff_stim": 17.181501934790617,
    "diff_time": 564.0968053736968,
    "a_Qiao_2021_ALP": 67.62343657011128
}