{
    "ALP_M_n": 3.9233885293567354,
    "ALP_0": 0.3314620836919859,
    "IL1b_ineffective": 105.51451350336563,
    "IL1b_stim": 11.315439229584882,
    "IL8_favorable": 18.20177740884457,
    "maturity_t": 0.4566397680930772,
    "early_diff_very_fast": 0.787470009713319,
    "a_early_diff_stim": 13.822909162622995,
    "diff_time": 928.2812156683634,
    "a_Qiao_2021_ALP": 104.35937908396905
}