{
    "ALP_M_n": 7.711120842165103,
    "ALP_0": 0.43930575532749583,
    "IL1b_ineffective": 105.04643910090536,
    "IL1b_stim": 12.502331855136104,
    "IL8_favorable": 20.33827510652157,
    "maturity_t": 0.38144385311213946,
    "early_diff_very_fast": 0.6336401748989591,
    "a_early_diff_stim": 17.932184682705962,
    "diff_time": 854.7687025250244,
    "a_Qiao_2021_ALP": 188.07295186258824
}