{
    "ALP_M_n": 3.263237218018608,
    "ALP_0": 0.4317267076492479,
    "IL1b_ineffective": 109.36733685400468,
    "IL1b_stim": 7.115620627723137,
    "IL8_favorable": 11.72407021367436,
    "maturity_t": 0.5370226928604411,
    "early_diff_very_fast": 0.8541077649929203,
    "a_early_diff_stim": 10.892013409899805,
    "diff_time": 1004.4110862428453,
    "a_Qiao_2021_ALP": 45.61743111612424
}