{
    "ALP_M_n": 3.899418010748302,
    "ALP_0": 0.5012457082604358,
    "IL1b_ineffective": 109.82769385984236,
    "IL1b_stim": 6.964484106576386,
    "IL8_favorable": 11.273157109391995,
    "maturity_t": 0.5446351286847544,
    "early_diff_very_fast": 0.7235775502121472,
    "a_early_diff_stim": 13.819276924930481,
    "diff_time": 880.6360339692569,
    "a_Qiao_2021_ALP": 34.42029536348736
}