{
    "ALP_M_n": 6.031838209342363,
    "ALP_0": 0.33593883313270956,
    "IL1b_ineffective": 102.89657775502403,
    "IL1b_stim": 19.349795238670918,
    "IL8_favorable": 31.203563352817763,
    "maturity_t": 0.6132102419374892,
    "early_diff_very_fast": 0.9055344124303761,
    "a_early_diff_stim": 7.627025619795348,
    "diff_time": 504.33731415368214,
    "a_Qiao_2021_ALP": 56.16928739988078
}