{
    "ALP_M_n": 9.613850490247211,
    "ALP_0": 0.6190788126623177,
    "IL1b_ineffective": 104.55825462846916,
    "IL1b_stim": 13.549432538836614,
    "IL8_favorable": 21.55039340652048,
    "maturity_t": 0.33540881321416355,
    "early_diff_very_fast": 0.8843288705721795,
    "a_early_diff_stim": 7.487049853128911,
    "diff_time": 1009.7689105606689,
    "a_Qiao_2021_ALP": 64.16070704772694
}