{
    "ALP_M_n": 4.268003165009303,
    "ALP_0": 0.43596844511748856,
    "IL1b_ineffective": 104.28617325215517,
    "IL1b_stim": 14.15443571816193,
    "IL8_favorable": 22.90191018248186,
    "maturity_t": 0.5611198759911773,
    "early_diff_very_fast": 0.8779187654049526,
    "a_early_diff_stim": 12.268048097661666,
    "diff_time": 740.7293681048773,
    "a_Qiao_2021_ALP": 42.69191681644453
}