{
    "ALP_M_n": 2.6664084634452365,
    "ALP_0": 0.4514709774697894,
    "IL1b_ineffective": 111.45727860307777,
    "IL1b_stim": 5.977018244041478,
    "IL8_favorable": 9.846594524922537,
    "maturity_t": 0.635508206553564,
    "early_diff_very_fast": 0.8913270847341971,
    "a_early_diff_stim": 11.030574167052897,
    "diff_time": 1037.2670422960173,
    "a_Qiao_2021_ALP": 33.34804410356342
}