{
    "ALP_M_n": 3.307634635917212,
    "ALP_0": 0.20927292338174272,
    "IL1b_ineffective": 102.7976390980159,
    "IL1b_stim": 19.616573952730562,
    "IL8_favorable": 32.09035901165444,
    "maturity_t": 0.430697543782237,
    "early_diff_very_fast": 0.916010393835762,
    "a_early_diff_stim": 16.27512845870448,
    "diff_time": 978.8729567088016,
    "a_Qiao_2021_ALP": 179.44690663846703
}