{
    "ALP_M_n": 2.383384057876879,
    "ALP_0": 0.14625411423684606,
    "IL1b_ineffective": 102.0870338750934,
    "IL1b_stim": 23.964064270106135,
    "IL8_favorable": 40.26775089491849,
    "maturity_t": 0.5636761259773669,
    "early_diff_very_fast": 0.9884214028749312,
    "a_early_diff_stim": 19.927329867711233,
    "diff_time": 821.5263129927214,
    "a_Qiao_2021_ALP": 92.76711328166799
}