{
    "ALP_M_n": 4.009196154356719,
    "ALP_0": 0.459116619561088,
    "IL1b_ineffective": 104.96417962128461,
    "IL1b_stim": 12.48769131085869,
    "IL8_favorable": 20.128254392008646,
    "maturity_t": 0.5059926161685779,
    "early_diff_very_fast": 0.864318044327716,
    "a_early_diff_stim": 14.310898623007057,
    "diff_time": 915.2621320656019,
    "a_Qiao_2021_ALP": 47.273722886689825
}