{
    "ALP_M_n": 5.5255972375867675,
    "ALP_0": 0.5181326834153227,
    "IL1b_ineffective": 104.12126561095178,
    "IL1b_stim": 14.576815831120474,
    "IL8_favorable": 23.055689111735997,
    "maturity_t": 0.40207318492847466,
    "early_diff_very_fast": 0.8746812913569985,
    "a_early_diff_stim": 13.769515409966218,
    "diff_time": 1068.322013995732,
    "a_Qiao_2021_ALP": 67.39895373787735
}