{
    "ALP_M_n": 5.409771762789263,
    "ALP_0": 0.43899390144422945,
    "IL1b_ineffective": 102.48553232801628,
    "IL1b_stim": 21.893774846581106,
    "IL8_favorable": 35.142196337754655,
    "maturity_t": 0.4830759499746069,
    "early_diff_very_fast": 0.8145564793538791,
    "a_early_diff_stim": 17.99982513941334,
    "diff_time": 761.1020028263559,
    "a_Qiao_2021_ALP": 63.77597631045343
}