{
    "ALP_M_n": 8.09579856155337,
    "ALP_0": 0.5066412940251611,
    "IL1b_ineffective": 104.1330716538366,
    "IL1b_stim": 14.674479450816715,
    "IL8_favorable": 23.408196573847068,
    "maturity_t": 0.3852935239044639,
    "early_diff_very_fast": 0.8842107458507877,
    "a_early_diff_stim": 7.652090299452722,
    "diff_time": 868.3430274891273,
    "a_Qiao_2021_ALP": 106.58340177074587
}