{
    "ALP_M_n": 4.178814526348623,
    "ALP_0": 0.5529133893967118,
    "IL1b_ineffective": 109.25925261282299,
    "IL1b_stim": 7.283079907930043,
    "IL8_favorable": 11.77244794239573,
    "maturity_t": 0.6287080286830597,
    "early_diff_very_fast": 0.760580838914597,
    "a_early_diff_stim": 10.519898443550002,
    "diff_time": 697.5266747785844,
    "a_Qiao_2021_ALP": 20.413160753853724
}