{
    "ALP_M_n": 4.0003997088919165,
    "ALP_0": 0.1604919962032536,
    "IL1b_ineffective": 102.60717222868094,
    "IL1b_stim": 20.818416100432078,
    "IL8_favorable": 34.04895845974126,
    "maturity_t": 0.5465518459157702,
    "early_diff_very_fast": 0.7988257925572784,
    "a_early_diff_stim": 14.547362074343893,
    "diff_time": 629.0276632044655,
    "a_Qiao_2021_ALP": 170.79999845785588
}