{
    "ALP_M_n": 2.013994958777807,
    "ALP_0": 0.10753050448638546,
    "IL1b_ineffective": 103.30051395735191,
    "IL1b_stim": 16.682571071714126,
    "IL8_favorable": 28.343422253171227,
    "maturity_t": 0.6040107618983135,
    "early_diff_very_fast": 0.958356994192066,
    "a_early_diff_stim": 16.43298239069267,
    "diff_time": 820.9430933594641,
    "a_Qiao_2021_ALP": 81.36771601374981
}