{
    "ALP_M_n": 8.984294962112996,
    "ALP_0": 0.6251616948505907,
    "IL1b_ineffective": 102.05598160170634,
    "IL1b_stim": 25.376365063767146,
    "IL8_favorable": 40.11607342830211,
    "maturity_t": 0.3534362147403829,
    "early_diff_very_fast": 0.9556556007811836,
    "a_early_diff_stim": 12.560304622927275,
    "diff_time": 981.7984464299858,
    "a_Qiao_2021_ALP": 49.99224037546343
}