{
    "ALP_M_n": 3.9015826348021574,
    "ALP_0": 0.29660515212485344,
    "IL1b_ineffective": 104.05956411538902,
    "IL1b_stim": 14.216975639271459,
    "IL8_favorable": 23.54561858746564,
    "maturity_t": 0.5823230838711619,
    "early_diff_very_fast": 0.8118684810947268,
    "a_early_diff_stim": 12.793263396389726,
    "diff_time": 655.6603277225253,
    "a_Qiao_2021_ALP": 68.384168174317
}