{
    "ALP_M_n": 4.800686940068968,
    "ALP_0": 0.3922631277880251,
    "IL1b_ineffective": 106.1038495346137,
    "IL1b_stim": 10.494591847833838,
    "IL8_favorable": 17.144715020624112,
    "maturity_t": 0.6159112159830537,
    "early_diff_very_fast": 0.7935157012684405,
    "a_early_diff_stim": 8.614415393022728,
    "diff_time": 587.0579220435004,
    "a_Qiao_2021_ALP": 41.022480378712736
}