{
    "ALP_M_n": 2.5313814365353067,
    "ALP_0": 0.025952157936715466,
    "IL1b_ineffective": 102.27160253979041,
    "IL1b_stim": 22.657087532447655,
    "IL8_favorable": 38.084601340084745,
    "maturity_t": 0.6504883926623889,
    "early_diff_very_fast": 0.9124033573439067,
    "a_early_diff_stim": 14.287867175896949,
    "diff_time": 576.9971184979053,
    "a_Qiao_2021_ALP": 111.65935736145748
}