{
    "ALP_M_n": 2.7141300364099727,
    "ALP_0": 0.26573229324244846,
    "IL1b_ineffective": 109.80808988624575,
    "IL1b_stim": 6.842319886406148,
    "IL8_favorable": 11.38103176716654,
    "maturity_t": 0.6221259804228214,
    "early_diff_very_fast": 0.7634754910156423,
    "a_early_diff_stim": 11.322770553462256,
    "diff_time": 774.1355404601959,
    "a_Qiao_2021_ALP": 57.197991203004456
}