{
    "ALP_M_n": 1.6358265920941237,
    "ALP_0": 0.09138362368499757,
    "IL1b_ineffective": 109.02737833506231,
    "IL1b_stim": 6.997695014378094,
    "IL8_favorable": 12.390034170292253,
    "maturity_t": 0.5846005049344309,
    "early_diff_very_fast": 0.7746203090998622,
    "a_early_diff_stim": 15.555797322357979,
    "diff_time": 1035.7052355118808,
    "a_Qiao_2021_ALP": 78.8642987990828
}