{
    "ALP_M_n": 1.9754890049630052,
    "ALP_0": 0.19084764291230277,
    "IL1b_ineffective": 103.45102514115057,
    "IL1b_stim": 16.00200537995495,
    "IL8_favorable": 27.571170440205208,
    "maturity_t": 0.7109982179449298,
    "early_diff_very_fast": 0.9660072024681479,
    "a_early_diff_stim": 19.448859032310516,
    "diff_time": 796.6631255367917,
    "a_Qiao_2021_ALP": 50.57415074649031
}