{
    "ALP_M_n": 3.6610882349524774,
    "ALP_0": 0.14123789120610747,
    "IL1b_ineffective": 103.58854540184613,
    "IL1b_stim": 16.050016489849273,
    "IL8_favorable": 26.218393929777978,
    "maturity_t": 0.6212459243113186,
    "early_diff_very_fast": 0.6743507823604163,
    "a_early_diff_stim": 19.726387930147165,
    "diff_time": 553.6714137859354,
    "a_Qiao_2021_ALP": 111.5594614018641
}