{
    "ALP_M_n": 4.849468390542208,
    "ALP_0": 0.6553808099668262,
    "IL1b_ineffective": 112.24854254880243,
    "IL1b_stim": 5.754394612350229,
    "IL8_favorable": 9.336423778342464,
    "maturity_t": 0.4835568246279488,
    "early_diff_very_fast": 0.7039148221130774,
    "a_early_diff_stim": 13.302840233798069,
    "diff_time": 1020.7056073089053,
    "a_Qiao_2021_ALP": 21.977042037360306
}