{
    "ALP_M_n": 2.396815216070196,
    "ALP_0": 0.17385838786516702,
    "IL1b_ineffective": 105.92594067838093,
    "IL1b_stim": 10.370634937078208,
    "IL8_favorable": 17.33333724469199,
    "maturity_t": 0.5232249264400124,
    "early_diff_very_fast": 0.9369488065201333,
    "a_early_diff_stim": 10.774328236565845,
    "diff_time": 942.0232756593767,
    "a_Qiao_2021_ALP": 97.36469368533152
}