{
    "ALP_M_n": 2.7319528542478713,
    "ALP_0": 0.48062479714047124,
    "IL1b_ineffective": 108.3387284785251,
    "IL1b_stim": 7.853762500425659,
    "IL8_favorable": 13.049162609601517,
    "maturity_t": 0.6729605851154246,
    "early_diff_very_fast": 0.8889868111581465,
    "a_early_diff_stim": 13.71927952257716,
    "diff_time": 930.169373885152,
    "a_Qiao_2021_ALP": 27.75024870450113
}