{
    "ALP_M_n": 1.8285391142244536,
    "ALP_0": 0.12444767729444894,
    "IL1b_ineffective": 105.0300513095074,
    "IL1b_stim": 11.81521277565586,
    "IL8_favorable": 20.408430789798057,
    "maturity_t": 0.621981800966699,
    "early_diff_very_fast": 0.8669713126075014,
    "a_early_diff_stim": 17.91720465047377,
    "diff_time": 903.5707280288701,
    "a_Qiao_2021_ALP": 69.98884660786507
}