{
    "ALP_M_n": 2.8072086230099957,
    "ALP_0": 0.019762066995200722,
    "IL1b_ineffective": 104.85973013409,
    "IL1b_stim": 12.373057826913676,
    "IL8_favorable": 20.594542652333132,
    "maturity_t": 0.6530110709184225,
    "early_diff_very_fast": 0.9008073961624102,
    "a_early_diff_stim": 6.993001938502162,
    "diff_time": 540.8102603526103,
    "a_Qiao_2021_ALP": 126.31158625947731
}