{
    "ALP_M_n": 4.050788954702057,
    "ALP_0": 0.6152378774485802,
    "IL1b_ineffective": 104.66455519625248,
    "IL1b_stim": 13.048524904648534,
    "IL8_favorable": 21.115185414908233,
    "maturity_t": 0.7191543655109791,
    "early_diff_very_fast": 0.8345179758357071,
    "a_early_diff_stim": 15.15840611118375,
    "diff_time": 618.7493805867908,
    "a_Qiao_2021_ALP": 12.743443664512169
}