{
    "ALP_M_n": 2.24118078607573,
    "ALP_0": 0.2732995315049921,
    "IL1b_ineffective": 115.07787728184366,
    "IL1b_stim": 4.700877135575023,
    "IL8_favorable": 7.879293811992831,
    "maturity_t": 0.6801009484487305,
    "early_diff_very_fast": 0.7886335109721365,
    "a_early_diff_stim": 9.503126218833039,
    "diff_time": 848.5307154809833,
    "a_Qiao_2021_ALP": 46.055710290748095
}