{
    "ALP_M_n": 6.952474192316965,
    "ALP_0": 0.5197040022832174,
    "IL1b_ineffective": 103.27976273517437,
    "IL1b_stim": 17.43819802924799,
    "IL8_favorable": 27.73736462895609,
    "maturity_t": 0.39553021613184863,
    "early_diff_very_fast": 0.920819839737312,
    "a_early_diff_stim": 10.178379317397203,
    "diff_time": 907.3882661520958,
    "a_Qiao_2021_ALP": 75.89792503571486
}