{
    "ALP_M_n": 3.560793590284853,
    "ALP_0": 0.15269205162254043,
    "IL1b_ineffective": 106.31212481107167,
    "IL1b_stim": 10.067509753340037,
    "IL8_favorable": 16.490164111662807,
    "maturity_t": 0.7041578160511938,
    "early_diff_very_fast": 0.752734160704702,
    "a_early_diff_stim": 8.679168092948464,
    "diff_time": 493.68284267020164,
    "a_Qiao_2021_ALP": 72.2467864181928
}