{
    "ALP_M_n": 2.8513019662139887,
    "ALP_0": 0.08982937800036933,
    "IL1b_ineffective": 103.44889295768408,
    "IL1b_stim": 16.573948984982653,
    "IL8_favorable": 27.53681039622748,
    "maturity_t": 0.5846392375991344,
    "early_diff_very_fast": 0.8969160296809862,
    "a_early_diff_stim": 11.144221759061798,
    "diff_time": 644.8501800294745,
    "a_Qiao_2021_ALP": 126.35063977536144
}