{
    "ALP_M_n": 1.3635697860907992,
    "ALP_0": 0.020219172089868287,
    "IL1b_ineffective": 108.70439103223819,
    "IL1b_stim": 7.1498523302110915,
    "IL8_favorable": 12.70869508979876,
    "maturity_t": 0.7113585364167869,
    "early_diff_very_fast": 0.9692367171503196,
    "a_early_diff_stim": 8.91198907244153,
    "diff_time": 838.5663072183356,
    "a_Qiao_2021_ALP": 63.081069073881835
}