{
    "ALP_M_n": 4.40933484073411,
    "ALP_0": 0.2546697444001996,
    "IL1b_ineffective": 109.27608521220807,
    "IL1b_stim": 7.312507151805226,
    "IL8_favorable": 11.814835755778233,
    "maturity_t": 0.6384419293545287,
    "early_diff_very_fast": 0.8384660978006717,
    "a_early_diff_stim": 4.497256799311285,
    "diff_time": 529.3669079231381,
    "a_Qiao_2021_ALP": 67.4926952180215
}