{
    "ALP_M_n": 2.373318787165527,
    "ALP_0": 0.05749860594215698,
    "IL1b_ineffective": 102.69304507775144,
    "IL1b_stim": 19.818130003525063,
    "IL8_favorable": 33.57698687925884,
    "maturity_t": 0.6750629992446191,
    "early_diff_very_fast": 0.8287473349064612,
    "a_early_diff_stim": 18.358227462661905,
    "diff_time": 594.3991925321836,
    "a_Qiao_2021_ALP": 85.8127394358948
}