{
    "ALP_M_n": 2.7475955219537695,
    "ALP_0": 0.15193568347480113,
    "IL1b_ineffective": 186.49602686920656,
    "IL1b_stim": 1.3926372118090011,
    "IL8_favorable": 2.3137391903724094,
    "maturity_t": 0.9240425216434444,
    "early_diff_very_fast": 0.7273528834317294,
    "a_early_diff_stim": 2.1670139403210404,
    "diff_time": 861.8689010542005,
    "a_Qiao_2021_ALP": 134.08440634986653
}