{
    "ALP_M_n": 1.3882498171241886,
    "ALP_0": 0.07615275703909284,
    "IL1b_ineffective": 106.46419622807167,
    "IL1b_stim": 9.160104679800938,
    "IL8_favorable": 16.322644408369023,
    "maturity_t": 0.7198945509208233,
    "early_diff_very_fast": 0.8898391915568898,
    "a_early_diff_stim": 16.48053173749513,
    "diff_time": 929.1565797553346,
    "a_Qiao_2021_ALP": 56.27392642186199
}