{
    "ALP_M_n": 3.805130879814251,
    "ALP_0": 0.31664727318053304,
    "IL1b_ineffective": 103.63050625156936,
    "IL1b_stim": 16.03585781200951,
    "IL8_favorable": 26.328089170593564,
    "maturity_t": 0.4614183062486287,
    "early_diff_very_fast": 0.9949052795605339,
    "a_early_diff_stim": 11.508824807672392,
    "diff_time": 928.7754807847989,
    "a_Qiao_2021_ALP": 107.57647947858536
}