{
    "ALP_M_n": 6.497492398220703,
    "ALP_0": 0.47453073887478386,
    "IL1b_ineffective": 102.25527058947542,
    "IL1b_stim": 23.568741234099036,
    "IL8_favorable": 37.672193815570246,
    "maturity_t": 0.5637285544353733,
    "early_diff_very_fast": 0.8025762593543979,
    "a_early_diff_stim": 14.940187404349246,
    "diff_time": 592.9920170960232,
    "a_Qiao_2021_ALP": 34.48158001295887
}