{
    "ALP_M_n": 6.533914302525501,
    "ALP_0": 0.44201414674391043,
    "IL1b_ineffective": 104.972557025246,
    "IL1b_stim": 12.48237243317389,
    "IL8_favorable": 19.855417573252513,
    "maturity_t": 0.3775038772387195,
    "early_diff_very_fast": 0.7814644131628475,
    "a_early_diff_stim": 10.790378549417479,
    "diff_time": 947.2077068389293,
    "a_Qiao_2021_ALP": 150.51685905316214
}