{
    "ALP_M_n": 3.9722416192122116,
    "ALP_0": 0.5040299787313139,
    "IL1b_ineffective": 103.31753462151498,
    "IL1b_stim": 17.222438358953962,
    "IL8_favorable": 27.991273788783367,
    "maturity_t": 0.6541515287960439,
    "early_diff_very_fast": 0.8958463618119614,
    "a_early_diff_stim": 15.988144021622803,
    "diff_time": 667.6772867940781,
    "a_Qiao_2021_ALP": 23.332193819321112
}