{
    "ALP_M_n": 2.1622028952407524,
    "ALP_0": 0.12998348014907515,
    "IL1b_ineffective": 103.74807188713356,
    "IL1b_stim": 15.030053434039273,
    "IL8_favorable": 25.603653850674494,
    "maturity_t": 0.49522416984622014,
    "early_diff_very_fast": 0.9052104147096113,
    "a_early_diff_stim": 17.78662315571662,
    "diff_time": 1032.02082467101,
    "a_Qiao_2021_ALP": 113.87190760758008
}