{
    "ALP_M_n": 3.023628826172364,
    "ALP_0": 0.39793667137304434,
    "IL1b_ineffective": 110.45791915895614,
    "IL1b_stim": 6.415946557378884,
    "IL8_favorable": 10.702819768842808,
    "maturity_t": 0.6154690036812169,
    "early_diff_very_fast": 0.9868088787264763,
    "a_early_diff_stim": 6.585684398100455,
    "diff_time": 834.8971281691299,
    "a_Qiao_2021_ALP": 39.38194903297138
}