{
    "ALP_M_n": 2.7729151067565145,
    "ALP_0": 0.18092889695428402,
    "IL1b_ineffective": 104.9237247037132,
    "IL1b_stim": 12.291504291405936,
    "IL8_favorable": 20.2782383534886,
    "maturity_t": 0.5646468811641868,
    "early_diff_very_fast": 0.7746972742498424,
    "a_early_diff_stim": 15.88085114896386,
    "diff_time": 763.2055998391806,
    "a_Qiao_2021_ALP": 92.55588498286298
}