{
    "ALP_M_n": 1.8968656532537158,
    "ALP_0": 0.009787971524945462,
    "IL1b_ineffective": 103.26025721481795,
    "IL1b_stim": 16.80652394567335,
    "IL8_favorable": 28.997400529012157,
    "maturity_t": 0.6864543207016943,
    "early_diff_very_fast": 0.9417017635091466,
    "a_early_diff_stim": 13.62897207518745,
    "diff_time": 639.4614305931132,
    "a_Qiao_2021_ALP": 81.6523233093784
}