{
    "ALP_M_n": 7.3556329919494425,
    "ALP_0": 0.5052090848826666,
    "IL1b_ineffective": 101.78510655516172,
    "IL1b_stim": 27.709811754244672,
    "IL8_favorable": 44.095915317559424,
    "maturity_t": 0.342779370096673,
    "early_diff_very_fast": 0.9436954828258561,
    "a_early_diff_stim": 15.792399829861232,
    "diff_time": 1058.201191241232,
    "a_Qiao_2021_ALP": 137.8863196510947
}