{
    "ALP_M_n": 3.473328486961497,
    "ALP_0": 0.09483188507363233,
    "IL1b_ineffective": 104.02466686488162,
    "IL1b_stim": 14.522409129301309,
    "IL8_favorable": 24.046375385757567,
    "maturity_t": 0.6214085411983196,
    "early_diff_very_fast": 0.860466039370772,
    "a_early_diff_stim": 8.349699383645426,
    "diff_time": 545.9160663886912,
    "a_Qiao_2021_ALP": 130.7751984855053
}