{
    "ALP_M_n": 1.9227933504698418,
    "ALP_0": 0.04987995610959551,
    "IL1b_ineffective": 105.0720182915032,
    "IL1b_stim": 11.763576798472446,
    "IL8_favorable": 20.13636690421511,
    "maturity_t": 0.6368858330265188,
    "early_diff_very_fast": 0.8756758529672014,
    "a_early_diff_stim": 12.533778443131492,
    "diff_time": 728.3229486192575,
    "a_Qiao_2021_ALP": 84.44366844007645
}