{
    "ALP_M_n": 8.368432418522088,
    "ALP_0": 0.6900189415379402,
    "IL1b_ineffective": 102.63966847843949,
    "IL1b_stim": 20.95852459539788,
    "IL8_favorable": 33.21274415703377,
    "maturity_t": 0.3664669944586774,
    "early_diff_very_fast": 0.9743138556288667,
    "a_early_diff_stim": 11.928314820150364,
    "diff_time": 1014.993564098744,
    "a_Qiao_2021_ALP": 25.887012179255823
}