{
    "ALP_M_n": 4.1331130480350895,
    "ALP_0": 0.21749635793590927,
    "IL1b_ineffective": 103.7722619081546,
    "IL1b_stim": 15.486578173253546,
    "IL8_favorable": 25.103014600500938,
    "maturity_t": 0.4898306127460803,
    "early_diff_very_fast": 0.9551109866792831,
    "a_early_diff_stim": 8.112950197570946,
    "diff_time": 727.299578778483,
    "a_Qiao_2021_ALP": 171.52226388876505
}