{
    "ALP_M_n": 1.68891889391814,
    "ALP_0": 0.10050699533147928,
    "IL1b_ineffective": 112.17767667928051,
    "IL1b_stim": 5.47965448923309,
    "IL8_favorable": 9.718600117724144,
    "maturity_t": 0.6249271991805775,
    "early_diff_very_fast": 0.8951730006196532,
    "a_early_diff_stim": 8.021267179226918,
    "diff_time": 927.734833059915,
    "a_Qiao_2021_ALP": 70.50541764700753
}