{
    "ALP_M_n": 4.629486553587957,
    "ALP_0": 0.49892966282526907,
    "IL1b_ineffective": 103.47255242572714,
    "IL1b_stim": 16.900164197184356,
    "IL8_favorable": 26.998039492245603,
    "maturity_t": 0.4531794083591301,
    "early_diff_very_fast": 0.832933533560707,
    "a_early_diff_stim": 19.841672330658707,
    "diff_time": 991.0121409560578,
    "a_Qiao_2021_ALP": 51.45806806548729
}