{
    "ALP_M_n": 2.9803698209011107,
    "ALP_0": 0.22974868696153933,
    "IL1b_ineffective": 103.39251740284661,
    "IL1b_stim": 16.591311353385937,
    "IL8_favorable": 27.23125273471832,
    "maturity_t": 0.6668222792006488,
    "early_diff_very_fast": 0.9028324976977051,
    "a_early_diff_stim": 13.653619747809401,
    "diff_time": 622.59634312583,
    "a_Qiao_2021_ALP": 56.767408904669736
}