{
    "ALP_M_n": 2.1053880838196055,
    "ALP_0": 0.36696966315492485,
    "IL1b_ineffective": 107.93017130623835,
    "IL1b_stim": 8.080317837182687,
    "IL8_favorable": 13.776651964420282,
    "maturity_t": 0.7476926883331572,
    "early_diff_very_fast": 0.9311529608156853,
    "a_early_diff_stim": 14.826678647546466,
    "diff_time": 941.4314837903846,
    "a_Qiao_2021_ALP": 32.655894001661444
}