{
    "ALP_M_n": 2.1629302269280872,
    "ALP_0": 0.08027639387251831,
    "IL1b_ineffective": 104.11135418312652,
    "IL1b_stim": 14.034712005570936,
    "IL8_favorable": 23.70241428681056,
    "maturity_t": 0.5706230848816212,
    "early_diff_very_fast": 0.9167307627256354,
    "a_early_diff_stim": 12.841905063317203,
    "diff_time": 788.328193765736,
    "a_Qiao_2021_ALP": 103.78634710203204
}