{
    "ALP_M_n": 3.027502346963566,
    "ALP_0": 0.3241769037924832,
    "IL1b_ineffective": 105.52091614328623,
    "IL1b_stim": 11.202297461474709,
    "IL8_favorable": 18.370102128285623,
    "maturity_t": 0.5236021739899673,
    "early_diff_very_fast": 0.8529412449585635,
    "a_early_diff_stim": 15.065583657084764,
    "diff_time": 962.462357374369,
    "a_Qiao_2021_ALP": 67.96560700196326
}