{
    "ALP_M_n": 2.0162468930809467,
    "ALP_0": 0.032694933863122715,
    "IL1b_ineffective": 179.5639602057848,
    "IL1b_stim": 1.4245767966760248,
    "IL8_favorable": 2.4288565952691457,
    "maturity_t": 0.8503205316834578,
    "early_diff_very_fast": 0.7084877373256439,
    "a_early_diff_stim": 2.5041621915380006,
    "diff_time": 905.2190366449317,
    "a_Qiao_2021_ALP": 152.63902043143662
}