{
    "ALP_M_n": 6.5049087724212855,
    "ALP_0": 0.16417697150675079,
    "IL1b_ineffective": 102.42636599959566,
    "IL1b_stim": 22.452032232367095,
    "IL8_favorable": 35.80051085065906,
    "maturity_t": 0.6541092429719617,
    "early_diff_very_fast": 0.6672047312292546,
    "a_early_diff_stim": 14.757626725647656,
    "diff_time": 428.31601175380644,
    "a_Qiao_2021_ALP": 151.1218838083389
}