{
    "ALP_M_n": 4.829297117771504,
    "ALP_0": 1.2962819527981835,
    "IL1b_ineffective": 106.43084204806942,
    "IL1b_stim": 10.03430987216925,
    "IL8_favorable": 16.053036911158905,
    "maturity_t": 0.698225066153596,
    "early_diff_very_fast": 0.9086301644987622,
    "a_early_diff_stim": 19.701067938969032,
    "diff_time": 986.4307211689305,
    "a_Qiao_2021_ALP": 1.4766744207428673
}