{
    "ALP_M_n": 6.2275747198280165,
    "ALP_0": 0.5396620168087726,
    "IL1b_ineffective": 113.61404141714613,
    "IL1b_stim": 5.278918029231452,
    "IL8_favorable": 8.669981765143383,
    "maturity_t": 0.5541205659254208,
    "early_diff_very_fast": 0.9191235386262275,
    "a_early_diff_stim": 2.875247010985212,
    "diff_time": 631.517484934207,
    "a_Qiao_2021_ALP": 24.094928707800584
}