{
    "ALP_M_n": 4.2109935029675425,
    "ALP_0": 0.3943011917882828,
    "IL1b_ineffective": 104.18242824885122,
    "IL1b_stim": 14.29795290181464,
    "IL8_favorable": 23.222247960203525,
    "maturity_t": 0.504938173211782,
    "early_diff_very_fast": 0.8796025828385792,
    "a_early_diff_stim": 12.57092622294141,
    "diff_time": 817.8482396751759,
    "a_Qiao_2021_ALP": 64.1231170187716
}