{
    "ALP_M_n": 5.225600858387976,
    "ALP_0": 0.3594719900331729,
    "IL1b_ineffective": 106.34998341152277,
    "IL1b_stim": 9.916802231993774,
    "IL8_favorable": 16.190341218642963,
    "maturity_t": 0.4758664086872051,
    "early_diff_very_fast": 0.9309936644050224,
    "a_early_diff_stim": 5.549624811443094,
    "diff_time": 745.2186571330205,
    "a_Qiao_2021_ALP": 105.46068837813539
}