{
    "ALP_M_n": 4.2857885694402835,
    "ALP_0": 0.4714085346668607,
    "IL1b_ineffective": 103.2977700945694,
    "IL1b_stim": 17.32307254784499,
    "IL8_favorable": 27.963899667461607,
    "maturity_t": 0.5618685278233136,
    "early_diff_very_fast": 0.8965771283657488,
    "a_early_diff_stim": 15.1551095243453,
    "diff_time": 747.8099357990553,
    "a_Qiao_2021_ALP": 35.633107958931156
}