{
    "ALP_M_n": 4.3276578287177925,
    "ALP_0": 0.3010802460217238,
    "IL1b_ineffective": 102.77249628792293,
    "IL1b_stim": 19.87959797482309,
    "IL8_favorable": 32.14860782696317,
    "maturity_t": 0.614432615052207,
    "early_diff_very_fast": 0.9873837930176935,
    "a_early_diff_stim": 9.500168822847392,
    "diff_time": 575.6768390358048,
    "a_Qiao_2021_ALP": 60.07516400705602
}