{
    "ALP_M_n": 1.2866585392966734,
    "ALP_0": 0.03196721755775779,
    "IL1b_ineffective": 109.98840093587037,
    "IL1b_stim": 6.280062214146781,
    "IL8_favorable": 11.438548468058741,
    "maturity_t": 0.6312813321039403,
    "early_diff_very_fast": 0.9023571946779567,
    "a_early_diff_stim": 10.665523886370876,
    "diff_time": 1054.9911602457646,
    "a_Qiao_2021_ALP": 70.2370589925166
}