{
    "ALP_M_n": 3.102692290158464,
    "ALP_0": 0.27624477002390674,
    "IL1b_ineffective": 105.77210210364042,
    "IL1b_stim": 10.837299977294405,
    "IL8_favorable": 17.850542317608678,
    "maturity_t": 0.5207095639016671,
    "early_diff_very_fast": 0.7851772171512116,
    "a_early_diff_stim": 15.29646900351448,
    "diff_time": 879.6088813607001,
    "a_Qiao_2021_ALP": 82.91153337756016
}