{
    "ALP_M_n": 3.775850453687578,
    "ALP_0": 0.28417406400642675,
    "IL1b_ineffective": 103.85277054517357,
    "IL1b_stim": 14.653336337739574,
    "IL8_favorable": 23.756530232599154,
    "maturity_t": 0.5772735410019465,
    "early_diff_very_fast": 0.7428493736867962,
    "a_early_diff_stim": 17.33757558304381,
    "diff_time": 671.2342982926768,
    "a_Qiao_2021_ALP": 72.91663181261109
}