{
    "ALP_M_n": 6.996775138505588,
    "ALP_0": 0.4633858621720677,
    "IL1b_ineffective": 102.67673900567223,
    "IL1b_stim": 20.9328332826111,
    "IL8_favorable": 33.25357827864292,
    "maturity_t": 0.5325500083831469,
    "early_diff_very_fast": 0.693628671464553,
    "a_early_diff_stim": 18.93617034822997,
    "diff_time": 596.956600144795,
    "a_Qiao_2021_ALP": 42.18504607838815
}