{
    "ALP_M_n": 5.350829419705285,
    "ALP_0": 0.5504893073239951,
    "IL1b_ineffective": 101.9950732964898,
    "IL1b_stim": 25.661236506143418,
    "IL8_favorable": 41.114927874113846,
    "maturity_t": 0.5288425893021687,
    "early_diff_very_fast": 0.9061990457465795,
    "a_early_diff_stim": 18.72345672464843,
    "diff_time": 735.77255710708,
    "a_Qiao_2021_ALP": 27.250661082441063
}