{
    "ALP_M_n": 2.687422280070061,
    "ALP_0": 0.039024888088033984,
    "IL1b_ineffective": 101.64788092941505,
    "IL1b_stim": 28.73097027133593,
    "IL8_favorable": 47.49169239166439,
    "maturity_t": 0.7619410079767803,
    "early_diff_very_fast": 0.904559717687116,
    "a_early_diff_stim": 17.414718893692598,
    "diff_time": 478.4236275380668,
    "a_Qiao_2021_ALP": 74.6033270063693
}