{
    "ALP_M_n": 3.8244972853054944,
    "ALP_0": 0.3238011825972241,
    "IL1b_ineffective": 106.1581936904688,
    "IL1b_stim": 10.469376484481312,
    "IL8_favorable": 16.919584907190135,
    "maturity_t": 0.455121467795831,
    "early_diff_very_fast": 0.9491681801744418,
    "a_early_diff_stim": 8.337755909134845,
    "diff_time": 945.7091568422378,
    "a_Qiao_2021_ALP": 106.6015412169
}