{
    "ALP_M_n": 2.630873524268292,
    "ALP_0": 0.3552174362841546,
    "IL1b_ineffective": 103.21561566454466,
    "IL1b_stim": 17.21888837897229,
    "IL8_favorable": 28.850342419695732,
    "maturity_t": 0.7112508524790923,
    "early_diff_very_fast": 0.9878761258258955,
    "a_early_diff_stim": 17.92681313838223,
    "diff_time": 735.5498449300851,
    "a_Qiao_2021_ALP": 34.614362949645596
}