{
    "ALP_M_n": 3.89339030910862,
    "ALP_0": 0.6024500907001609,
    "IL1b_ineffective": 106.09728787760763,
    "IL1b_stim": 10.395681711386835,
    "IL8_favorable": 16.93183475386737,
    "maturity_t": 0.6040650162081171,
    "early_diff_very_fast": 0.8577215619732799,
    "a_early_diff_stim": 14.111660137192468,
    "diff_time": 833.7584700002093,
    "a_Qiao_2021_ALP": 19.739901499223954
}