{
    "ALP_M_n": 2.8563124010232808,
    "ALP_0": 0.2140490639567707,
    "IL1b_ineffective": 104.1117829428102,
    "IL1b_stim": 14.39270932385863,
    "IL8_favorable": 23.8369195982393,
    "maturity_t": 0.5212434831762448,
    "early_diff_very_fast": 0.9653383893858449,
    "a_early_diff_stim": 12.057136312951293,
    "diff_time": 864.5431916652316,
    "a_Qiao_2021_ALP": 98.67572055132666
}