{
    "ALP_M_n": 3.62237602577314,
    "ALP_0": 0.003266340319214383,
    "IL1b_ineffective": 110.40116164457422,
    "IL1b_stim": 6.603618142950024,
    "IL8_favorable": 10.752123040750945,
    "maturity_t": 0.8168387061976321,
    "early_diff_very_fast": 0.9169238920813545,
    "a_early_diff_stim": 2.5386082144870072,
    "diff_time": 380.91869158513356,
    "a_Qiao_2021_ALP": 84.09709059887396
}