{
    "ALP_M_n": 3.8898846301123013,
    "ALP_0": 0.35632593700830056,
    "IL1b_ineffective": 105.04077921846252,
    "IL1b_stim": 12.263372759322564,
    "IL8_favorable": 20.013583620764397,
    "maturity_t": 0.5341840457253683,
    "early_diff_very_fast": 0.9125891320102228,
    "a_early_diff_stim": 9.899858744680053,
    "diff_time": 775.0540661247098,
    "a_Qiao_2021_ALP": 64.36994588178743
}