{
    "ALP_M_n": 3.5561322647205835,
    "ALP_0": 0.3084723984311548,
    "IL1b_ineffective": 106.05250286888356,
    "IL1b_stim": 10.401943751643131,
    "IL8_favorable": 16.993832991936465,
    "maturity_t": 0.4973114451999325,
    "early_diff_very_fast": 0.8429059319551029,
    "a_early_diff_stim": 11.109604001350233,
    "diff_time": 870.6104465802848,
    "a_Qiao_2021_ALP": 88.32802351437662
}