{
    "ALP_M_n": 2.9283109854828786,
    "ALP_0": 0.38609000657833115,
    "IL1b_ineffective": 103.2897722575308,
    "IL1b_stim": 17.23572670078068,
    "IL8_favorable": 29.074742268404805,
    "maturity_t": 0.6442513526809529,
    "early_diff_very_fast": 0.9755377238308844,
    "a_early_diff_stim": 17.947336512211304,
    "diff_time": 800.9469574665677,
    "a_Qiao_2021_ALP": 37.844225768577736
}