{
    "ALP_M_n": 3.4150763499374124,
    "ALP_0": 0.36337355985642716,
    "IL1b_ineffective": 104.09726824714093,
    "IL1b_stim": 14.521580159257777,
    "IL8_favorable": 23.94635099635786,
    "maturity_t": 0.6325295511868444,
    "early_diff_very_fast": 0.77431378798827,
    "a_early_diff_stim": 19.498806626385967,
    "diff_time": 687.7769164441893,
    "a_Qiao_2021_ALP": 41.57886538602936
}