{
    "ALP_M_n": 2.5604027176645237,
    "ALP_0": 0.11847878385879779,
    "IL1b_ineffective": 106.57341317295709,
    "IL1b_stim": 9.55953822263805,
    "IL8_favorable": 15.841397593441513,
    "maturity_t": 0.7466680486277316,
    "early_diff_very_fast": 0.9207712155850362,
    "a_early_diff_stim": 7.059244417096078,
    "diff_time": 541.1286730332095,
    "a_Qiao_2021_ALP": 59.40995801078281
}