{
    "ALP_M_n": 4.46997399798318,
    "ALP_0": 0.2752528253490455,
    "IL1b_ineffective": 101.94665809599533,
    "IL1b_stim": 25.975896432558883,
    "IL8_favorable": 41.85469314724771,
    "maturity_t": 0.5961392192481559,
    "early_diff_very_fast": 0.7990476913688023,
    "a_early_diff_stim": 18.664460462010542,
    "diff_time": 577.4104203022016,
    "a_Qiao_2021_ALP": 76.38323943140283
}