{
    "ALP_M_n": 2.8539400199798326,
    "ALP_0": 0.2867316493466261,
    "IL1b_ineffective": 117.10237528190449,
    "IL1b_stim": 4.277148100385942,
    "IL8_favorable": 7.081834468132627,
    "maturity_t": 0.6537082913180201,
    "early_diff_very_fast": 0.7904762841137598,
    "a_early_diff_stim": 5.859003428929912,
    "diff_time": 697.9596088939506,
    "a_Qiao_2021_ALP": 48.85346754495913
}