{
    "ALP_M_n": 3.4208501180770456,
    "ALP_0": 0.2604763796963964,
    "IL1b_ineffective": 105.61319702046539,
    "IL1b_stim": 11.065118272665892,
    "IL8_favorable": 17.9365668915542,
    "maturity_t": 0.6163608959318693,
    "early_diff_very_fast": 0.8346334888696884,
    "a_early_diff_stim": 9.977501247397615,
    "diff_time": 645.5808317423493,
    "a_Qiao_2021_ALP": 64.95155068625166
}