{
    "ALP_M_n": 3.087414714750115,
    "ALP_0": 0.430625664770548,
    "IL1b_ineffective": 107.98960389582125,
    "IL1b_stim": 8.168915085721846,
    "IL8_favorable": 13.899626107124021,
    "maturity_t": 0.7164279277827155,
    "early_diff_very_fast": 0.7663095051763164,
    "a_early_diff_stim": 14.09087556953613,
    "diff_time": 687.2299194346871,
    "a_Qiao_2021_ALP": 27.338608203177444
}