{
    "ALP_M_n": 2.160600029389164,
    "ALP_0": 0.12290907439625202,
    "IL1b_ineffective": 104.71388357983423,
    "IL1b_stim": 12.483431103436324,
    "IL8_favorable": 21.305380276187815,
    "maturity_t": 0.4889391751148032,
    "early_diff_very_fast": 0.8910302740154203,
    "a_early_diff_stim": 15.043715407666305,
    "diff_time": 1041.7170689729328,
    "a_Qiao_2021_ALP": 120.4911638547394
}