{
    "ALP_M_n": 2.4624976018128586,
    "ALP_0": 0.45987293093812553,
    "IL1b_ineffective": 106.61385506782482,
    "IL1b_stim": 9.529349733894605,
    "IL8_favorable": 15.958427538814448,
    "maturity_t": 0.6895784880304818,
    "early_diff_very_fast": 0.9471650148581862,
    "a_early_diff_stim": 17.040062050484888,
    "diff_time": 1027.5403391149794,
    "a_Qiao_2021_ALP": 29.481497747333545
}