{
    "ALP_M_n": 1.8455409149740074,
    "ALP_0": 0.028973329798192893,
    "IL1b_ineffective": 104.76655408782962,
    "IL1b_stim": 12.210389656559327,
    "IL8_favorable": 21.08166802512726,
    "maturity_t": 0.7285540158460303,
    "early_diff_very_fast": 0.8578272162075239,
    "a_early_diff_stim": 13.293847702670249,
    "diff_time": 634.5783413451121,
    "a_Qiao_2021_ALP": 69.53492399924158
}