{
    "ALP_M_n": 3.252336670836894,
    "ALP_0": 0.2587013340505746,
    "IL1b_ineffective": 102.838308179944,
    "IL1b_stim": 19.44689613739593,
    "IL8_favorable": 31.76596857856783,
    "maturity_t": 0.6095276617507409,
    "early_diff_very_fast": 0.9631102394380773,
    "a_early_diff_stim": 13.646936433806998,
    "diff_time": 679.980501773012,
    "a_Qiao_2021_ALP": 66.09785607497466
}