{
    "ALP_M_n": 2.472227613540615,
    "ALP_0": 0.10976714146695594,
    "IL1b_ineffective": 103.04949368104121,
    "IL1b_stim": 17.961076511150203,
    "IL8_favorable": 30.258423286955708,
    "maturity_t": 0.6634431673334712,
    "early_diff_very_fast": 0.8190000639822506,
    "a_early_diff_stim": 18.699515078128364,
    "diff_time": 627.258997259726,
    "a_Qiao_2021_ALP": 77.43503997997954
}