{
    "ALP_M_n": 2.752196016730554,
    "ALP_0": 0.2560915494383032,
    "IL1b_ineffective": 101.99235108982037,
    "IL1b_stim": 24.822937974706928,
    "IL8_favorable": 41.79023452222854,
    "maturity_t": 0.7453811945142838,
    "early_diff_very_fast": 0.9678881615424376,
    "a_early_diff_stim": 19.700654194271003,
    "diff_time": 604.8170585346764,
    "a_Qiao_2021_ALP": 42.856013720672934
}