{
    "ALP_M_n": 2.2735290241115123,
    "ALP_0": 0.20644048624549816,
    "IL1b_ineffective": 106.84645033346688,
    "IL1b_stim": 9.064753950632664,
    "IL8_favorable": 15.499122589291623,
    "maturity_t": 0.5725164631583288,
    "early_diff_very_fast": 0.904260801515802,
    "a_early_diff_stim": 11.847325603645736,
    "diff_time": 935.9319972704037,
    "a_Qiao_2021_ALP": 72.34877136405923
}