{
    "ALP_M_n": 6.265940614663931,
    "ALP_0": 0.3899867974463829,
    "IL1b_ineffective": 109.44107841467252,
    "IL1b_stim": 7.264436879153184,
    "IL8_favorable": 11.668104309966289,
    "maturity_t": 0.43108063853004946,
    "early_diff_very_fast": 0.8170104971070387,
    "a_early_diff_stim": 4.768535610684155,
    "diff_time": 782.0470235890293,
    "a_Qiao_2021_ALP": 141.020104307263
}