{
    "ALP_M_n": 3.454853412171004,
    "ALP_0": 0.2683198221820163,
    "IL1b_ineffective": 108.18743514316823,
    "IL1b_stim": 7.97984297773092,
    "IL8_favorable": 13.050888337390994,
    "maturity_t": 0.5118637828152212,
    "early_diff_very_fast": 0.852987669236812,
    "a_early_diff_stim": 7.654069847511491,
    "diff_time": 817.1841555012454,
    "a_Qiao_2021_ALP": 97.04358343090733
}