{
    "ALP_M_n": 3.808440109254719,
    "ALP_0": 0.5487421638036657,
    "IL1b_ineffective": 105.46884214416467,
    "IL1b_stim": 11.389106401109828,
    "IL8_favorable": 18.582200121787967,
    "maturity_t": 0.5619995812982543,
    "early_diff_very_fast": 0.8486914692661118,
    "a_early_diff_stim": 16.297541217378523,
    "diff_time": 909.6370440308733,
    "a_Qiao_2021_ALP": 27.494756202593397
}