{
    "ALP_M_n": 2.452198461425117,
    "ALP_0": 0.18994310545987697,
    "IL1b_ineffective": 103.49885927616953,
    "IL1b_stim": 16.14055765084595,
    "IL8_favorable": 26.770943237484637,
    "maturity_t": 0.6425605794744569,
    "early_diff_very_fast": 0.9000422841350917,
    "a_early_diff_stim": 16.705110534276667,
    "diff_time": 727.8162540675808,
    "a_Qiao_2021_ALP": 64.30478692142407
}