{
    "ALP_M_n": 3.241153521041591,
    "ALP_0": 0.503406857066789,
    "IL1b_ineffective": 106.09517317049075,
    "IL1b_stim": 10.379965877927123,
    "IL8_favorable": 17.10328992329365,
    "maturity_t": 0.6679780384182255,
    "early_diff_very_fast": 0.8881312978948017,
    "a_early_diff_stim": 13.825523384450475,
    "diff_time": 797.751267873654,
    "a_Qiao_2021_ALP": 25.217087031496934
}