{
    "ALP_M_n": 3.73387154336456,
    "ALP_0": 0.30083654054374376,
    "IL1b_ineffective": 105.57872155546765,
    "IL1b_stim": 11.217083754550014,
    "IL8_favorable": 18.37166505213556,
    "maturity_t": 0.4267965726295566,
    "early_diff_very_fast": 0.8128699630828096,
    "a_early_diff_stim": 13.512426097843868,
    "diff_time": 1032.4792547640013,
    "a_Qiao_2021_ALP": 135.87997441461087
}