{
    "ALP_M_n": 2.658096434226397,
    "ALP_0": 0.30840049735156216,
    "IL1b_ineffective": 116.13640793772204,
    "IL1b_stim": 4.474105625193792,
    "IL8_favorable": 7.53627720173931,
    "maturity_t": 0.7679036184065836,
    "early_diff_very_fast": 0.6814565812100152,
    "a_early_diff_stim": 10.61046407577106,
    "diff_time": 622.0084428622887,
    "a_Qiao_2021_ALP": 33.949553912954585
}