{
    "ALP_M_n": 3.3118672125312814,
    "ALP_0": 0.3834652665959214,
    "IL1b_ineffective": 106.898383693785,
    "IL1b_stim": 9.321193098385711,
    "IL8_favorable": 15.39524949684202,
    "maturity_t": 0.6466632309671001,
    "early_diff_very_fast": 0.7599963071586823,
    "a_early_diff_stim": 14.154813315189092,
    "diff_time": 703.494565494301,
    "a_Qiao_2021_ALP": 37.6457149320751
}