{
    "ALP_M_n": 4.243236552581883,
    "ALP_0": 0.28386986812739806,
    "IL1b_ineffective": 102.97241509123874,
    "IL1b_stim": 18.86536503561741,
    "IL8_favorable": 30.346172393506748,
    "maturity_t": 0.4526649571072054,
    "early_diff_very_fast": 0.9734844577297908,
    "a_early_diff_stim": 11.132308854035433,
    "diff_time": 841.9595821697282,
    "a_Qiao_2021_ALP": 150.07700671280136
}