{
    "ALP_M_n": 2.5674946772953815,
    "ALP_0": 0.16039869650094005,
    "IL1b_ineffective": 105.14273488850013,
    "IL1b_stim": 11.776054884584141,
    "IL8_favorable": 19.73528316038052,
    "maturity_t": 0.5842908688385925,
    "early_diff_very_fast": 0.7939917890366471,
    "a_early_diff_stim": 14.883928682624786,
    "diff_time": 755.0877867959362,
    "a_Qiao_2021_ALP": 87.39501703314438
}