{
    "ALP_M_n": 3.7129312485283563,
    "ALP_0": 0.5136959852409448,
    "IL1b_ineffective": 104.66575007969863,
    "IL1b_stim": 12.882460373394839,
    "IL8_favorable": 21.032225975954344,
    "maturity_t": 0.5808657050324286,
    "early_diff_very_fast": 0.912169859592765,
    "a_early_diff_stim": 14.602712929213707,
    "diff_time": 848.6097679865231,
    "a_Qiao_2021_ALP": 29.333346631207945
}