{
    "ALP_M_n": 4.139395949513624,
    "ALP_0": 0.34824723380698064,
    "IL1b_ineffective": 105.42580896731012,
    "IL1b_stim": 11.613880527511805,
    "IL8_favorable": 18.637184052173858,
    "maturity_t": 0.4691725578834182,
    "early_diff_very_fast": 0.8453527539235355,
    "a_early_diff_stim": 11.071645946412438,
    "diff_time": 883.5857540455767,
    "a_Qiao_2021_ALP": 95.89759092960394
}