{
    "ALP_M_n": 6.669946182461559,
    "ALP_0": 0.43436919946405306,
    "IL1b_ineffective": 101.86153247092615,
    "IL1b_stim": 27.176706956202068,
    "IL8_favorable": 42.89071687780701,
    "maturity_t": 0.4696354376306213,
    "early_diff_very_fast": 0.7713592943979404,
    "a_early_diff_stim": 19.556199080968852,
    "diff_time": 701.749758707004,
    "a_Qiao_2021_ALP": 80.37542119961999
}