{
    "ALP_M_n": 2.868235718286362,
    "ALP_0": 0.1946723101444779,
    "IL1b_ineffective": 103.86989493054062,
    "IL1b_stim": 14.930119007480101,
    "IL8_favorable": 24.69872473597367,
    "maturity_t": 0.6299475197713131,
    "early_diff_very_fast": 0.8407307652273406,
    "a_early_diff_stim": 14.77952507161227,
    "diff_time": 670.6432429376938,
    "a_Qiao_2021_ALP": 73.07503913634442
}