{
    "ALP_M_n": 6.525284871666797,
    "ALP_0": 0.24402831889400378,
    "IL1b_ineffective": 104.50506512918871,
    "IL1b_stim": 13.338969297297323,
    "IL8_favorable": 21.173016073764725,
    "maturity_t": 0.5479310089545454,
    "early_diff_very_fast": 0.7163664503706617,
    "a_early_diff_stim": 8.273202805174115,
    "diff_time": 536.5595509171541,
    "a_Qiao_2021_ALP": 189.82602518592063
}