{
    "ALP_M_n": 3.925698646842906,
    "ALP_0": 0.4900133151846751,
    "IL1b_ineffective": 102.76562154887952,
    "IL1b_stim": 19.895148434046206,
    "IL8_favorable": 32.38158585669841,
    "maturity_t": 0.4796003303595434,
    "early_diff_very_fast": 0.9970646024869123,
    "a_early_diff_stim": 19.70418813153759,
    "diff_time": 1058.4211074728107,
    "a_Qiao_2021_ALP": 46.279989113186474
}