{
    "ALP_M_n": 3.528263981740313,
    "ALP_0": 0.26492442322610366,
    "IL1b_ineffective": 103.02661376593609,
    "IL1b_stim": 18.41376320060411,
    "IL8_favorable": 30.002474762633952,
    "maturity_t": 0.599833452303209,
    "early_diff_very_fast": 0.8661450066656753,
    "a_early_diff_stim": 14.925314887479445,
    "diff_time": 661.4764808560662,
    "a_Qiao_2021_ALP": 70.29341794510316
}