{
    "ALP_M_n": 3.6038895651027025,
    "ALP_0": 0.4039124632650021,
    "IL1b_ineffective": 191.47975470673748,
    "IL1b_stim": 1.3726500796579337,
    "IL8_favorable": 2.2423310875629596,
    "maturity_t": 0.9440553203453272,
    "early_diff_very_fast": 0.7400549039909288,
    "a_early_diff_stim": 2.735551786679061,
    "diff_time": 1059.3835459724435,
    "a_Qiao_2021_ALP": 66.18034619478773
}