{
    "ALP_M_n": 5.318923672461981,
    "ALP_0": 0.6644671267281685,
    "IL1b_ineffective": 196.8064110904822,
    "IL1b_stim": 1.3537607122938855,
    "IL8_favorable": 2.172927637578745,
    "maturity_t": 0.8277560776362738,
    "early_diff_very_fast": 0.7533108533255461,
    "a_early_diff_stim": 2.3550729414876836,
    "diff_time": 1055.306223594721,
    "a_Qiao_2021_ALP": 23.196079233559743
}