{
    "ALP_M_n": 2.853937719596923,
    "ALP_0": 0.10676977667908437,
    "IL1b_ineffective": 121.7194627836576,
    "IL1b_stim": 3.538083234067477,
    "IL8_favorable": 5.900987768769433,
    "maturity_t": 0.52875279300414,
    "early_diff_very_fast": 0.7738240481646943,
    "a_early_diff_stim": 3.7244543935127723,
    "diff_time": 744.0899199365732,
    "a_Qiao_2021_ALP": 153.54680851030037
}