{
    "ALP_M_n": 3.808801746853507,
    "ALP_0": 0.21313805764461513,
    "IL1b_ineffective": 106.59333414499132,
    "IL1b_stim": 9.710434367089874,
    "IL8_favorable": 15.956426047879475,
    "maturity_t": 0.4638494492233157,
    "early_diff_very_fast": 0.6575519708608262,
    "a_early_diff_stim": 16.78149244470878,
    "diff_time": 824.2475846246297,
    "a_Qiao_2021_ALP": 187.5396814925753
}