{
    "ALP_M_n": 5.085395864806494,
    "ALP_0": 0.3531957031098222,
    "IL1b_ineffective": 103.30156309961335,
    "IL1b_stim": 17.38150267641373,
    "IL8_favorable": 27.788524728506438,
    "maturity_t": 0.4750790544849932,
    "early_diff_very_fast": 0.7824353174075112,
    "a_early_diff_stim": 15.038039280482053,
    "diff_time": 762.2633171084045,
    "a_Qiao_2021_ALP": 109.380301633211
}