{
    "ALP_M_n": 4.74754473123614,
    "ALP_0": 0.3988861364779539,
    "IL1b_ineffective": 103.2328527493211,
    "IL1b_stim": 17.65623684126342,
    "IL8_favorable": 28.390477814497086,
    "maturity_t": 0.4393605404691764,
    "early_diff_very_fast": 0.8192487324447801,
    "a_early_diff_stim": 17.560024630230348,
    "diff_time": 913.5174111368274,
    "a_Qiao_2021_ALP": 94.75005514276984
}