{
    "ALP_M_n": 3.462647546637834,
    "ALP_0": 0.36203235096172554,
    "IL1b_ineffective": 190.82434049074817,
    "IL1b_stim": 1.3746923969777,
    "IL8_favorable": 2.2512865049064317,
    "maturity_t": 0.8957832370826662,
    "early_diff_very_fast": 0.7383459056763709,
    "a_early_diff_stim": 2.5106203949898367,
    "diff_time": 948.3376603630438,
    "a_Qiao_2021_ALP": 68.45158137968207
}