{
    "ALP_M_n": 5.902553057463442,
    "ALP_0": 0.6445393326690148,
    "IL1b_ineffective": 116.01568837737112,
    "IL1b_stim": 4.734736644606272,
    "IL8_favorable": 7.56922249753336,
    "maturity_t": 0.4141311428029183,
    "early_diff_very_fast": 0.6533334065634556,
    "a_early_diff_stim": 11.945535363833754,
    "diff_time": 1066.0097354771847,
    "a_Qiao_2021_ALP": 29.28410198663022
}