{
    "ALP_M_n": 6.2341970831098115,
    "ALP_0": 0.42043696068158476,
    "IL1b_ineffective": 107.18180140466957,
    "IL1b_stim": 9.196217030468482,
    "IL8_favorable": 14.782504310253813,
    "maturity_t": 0.4251661673077659,
    "early_diff_very_fast": 0.6763810385010176,
    "a_early_diff_stim": 11.631571211561923,
    "diff_time": 815.4997523179238,
    "a_Qiao_2021_ALP": 116.90557735756133
}