{
    "ALP_M_n": 4.008046294055433,
    "ALP_0": 0.3678362389402494,
    "IL1b_ineffective": 193.05437894536652,
    "IL1b_stim": 1.3669357420378923,
    "IL8_favorable": 2.2212083776306457,
    "maturity_t": 0.991003933334437,
    "early_diff_very_fast": 0.744279259306962,
    "a_early_diff_stim": 2.0691738201856222,
    "diff_time": 939.7535547017402,
    "a_Qiao_2021_ALP": 86.56742318536607
}