{
    "ALP_M_n": 3.434838970036947,
    "ALP_0": 0.4892488593569975,
    "IL1b_ineffective": 190.7644773492838,
    "IL1b_stim": 1.3758839305811978,
    "IL8_favorable": 2.253392362917573,
    "maturity_t": 0.930851681520449,
    "early_diff_very_fast": 0.7380037383572883,
    "a_early_diff_stim": 3.205499911340299,
    "diff_time": 1002.0102170306155,
    "a_Qiao_2021_ALP": 36.57952406213379
}