{
    "ALP_M_n": 3.4800108732396167,
    "ALP_0": 0.4249685658504675,
    "IL1b_ineffective": 103.79842978900595,
    "IL1b_stim": 15.386471823267497,
    "IL8_favorable": 25.23172998727063,
    "maturity_t": 0.6568222931242444,
    "early_diff_very_fast": 0.850097697166011,
    "a_early_diff_stim": 17.22642897126701,
    "diff_time": 682.9900017533794,
    "a_Qiao_2021_ALP": 31.18636617530507
}