{
    "ALP_M_n": 3.435796303286502,
    "ALP_0": 0.11958445078673788,
    "IL1b_ineffective": 102.50821700804235,
    "IL1b_stim": 21.210255499060793,
    "IL8_favorable": 35.90906842131577,
    "maturity_t": 0.6717641528841212,
    "early_diff_very_fast": 0.8556440821396308,
    "a_early_diff_stim": 13.056346203505116,
    "diff_time": 514.2808736333142,
    "a_Qiao_2021_ALP": 91.6159284980491
}