{
    "ALP_M_n": 3.212070798338082,
    "ALP_0": 0.3195852338219387,
    "IL1b_ineffective": 102.7023911932526,
    "IL1b_stim": 20.119281776461698,
    "IL8_favorable": 33.277627952877,
    "maturity_t": 0.5022784465600006,
    "early_diff_very_fast": 0.9619065348906013,
    "a_early_diff_stim": 19.33735369024928,
    "diff_time": 961.9619931341083,
    "a_Qiao_2021_ALP": 77.73381889768231
}