{
    "ALP_M_n": 2.8607401263954766,
    "ALP_0": 0.49632863816879,
    "IL1b_ineffective": 112.62756215648861,
    "IL1b_stim": 5.5407192417382305,
    "IL8_favorable": 9.223661022039657,
    "maturity_t": 0.6401183568938583,
    "early_diff_very_fast": 0.8549466600850195,
    "a_early_diff_stim": 10.676511558040449,
    "diff_time": 976.0790956305609,
    "a_Qiao_2021_ALP": 28.420859025986733
}