{
    "ALP_M_n": 7.8403739442547815,
    "ALP_0": 0.4246659185424861,
    "IL1b_ineffective": 101.87886291239109,
    "IL1b_stim": 26.931315306343937,
    "IL8_favorable": 42.50150148831485,
    "maturity_t": 0.4247494523202468,
    "early_diff_very_fast": 0.8133171875391918,
    "a_early_diff_stim": 14.277407785009792,
    "diff_time": 747.1265539078329,
    "a_Qiao_2021_ALP": 155.50843207739302
}