{
    "ALP_M_n": 2.4344589271034653,
    "ALP_0": 0.17145960565300164,
    "IL1b_ineffective": 103.0732186655292,
    "IL1b_stim": 17.919851760124377,
    "IL8_favorable": 30.03428727324374,
    "maturity_t": 0.6124390122848823,
    "early_diff_very_fast": 0.9228233156468757,
    "a_early_diff_stim": 17.30228897863087,
    "diff_time": 757.4901709536167,
    "a_Qiao_2021_ALP": 74.16708267324768
}