{
    "ALP_M_n": 2.0081106199287335,
    "ALP_0": 0.04271585244318952,
    "IL1b_ineffective": 106.98492663406225,
    "IL1b_stim": 8.900362036313105,
    "IL8_favorable": 15.13343137196918,
    "maturity_t": 0.5571067566837926,
    "early_diff_very_fast": 0.7745960985177999,
    "a_early_diff_stim": 12.203554968251536,
    "diff_time": 803.5717440956489,
    "a_Qiao_2021_ALP": 114.43025381638478
}