{
    "ALP_M_n": 8.190401030647068,
    "ALP_0": 0.8004550112620921,
    "IL1b_ineffective": 102.70362883541691,
    "IL1b_stim": 20.597531371915352,
    "IL8_favorable": 32.851608110467666,
    "maturity_t": 0.45034775144193623,
    "early_diff_very_fast": 0.8303542358878477,
    "a_early_diff_stim": 16.327158606784458,
    "diff_time": 818.7876547524537,
    "a_Qiao_2021_ALP": 6.617958698978054
}