{
    "ALP_M_n": 3.2349363334224392,
    "ALP_0": 0.24985601550549347,
    "IL1b_ineffective": 103.94385111562791,
    "IL1b_stim": 14.887690043589608,
    "IL8_favorable": 23.885502201811565,
    "maturity_t": 0.5871740102461254,
    "early_diff_very_fast": 0.9454820511461023,
    "a_early_diff_stim": 10.993103853069067,
    "diff_time": 702.5070640510592,
    "a_Qiao_2021_ALP": 72.89734006062794
}