{
    "ALP_M_n": 7.990063584711038,
    "ALP_0": 0.5775197836561423,
    "IL1b_ineffective": 112.52629912139545,
    "IL1b_stim": 5.736948288194402,
    "IL8_favorable": 9.084541423876253,
    "maturity_t": 0.354796228455458,
    "early_diff_very_fast": 0.9563111574809138,
    "a_early_diff_stim": 3.1249521478983984,
    "diff_time": 1013.5157181786251,
    "a_Qiao_2021_ALP": 71.84701130851087
}