{
    "ALP_M_n": 7.005575577823093,
    "ALP_0": 0.3056651589591244,
    "IL1b_ineffective": 102.3035650388071,
    "IL1b_stim": 23.084945358036215,
    "IL8_favorable": 36.35332165084352,
    "maturity_t": 0.5584885598410109,
    "early_diff_very_fast": 0.8652509308591219,
    "a_early_diff_stim": 8.511705391647173,
    "diff_time": 533.8189332914892,
    "a_Qiao_2021_ALP": 120.77375402386733
}