{
    "ALP_M_n": 3.7147682458998093,
    "ALP_0": 0.5990216898794275,
    "IL1b_ineffective": 109.15577981842952,
    "IL1b_stim": 7.320838207025991,
    "IL8_favorable": 11.953009503649248,
    "maturity_t": 0.7484720051771351,
    "early_diff_very_fast": 0.8158561330114416,
    "a_early_diff_stim": 9.82641256887323,
    "diff_time": 625.9743106583244,
    "a_Qiao_2021_ALP": 13.627690960462347
}