{
    "ALP_M_n": 3.1385538308117753,
    "ALP_0": 0.32996564625113345,
    "IL1b_ineffective": 105.3374573949356,
    "IL1b_stim": 11.53201324674147,
    "IL8_favorable": 18.819175890081915,
    "maturity_t": 0.5283592257188673,
    "early_diff_very_fast": 0.8104844546723996,
    "a_early_diff_stim": 16.898891409998846,
    "diff_time": 930.2904110905667,
    "a_Qiao_2021_ALP": 67.06440037554229
}