{
    "ALP_M_n": 5.215402138157933,
    "ALP_0": 0.6203821652483859,
    "IL1b_ineffective": 102.95736573394518,
    "IL1b_stim": 18.878313896772553,
    "IL8_favorable": 30.758448885618453,
    "maturity_t": 0.48395879371405354,
    "early_diff_very_fast": 0.9453579106406527,
    "a_early_diff_stim": 16.400836990536668,
    "diff_time": 915.3972992244295,
    "a_Qiao_2021_ALP": 24.70319463579672
}