{
    "ALP_M_n": 4.271289398201287,
    "ALP_0": 0.11108983610068499,
    "IL1b_ineffective": 105.38114919196195,
    "IL1b_stim": 11.631725642150242,
    "IL8_favorable": 19.249083369037564,
    "maturity_t": 0.5833861196539669,
    "early_diff_very_fast": 0.7978210438193426,
    "a_early_diff_stim": 6.637866820346774,
    "diff_time": 540.9746212331495,
    "a_Qiao_2021_ALP": 194.58605722746248
}