{
    "ALP_M_n": 3.665899804674804,
    "ALP_0": 0.24573989583803457,
    "IL1b_ineffective": 104.08785685634177,
    "IL1b_stim": 14.47540702685856,
    "IL8_favorable": 23.608908633257396,
    "maturity_t": 0.5203157769823942,
    "early_diff_very_fast": 0.8147034513559732,
    "a_early_diff_stim": 13.42569766902802,
    "diff_time": 752.3629671090923,
    "a_Qiao_2021_ALP": 110.59668797979566
}