{
    "ALP_M_n": 5.3184536299363385,
    "ALP_0": 0.471867048717318,
    "IL1b_ineffective": 103.04091152931713,
    "IL1b_stim": 18.558459086312585,
    "IL8_favorable": 29.79956695509397,
    "maturity_t": 0.38967961652697664,
    "early_diff_very_fast": 0.8209140690018792,
    "a_early_diff_stim": 19.94979640385547,
    "diff_time": 1072.8654653570802,
    "a_Qiao_2021_ALP": 90.57336998003375
}