{
    "ALP_M_n": 4.832788214578641,
    "ALP_0": 0.44499399735021156,
    "IL1b_ineffective": 195.58456969087158,
    "IL1b_stim": 1.3584415679341681,
    "IL8_favorable": 2.189696705202813,
    "maturity_t": 0.8256511570890352,
    "early_diff_very_fast": 0.7506151509240325,
    "a_early_diff_stim": 1.7766303095905163,
    "diff_time": 894.1078991015434,
    "a_Qiao_2021_ALP": 67.71400114946303
}