{
    "ALP_M_n": 1.638426501086768,
    "ALP_0": 0.013825218740667958,
    "IL1b_ineffective": 105.44908054340098,
    "IL1b_stim": 10.806048890829295,
    "IL8_favorable": 18.880313490367403,
    "maturity_t": 0.6875290423508563,
    "early_diff_very_fast": 0.9990680042658113,
    "a_early_diff_stim": 9.524983968634562,
    "diff_time": 719.8769239419328,
    "a_Qiao_2021_ALP": 73.64142377341166
}