{
    "ALP_M_n": 7.712789602628474,
    "ALP_0": 0.4050481360100158,
    "IL1b_ineffective": 114.4282950569016,
    "IL1b_stim": 4.998353982468693,
    "IL8_favorable": 8.190814345598994,
    "maturity_t": 0.558786089201983,
    "early_diff_very_fast": 0.6605726057254353,
    "a_early_diff_stim": 4.317729042580967,
    "diff_time": 532.8685686479103,
    "a_Qiao_2021_ALP": 55.724825096851816
}