{
    "ALP_M_n": 2.276884721565875,
    "ALP_0": 0.1388618841782335,
    "IL1b_ineffective": 105.75323969293963,
    "IL1b_stim": 10.597134588243994,
    "IL8_favorable": 17.824764204417946,
    "maturity_t": 0.7226722979006296,
    "early_diff_very_fast": 0.7706012646782178,
    "a_early_diff_stim": 15.11315423803286,
    "diff_time": 627.0957439545272,
    "a_Qiao_2021_ALP": 57.73269335274905
}