{
    "ALP_M_n": 3.9716037625955076,
    "ALP_0": 0.5007003574756315,
    "IL1b_ineffective": 107.63852157983585,
    "IL1b_stim": 8.570621697474124,
    "IL8_favorable": 13.85585123370231,
    "maturity_t": 0.5313259524598868,
    "early_diff_very_fast": 0.9553339691436076,
    "a_early_diff_stim": 8.402692733725338,
    "diff_time": 915.3034013017832,
    "a_Qiao_2021_ALP": 37.1660105233361
}