{
    "ALP_M_n": 6.800803593703135,
    "ALP_0": 0.39640538340870624,
    "IL1b_ineffective": 102.11066848373409,
    "IL1b_stim": 24.903565897464027,
    "IL8_favorable": 39.83976829850077,
    "maturity_t": 0.42704020586783037,
    "early_diff_very_fast": 0.7523940600391985,
    "a_early_diff_stim": 18.732686653984253,
    "diff_time": 770.8978274369508,
    "a_Qiao_2021_ALP": 157.0106084657743
}