{
    "ALP_M_n": 3.2850474122037445,
    "ALP_0": 0.2473125604879139,
    "IL1b_ineffective": 104.34280440550869,
    "IL1b_stim": 13.746560559410941,
    "IL8_favorable": 22.455773209769376,
    "maturity_t": 0.4612736486074229,
    "early_diff_very_fast": 0.9770739361551034,
    "a_early_diff_stim": 10.775518940542291,
    "diff_time": 959.940075723184,
    "a_Qiao_2021_ALP": 129.27716368658702
}