{
    "ALP_M_n": 2.537256465483221,
    "ALP_0": 0.06766953441389845,
    "IL1b_ineffective": 106.92936902835646,
    "IL1b_stim": 9.21670722577115,
    "IL8_favorable": 15.167834029448088,
    "maturity_t": 0.520901063669105,
    "early_diff_very_fast": 0.7668993866967199,
    "a_early_diff_stim": 10.22124239565279,
    "diff_time": 764.1881288856114,
    "a_Qiao_2021_ALP": 157.5781938932375
}