{
    "ALP_M_n": 3.6333038985560133,
    "ALP_0": 0.17816266561717484,
    "IL1b_ineffective": 102.60672315034218,
    "IL1b_stim": 20.976197603514844,
    "IL8_favorable": 34.33966951880933,
    "maturity_t": 0.6183967857605673,
    "early_diff_very_fast": 0.9494895031025696,
    "a_early_diff_stim": 10.871753390285395,
    "diff_time": 573.8588948129643,
    "a_Qiao_2021_ALP": 93.69151947212293
}