{
    "ALP_M_n": 3.2470014383534656,
    "ALP_0": 0.4427417054906349,
    "IL1b_ineffective": 105.47570254301418,
    "IL1b_stim": 11.326086894759307,
    "IL8_favorable": 18.7109824066627,
    "maturity_t": 0.6759707027848368,
    "early_diff_very_fast": 0.8509671198319254,
    "a_early_diff_stim": 14.228732171267158,
    "diff_time": 709.0650996755409,
    "a_Qiao_2021_ALP": 28.483605467470568
}