{
    "ALP_M_n": 3.3726174992627853,
    "ALP_0": 0.188456933041328,
    "IL1b_ineffective": 103.1861968749993,
    "IL1b_stim": 17.603848959731394,
    "IL8_favorable": 29.071602792765844,
    "maturity_t": 0.732283056886844,
    "early_diff_very_fast": 0.9609003821833653,
    "a_early_diff_stim": 9.509144158904238,
    "diff_time": 496.87931618551664,
    "a_Qiao_2021_ALP": 54.21331252261312
}