{
    "ALP_M_n": 3.3060413764596097,
    "ALP_0": 0.14912201658787688,
    "IL1b_ineffective": 103.01243025896699,
    "IL1b_stim": 18.416351039523363,
    "IL8_favorable": 29.971296012465118,
    "maturity_t": 0.6911749951727946,
    "early_diff_very_fast": 0.7511572022359111,
    "a_early_diff_stim": 17.542978003701855,
    "diff_time": 519.6295443159288,
    "a_Qiao_2021_ALP": 72.8806241718193
}