{
    "ALP_M_n": 6.281982300392793,
    "ALP_0": 0.5579456624983721,
    "IL1b_ineffective": 198.60225537078156,
    "IL1b_stim": 1.3472491275570828,
    "IL8_favorable": 2.1518437255681917,
    "maturity_t": 0.8348861031765159,
    "early_diff_very_fast": 0.7576097859044071,
    "a_early_diff_stim": 1.5774208818746913,
    "diff_time": 961.0022953883627,
    "a_Qiao_2021_ALP": 51.26093595874533
}