{
    "ALP_M_n": 3.596398450372611,
    "ALP_0": 0.32600416263200227,
    "IL1b_ineffective": 191.55300599056625,
    "IL1b_stim": 1.3727498861930147,
    "IL8_favorable": 2.2432615822309643,
    "maturity_t": 0.9626349698955851,
    "early_diff_very_fast": 0.7399075569348509,
    "a_early_diff_stim": 2.031615520227083,
    "diff_time": 799.9673719446573,
    "a_Qiao_2021_ALP": 70.75430275196028
}