{
    "ALP_M_n": 4.236553835985716,
    "ALP_0": 0.6280299040622598,
    "IL1b_ineffective": 104.07260349650008,
    "IL1b_stim": 14.6496717305767,
    "IL8_favorable": 23.905667831540104,
    "maturity_t": 0.7087282253917632,
    "early_diff_very_fast": 0.8409108267013066,
    "a_early_diff_stim": 15.966541341278589,
    "diff_time": 613.8656722888611,
    "a_Qiao_2021_ALP": 11.988217662477954
}