{
    "ALP_M_n": 3.4926937033860783,
    "ALP_0": 0.38627569983947774,
    "IL1b_ineffective": 104.05264486497899,
    "IL1b_stim": 14.602638500193907,
    "IL8_favorable": 23.93702056518855,
    "maturity_t": 0.6354760689501988,
    "early_diff_very_fast": 0.9871059510576784,
    "a_early_diff_stim": 11.120994355049836,
    "diff_time": 686.5238995349043,
    "a_Qiao_2021_ALP": 38.03149177986224
}