{
    "ALP_M_n": 3.276002057518156,
    "ALP_0": 0.5059280261892156,
    "IL1b_ineffective": 103.12439475617612,
    "IL1b_stim": 17.89953339593888,
    "IL8_favorable": 29.692357877097155,
    "maturity_t": 0.7443742002521571,
    "early_diff_very_fast": 0.985413527920422,
    "a_early_diff_stim": 16.751118680377555,
    "diff_time": 656.7323796537855,
    "a_Qiao_2021_ALP": 19.890655109023573
}