{
    "ALP_M_n": 8.930899566838587,
    "ALP_0": 0.4821847578069951,
    "IL1b_ineffective": 102.54851984393764,
    "IL1b_stim": 21.40514018878247,
    "IL8_favorable": 34.20374485508593,
    "maturity_t": 0.41372318075241593,
    "early_diff_very_fast": 0.9981200524285008,
    "a_early_diff_stim": 6.772108440703535,
    "diff_time": 743.713834148273,
    "a_Qiao_2021_ALP": 110.65570444213037
}