{
    "ALP_M_n": 7.578456377116234,
    "ALP_0": 0.5089123683307486,
    "IL1b_ineffective": 103.70745275144691,
    "IL1b_stim": 15.919603560979478,
    "IL8_favorable": 25.34225736132746,
    "maturity_t": 0.43001807923555124,
    "early_diff_very_fast": 0.7507489067365416,
    "a_early_diff_stim": 12.718581830477142,
    "diff_time": 771.7913029838038,
    "a_Qiao_2021_ALP": 66.26745720933013
}