{
    "ALP_M_n": 2.6943542372193656,
    "ALP_0": 0.27963460229470033,
    "IL1b_ineffective": 103.76737360657405,
    "IL1b_stim": 15.264317958645202,
    "IL8_favorable": 25.648195689609636,
    "maturity_t": 0.6497462967409746,
    "early_diff_very_fast": 0.8735922873723196,
    "a_early_diff_stim": 18.0307273722936,
    "diff_time": 743.5599970606094,
    "a_Qiao_2021_ALP": 50.11315795270408
}