{
    "ALP_M_n": 1.633153979720561,
    "ALP_0": 0.019816382460146185,
    "IL1b_ineffective": 102.6916335727489,
    "IL1b_stim": 19.3065191440882,
    "IL8_favorable": 33.674546186555034,
    "maturity_t": 0.5332079506444091,
    "early_diff_very_fast": 0.9866256207559216,
    "a_early_diff_stim": 18.132392242852486,
    "diff_time": 949.6630539934115,
    "a_Qiao_2021_ALP": 108.20009759545792
}