{
    "ALP_M_n": 1.8230858465030895,
    "ALP_0": 0.16382841186342195,
    "IL1b_ineffective": 108.04014738989274,
    "IL1b_stim": 7.787610162852496,
    "IL8_favorable": 13.407388918792854,
    "maturity_t": 0.748788424952786,
    "early_diff_very_fast": 0.8004486744716365,
    "a_early_diff_stim": 15.172354078977062,
    "diff_time": 784.2833319765718,
    "a_Qiao_2021_ALP": 49.29234457059207
}