{
    "ALP_M_n": 3.850435214670523,
    "ALP_0": 0.20934748837743922,
    "IL1b_ineffective": 104.90055310726751,
    "IL1b_stim": 12.51126931035696,
    "IL8_favorable": 20.377931034411787,
    "maturity_t": 0.5576482910509389,
    "early_diff_very_fast": 0.6959587298340182,
    "a_early_diff_stim": 15.169440360967362,
    "diff_time": 641.1284587529082,
    "a_Qiao_2021_ALP": 113.86253018527607
}