{
    "ALP_M_n": 3.6193392416913834,
    "ALP_0": 0.3847297005623499,
    "IL1b_ineffective": 104.82326447318769,
    "IL1b_stim": 12.681599520554709,
    "IL8_favorable": 20.667345032396238,
    "maturity_t": 0.5990224096247171,
    "early_diff_very_fast": 0.7592760058851075,
    "a_early_diff_stim": 17.60756918151569,
    "diff_time": 722.0559819043331,
    "a_Qiao_2021_ALP": 43.780728525807305
}