{
    "ALP_M_n": 2.6689351451512158,
    "ALP_0": 0.4581370048603179,
    "IL1b_ineffective": 111.39487449639492,
    "IL1b_stim": 6.023238189388714,
    "IL8_favorable": 10.010724784277294,
    "maturity_t": 0.6388412106044943,
    "early_diff_very_fast": 0.9839838962459185,
    "a_early_diff_stim": 8.923670780707477,
    "diff_time": 1017.5514341549367,
    "a_Qiao_2021_ALP": 32.02565288216892
}