{
    "ALP_M_n": 2.883886590146812,
    "ALP_0": 0.22775627217256883,
    "IL1b_ineffective": 106.2529870165719,
    "IL1b_stim": 10.101403212246199,
    "IL8_favorable": 16.79528327864395,
    "maturity_t": 0.46744619970386303,
    "early_diff_very_fast": 0.8315726146200911,
    "a_early_diff_stim": 12.944951858032871,
    "diff_time": 1023.1747960798981,
    "a_Qiao_2021_ALP": 119.11920771663173
}