{
    "ALP_M_n": 5.462924234018963,
    "ALP_0": 0.27804174092778716,
    "IL1b_ineffective": 102.69517230642614,
    "IL1b_stim": 20.469434598226467,
    "IL8_favorable": 32.677437248281876,
    "maturity_t": 0.6419484688290163,
    "early_diff_very_fast": 0.8563860608492897,
    "a_early_diff_stim": 9.378740152184086,
    "diff_time": 485.1236595217244,
    "a_Qiao_2021_ALP": 64.65966534948511
}