{
    "ALP_M_n": 2.981559238305014,
    "ALP_0": 0.5974271573966636,
    "IL1b_ineffective": 104.74220136679884,
    "IL1b_stim": 12.744329774195121,
    "IL8_favorable": 21.059587202777422,
    "maturity_t": 0.744620121186223,
    "early_diff_very_fast": 0.9839898229977049,
    "a_early_diff_stim": 17.00673704592861,
    "diff_time": 812.2792474497231,
    "a_Qiao_2021_ALP": 17.061819509777745
}