{
    "ALP_M_n": 2.7918910524225056,
    "ALP_0": 0.34119477346173405,
    "IL1b_ineffective": 111.66493066332731,
    "IL1b_stim": 5.8562447224420655,
    "IL8_favorable": 9.670258423998895,
    "maturity_t": 0.5863870420446413,
    "early_diff_very_fast": 0.8061143797208086,
    "a_early_diff_stim": 10.072347396399936,
    "diff_time": 908.8811805214739,
    "a_Qiao_2021_ALP": 50.61547037362245
}