{
    "ALP_M_n": 3.3094738457474957,
    "ALP_0": 0.2006440928910267,
    "IL1b_ineffective": 102.45976773750094,
    "IL1b_stim": 21.670506611872103,
    "IL8_favorable": 35.59554344385484,
    "maturity_t": 0.6278757503948301,
    "early_diff_very_fast": 0.8800166360523602,
    "a_early_diff_stim": 15.776874685768922,
    "diff_time": 607.1719476176725,
    "a_Qiao_2021_ALP": 76.56823762967414
}