{
    "ALP_M_n": 4.30321038467993,
    "ALP_0": 0.5987872003773513,
    "IL1b_ineffective": 103.62942314972132,
    "IL1b_stim": 15.938200855902014,
    "IL8_favorable": 25.781794205184195,
    "maturity_t": 0.5109846539654852,
    "early_diff_very_fast": 0.9499045327358436,
    "a_early_diff_stim": 17.384214246728884,
    "diff_time": 991.9892204515343,
    "a_Qiao_2021_ALP": 26.348262274563556
}