{
    "ALP_M_n": 2.626911144865027,
    "ALP_0": 0.26812615552298885,
    "IL1b_ineffective": 103.19570135636104,
    "IL1b_stim": 17.394330904091014,
    "IL8_favorable": 28.951279111679565,
    "maturity_t": 0.5405670266520513,
    "early_diff_very_fast": 0.9600927299699191,
    "a_early_diff_stim": 19.638752130882278,
    "diff_time": 990.2209661734731,
    "a_Qiao_2021_ALP": 73.1076564315165
}