{
    "ALP_M_n": 9.81682014962172,
    "ALP_0": 0.5160235254261031,
    "IL1b_ineffective": 105.70034747617008,
    "IL1b_stim": 11.059502812279694,
    "IL8_favorable": 16.87758723785484,
    "maturity_t": 0.39639146187677826,
    "early_diff_very_fast": 0.8190896957215412,
    "a_early_diff_stim": 5.2861857027038095,
    "diff_time": 766.1374701057887,
    "a_Qiao_2021_ALP": 100.82490056571515
}