{
    "ALP_M_n": 3.6026036462673687,
    "ALP_0": 0.21459336729830714,
    "IL1b_ineffective": 105.06243717479907,
    "IL1b_stim": 11.993360581101687,
    "IL8_favorable": 19.52518725223647,
    "maturity_t": 0.5499508596674803,
    "early_diff_very_fast": 0.9017457789812767,
    "a_early_diff_stim": 8.024669653159721,
    "diff_time": 685.4363148635949,
    "a_Qiao_2021_ALP": 108.90283973210259
}