{
    "ALP_M_n": 1.976051851961977,
    "ALP_0": 0.01886084713086509,
    "IL1b_ineffective": 103.68706438371876,
    "IL1b_stim": 15.090457897646335,
    "IL8_favorable": 26.177681520143327,
    "maturity_t": 0.4423952951105195,
    "early_diff_very_fast": 0.7944635696257895,
    "a_early_diff_stim": 18.59195386545979,
    "diff_time": 992.4985808096792,
    "a_Qiao_2021_ALP": 190.00225788449566
}