{
    "ALP_M_n": 3.602767302061883,
    "ALP_0": 0.06947028095687671,
    "IL1b_ineffective": 102.29080644111185,
    "IL1b_stim": 22.761769234374583,
    "IL8_favorable": 37.735291544535116,
    "maturity_t": 0.6028111323268832,
    "early_diff_very_fast": 0.8566719918719041,
    "a_early_diff_stim": 12.048266848499154,
    "diff_time": 545.1755754470124,
    "a_Qiao_2021_ALP": 172.67110849408647
}