{
    "ALP_M_n": 2.9258633361060116,
    "ALP_0": 0.19704058799775503,
    "IL1b_ineffective": 104.06475771503605,
    "IL1b_stim": 14.49371603562362,
    "IL8_favorable": 23.863811911659052,
    "maturity_t": 0.4809470352054591,
    "early_diff_very_fast": 0.8749865425734717,
    "a_early_diff_stim": 14.46011396798003,
    "diff_time": 917.5604085565636,
    "a_Qiao_2021_ALP": 127.82208666024715
}