{
    "ALP_M_n": 3.851487928008507,
    "ALP_0": 0.1224320522117152,
    "IL1b_ineffective": 106.36960813194891,
    "IL1b_stim": 9.874217951333193,
    "IL8_favorable": 16.209642097991868,
    "maturity_t": 0.6182234260688685,
    "early_diff_very_fast": 0.6870424099439143,
    "a_early_diff_stim": 10.242996991458824,
    "diff_time": 534.928059489681,
    "a_Qiao_2021_ALP": 130.40625768749948
}