{
    "ALP_M_n": 5.669157119896039,
    "ALP_0": 0.6240526643991773,
    "IL1b_ineffective": 103.54530260827788,
    "IL1b_stim": 16.45557434812288,
    "IL8_favorable": 26.492457465652446,
    "maturity_t": 0.4900003111473528,
    "early_diff_very_fast": 0.9687578999584758,
    "a_early_diff_stim": 11.488748676930005,
    "diff_time": 831.3578891599296,
    "a_Qiao_2021_ALP": 22.274073793013457
}