{
    "ALP_M_n": 9.92064344800387,
    "ALP_0": 0.42818352775179097,
    "IL1b_ineffective": 101.65703183268161,
    "IL1b_stim": 28.982683899691033,
    "IL8_favorable": 46.338928352330214,
    "maturity_t": 0.43555787131932566,
    "early_diff_very_fast": 0.7346383744326964,
    "a_early_diff_stim": 15.215105812278537,
    "diff_time": 657.7787713303935,
    "a_Qiao_2021_ALP": 175.34691573285056
}