{
    "ALP_M_n": 4.120207537319533,
    "ALP_0": 0.2708202399570734,
    "IL1b_ineffective": 101.7876420557968,
    "IL1b_stim": 27.473013402257248,
    "IL8_favorable": 44.61779697467071,
    "maturity_t": 0.5655279566215433,
    "early_diff_very_fast": 0.9718173856638017,
    "a_early_diff_stim": 14.470292223085918,
    "diff_time": 645.1097695397003,
    "a_Qiao_2021_ALP": 87.04682161635577
}