{
    "ALP_M_n": 2.602432285487153,
    "ALP_0": 0.20929883979133726,
    "IL1b_ineffective": 107.91805316995821,
    "IL1b_stim": 8.224630282105352,
    "IL8_favorable": 13.794299675763568,
    "maturity_t": 0.47818499179177126,
    "early_diff_very_fast": 0.8169484448870407,
    "a_early_diff_stim": 12.37476170517155,
    "diff_time": 1051.7792949145266,
    "a_Qiao_2021_ALP": 108.71989844941552
}