{
    "ALP_M_n": 3.1701287969150984,
    "ALP_0": 0.0743602999402262,
    "IL1b_ineffective": 104.25708574298054,
    "IL1b_stim": 13.877169010414569,
    "IL8_favorable": 22.69347070406918,
    "maturity_t": 0.6129768051035683,
    "early_diff_very_fast": 0.7769929940024891,
    "a_early_diff_stim": 11.154894480278436,
    "diff_time": 581.2051454721304,
    "a_Qiao_2021_ALP": 142.2461549287782
}