{
    "ALP_M_n": 3.6747273828681863,
    "ALP_0": 0.3857983039960614,
    "IL1b_ineffective": 191.9547009026948,
    "IL1b_stim": 1.3739415939991986,
    "IL8_favorable": 2.238452906274439,
    "maturity_t": 0.7835228679318753,
    "early_diff_very_fast": 0.7386708132332036,
    "a_early_diff_stim": 2.3975262476473427,
    "diff_time": 931.7032964741812,
    "a_Qiao_2021_ALP": 64.72314226272445
}