{
    "ALP_M_n": 4.574144628829438,
    "ALP_0": 0.49608039157650763,
    "IL1b_ineffective": 103.94537744819549,
    "IL1b_stim": 15.013097115122259,
    "IL8_favorable": 24.18030246590655,
    "maturity_t": 0.5029677220457333,
    "early_diff_very_fast": 0.8782961498963187,
    "a_early_diff_stim": 14.38403822943404,
    "diff_time": 853.1504877217621,
    "a_Qiao_2021_ALP": 41.19480911050802
}