{
    "ALP_M_n": 4.916606020490496,
    "ALP_0": 0.32230469523659905,
    "IL1b_ineffective": 102.00106632442952,
    "IL1b_stim": 25.622406563582565,
    "IL8_favorable": 41.07274790029312,
    "maturity_t": 0.48097457486291634,
    "early_diff_very_fast": 0.8234035233970561,
    "a_early_diff_stim": 18.752822525753185,
    "diff_time": 743.4542692884772,
    "a_Qiao_2021_ALP": 122.45134317066704
}