{
    "ALP_M_n": 4.114791949887898,
    "ALP_0": 0.4199484912628382,
    "IL1b_ineffective": 103.52089535938917,
    "IL1b_stim": 16.318855083823692,
    "IL8_favorable": 26.440108080899662,
    "maturity_t": 0.48148880450594717,
    "early_diff_very_fast": 0.843247934362973,
    "a_early_diff_stim": 18.26023710760365,
    "diff_time": 919.709009846871,
    "a_Qiao_2021_ALP": 62.82679376639745
}