{
    "ALP_M_n": 3.1797421675705246,
    "ALP_0": 0.319382120963394,
    "IL1b_ineffective": 102.56820085157,
    "IL1b_stim": 20.97933083890885,
    "IL8_favorable": 34.41967536219458,
    "maturity_t": 0.588691919501244,
    "early_diff_very_fast": 0.933464380489652,
    "a_early_diff_stim": 19.13016407345618,
    "diff_time": 772.985865025506,
    "a_Qiao_2021_ALP": 56.26548746386747
}