{
    "ALP_M_n": 6.5675968970907785,
    "ALP_0": 0.47177947741504944,
    "IL1b_ineffective": 101.74181158450214,
    "IL1b_stim": 28.321597461848413,
    "IL8_favorable": 45.71706449582974,
    "maturity_t": 0.4766877549025571,
    "early_diff_very_fast": 0.9594349818499529,
    "a_early_diff_stim": 12.971476507832575,
    "diff_time": 710.0275177625473,
    "a_Qiao_2021_ALP": 58.288696956472855
}