{
    "ALP_M_n": 3.2638826423389036,
    "ALP_0": 0.16923241500023423,
    "IL1b_ineffective": 104.97596398232226,
    "IL1b_stim": 12.330989137107503,
    "IL8_favorable": 20.13581718458492,
    "maturity_t": 0.4825091805166793,
    "early_diff_very_fast": 0.7388739067180499,
    "a_early_diff_stim": 15.249480215911595,
    "diff_time": 825.8838528266765,
    "a_Qiao_2021_ALP": 171.64809292456528
}