{
    "ALP_M_n": 2.1816953435290034,
    "ALP_0": 0.14690129030341192,
    "IL1b_ineffective": 107.59440060074184,
    "IL1b_stim": 8.394519632299453,
    "IL8_favorable": 14.258290231705011,
    "maturity_t": 0.5220088902126541,
    "early_diff_very_fast": 0.921886252109552,
    "a_early_diff_stim": 9.80969621959629,
    "diff_time": 1015.9494900278404,
    "a_Qiao_2021_ALP": 102.4932419455497
}