{
    "ALP_M_n": 3.877986826246606,
    "ALP_0": 0.5711890938227023,
    "IL1b_ineffective": 104.82900875246793,
    "IL1b_stim": 12.708237319140544,
    "IL8_favorable": 20.752714677743842,
    "maturity_t": 0.5482135547575214,
    "early_diff_very_fast": 0.8919809370525863,
    "a_early_diff_stim": 16.947270262226116,
    "diff_time": 961.8200152009523,
    "a_Qiao_2021_ALP": 26.67788012891852
}