{
    "ALP_M_n": 4.361863353587623,
    "ALP_0": 0.3372355564131264,
    "IL1b_ineffective": 105.33191041839738,
    "IL1b_stim": 11.798280674194956,
    "IL8_favorable": 18.86448068680499,
    "maturity_t": 0.41990559358820967,
    "early_diff_very_fast": 0.949359287264087,
    "a_early_diff_stim": 8.477546394952187,
    "diff_time": 970.8901457048421,
    "a_Qiao_2021_ALP": 138.27294911257846
}