{
    "ALP_M_n": 3.6733277411017764,
    "ALP_0": 0.3401115844885568,
    "IL1b_ineffective": 191.42178894591518,
    "IL1b_stim": 1.3713551738963936,
    "IL8_favorable": 2.2479194875707478,
    "maturity_t": 0.7725837207126247,
    "early_diff_very_fast": 0.7413711563694517,
    "a_early_diff_stim": 2.135010895728526,
    "diff_time": 883.0002335100826,
    "a_Qiao_2021_ALP": 78.96527519916037
}