{
    "ALP_M_n": 2.81077936305601,
    "ALP_0": 0.2554519461621173,
    "IL1b_ineffective": 109.65798033846488,
    "IL1b_stim": 6.921917580661658,
    "IL8_favorable": 11.42490895308675,
    "maturity_t": 0.6670205576745549,
    "early_diff_very_fast": 0.8446433733610443,
    "a_early_diff_stim": 7.703336650326389,
    "diff_time": 669.857218651217,
    "a_Qiao_2021_ALP": 51.43894229593913
}