{
    "ALP_M_n": 4.5387836221495785,
    "ALP_0": 0.48685202106158415,
    "IL1b_ineffective": 105.43405238971876,
    "IL1b_stim": 11.441712319070941,
    "IL8_favorable": 18.653373735264548,
    "maturity_t": 0.48904210930338876,
    "early_diff_very_fast": 0.9441893209083659,
    "a_early_diff_stim": 9.621521496792658,
    "diff_time": 893.6582785118552,
    "a_Qiao_2021_ALP": 46.30692560415959
}