{
    "ALP_M_n": 4.633740031021944,
    "ALP_0": 0.530176223537958,
    "IL1b_ineffective": 107.17550881719266,
    "IL1b_stim": 9.153116991617791,
    "IL8_favorable": 14.785288998325548,
    "maturity_t": 0.4470111492329824,
    "early_diff_very_fast": 0.6971626579820476,
    "a_early_diff_stim": 19.95732142166551,
    "diff_time": 1049.3740704132197,
    "a_Qiao_2021_ALP": 45.62731836023395
}