{
    "ALP_M_n": 1.9291587054935884,
    "ALP_0": 0.2830722880338809,
    "IL1b_ineffective": 105.62040892422073,
    "IL1b_stim": 10.62001280645908,
    "IL8_favorable": 18.348133069004618,
    "maturity_t": 0.6726669998284978,
    "early_diff_very_fast": 0.9790704236119008,
    "a_early_diff_stim": 18.196588119059413,
    "diff_time": 1078.023077642623,
    "a_Qiao_2021_ALP": 44.79281645980507
}