{
    "ALP_M_n": 4.927214593049789,
    "ALP_0": 0.42854757111749237,
    "IL1b_ineffective": 102.89885805272498,
    "IL1b_stim": 19.18223877374269,
    "IL8_favorable": 30.921891078747205,
    "maturity_t": 0.6608808900030555,
    "early_diff_very_fast": 0.93848817784734,
    "a_early_diff_stim": 10.139162985725552,
    "diff_time": 532.2331304526617,
    "a_Qiao_2021_ALP": 26.88424170487039
}