{
    "ALP_M_n": 3.8321236274272468,
    "ALP_0": 0.1279686478312554,
    "IL1b_ineffective": 105.34259413407761,
    "IL1b_stim": 11.596987596988356,
    "IL8_favorable": 18.959593450565368,
    "maturity_t": 0.6056603012858194,
    "early_diff_very_fast": 0.7800221603517495,
    "a_early_diff_stim": 8.163671043363674,
    "diff_time": 552.7597862023915,
    "a_Qiao_2021_ALP": 136.67146953546208
}