{
    "ALP_M_n": 2.8456269139418313,
    "ALP_0": 0.2098776273693615,
    "IL1b_ineffective": 187.34230290566802,
    "IL1b_stim": 1.3896231434758608,
    "IL8_favorable": 2.3009386756764485,
    "maturity_t": 0.7296872415420093,
    "early_diff_very_fast": 0.7291004150774578,
    "a_early_diff_stim": 2.6253974573608274,
    "diff_time": 1079.4727860802225,
    "a_Qiao_2021_ALP": 139.105973899351
}