{
    "ALP_M_n": 5.247859138787675,
    "ALP_0": 0.4893757230609257,
    "IL1b_ineffective": 104.99317464410196,
    "IL1b_stim": 12.46668631684242,
    "IL8_favorable": 19.91834070785913,
    "maturity_t": 0.5238728096026377,
    "early_diff_very_fast": 0.8161251319099855,
    "a_early_diff_stim": 10.861683462646264,
    "diff_time": 721.3889439688044,
    "a_Qiao_2021_ALP": 38.263719156237606
}