{
    "ALP_M_n": 1.8824627823343656,
    "ALP_0": 0.18191854436393434,
    "IL1b_ineffective": 106.41714784052714,
    "IL1b_stim": 9.577163424576405,
    "IL8_favorable": 16.463041291172225,
    "maturity_t": 0.6225676014950731,
    "early_diff_very_fast": 0.9524072017152185,
    "a_early_diff_stim": 13.67338849987336,
    "diff_time": 995.8144832648529,
    "a_Qiao_2021_ALP": 62.072910002168506
}