{
    "ALP_M_n": 3.983836569057639,
    "ALP_0": 0.5269400073120948,
    "IL1b_ineffective": 192.66632530072923,
    "IL1b_stim": 1.3675252471495298,
    "IL8_favorable": 2.2453180458517608,
    "maturity_t": 0.793575437274921,
    "early_diff_very_fast": 0.7418710352536186,
    "a_early_diff_stim": 2.8684612236883735,
    "diff_time": 1047.3205957211405,
    "a_Qiao_2021_ALP": 37.99054497468345
}