{
    "ALP_M_n": 4.724140721285746,
    "ALP_0": 0.554078650946512,
    "IL1b_ineffective": 102.99521819726462,
    "IL1b_stim": 18.760093940543452,
    "IL8_favorable": 30.18585534937132,
    "maturity_t": 0.6200634281056137,
    "early_diff_very_fast": 0.9496048387193505,
    "a_early_diff_stim": 13.082215881365341,
    "diff_time": 645.4453703524566,
    "a_Qiao_2021_ALP": 19.204728749474114
}