{
    "ALP_M_n": 2.90928682409693,
    "ALP_0": 0.1600568723228541,
    "IL1b_ineffective": 104.54357469115439,
    "IL1b_stim": 13.120132932485111,
    "IL8_favorable": 21.712982144462753,
    "maturity_t": 0.6234755037903604,
    "early_diff_very_fast": 0.9354166554986557,
    "a_early_diff_stim": 9.122248277175412,
    "diff_time": 637.897077371591,
    "a_Qiao_2021_ALP": 83.37110732029129
}