{
    "ALP_M_n": 2.292580202757626,
    "ALP_0": 0.12549705275735346,
    "IL1b_ineffective": 103.18417051465438,
    "IL1b_stim": 17.22504939365046,
    "IL8_favorable": 29.066254450569684,
    "maturity_t": 0.6947621559075186,
    "early_diff_very_fast": 0.9759633321219817,
    "a_early_diff_stim": 13.638993138914444,
    "diff_time": 641.746839761671,
    "a_Qiao_2021_ALP": 64.5741890633577
}