{
    "ALP_M_n": 3.284985536064883,
    "ALP_0": 0.24273502487886858,
    "IL1b_ineffective": 102.2055133455147,
    "IL1b_stim": 23.52948039127336,
    "IL8_favorable": 38.56655865641334,
    "maturity_t": 0.6760059280174391,
    "early_diff_very_fast": 0.9876484228189234,
    "a_early_diff_stim": 14.17977649359032,
    "diff_time": 579.2550975612733,
    "a_Qiao_2021_ALP": 54.16192249048543
}