{
    "ALP_M_n": 3.58553450069054,
    "ALP_0": 0.32707465694402743,
    "IL1b_ineffective": 106.1079960282862,
    "IL1b_stim": 10.328753087091178,
    "IL8_favorable": 16.881646040532665,
    "maturity_t": 0.6984653194345549,
    "early_diff_very_fast": 0.8845611345350093,
    "a_early_diff_stim": 8.028981258812303,
    "diff_time": 564.2022116212461,
    "a_Qiao_2021_ALP": 37.61543126703845
}