{
    "ALP_M_n": 5.493826217241131,
    "ALP_0": 0.5175612685068618,
    "IL1b_ineffective": 104.70684449140695,
    "IL1b_stim": 13.103759011401639,
    "IL8_favorable": 20.956979341144873,
    "maturity_t": 0.5860657524716009,
    "early_diff_very_fast": 0.8139476846086183,
    "a_early_diff_stim": 10.211131267023973,
    "diff_time": 614.1896483512114,
    "a_Qiao_2021_ALP": 23.877489857798494
}