{
    "ALP_M_n": 3.8172814706448612,
    "ALP_0": 0.3404034485064754,
    "IL1b_ineffective": 104.14811222670434,
    "IL1b_stim": 14.222257935668162,
    "IL8_favorable": 22.94401477316653,
    "maturity_t": 0.5823671760932202,
    "early_diff_very_fast": 0.8588383354055568,
    "a_early_diff_stim": 12.484353121980254,
    "diff_time": 690.5104312236141,
    "a_Qiao_2021_ALP": 55.89514459141122
}