{
    "ALP_M_n": 4.474780976879034,
    "ALP_0": 0.4012321567279987,
    "IL1b_ineffective": 102.13665616691739,
    "IL1b_stim": 24.39472055158554,
    "IL8_favorable": 39.37932930913043,
    "maturity_t": 0.5639840369493853,
    "early_diff_very_fast": 0.9391044158792836,
    "a_early_diff_stim": 15.754014974012172,
    "diff_time": 678.8412161327607,
    "a_Qiao_2021_ALP": 48.03805383268183
}