{
    "ALP_M_n": 5.284120761088883,
    "ALP_0": 0.6051975170772009,
    "IL1b_ineffective": 106.99855774799747,
    "IL1b_stim": 9.306602487388718,
    "IL8_favorable": 14.925407846741578,
    "maturity_t": 0.5163469657869932,
    "early_diff_very_fast": 0.7725287971442134,
    "a_early_diff_stim": 11.595712910601106,
    "diff_time": 809.4615860826867,
    "a_Qiao_2021_ALP": 22.74104240825266
}