{
    "ALP_M_n": 4.809180858381866,
    "ALP_0": 0.42007033153423556,
    "IL1b_ineffective": 105.88485909872172,
    "IL1b_stim": 10.819644386144663,
    "IL8_favorable": 17.46566384197407,
    "maturity_t": 0.5064979636570143,
    "early_diff_very_fast": 0.7852046639653644,
    "a_early_diff_stim": 10.959492890507526,
    "diff_time": 769.042205744933,
    "a_Qiao_2021_ALP": 60.84204866081634
}