{
    "ALP_M_n": 3.5130005757372422,
    "ALP_0": 0.43757127131611645,
    "IL1b_ineffective": 191.1737277265251,
    "IL1b_stim": 1.3743665305710842,
    "IL8_favorable": 2.2472335255297793,
    "maturity_t": 0.9677391724550535,
    "early_diff_very_fast": 0.7390132551399856,
    "a_early_diff_stim": 2.695061816319537,
    "diff_time": 906.21757732076,
    "a_Qiao_2021_ALP": 43.54719258468193
}