{
    "ALP_M_n": 5.4698444516659,
    "ALP_0": 0.42797044358747743,
    "IL1b_ineffective": 103.7194230411364,
    "IL1b_stim": 15.875071354460754,
    "IL8_favorable": 25.302713272501897,
    "maturity_t": 0.4167837830944201,
    "early_diff_very_fast": 0.8176270253776303,
    "a_early_diff_stim": 14.214843249182426,
    "diff_time": 919.9230966875672,
    "a_Qiao_2021_ALP": 104.35193731721752
}