{
    "ALP_M_n": 3.9260460851399346,
    "ALP_0": 0.4183492359023549,
    "IL1b_ineffective": 195.87457973668074,
    "IL1b_stim": 1.3498884063213623,
    "IL8_favorable": 2.2675563317893506,
    "maturity_t": 0.7611881443648927,
    "early_diff_very_fast": 0.7433556436739893,
    "a_early_diff_stim": 2.3674668908321457,
    "diff_time": 983.6685966448932,
    "a_Qiao_2021_ALP": 64.5053544654156
}