{
    "ALP_M_n": 5.236347255972818,
    "ALP_0": 0.40735778356629554,
    "IL1b_ineffective": 104.91762122447697,
    "IL1b_stim": 12.447554054273052,
    "IL8_favorable": 20.102563872847586,
    "maturity_t": 0.4813409420120757,
    "early_diff_very_fast": 0.9279188169699598,
    "a_early_diff_stim": 7.556441691270546,
    "diff_time": 768.3423656739456,
    "a_Qiao_2021_ALP": 77.6679515761016
}