{
    "ALP_M_n": 7.344227954842011,
    "ALP_0": 0.5749734782167204,
    "IL1b_ineffective": 106.791181844535,
    "IL1b_stim": 9.668393988364777,
    "IL8_favorable": 15.407583101974879,
    "maturity_t": 0.4590669386055362,
    "early_diff_very_fast": 0.6520974016504701,
    "a_early_diff_stim": 14.097270069680508,
    "diff_time": 762.27397481917,
    "a_Qiao_2021_ALP": 33.78161201446453
}