{
    "ALP_M_n": 7.339678614750068,
    "ALP_0": 0.4750216657739775,
    "IL1b_ineffective": 101.90087724689367,
    "IL1b_stim": 26.532994996041094,
    "IL8_favorable": 42.418176432253844,
    "maturity_t": 0.7207105182541381,
    "early_diff_very_fast": 0.7442115799570956,
    "a_early_diff_stim": 15.129356802214897,
    "diff_time": 411.71038972154895,
    "a_Qiao_2021_ALP": 11.049589720795717
}