{
    "ALP_M_n": 6.676631475619544,
    "ALP_0": 0.42907567390749296,
    "IL1b_ineffective": 102.70866540089327,
    "IL1b_stim": 20.17146178982448,
    "IL8_favorable": 32.997286937582146,
    "maturity_t": 0.5593046426952251,
    "early_diff_very_fast": 0.8204954281015071,
    "a_early_diff_stim": 10.798458685173577,
    "diff_time": 563.3330597871582,
    "a_Qiao_2021_ALP": 44.32756237040589
}