{
    "ALP_M_n": 2.6606683479943203,
    "ALP_0": 0.13822010020981446,
    "IL1b_ineffective": 102.4530361257535,
    "IL1b_stim": 21.354433885998994,
    "IL8_favorable": 35.47219516396362,
    "maturity_t": 0.7166621067805029,
    "early_diff_very_fast": 0.9656012602610089,
    "a_early_diff_stim": 14.25186521891217,
    "diff_time": 563.651877514709,
    "a_Qiao_2021_ALP": 62.22470050989875
}