{
    "ALP_M_n": 3.6754250929135774,
    "ALP_0": 0.1645880877514015,
    "IL1b_ineffective": 103.00860049470205,
    "IL1b_stim": 18.903279131147688,
    "IL8_favorable": 30.275191443734276,
    "maturity_t": 0.6484200173915177,
    "early_diff_very_fast": 0.8139977549583739,
    "a_early_diff_stim": 13.002393371826392,
    "diff_time": 534.9197827934071,
    "a_Qiao_2021_ALP": 87.74557126393103
}