{
    "ALP_M_n": 2.290921298188785,
    "ALP_0": 0.10733608468774708,
    "IL1b_ineffective": 105.10637824363279,
    "IL1b_stim": 11.748620897510547,
    "IL8_favorable": 19.751294366708084,
    "maturity_t": 0.5145902233752296,
    "early_diff_very_fast": 0.9568451598442828,
    "a_early_diff_stim": 10.212352531119334,
    "diff_time": 891.8066403908473,
    "a_Qiao_2021_ALP": 122.23692099856773
}