{
    "ALP_M_n": 10.435432289849443,
    "ALP_0": 0.563592471621233,
    "IL1b_ineffective": 198.9566391078215,
    "IL1b_stim": 1.336744664760264,
    "IL8_favorable": 2.1118502387981266,
    "maturity_t": 0.649244250301638,
    "early_diff_very_fast": 0.7673254402872965,
    "a_early_diff_stim": 0.9550799994688144,
    "diff_time": 1068.7066857676627,
    "a_Qiao_2021_ALP": 178.48861591983265
}