{
    "ALP_M_n": 4.318465267174006,
    "ALP_0": 0.3798789341774672,
    "IL1b_ineffective": 104.65837890877364,
    "IL1b_stim": 13.15697776133793,
    "IL8_favorable": 21.351783673222993,
    "maturity_t": 0.4896581711672693,
    "early_diff_very_fast": 0.890119119597379,
    "a_early_diff_stim": 10.761631956206498,
    "diff_time": 826.7918928753824,
    "a_Qiao_2021_ALP": 75.00499421158338
}