{
    "ALP_M_n": 4.327977687281755,
    "ALP_0": 0.5872157045265496,
    "IL1b_ineffective": 108.39229391993396,
    "IL1b_stim": 7.9508228853845,
    "IL8_favorable": 12.882186366547714,
    "maturity_t": 0.5123102005389646,
    "early_diff_very_fast": 0.8567155801146288,
    "a_early_diff_stim": 10.697156687604764,
    "diff_time": 984.4698073823703,
    "a_Qiao_2021_ALP": 27.898652622612673
}