{
    "ALP_M_n": 1.845995478474391,
    "ALP_0": 0.006861736997739046,
    "IL1b_ineffective": 112.64830447240342,
    "IL1b_stim": 5.4455276280787,
    "IL8_favorable": 9.429580293266952,
    "maturity_t": 0.7065292104626641,
    "early_diff_very_fast": 0.6533612372939185,
    "a_early_diff_stim": 13.06910504939714,
    "diff_time": 635.2283359069166,
    "a_Qiao_2021_ALP": 77.6569852047087
}