{
    "ALP_M_n": 9.255604841959755,
    "ALP_0": 0.5245601992457598,
    "IL1b_ineffective": 102.08851484749994,
    "IL1b_stim": 25.174645653096782,
    "IL8_favorable": 39.64364499982673,
    "maturity_t": 0.3384577042651005,
    "early_diff_very_fast": 0.804819438508283,
    "a_early_diff_stim": 15.74421944946703,
    "diff_time": 963.8580433190651,
    "a_Qiao_2021_ALP": 160.30954841589494
}