{
    "ALP_M_n": 2.571386239824863,
    "ALP_0": 0.10979299589623769,
    "IL1b_ineffective": 107.53249342700029,
    "IL1b_stim": 8.470221725883809,
    "IL8_favorable": 14.045141407469949,
    "maturity_t": 0.46497802314982073,
    "early_diff_very_fast": 0.749500106818531,
    "a_early_diff_stim": 11.883766241405567,
    "diff_time": 920.4291027911734,
    "a_Qiao_2021_ALP": 170.4384901830197
}