{
    "ALP_M_n": 2.681970572016017,
    "ALP_0": 0.24378513493021037,
    "IL1b_ineffective": 103.43429305157053,
    "IL1b_stim": 16.539758113371963,
    "IL8_favorable": 27.520560560813138,
    "maturity_t": 0.6337086611603368,
    "early_diff_very_fast": 0.9840746390738895,
    "a_early_diff_stim": 14.212295486541544,
    "diff_time": 743.8884156074084,
    "a_Qiao_2021_ALP": 59.12744629193725
}