{
    "ALP_M_n": 2.8133236431701096,
    "ALP_0": 0.2915707961892835,
    "IL1b_ineffective": 105.43405549767702,
    "IL1b_stim": 11.28655561589055,
    "IL8_favorable": 18.572313663720138,
    "maturity_t": 0.5457965971342131,
    "early_diff_very_fast": 0.9668040820226919,
    "a_early_diff_stim": 11.653761456528818,
    "diff_time": 929.355377487025,
    "a_Qiao_2021_ALP": 67.8810211764945
}