{
    "ALP_M_n": 4.275849669710192,
    "ALP_0": 0.5974296886532606,
    "IL1b_ineffective": 113.96827253686389,
    "IL1b_stim": 5.177642449396664,
    "IL8_favorable": 8.404148663590519,
    "maturity_t": 0.6135198778688554,
    "early_diff_very_fast": 0.7096860902957265,
    "a_early_diff_stim": 9.87927574104662,
    "diff_time": 736.2411066201473,
    "a_Qiao_2021_ALP": 18.08628361999829
}