{
    "ALP_M_n": 4.222895310973881,
    "ALP_0": 0.1247001253061836,
    "IL1b_ineffective": 102.78121146093761,
    "IL1b_stim": 19.656814319258807,
    "IL8_favorable": 32.16945265297673,
    "maturity_t": 0.6626712758446919,
    "early_diff_very_fast": 0.8079161882410343,
    "a_early_diff_stim": 10.912672982142077,
    "diff_time": 485.9164845644567,
    "a_Qiao_2021_ALP": 119.27448853795701
}