{
    "ALP_M_n": 2.440568467897479,
    "ALP_0": 0.12466298751438784,
    "IL1b_ineffective": 103.1298369205788,
    "IL1b_stim": 17.642470598004483,
    "IL8_favorable": 29.492647034483337,
    "maturity_t": 0.4866516181322626,
    "early_diff_very_fast": 0.8968253434150895,
    "a_early_diff_stim": 17.39158332964016,
    "diff_time": 952.7191318489886,
    "a_Qiao_2021_ALP": 141.74542842697588
}