{
    "ALP_M_n": 4.528187569642778,
    "ALP_0": 0.22977553469473033,
    "IL1b_ineffective": 104.44199635161328,
    "IL1b_stim": 13.502386388600954,
    "IL8_favorable": 21.742278561899607,
    "maturity_t": 0.5186729106527419,
    "early_diff_very_fast": 0.9379151269829351,
    "a_early_diff_stim": 6.4988597367702585,
    "diff_time": 658.5129800197757,
    "a_Qiao_2021_ALP": 154.67347567568586
}