{
    "ALP_M_n": 3.8770962183075786,
    "ALP_0": 0.3558835855183471,
    "IL1b_ineffective": 104.22644985323112,
    "IL1b_stim": 14.055432765930508,
    "IL8_favorable": 22.83104470309428,
    "maturity_t": 0.4412447726632467,
    "early_diff_very_fast": 0.9550643395944294,
    "a_early_diff_stim": 12.168312509009429,
    "diff_time": 1017.7998674696757,
    "a_Qiao_2021_ALP": 98.68840513103034
}