{
    "ALP_M_n": 3.5493815205660093,
    "ALP_0": 0.40812064681346527,
    "IL1b_ineffective": 105.66595034413311,
    "IL1b_stim": 11.078000505151618,
    "IL8_favorable": 18.14241937802414,
    "maturity_t": 0.6102521860266049,
    "early_diff_very_fast": 0.8868127766230298,
    "a_early_diff_stim": 11.137842546436122,
    "diff_time": 738.2189702409371,
    "a_Qiao_2021_ALP": 39.00462986950464
}