{
    "ALP_M_n": 2.9404162928463995,
    "ALP_0": 0.22570826462363325,
    "IL1b_ineffective": 103.5071374325791,
    "IL1b_stim": 16.219363901430803,
    "IL8_favorable": 26.801669027575976,
    "maturity_t": 0.6174622653986356,
    "early_diff_very_fast": 0.8040572178643851,
    "a_early_diff_stim": 18.79027662477135,
    "diff_time": 698.5818214363001,
    "a_Qiao_2021_ALP": 69.23534599594417
}