{
    "ALP_M_n": 3.091471942065051,
    "ALP_0": 0.45219027199771666,
    "IL1b_ineffective": 107.89347980153472,
    "IL1b_stim": 8.146273379622292,
    "IL8_favorable": 13.660799151967296,
    "maturity_t": 0.7382448302433269,
    "early_diff_very_fast": 0.7217951572730266,
    "a_early_diff_stim": 17.00781567910579,
    "diff_time": 663.4648423203832,
    "a_Qiao_2021_ALP": 24.000140375977125
}