{
    "ALP_M_n": 4.842396761350829,
    "ALP_0": 0.41971082418847966,
    "IL1b_ineffective": 103.08781574616977,
    "IL1b_stim": 18.22061941245598,
    "IL8_favorable": 29.576554855601817,
    "maturity_t": 0.4707231590442124,
    "early_diff_very_fast": 0.8722491999409893,
    "a_early_diff_stim": 14.790517391485329,
    "diff_time": 833.1617148260082,
    "a_Qiao_2021_ALP": 71.91712104954776
}