{
    "ALP_M_n": 3.409097324204958,
    "ALP_0": 0.18348142872098713,
    "IL1b_ineffective": 103.2927011420718,
    "IL1b_stim": 17.31125431143498,
    "IL8_favorable": 28.151295509569575,
    "maturity_t": 0.5416351516412664,
    "early_diff_very_fast": 0.7549630130573545,
    "a_early_diff_stim": 18.42791000522382,
    "diff_time": 702.5243637100507,
    "a_Qiao_2021_ALP": 124.36397267842766
}