{
    "ALP_M_n": 3.2344100861356315,
    "ALP_0": 0.4767589479037303,
    "IL1b_ineffective": 104.08946531215672,
    "IL1b_stim": 14.405084541746657,
    "IL8_favorable": 23.81741814987414,
    "maturity_t": 0.5574923605435073,
    "early_diff_very_fast": 0.9752591830239397,
    "a_early_diff_stim": 18.10696978353045,
    "diff_time": 1034.6413108126203,
    "a_Qiao_2021_ALP": 37.30410190710267
}