{
    "ALP_M_n": 4.957683587682398,
    "ALP_0": 0.29870268453318877,
    "IL1b_ineffective": 104.45752295885572,
    "IL1b_stim": 13.594056680754624,
    "IL8_favorable": 21.793669399187184,
    "maturity_t": 0.4465639031912097,
    "early_diff_very_fast": 0.852074189911287,
    "a_early_diff_stim": 9.077860016337553,
    "diff_time": 796.8716909920166,
    "a_Qiao_2021_ALP": 178.8894416223074
}