{
    "ALP_M_n": 3.175849239388343,
    "ALP_0": 0.2910040225980709,
    "IL1b_ineffective": 105.57275126469268,
    "IL1b_stim": 10.916615303061981,
    "IL8_favorable": 17.972149185411723,
    "maturity_t": 0.7448844670329029,
    "early_diff_very_fast": 0.7620029215055305,
    "a_early_diff_stim": 13.396782068740059,
    "diff_time": 548.0936326747928,
    "a_Qiao_2021_ALP": 36.6973138643117
}