{
    "ALP_M_n": 3.0735790844485114,
    "ALP_0": 0.1357708551362051,
    "IL1b_ineffective": 102.24615664751242,
    "IL1b_stim": 23.207805016412596,
    "IL8_favorable": 38.430952809973185,
    "maturity_t": 0.7572090294047608,
    "early_diff_very_fast": 0.8234842308149253,
    "a_early_diff_stim": 17.994663138260847,
    "diff_time": 484.1454970513629,
    "a_Qiao_2021_ALP": 58.09104478609684
}