{
    "ALP_M_n": 2.8767369208627036,
    "ALP_0": 0.13049956032916163,
    "IL1b_ineffective": 102.95110540774493,
    "IL1b_stim": 18.559975142224474,
    "IL8_favorable": 31.39968934878174,
    "maturity_t": 0.47184971743969273,
    "early_diff_very_fast": 0.8228925406625496,
    "a_early_diff_stim": 18.378657839991924,
    "diff_time": 861.3730579967073,
    "a_Qiao_2021_ALP": 176.23903521260993
}