{
    "ALP_M_n": 1.876128821176236,
    "ALP_0": 0.0384262771356248,
    "IL1b_ineffective": 104.91628923215202,
    "IL1b_stim": 11.857848106297535,
    "IL8_favorable": 20.66430223113421,
    "maturity_t": 0.7084514269920337,
    "early_diff_very_fast": 0.7890224307271041,
    "a_early_diff_stim": 16.289202312657277,
    "diff_time": 651.1885102511334,
    "a_Qiao_2021_ALP": 70.99393293329972
}