{
    "ALP_M_n": 3.5645718008756133,
    "ALP_0": 0.36918107030916514,
    "IL1b_ineffective": 104.3676250630558,
    "IL1b_stim": 13.767386442393493,
    "IL8_favorable": 22.402641968934383,
    "maturity_t": 0.5607184107794297,
    "early_diff_very_fast": 0.7797021698017221,
    "a_early_diff_stim": 18.719314832920887,
    "diff_time": 792.6907074176569,
    "a_Qiao_2021_ALP": 53.529576420491445
}