{
    "ALP_M_n": 4.688486863330712,
    "ALP_0": 0.4943502334436587,
    "IL1b_ineffective": 104.1514544058529,
    "IL1b_stim": 14.486716276673103,
    "IL8_favorable": 24.014764162143713,
    "maturity_t": 0.5724797546413806,
    "early_diff_very_fast": 0.7743571284961759,
    "a_early_diff_stim": 16.330507454177983,
    "diff_time": 693.5064075250589,
    "a_Qiao_2021_ALP": 30.27330303618789
}