{
    "ALP_M_n": 2.4287251962899767,
    "ALP_0": 0.4617959062255445,
    "IL1b_ineffective": 111.74833745364491,
    "IL1b_stim": 5.798787733024463,
    "IL8_favorable": 9.623456798046824,
    "maturity_t": 0.701209747866992,
    "early_diff_very_fast": 0.8965467614039252,
    "a_early_diff_stim": 11.883797325535856,
    "diff_time": 1019.5465275723134,
    "a_Qiao_2021_ALP": 28.712506766904546
}