{
    "ALP_M_n": 2.4851256747041193,
    "ALP_0": 0.19903684692303655,
    "IL1b_ineffective": 103.593338064984,
    "IL1b_stim": 15.740692355178886,
    "IL8_favorable": 26.439806538352823,
    "maturity_t": 0.5291670908511206,
    "early_diff_very_fast": 0.8964642419032163,
    "a_early_diff_stim": 18.435836295175754,
    "diff_time": 941.6430550366206,
    "a_Qiao_2021_ALP": 90.43597581748774
}