{
    "ALP_M_n": 2.5789974656782197,
    "ALP_0": 0.4610787930702981,
    "IL1b_ineffective": 106.48451603292814,
    "IL1b_stim": 9.718423954321855,
    "IL8_favorable": 16.098133529439842,
    "maturity_t": 0.7766232530735562,
    "early_diff_very_fast": 0.9120450410788596,
    "a_early_diff_stim": 14.751549272977153,
    "diff_time": 765.7257103540517,
    "a_Qiao_2021_ALP": 23.65522842479149
}