{
    "ALP_M_n": 3.0749572713154953,
    "ALP_0": 0.15946326517008882,
    "IL1b_ineffective": 104.50313144005835,
    "IL1b_stim": 13.284010003136768,
    "IL8_favorable": 21.91643546978265,
    "maturity_t": 0.5289495960257325,
    "early_diff_very_fast": 0.7628701992757049,
    "a_early_diff_stim": 14.878141272237364,
    "diff_time": 743.9438722598336,
    "a_Qiao_2021_ALP": 129.46638275296496
}