{
    "ALP_M_n": 2.076012708181196,
    "ALP_0": 0.23334499018019716,
    "IL1b_ineffective": 104.99024572762424,
    "IL1b_stim": 11.883656599909838,
    "IL8_favorable": 20.431422318179063,
    "maturity_t": 0.6726169793115745,
    "early_diff_very_fast": 0.9399760828924467,
    "a_early_diff_stim": 16.311899468822283,
    "diff_time": 874.6790762152951,
    "a_Qiao_2021_ALP": 50.461327947235105
}