{
    "ALP_M_n": 1.4961509588368738,
    "ALP_0": 0.022786190464490208,
    "IL1b_ineffective": 113.76743047575177,
    "IL1b_stim": 4.871226703455447,
    "IL8_favorable": 8.674711819320052,
    "maturity_t": 0.530933454339963,
    "early_diff_very_fast": 0.7926772098345654,
    "a_early_diff_stim": 8.779409370507565,
    "diff_time": 1042.5851132301918,
    "a_Qiao_2021_ALP": 99.55526958427043
}