{
    "ALP_M_n": 5.493700862967382,
    "ALP_0": 0.14178176460017788,
    "IL1b_ineffective": 102.15316907530155,
    "IL1b_stim": 24.470301144931497,
    "IL8_favorable": 39.167964793268276,
    "maturity_t": 0.6539378191395998,
    "early_diff_very_fast": 0.8850014601825276,
    "a_early_diff_stim": 8.222381346099729,
    "diff_time": 447.09200769263657,
    "a_Qiao_2021_ALP": 145.59083319125125
}