{
    "ALP_M_n": 1.9235478861254343,
    "ALP_0": 0.18011966262209134,
    "IL1b_ineffective": 105.76304808425527,
    "IL1b_stim": 10.53045897691246,
    "IL8_favorable": 17.971270665730366,
    "maturity_t": 0.6369305180868233,
    "early_diff_very_fast": 0.8484912851490429,
    "a_early_diff_stim": 18.342387250556058,
    "diff_time": 930.379341446057,
    "a_Qiao_2021_ALP": 60.47524334570857
}