{
    "ALP_M_n": 4.4231487365952695,
    "ALP_0": 0.40061153218096185,
    "IL1b_ineffective": 104.27637562670378,
    "IL1b_stim": 14.007300338202304,
    "IL8_favorable": 22.70553021628578,
    "maturity_t": 0.6612294777679091,
    "early_diff_very_fast": 0.8803264268988067,
    "a_early_diff_stim": 9.56319651830488,
    "diff_time": 556.6668440982224,
    "a_Qiao_2021_ALP": 31.4426279141871
}