{
    "ALP_M_n": 2.764781350732565,
    "ALP_0": 0.18473306024201186,
    "IL1b_ineffective": 105.99634975995558,
    "IL1b_stim": 10.46250223514927,
    "IL8_favorable": 17.121092082091167,
    "maturity_t": 0.6430505417188276,
    "early_diff_very_fast": 0.974806518944573,
    "a_early_diff_stim": 7.518044689561867,
    "diff_time": 670.4972932104454,
    "a_Qiao_2021_ALP": 72.12266998114141
}