{
    "ALP_M_n": 2.1194289985231536,
    "ALP_0": 0.09049219600130128,
    "IL1b_ineffective": 103.09255336435697,
    "IL1b_stim": 17.657525185868447,
    "IL8_favorable": 29.874185422764853,
    "maturity_t": 0.5582208807073749,
    "early_diff_very_fast": 0.9553342688940802,
    "a_early_diff_stim": 15.878641676241264,
    "diff_time": 836.5257462610667,
    "a_Qiao_2021_ALP": 102.59479584271295
}