{
    "ALP_M_n": 6.0816017559692614,
    "ALP_0": 0.4838967365734732,
    "IL1b_ineffective": 102.0504145772621,
    "IL1b_stim": 25.299227070677983,
    "IL8_favorable": 40.45901306750038,
    "maturity_t": 0.3861183752628984,
    "early_diff_very_fast": 0.9842566886095393,
    "a_early_diff_stim": 15.149256061608705,
    "diff_time": 996.259877199482,
    "a_Qiao_2021_ALP": 95.6700580862377
}