{
    "ALP_M_n": 4.159946410049682,
    "ALP_0": 0.4593392247883461,
    "IL1b_ineffective": 193.5748959403404,
    "IL1b_stim": 1.3653686345070657,
    "IL8_favorable": 2.213043379182892,
    "maturity_t": 0.9202408225986106,
    "early_diff_very_fast": 0.7455759074981376,
    "a_early_diff_stim": 2.4275930116645577,
    "diff_time": 1035.9492972217524,
    "a_Qiao_2021_ALP": 58.9974147781953
}