{
    "ALP_M_n": 6.100634132518127,
    "ALP_0": 0.42593440054531434,
    "IL1b_ineffective": 102.73066422425268,
    "IL1b_stim": 20.534970973054953,
    "IL8_favorable": 32.657019407202846,
    "maturity_t": 0.4488157886373112,
    "early_diff_very_fast": 0.8883480939600757,
    "a_early_diff_stim": 11.87641242275643,
    "diff_time": 773.8586445657386,
    "a_Qiao_2021_ALP": 92.75303115367146
}