{
    "ALP_M_n": 3.5086572131185387,
    "ALP_0": 0.42751781681232337,
    "IL1b_ineffective": 103.48280304290975,
    "IL1b_stim": 16.382058280666918,
    "IL8_favorable": 26.86711437743014,
    "maturity_t": 0.5082675586619252,
    "early_diff_very_fast": 0.9399264784197559,
    "a_early_diff_stim": 18.407704970861733,
    "diff_time": 1001.8892846620337,
    "a_Qiao_2021_ALP": 51.766975791767095
}