{
    "ALP_M_n": 9.114548063883792,
    "ALP_0": 0.6390380236063216,
    "IL1b_ineffective": 102.4777473427139,
    "IL1b_stim": 22.126056813933612,
    "IL8_favorable": 34.981011218508364,
    "maturity_t": 0.36055607472345874,
    "early_diff_very_fast": 0.8282982540041703,
    "a_early_diff_stim": 14.822915584111218,
    "diff_time": 952.9782116691848,
    "a_Qiao_2021_ALP": 41.14221721215956
}