{
    "ALP_M_n": 3.6356405402801335,
    "ALP_0": 0.24914039701042512,
    "IL1b_ineffective": 103.25841894992647,
    "IL1b_stim": 17.42143322313709,
    "IL8_favorable": 28.511752366760295,
    "maturity_t": 0.46861522749780304,
    "early_diff_very_fast": 0.875425116731232,
    "a_early_diff_stim": 14.754514509486583,
    "diff_time": 865.6509071861448,
    "a_Qiao_2021_ALP": 138.1334935698421
}