{
    "ALP_M_n": 8.197415833680322,
    "ALP_0": 0.5951137188109552,
    "IL1b_ineffective": 102.12798940795247,
    "IL1b_stim": 24.602312543575806,
    "IL8_favorable": 38.83186381852692,
    "maturity_t": 0.37739212262043215,
    "early_diff_very_fast": 0.8596580345190207,
    "a_early_diff_stim": 15.942689142717692,
    "diff_time": 937.5156171452026,
    "a_Qiao_2021_ALP": 52.97303060223652
}