{
    "ALP_M_n": 4.125584461333936,
    "ALP_0": 0.43678659854554996,
    "IL1b_ineffective": 103.69744243551358,
    "IL1b_stim": 15.930265506445565,
    "IL8_favorable": 25.727373699385424,
    "maturity_t": 0.538048661362089,
    "early_diff_very_fast": 0.8852281569027975,
    "a_early_diff_stim": 14.802745852251505,
    "diff_time": 797.7335947640566,
    "a_Qiao_2021_ALP": 45.83771767712002
}