{
    "ALP_M_n": 4.751749767492608,
    "ALP_0": 0.413740055013512,
    "IL1b_ineffective": 103.1615840373479,
    "IL1b_stim": 18.09311956989115,
    "IL8_favorable": 29.398664340734914,
    "maturity_t": 0.4567524129851764,
    "early_diff_very_fast": 0.9484689812175635,
    "a_early_diff_stim": 12.78988524495689,
    "diff_time": 883.3738234376381,
    "a_Qiao_2021_ALP": 80.22900586946669
}