{
    "ALP_M_n": 4.918752933107387,
    "ALP_0": 0.31321226163528787,
    "IL1b_ineffective": 102.50524497583457,
    "IL1b_stim": 21.68348179672143,
    "IL8_favorable": 35.133428097479495,
    "maturity_t": 0.5588340147894238,
    "early_diff_very_fast": 0.7836627733452005,
    "a_early_diff_stim": 16.190498095569943,
    "diff_time": 609.4845230569854,
    "a_Qiao_2021_ALP": 80.39984350851716
}