{
    "ALP_M_n": 5.3216731351935405,
    "ALP_0": 0.4044974917810107,
    "IL1b_ineffective": 196.80164304489477,
    "IL1b_stim": 1.353906017082826,
    "IL8_favorable": 2.173756267337957,
    "maturity_t": 0.6896674817456492,
    "early_diff_very_fast": 0.7533686843934048,
    "a_early_diff_stim": 1.6382863834251475,
    "diff_time": 1044.5089750933012,
    "a_Qiao_2021_ALP": 151.0168282793318
}