{
    "ALP_M_n": 2.384312435163496,
    "ALP_0": 0.09961669419733296,
    "IL1b_ineffective": 101.99675883661602,
    "IL1b_stim": 25.194344528251168,
    "IL8_favorable": 42.16402806743071,
    "maturity_t": 0.6443357576232045,
    "early_diff_very_fast": 0.9439319235297986,
    "a_early_diff_stim": 19.265781406865344,
    "diff_time": 658.0129585617108,
    "a_Qiao_2021_ALP": 83.26103499614926
}