{
    "ALP_M_n": 3.4354180513016095,
    "ALP_0": 0.404106247562338,
    "IL1b_ineffective": 108.59974900691653,
    "IL1b_stim": 7.711824035150123,
    "IL8_favorable": 12.736056132310665,
    "maturity_t": 0.5541365724797488,
    "early_diff_very_fast": 0.7719559066283164,
    "a_early_diff_stim": 12.634168153970117,
    "diff_time": 874.3803449702402,
    "a_Qiao_2021_ALP": 48.16496701881783
}