{
    "ALP_M_n": 1.4006540270926333,
    "ALP_0": 0.0855700033735223,
    "IL1b_ineffective": 106.23838219711114,
    "IL1b_stim": 9.483126766825132,
    "IL8_favorable": 16.989830145671938,
    "maturity_t": 0.7146676099806244,
    "early_diff_very_fast": 0.9069819065714099,
    "a_early_diff_stim": 16.854382959836133,
    "diff_time": 975.8524967841328,
    "a_Qiao_2021_ALP": 57.64778663825593
}