{
    "ALP_M_n": 1.2634481458751896,
    "ALP_0": 0.008525874466934228,
    "IL1b_ineffective": 104.68380598391154,
    "IL1b_stim": 11.966366816908064,
    "IL8_favorable": 21.790852453595505,
    "maturity_t": 0.7990308802912522,
    "early_diff_very_fast": 0.9491942735701294,
    "a_early_diff_stim": 16.648354064909707,
    "diff_time": 790.1231304862678,
    "a_Qiao_2021_ALP": 54.47122218176527
}