{
    "ALP_M_n": 5.1938919435724085,
    "ALP_0": 0.2747574747805445,
    "IL1b_ineffective": 104.58387515954556,
    "IL1b_stim": 13.334201503681872,
    "IL8_favorable": 21.162642534490523,
    "maturity_t": 0.5409968782469003,
    "early_diff_very_fast": 0.6632096497744753,
    "a_early_diff_stim": 15.4171721442601,
    "diff_time": 602.774951659014,
    "a_Qiao_2021_ALP": 118.06869831222437
}