{
    "ALP_M_n": 4.764654859646669,
    "ALP_0": 0.4092021191333757,
    "IL1b_ineffective": 102.78405102641356,
    "IL1b_stim": 19.804206138266807,
    "IL8_favorable": 32.02484778411892,
    "maturity_t": 0.481031097842394,
    "early_diff_very_fast": 0.8295305464126433,
    "a_early_diff_stim": 17.75352523012342,
    "diff_time": 812.9923771701774,
    "a_Qiao_2021_ALP": 71.99636588024661
}