{
    "ALP_M_n": 3.2817924751334053,
    "ALP_0": 0.2778189237394799,
    "IL1b_ineffective": 105.48906010494895,
    "IL1b_stim": 11.223021459808784,
    "IL8_favorable": 18.43198325760763,
    "maturity_t": 0.5911350061071184,
    "early_diff_very_fast": 0.7826226491535566,
    "a_early_diff_stim": 13.586077249448946,
    "diff_time": 710.2045719534368,
    "a_Qiao_2021_ALP": 65.0105524885211
}