{
    "ALP_M_n": 5.075115465677007,
    "ALP_0": 0.5262130731306854,
    "IL1b_ineffective": 103.79914481578764,
    "IL1b_stim": 15.613653551896403,
    "IL8_favorable": 25.128496334105687,
    "maturity_t": 0.44320320114503026,
    "early_diff_very_fast": 0.8109812101792243,
    "a_early_diff_stim": 18.604465663247247,
    "diff_time": 984.5857398781613,
    "a_Qiao_2021_ALP": 48.804031273044146
}