{
    "ALP_M_n": 5.2546308870214435,
    "ALP_0": 0.31901503817188814,
    "IL1b_ineffective": 102.05418299985296,
    "IL1b_stim": 25.048269464161564,
    "IL8_favorable": 40.17376065492341,
    "maturity_t": 0.5070895019794751,
    "early_diff_very_fast": 0.88685754159694,
    "a_early_diff_stim": 13.480476723533704,
    "diff_time": 667.3051870773486,
    "a_Qiao_2021_ALP": 112.66613472029016
}