{
    "ALP_M_n": 4.7586037922482785,
    "ALP_0": 0.3565133582202593,
    "IL1b_ineffective": 102.38918601174477,
    "IL1b_stim": 22.334972005879305,
    "IL8_favorable": 35.86600835283674,
    "maturity_t": 0.4526253577260225,
    "early_diff_very_fast": 0.8842254942950974,
    "a_early_diff_stim": 16.481679711676605,
    "diff_time": 860.3688714793558,
    "a_Qiao_2021_ALP": 117.75077045277047
}