{
    "ALP_M_n": 6.2754385933042,
    "ALP_0": 0.4574390745085201,
    "IL1b_ineffective": 102.73716377723187,
    "IL1b_stim": 20.23298760949085,
    "IL8_favorable": 32.56239074744366,
    "maturity_t": 0.4214578586694066,
    "early_diff_very_fast": 0.9130707242192918,
    "a_early_diff_stim": 11.951682362590692,
    "diff_time": 856.1556325002907,
    "a_Qiao_2021_ALP": 94.59098058795362
}