{
    "ALP_M_n": 3.4947396297206814,
    "ALP_0": 0.41452942290902073,
    "IL1b_ineffective": 107.33993418913921,
    "IL1b_stim": 8.798255063593112,
    "IL8_favorable": 14.434469735736101,
    "maturity_t": 0.6377914972579745,
    "early_diff_very_fast": 0.9741934271430019,
    "a_early_diff_stim": 7.2512265913011555,
    "diff_time": 702.2031785440047,
    "a_Qiao_2021_ALP": 34.306913535612054
}