{
    "ALP_M_n": 2.8267858400448587,
    "ALP_0": 0.09905068439216534,
    "IL1b_ineffective": 101.8507963000041,
    "IL1b_stim": 26.92967658087909,
    "IL8_favorable": 43.30650779628973,
    "maturity_t": 0.5597745892082728,
    "early_diff_very_fast": 0.9684915409477565,
    "a_early_diff_stim": 15.906731302143118,
    "diff_time": 693.9492496272468,
    "a_Qiao_2021_ALP": 136.46900060729337
}