{
    "ALP_M_n": 4.6439109538103285,
    "ALP_0": 0.587949998064124,
    "IL1b_ineffective": 195.00399313918967,
    "IL1b_stim": 1.3601735692531403,
    "IL8_favorable": 2.194416099213484,
    "maturity_t": 0.7437965834922653,
    "early_diff_very_fast": 0.7496107683669476,
    "a_early_diff_stim": 2.561346560793021,
    "diff_time": 1064.8575499628898,
    "a_Qiao_2021_ALP": 32.71728517105872
}