{
    "ALP_M_n": 3.0166238318179603,
    "ALP_0": 0.1638793587452172,
    "IL1b_ineffective": 188.3610358236057,
    "IL1b_stim": 1.3850295705213753,
    "IL8_favorable": 2.287981052698761,
    "maturity_t": 0.7771310475851934,
    "early_diff_very_fast": 0.7321007269400822,
    "a_early_diff_stim": 1.9831339317797922,
    "diff_time": 903.3260422439425,
    "a_Qiao_2021_ALP": 170.70784466764462
}