{
    "ALP_M_n": 2.8060785187282766,
    "ALP_0": 0.19695226213471984,
    "IL1b_ineffective": 186.94892579498125,
    "IL1b_stim": 1.3905627817696722,
    "IL8_favorable": 2.3091353950094557,
    "maturity_t": 0.8377739472297336,
    "early_diff_very_fast": 0.7285109189820188,
    "a_early_diff_stim": 2.5127352055699506,
    "diff_time": 1010.167153314596,
    "a_Qiao_2021_ALP": 133.548962402039
}