{
    "ALP_M_n": 6.277117858952199,
    "ALP_0": 0.3583077895261505,
    "IL1b_ineffective": 102.49445682026368,
    "IL1b_stim": 21.824250067780905,
    "IL8_favorable": 34.928027209517104,
    "maturity_t": 0.65276499977518,
    "early_diff_very_fast": 0.734548594369093,
    "a_early_diff_stim": 14.28895447934017,
    "diff_time": 467.88236050921324,
    "a_Qiao_2021_ALP": 38.261679031173365
}