{
    "ALP_M_n": 3.9765649441447852,
    "ALP_0": 0.2851503269407896,
    "IL1b_ineffective": 104.95972700068752,
    "IL1b_stim": 12.271197603894482,
    "IL8_favorable": 20.033959307663768,
    "maturity_t": 0.48606472863703404,
    "early_diff_very_fast": 0.7635951004911438,
    "a_early_diff_stim": 13.759086894684721,
    "diff_time": 803.3648391908746,
    "a_Qiao_2021_ALP": 115.19621702305504
}