{
    "ALP_M_n": 3.6552678116996193,
    "ALP_0": 0.40654134360039185,
    "IL1b_ineffective": 104.94941249336978,
    "IL1b_stim": 12.595319930100953,
    "IL8_favorable": 20.415368673584,
    "maturity_t": 0.662291314449515,
    "early_diff_very_fast": 0.9767118243729808,
    "a_early_diff_stim": 9.197987026217488,
    "diff_time": 663.4425594714025,
    "a_Qiao_2021_ALP": 34.38663637357214
}