{
    "ALP_M_n": 3.3059527375722313,
    "ARS_M_n": 0.8938274814129897,
    "ALP_0": 1.0016796933969423,
    "ARS_0": 0.15469246293426137,
    "maturity_t": 0.7150541206245297,
    "early_diff_slow": 0.30672016203712893,
    "early_diff_fast": 0.6119840319060774,
    "early_diff_very_fast": 0.9601016793270927,
    "late_diff_slow": 0.1812909143078429,
    "late_diff_fast": 0.7312819617143564,
    "a_early_diff_stim": 2.3366525431737997,
    "a_early_diff_inhib": 0.47170119850509795,
    "a_late_diff_stim": 2.7365948596588696,
    "a_late_diff_inhib": 0.660349355030731,
    "diff_time": 908.2334415146191,
    "a_Valles_2020_ALP": 70.36106281446727,
    "a_Valles_2020_ARS": 747.3233270175608
}