{
    "ALP_M_n": 3.8877276576781323,
    "ARS_M_n": 0.817842317086888,
    "ALP_0": 0.6247587141985456,
    "ARS_0": 0.12413524043988022,
    "maturity_t": 0.5620882744185579,
    "early_diff_slow": 0.39430312269168705,
    "early_diff_fast": 0.5860265021131326,
    "early_diff_very_fast": 0.8234193671284794,
    "late_diff_slow": 0.34509961664171956,
    "late_diff_fast": 0.6655679913403372,
    "a_early_diff_stim": 2.094812060170214,
    "a_early_diff_inhib": 0.4308348246607108,
    "a_late_diff_stim": 4.205419771293014,
    "a_late_diff_inhib": 0.582962582596537,
    "diff_time": 942.9486709877099,
    "a_Valles_2020_ALP": 215.59010483913534,
    "a_Valles_2020_ARS": 773.0789156784035
}