{
    "ALP_M_n": 3.2410565724287608,
    "ARS_M_n": 1.3045982909331455,
    "ALP_0": 0.3638689277950013,
    "ARS_0": 0.17726542195258124,
    "maturity_t": 0.8018216303064868,
    "early_diff_slow": 0.1027610611820757,
    "early_diff_fast": 0.5970734451213574,
    "early_diff_very_fast": 0.6621772833103271,
    "late_diff_slow": 0.2524793804523778,
    "late_diff_fast": 0.6684848502713794,
    "a_early_diff_stim": 1.6364904289360762,
    "a_early_diff_inhib": 0.5525292944883777,
    "a_late_diff_stim": 1.917254366869933,
    "a_late_diff_inhib": 0.8091689168238725,
    "diff_time": 980.4760278461525,
    "a_Valles_2020_ALP": 616.5201021373891,
    "a_Valles_2020_ARS": 890.2911572727359
}