{
    "ALP_M_n": 3.545866220151099,
    "ARS_M_n": 1.3228874014481744,
    "ALP_0": 0.5624316237831278,
    "ARS_0": 0.23810648194881154,
    "maturity_t": 0.8858147426146452,
    "early_diff_slow": 0.11729228440946055,
    "early_diff_fast": 0.5696772530823081,
    "early_diff_very_fast": 0.6312188310127562,
    "late_diff_slow": 0.21863559111020162,
    "late_diff_fast": 0.7252681253896627,
    "a_early_diff_stim": 2.0429254173188025,
    "a_early_diff_inhib": 0.6659144161436267,
    "a_late_diff_stim": 3.988898288550388,
    "a_late_diff_inhib": 0.3443311020727444,
    "diff_time": 780.8436825153304,
    "a_Valles_2020_ALP": 205.2380689999863,
    "a_Valles_2020_ARS": 646.3116238129223
}