{
    "ALP_M_n": 1.5996142846311994,
    "ARS_M_n": 1.374612066329895,
    "ALP_0": 0.05558558939435682,
    "ARS_0": 0.32654990076803436,
    "maturity_t": 0.7099345322975019,
    "early_diff_slow": 0.2146450151722759,
    "early_diff_fast": 0.6209269662005323,
    "early_diff_very_fast": 0.9832467616948021,
    "late_diff_slow": 0.26584505662844193,
    "late_diff_fast": 0.7688261658814993,
    "a_early_diff_stim": 1.505291317736542,
    "a_early_diff_inhib": 0.14509055902126594,
    "a_late_diff_stim": 3.276201219569389,
    "a_late_diff_inhib": 0.5186524379406807,
    "diff_time": 789.059249859753,
    "a_Valles_2020_ALP": 643.9737388891048,
    "a_Valles_2020_ARS": 577.3713281054794
}