{
    "ALP_M_n": 3.5162977108721614,
    "ARS_M_n": 1.6798790119915596,
    "ALP_0": 0.4430954675397946,
    "ARS_0": 0.41345148367169215,
    "maturity_t": 0.8448935523642185,
    "early_diff_slow": 0.14195488104715887,
    "early_diff_fast": 0.6250667465864215,
    "early_diff_very_fast": 0.7164538547504714,
    "late_diff_slow": 0.3242331293466423,
    "late_diff_fast": 0.7215655951512444,
    "a_early_diff_stim": 1.2138317529716605,
    "a_early_diff_inhib": 0.5562050192983352,
    "a_late_diff_stim": 4.041684887046007,
    "a_late_diff_inhib": 0.7480807606027524,
    "diff_time": 932.6047213757477,
    "a_Valles_2020_ALP": 431.87915087838263,
    "a_Valles_2020_ARS": 593.8102031274165
}