{
    "ALP_M_n": 1.687614240802543,
    "ARS_M_n": 1.5020154977088103,
    "ALP_0": 0.4446907926714542,
    "ARS_0": 0.9695904567919801,
    "maturity_t": 0.767511452497377,
    "early_diff_slow": 0.15759088463339993,
    "early_diff_fast": 0.5752228326375969,
    "early_diff_very_fast": 0.7659109231806229,
    "late_diff_slow": 0.31748621087022977,
    "late_diff_fast": 0.8033946912312281,
    "a_early_diff_stim": 4.232421063814454,
    "a_early_diff_inhib": 0.5027126180788629,
    "a_late_diff_stim": 3.151784494684582,
    "a_late_diff_inhib": 0.480233148762219,
    "diff_time": 999.1223558231585,
    "a_Valles_2020_ALP": 303.53364070274375,
    "a_Valles_2020_ARS": 307.087494973985
}