{
    "ALP_M_n": 3.241817675149881,
    "ARS_M_n": 1.9606514767157257,
    "ALP_0": 0.4731223622462895,
    "ARS_0": 0.7418428729776378,
    "maturity_t": 0.7170564538805232,
    "early_diff_slow": 0.33629089245170374,
    "early_diff_fast": 0.6758748376887886,
    "early_diff_very_fast": 0.7571036270681062,
    "late_diff_slow": 0.15213034943122383,
    "late_diff_fast": 0.8166420404632955,
    "a_early_diff_stim": 1.2403429861430344,
    "a_early_diff_inhib": 0.5704961689205293,
    "a_late_diff_stim": 1.247973528396817,
    "a_late_diff_inhib": 0.3760103294605637,
    "diff_time": 1051.4412923310488,
    "a_Valles_2020_ALP": 424.74630465156514,
    "a_Valles_2020_ARS": 371.668631479898
}