{
    "ALP_M_n": 2.6053194534975983,
    "ARS_M_n": 1.3705332682708118,
    "ALP_0": 0.40344075567932103,
    "ARS_0": 0.432483251800606,
    "maturity_t": 0.673733501035249,
    "early_diff_slow": 0.19993409634093734,
    "early_diff_fast": 0.5468222627033477,
    "early_diff_very_fast": 0.9880698526902472,
    "late_diff_slow": 0.24185291680845605,
    "late_diff_fast": 0.8668152927133079,
    "a_early_diff_stim": 3.854706736273132,
    "a_early_diff_inhib": 0.3572664577300292,
    "a_late_diff_stim": 3.7655752711069246,
    "a_late_diff_inhib": 0.39581739179506115,
    "diff_time": 825.9794800078945,
    "a_Valles_2020_ALP": 346.04615713660735,
    "a_Valles_2020_ARS": 519.3892807836302
}