{
    "ALP_M_n": 1.8700377699654114,
    "ARS_M_n": 0.9025817727271847,
    "ALP_0": 0.4763650596552487,
    "ARS_0": 0.29330746449741885,
    "maturity_t": 0.7611558121816319,
    "early_diff_slow": 0.2261735451743637,
    "early_diff_fast": 0.729931035011819,
    "early_diff_very_fast": 0.9400067643693497,
    "late_diff_slow": 0.1669564690051356,
    "late_diff_fast": 0.6591154512997511,
    "a_early_diff_stim": 1.3411662565787343,
    "a_early_diff_inhib": 0.5392590945080042,
    "a_late_diff_stim": 2.6379860000811846,
    "a_late_diff_inhib": 0.1852814667890863,
    "diff_time": 1005.1834090685619,
    "a_Valles_2020_ALP": 296.1642407786338,
    "a_Valles_2020_ARS": 676.4981747957519
}