{
    "ALP_M_n": 6.668455834603986,
    "ARS_M_n": 1.7893324854792048,
    "ALP_0": 0.5517957793722843,
    "ARS_0": 0.6264610235885806,
    "maturity_t": 0.5471950939473568,
    "early_diff_slow": 0.3276170878595011,
    "early_diff_fast": 0.5859619733563913,
    "early_diff_very_fast": 0.8075689953861495,
    "late_diff_slow": 0.22184971486088845,
    "late_diff_fast": 0.8448806854933943,
    "a_early_diff_stim": 0.9206350250071154,
    "a_early_diff_inhib": 0.31110216020736403,
    "a_late_diff_stim": 1.3373968368736588,
    "a_late_diff_inhib": 0.7505435094553534,
    "diff_time": 778.6314663374283,
    "a_Valles_2020_ALP": 223.62037208498577,
    "a_Valles_2020_ARS": 356.154812721367
}