{
    "ALP_M_n": 6.815451050925341,
    "ARS_M_n": 1.3711713748612055,
    "ALP_0": 0.49000932467330194,
    "ARS_0": 0.417028816280069,
    "maturity_t": 0.5131459503920957,
    "early_diff_slow": 0.19314944429567993,
    "early_diff_fast": 0.5977528709662825,
    "early_diff_very_fast": 0.8965263321710775,
    "late_diff_slow": 0.28319238114422596,
    "late_diff_fast": 0.7959281746308845,
    "a_early_diff_stim": 0.9489149089492013,
    "a_early_diff_inhib": 0.4269927822803012,
    "a_late_diff_stim": 1.1224072984023141,
    "a_late_diff_inhib": 0.45216400318271466,
    "diff_time": 820.1630882209465,
    "a_Valles_2020_ALP": 411.0811493919241,
    "a_Valles_2020_ARS": 527.050944362362
}