{
    "ALP_M_n": 4.252647494673488,
    "ARS_M_n": 0.7242131083794358,
    "ALP_0": 1.1821882127370427,
    "ARS_0": 0.0329396341113045,
    "maturity_t": 0.8014700717366467,
    "early_diff_slow": 0.21033534410194119,
    "early_diff_fast": 0.6117168053616472,
    "early_diff_very_fast": 0.6994593630918304,
    "late_diff_slow": 0.292223801043502,
    "late_diff_fast": 0.8609922969199073,
    "a_early_diff_stim": 2.2060174660360583,
    "a_early_diff_inhib": 0.3839652710926371,
    "a_late_diff_stim": 3.735509798299534,
    "a_late_diff_inhib": 0.716633446013589,
    "diff_time": 1030.7368987586117,
    "a_Valles_2020_ALP": 34.84540434348564,
    "a_Valles_2020_ARS": 880.7136725363981
}