{
    "ALP_M_n": 2.8929857923570035,
    "ARS_M_n": 1.3148818772848652,
    "ALP_0": 0.3891791415557459,
    "ARS_0": 0.4777018899791882,
    "maturity_t": 0.5645690046189403,
    "early_diff_slow": 0.3793679276181067,
    "early_diff_fast": 0.6299258059483754,
    "early_diff_very_fast": 0.7566085651530783,
    "late_diff_slow": 0.2620547377391394,
    "late_diff_fast": 0.7691483821221188,
    "a_early_diff_stim": 1.4819951778011793,
    "a_early_diff_inhib": 0.6781196954714855,
    "a_late_diff_stim": 2.7526504245764865,
    "a_late_diff_inhib": 0.8261388118019406,
    "diff_time": 963.2552692152703,
    "a_Valles_2020_ALP": 481.66742644696905,
    "a_Valles_2020_ARS": 548.3905689564313
}