{
    "ALP_M_n": 2.807107185846167,
    "ARS_M_n": 1.1534500797898866,
    "ALP_0": 0.6485989956733063,
    "ARS_0": 0.4919502372396446,
    "maturity_t": 0.6580300564698903,
    "early_diff_slow": 0.2434534496434622,
    "early_diff_fast": 0.5856594064224242,
    "early_diff_very_fast": 0.7440268537250124,
    "late_diff_slow": 0.139274463333502,
    "late_diff_fast": 0.7324281280480783,
    "a_early_diff_stim": 3.485693792296744,
    "a_early_diff_inhib": 0.40638408064742565,
    "a_late_diff_stim": 4.592734151478698,
    "a_late_diff_inhib": 0.7965748474562224,
    "diff_time": 948.1199449581954,
    "a_Valles_2020_ALP": 198.26944176578763,
    "a_Valles_2020_ARS": 535.7146304343338
}