{
    "ALP_M_n": 1.7185615980037363,
    "ARS_M_n": 1.6145653506840598,
    "ALP_0": 0.10328699175529885,
    "ARS_0": 0.2930989518920878,
    "maturity_t": 0.7658069767742821,
    "early_diff_slow": 0.33162946628081524,
    "early_diff_fast": 0.5775198355282172,
    "early_diff_very_fast": 0.7002907789539123,
    "late_diff_slow": 0.39803456919298835,
    "late_diff_fast": 0.6996049251959033,
    "a_early_diff_stim": 2.2071210349630017,
    "a_early_diff_inhib": 0.8190835838057102,
    "a_late_diff_stim": 1.5098820237989168,
    "a_late_diff_inhib": 0.9752397546536924,
    "diff_time": 728.7007273762038,
    "a_Valles_2020_ALP": 534.5241236160729,
    "a_Valles_2020_ARS": 562.3460909897868
}