{
    "ALP_M_n": 5.3545103802775715,
    "ALP_0": 0.39137108579419055,
    "IL1b_ineffective": 196.7773416179872,
    "IL1b_stim": 1.3542321683922154,
    "IL8_favorable": 2.1742543265709813,
    "maturity_t": 0.7017436759035991,
    "early_diff_very_fast": 0.7535513387233836,
    "a_early_diff_stim": 1.371025565803149,
    "diff_time": 823.7870040051454,
    "a_Qiao_2021_ALP": 107.27979571332182
}