{
    "ALP_M_n": 2.882601226843793,
    "ALP_0": 0.2215996378597861,
    "IL1b_ineffective": 187.60770299113008,
    "IL1b_stim": 1.3885571504229315,
    "IL8_favorable": 2.2980087940395535,
    "maturity_t": 0.8085106019940024,
    "early_diff_very_fast": 0.7298374585079014,
    "a_early_diff_stim": 2.487886960612557,
    "diff_time": 953.9208359098373,
    "a_Qiao_2021_ALP": 111.30775815419253
}