{
    "ALP_M_n": 4.54716323593725,
    "ALP_0": 0.5135363326717247,
    "IL1b_ineffective": 194.74497012165943,
    "IL1b_stim": 1.3615597358640184,
    "IL8_favorable": 2.1998661582280903,
    "maturity_t": 0.928453991723038,
    "early_diff_very_fast": 0.7487315870503591,
    "a_early_diff_stim": 1.9404653530896627,
    "diff_time": 787.659780231779,
    "a_Qiao_2021_ALP": 32.54954124714441
}