{
    "ALP_M_n": 5.8705933960637555,
    "ALP_0": 0.4936240524125744,
    "IL1b_ineffective": 197.8005977653001,
    "IL1b_stim": 1.350693785700317,
    "IL8_favorable": 2.1627142116615587,
    "maturity_t": 0.568404652865088,
    "early_diff_very_fast": 0.756118113574512,
    "a_early_diff_stim": 1.6310419905545501,
    "diff_time": 1014.5260823950698,
    "a_Qiao_2021_ALP": 84.54359149618367
}