{
    "ALP_M_n": 5.5666748020614705,
    "ALP_0": 0.43783402272237915,
    "IL1b_ineffective": 197.27587518418193,
    "IL1b_stim": 1.3516913938018789,
    "IL8_favorable": 2.168277073043292,
    "maturity_t": 0.5356012953514953,
    "early_diff_very_fast": 0.7519866517626659,
    "a_early_diff_stim": 1.684871786799302,
    "diff_time": 1075.9946459484947,
    "a_Qiao_2021_ALP": 133.56671876705838
}