{
    "ALP_M_n": 2.4601437837956732,
    "ALP_0": 0.17258442702833593,
    "IL1b_ineffective": 184.36729756832082,
    "IL1b_stim": 1.40234720159056,
    "IL8_favorable": 2.350223815654566,
    "maturity_t": 0.99288721183025,
    "early_diff_very_fast": 0.7212009611954274,
    "a_early_diff_stim": 2.741408175163993,
    "diff_time": 898.3860916490396,
    "a_Qiao_2021_ALP": 96.8658060437966
}