{
    "ALP_M_n": 3.3697827390861357,
    "ALP_0": 0.10809911675907363,
    "IL1b_ineffective": 115.29705767325568,
    "IL1b_stim": 4.744062386911313,
    "IL8_favorable": 7.766443894068772,
    "maturity_t": 0.67154106745707,
    "early_diff_very_fast": 0.990083594342014,
    "a_early_diff_stim": 2.102667663286433,
    "diff_time": 514.5592584725862,
    "a_Qiao_2021_ALP": 94.85863325618035
}