{
    "ALP_M_n": 8.675523755595675,
    "ALP_0": 0.30186992460101153,
    "IL1b_ineffective": 103.66044375556757,
    "IL1b_stim": 16.2681823614579,
    "IL8_favorable": 25.749722594479003,
    "maturity_t": 0.621480629377149,
    "early_diff_very_fast": 0.9251698877730861,
    "a_early_diff_stim": 3.7905936970829113,
    "diff_time": 439.9839749597253,
    "a_Qiao_2021_ALP": 82.45474236371263
}