{
    "ALP_M_n": 5.941255865805082,
    "ALP_0": 0.7012220018145235,
    "IL1b_ineffective": 197.81350301803462,
    "IL1b_stim": 1.3505124273655618,
    "IL8_favorable": 2.160552351056026,
    "maturity_t": 0.9515672463736214,
    "early_diff_very_fast": 0.7564336831668969,
    "a_early_diff_stim": 1.5971966716065855,
    "diff_time": 707.6515448698036,
    "a_Qiao_2021_ALP": 10.587309398482502
}