{
    "ALP_M_n": 10.571335539028592,
    "ALP_0": 0.37962440008786413,
    "IL1b_ineffective": 107.06774591970131,
    "IL1b_stim": 9.374761012886479,
    "IL8_favorable": 14.71901784178202,
    "maturity_t": 0.49124195593431397,
    "early_diff_very_fast": 0.7369533657826097,
    "a_early_diff_stim": 3.902170504894353,
    "diff_time": 556.0386729339257,
    "a_Qiao_2021_ALP": 178.96169464787735
}