{
    "ALP_M_n": 4.56682504828112,
    "ALP_0": 0.05356573297403972,
    "IL1b_ineffective": 194.88681591617768,
    "IL1b_stim": 1.3612066470388235,
    "IL8_favorable": 2.1980165695403002,
    "maturity_t": 0.9913662981618763,
    "early_diff_very_fast": 0.7487808875948536,
    "a_early_diff_stim": 0.7396335381785407,
    "diff_time": 407.4036502393712,
    "a_Qiao_2021_ALP": 128.53857798817015
}