{
    "ALP_M_n": 3.302388114219509,
    "ALP_0": 0.5527986690460851,
    "IL1b_ineffective": 119.18772299776535,
    "IL1b_stim": 3.945435660025197,
    "IL8_favorable": 6.498543587892641,
    "maturity_t": 0.6628627940864046,
    "early_diff_very_fast": 0.9552229631796261,
    "a_early_diff_stim": 4.726527515837323,
    "diff_time": 816.6405689529538,
    "a_Qiao_2021_ALP": 21.51265847584444
}