{
    "ALP_M_n": 1.9217586809563931,
    "ALP_0": 0.08942677228430441,
    "IL1b_ineffective": 178.552940503502,
    "IL1b_stim": 1.428780003162455,
    "IL8_favorable": 2.4481107316601083,
    "maturity_t": 0.9839557814353267,
    "early_diff_very_fast": 0.7047438687353227,
    "a_early_diff_stim": 3.386963035779318,
    "diff_time": 1004.6381649878364,
    "a_Qiao_2021_ALP": 108.14497655444904
}