{
    "ALP_M_n": 11.312394880108798,
    "ALP_0": 0.5500917341999587,
    "IL1b_ineffective": 107.7545271962192,
    "IL1b_stim": 8.729912088624973,
    "IL8_favorable": 13.771527007990954,
    "maturity_t": 0.3981028024719541,
    "early_diff_very_fast": 0.7385691883393305,
    "a_early_diff_stim": 4.878390732029802,
    "diff_time": 737.0505765838002,
    "a_Qiao_2021_ALP": 75.80247763940672
}