{
    "ALP_M_n": 6.2122255930045,
    "ALP_0": 0.5730900330478892,
    "IL1b_ineffective": 198.3719518442514,
    "IL1b_stim": 1.3483822462366195,
    "IL8_favorable": 2.1546780174093527,
    "maturity_t": 0.7373204378458104,
    "early_diff_very_fast": 0.7573282654749987,
    "a_early_diff_stim": 1.525000627885951,
    "diff_time": 875.3707835085289,
    "a_Qiao_2021_ALP": 37.80048735809882
}