{
    "ALP_M_n": 12.1564250476511,
    "ALP_0": 0.5685900756757347,
    "IL1b_ineffective": 198.9574994623909,
    "IL1b_stim": 1.3346340731019986,
    "IL8_favorable": 2.1015845753471396,
    "maturity_t": 0.4155795201592043,
    "early_diff_very_fast": 0.769534283675893,
    "a_early_diff_stim": 0.7561405258902667,
    "diff_time": 968.9649174626093,
    "a_Qiao_2021_ALP": 188.73327499176543
}