{
    "ALP_M_n": 4.847772412071261,
    "ALP_0": 0.34846037035280375,
    "IL1b_ineffective": 195.77050746040388,
    "IL1b_stim": 1.3571087741014427,
    "IL8_favorable": 2.1871299070999584,
    "maturity_t": 0.9770652397986483,
    "early_diff_very_fast": 0.7505935509289121,
    "a_early_diff_stim": 1.4836739920865518,
    "diff_time": 856.8484625975786,
    "a_Qiao_2021_ALP": 130.306309700444
}