{
    "ALP_M_n": 3.1669057638302776,
    "ALP_0": 0.510438387128153,
    "IL1b_ineffective": 189.21453552730247,
    "IL1b_stim": 1.3811716531903322,
    "IL8_favorable": 2.2743348686146874,
    "maturity_t": 0.9857097369148289,
    "early_diff_very_fast": 0.7344153404425853,
    "a_early_diff_stim": 3.8674055095187687,
    "diff_time": 1067.0577298044252,
    "a_Qiao_2021_ALP": 32.13422676675237
}