{
    "ALP_M_n": 2.315512980122444,
    "ALP_0": 0.14748293974652166,
    "IL1b_ineffective": 113.05164553147985,
    "IL1b_stim": 5.301123508222899,
    "IL8_favorable": 8.88278512486319,
    "maturity_t": 0.5220266520066426,
    "early_diff_very_fast": 0.9886758517678644,
    "a_early_diff_stim": 4.827222391848231,
    "diff_time": 943.0864722366765,
    "a_Qiao_2021_ALP": 105.60048835824067
}