{
    "ALP_M_n": 3.135529941774829,
    "ALP_0": 0.396361846728464,
    "IL1b_ineffective": 189.1291347508693,
    "IL1b_stim": 1.3825409683370253,
    "IL8_favorable": 2.276496851092908,
    "maturity_t": 0.9718845975529816,
    "early_diff_very_fast": 0.7340078219672088,
    "a_early_diff_stim": 2.898715088844588,
    "diff_time": 873.5524965096506,
    "a_Qiao_2021_ALP": 43.7971923160957
}