{
    "ALP_M_n": 4.636780077205674,
    "ALP_0": 0.48770595075436873,
    "IL1b_ineffective": 194.99131852991036,
    "IL1b_stim": 1.3604872995657633,
    "IL8_favorable": 2.1961266833079307,
    "maturity_t": 0.9924268363791039,
    "early_diff_very_fast": 0.7492582875103876,
    "a_early_diff_stim": 1.4851989083979968,
    "diff_time": 555.548244746404,
    "a_Qiao_2021_ALP": 20.27632466214476
}