{
    "ALP_M_n": 2.065500665713002,
    "ALP_0": 0.2080511733912864,
    "IL1b_ineffective": 119.60750622857377,
    "IL1b_stim": 3.776938100702104,
    "IL8_favorable": 6.448910317752279,
    "maturity_t": 0.748121755954077,
    "early_diff_very_fast": 0.9719364240210381,
    "a_early_diff_stim": 4.265621685473267,
    "diff_time": 737.1138146097633,
    "a_Qiao_2021_ALP": 45.8505769370956
}