{
    "ALP_M_n": 3.720465058861673,
    "ALP_0": 0.36348818746505523,
    "IL1b_ineffective": 191.95342720061183,
    "IL1b_stim": 1.3707825649876266,
    "IL8_favorable": 2.2349739482180624,
    "maturity_t": 0.8380375907295488,
    "early_diff_very_fast": 0.7412313630969545,
    "a_early_diff_stim": 2.089503908702082,
    "diff_time": 818.0011965631269,
    "a_Qiao_2021_ALP": 62.26973100776701
}