{
    "ALP_M_n": 4.314114782575311,
    "ALP_0": 0.37706369584500177,
    "IL1b_ineffective": 194.21012953953664,
    "IL1b_stim": 1.3631516884266563,
    "IL8_favorable": 2.2086932329859437,
    "maturity_t": 0.7368692121825765,
    "early_diff_very_fast": 0.7468777851210369,
    "a_early_diff_stim": 1.8033595310501895,
    "diff_time": 856.083971487582,
    "a_Qiao_2021_ALP": 81.07401500214752
}