{
    "ALP_M_n": 6.2617733033828635,
    "ALP_0": 0.3577477354849413,
    "IL1b_ineffective": 110.81499977027504,
    "IL1b_stim": 6.442947884789028,
    "IL8_favorable": 10.248274747240615,
    "maturity_t": 0.43588453836463015,
    "early_diff_very_fast": 0.7677895683435324,
    "a_early_diff_stim": 4.706365521523325,
    "diff_time": 756.6048407984193,
    "a_Qiao_2021_ALP": 174.31907629596085
}