{
    "ALP_M_n": 2.658810903235752,
    "ALP_0": 0.291664208096723,
    "IL1b_ineffective": 185.9136262353021,
    "IL1b_stim": 1.3949551717739304,
    "IL8_favorable": 2.3217770522747188,
    "maturity_t": 0.9465171936269118,
    "early_diff_very_fast": 0.7255867699653101,
    "a_early_diff_stim": 3.439279127606022,
    "diff_time": 1056.8110021971054,
    "a_Qiao_2021_ALP": 70.9565718214711
}