{
    "ALP_M_n": 4.883112471583372,
    "ALP_0": 0.32928638948897,
    "IL1b_ineffective": 107.09028295642422,
    "IL1b_stim": 9.215167252947094,
    "IL8_favorable": 14.84098721948056,
    "maturity_t": 0.4878978887785241,
    "early_diff_very_fast": 0.9677224683716399,
    "a_early_diff_stim": 4.758907081672574,
    "diff_time": 732.4774924017736,
    "a_Qiao_2021_ALP": 109.88417298609231
}