{
    "ALP_M_n": 3.482093508545809,
    "ALP_0": 0.5134399218612716,
    "IL1b_ineffective": 190.95076409799026,
    "IL1b_stim": 1.3749693464890882,
    "IL8_favorable": 2.2489862002132313,
    "maturity_t": 0.969515361090927,
    "early_diff_very_fast": 0.7386122850706085,
    "a_early_diff_stim": 3.368224230700356,
    "diff_time": 1052.135011372264,
    "a_Qiao_2021_ALP": 34.740000857612834
}