{
    "ALP_M_n": 2.3063520325685514,
    "ALP_0": 0.1157496007857224,
    "IL1b_ineffective": 182.77155517158957,
    "IL1b_stim": 1.4084626500287634,
    "IL8_favorable": 2.372258103394323,
    "maturity_t": 0.8524785845083709,
    "early_diff_very_fast": 0.7171893221584145,
    "a_early_diff_stim": 2.694013838595228,
    "diff_time": 979.958006681158,
    "a_Qiao_2021_ALP": 135.97357992155887
}