{
    "ALP_M_n": 2.6847810941580232,
    "ALP_0": 0.298292941192778,
    "IL1b_ineffective": 186.09895399516864,
    "IL1b_stim": 1.3952812483925285,
    "IL8_favorable": 2.3215941347577456,
    "maturity_t": 0.9755443977236442,
    "early_diff_very_fast": 0.7262333065569001,
    "a_early_diff_stim": 3.2326203457585936,
    "diff_time": 951.7806007957031,
    "a_Qiao_2021_ALP": 61.969740298573996
}