{
    "ALP_M_n": 3.297437336975681,
    "ALP_0": 0.15716583213786078,
    "IL1b_ineffective": 190.1177374776869,
    "IL1b_stim": 1.3787751711055947,
    "IL8_favorable": 2.2655283969702182,
    "maturity_t": 0.8149288908910445,
    "early_diff_very_fast": 0.7362353370334697,
    "a_early_diff_stim": 1.6686009015876577,
    "diff_time": 835.6184470621101,
    "a_Qiao_2021_ALP": 198.87938145297863
}