{
    "ALP_M_n": 4.951395239737664,
    "ALP_0": 0.46827894674014914,
    "IL1b_ineffective": 195.90558922428016,
    "IL1b_stim": 1.3569893551803602,
    "IL8_favorable": 2.1856845715927307,
    "maturity_t": 0.7981956766181,
    "early_diff_very_fast": 0.7512859622187172,
    "a_early_diff_stim": 1.7471824001028813,
    "diff_time": 867.6570053336862,
    "a_Qiao_2021_ALP": 57.031260663954455
}