{
    "ALP_M_n": 4.888074211002522,
    "ALP_0": 0.35766202790525686,
    "IL1b_ineffective": 195.72305309803116,
    "IL1b_stim": 1.3573409202819704,
    "IL8_favorable": 2.1867225772683554,
    "maturity_t": 0.7312715164120691,
    "early_diff_very_fast": 0.7509458633645736,
    "a_early_diff_stim": 1.5241689667714162,
    "diff_time": 889.6609238625847,
    "a_Qiao_2021_ALP": 133.109851622374
}