{
    "ALP_M_n": 3.775475703297388,
    "ALP_0": 0.523190265151775,
    "IL1b_ineffective": 192.26034139820047,
    "IL1b_stim": 1.3698825765532998,
    "IL8_favorable": 2.2312988900137043,
    "maturity_t": 0.8948536145054398,
    "early_diff_very_fast": 0.741922440040011,
    "a_early_diff_stim": 2.865769254715535,
    "diff_time": 960.0973641144001,
    "a_Qiao_2021_ALP": 32.893275260691325
}