{
    "ALP_M_n": 3.4529933191476037,
    "ALP_0": 0.27467531111376964,
    "IL1b_ineffective": 190.74143139441497,
    "IL1b_stim": 1.3753814764023033,
    "IL8_favorable": 2.2498908986286636,
    "maturity_t": 0.916130187981227,
    "early_diff_very_fast": 0.7382680140180052,
    "a_early_diff_stim": 2.096296223740083,
    "diff_time": 907.4389770168685,
    "a_Qiao_2021_ALP": 110.47081468118667
}