{
    "ALP_M_n": 4.217165468988274,
    "ALP_0": 0.44512146356684656,
    "IL1b_ineffective": 193.7235685300463,
    "IL1b_stim": 1.3646488695528554,
    "IL8_favorable": 2.214002045588636,
    "maturity_t": 0.932539745625807,
    "early_diff_very_fast": 0.7459757417544888,
    "a_early_diff_stim": 1.778469353412704,
    "diff_time": 673.9299586424931,
    "a_Qiao_2021_ALP": 33.94672828752726
}