{
    "ALP_M_n": 4.579028747854705,
    "ALP_0": 0.49985889474847434,
    "IL1b_ineffective": 117.03123160141563,
    "IL1b_stim": 4.4238353852269565,
    "IL8_favorable": 7.198400666504561,
    "maturity_t": 0.4797982865047597,
    "early_diff_very_fast": 0.9644998165154935,
    "a_early_diff_stim": 3.64532565883365,
    "diff_time": 918.5812298386448,
    "a_Qiao_2021_ALP": 45.04594346969206
}