{
    "ALP_M_n": 4.124201428071476,
    "ALP_0": 0.16756858906825284,
    "IL1b_ineffective": 109.60605534530102,
    "IL1b_stim": 7.0945132321905975,
    "IL8_favorable": 11.596589365425885,
    "maturity_t": 0.6657207360865453,
    "early_diff_very_fast": 0.8600955034805204,
    "a_early_diff_stim": 3.750753342888684,
    "diff_time": 493.01478670321956,
    "a_Qiao_2021_ALP": 86.9837014287594
}