{
    "ALP_M_n": 9.813133709468463,
    "ARS_M_n": 0.8537773856706502,
    "ALP_0": 0.6390947044078499,
    "ARS_0": 0.3216369262909964,
    "maturity_t": 0.37252774458787236,
    "early_diff_L": 0.21488055079607302,
    "early_diff_H": 0.7116315086171181,
    "early_diff_VH": 0.8983880425583566,
    "late_diff_L": 0.2048248906712217,
    "late_diff_H": 0.6183077576147531,
    "a_early_diff_u": 2.766730822653714,
    "a_early_diff_d": 0.10219793464366861,
    "a_late_diff_u": 3.4789266070144054,
    "a_late_diff_d": 0.14835857915030037,
    "diff_time": 1073.1902208426475,
    "a_Valles_2020_ALP": 323.7273666483895,
    "a_Valles_2020_ARS": 669.9094411278708
}