{
    "ALP_M_n": 1.885146945710027,
    "ARS_M_n": 1.2521390939408765,
    "ALP_0": 0.23649766495720875,
    "ARS_0": 0.29563836931421256,
    "maturity_t": 0.7511694232755454,
    "early_diff_L": 0.3996469454024555,
    "early_diff_H": 0.7004169024856394,
    "early_diff_VH": 0.7802726495695855,
    "late_diff_L": 0.31202247029932756,
    "late_diff_H": 0.6584471460437508,
    "a_early_diff_u": 1.351755163111596,
    "a_early_diff_d": 0.8633528986465998,
    "a_late_diff_u": 4.856309424078564,
    "a_late_diff_d": 0.29011366386925475,
    "diff_time": 828.0613030319953,
    "a_Valles_2020_ALP": 462.94008651100944,
    "a_Valles_2020_ARS": 614.7779153224556
}