{
    "ALP_M_n": 1.0659866113290568,
    "ARS_M_n": 0.9330020935881861,
    "ALP_0": 0.05738910473637636,
    "ARS_0": 0.30748452957843625,
    "maturity_t": 0.7353845908645846,
    "early_diff_L": 0.23033588642194752,
    "early_diff_H": 0.7078267222296861,
    "early_diff_VH": 0.9382792197348995,
    "late_diff_L": 0.3857636020908957,
    "late_diff_H": 0.7189294656375131,
    "a_early_diff_u": 1.9153041638214177,
    "a_early_diff_d": 0.5136166852440427,
    "a_late_diff_u": 0.7303670036136971,
    "a_late_diff_d": 0.1658590876591292,
    "diff_time": 988.1161923041885,
    "a_Valles_2020_ALP": 537.9660385964951,
    "a_Valles_2020_ARS": 662.3336818452699
}