{
    "ALP_M_n": 2.8247402945313835,
    "ARS_M_n": 2.553954373693448,
    "ALP_0": 0.1307001859035884,
    "ARS_0": 0.5949200826126232,
    "maturity_t": 0.6876637632824345,
    "early_diff_L": 0.16645447050580695,
    "early_diff_H": 0.6386881316304437,
    "early_diff_VH": 0.7268192518997629,
    "late_diff_L": 0.23549712445732351,
    "late_diff_H": 0.745017420373935,
    "a_early_diff_u": 0.9883390364763808,
    "a_early_diff_d": 0.877880725854894,
    "a_late_diff_u": 0.7361781103313878,
    "a_late_diff_d": 0.7907323685103699,
    "diff_time": 672.5757162749355,
    "a_Valles_2020_ALP": 739.8212592749277,
    "a_Valles_2020_ARS": 258.34885685109094
}