{
    "ALP_M_n": 1.7667688136138116,
    "ARS_M_n": 1.0557185112820375,
    "ALP_0": 0.24629604351486944,
    "ARS_0": 0.24285720818750653,
    "maturity_t": 0.7152355471368352,
    "early_diff_L": 0.10904311748676968,
    "early_diff_H": 0.5856374041990184,
    "early_diff_VH": 0.774516276007208,
    "late_diff_L": 0.19974716721768904,
    "late_diff_H": 0.7562995384000573,
    "a_early_diff_u": 3.5319713582064045,
    "a_early_diff_d": 0.1011162235869878,
    "a_late_diff_u": 3.2410209645367996,
    "a_late_diff_d": 0.16380743128028047,
    "diff_time": 868.5532922548148,
    "a_Valles_2020_ALP": 450.22195548416306,
    "a_Valles_2020_ARS": 675.2899539865929
}