{
    "ALP_M_n": 1.5819426422994285,
    "ARS_M_n": 0.933551768668283,
    "ALP_0": 0.3565112479990718,
    "ARS_0": 0.35048194370976926,
    "maturity_t": 0.8100427506378163,
    "early_diff_L": 0.30710622119835973,
    "early_diff_H": 0.7231137015123996,
    "early_diff_VH": 0.8145982273758007,
    "late_diff_L": 0.19412491808929272,
    "late_diff_H": 0.7784370418040913,
    "a_early_diff_u": 2.0010442335717884,
    "a_early_diff_d": 0.5757004723456645,
    "a_late_diff_u": 2.9468997557933747,
    "a_late_diff_d": 0.39071968307350036,
    "diff_time": 1041.3446398730655,
    "a_Valles_2020_ALP": 368.91234708156287,
    "a_Valles_2020_ARS": 641.6292698041345
}