{
    "ALP_M_n": 2.8280318367205988,
    "ARS_M_n": 2.8223518893721704,
    "ALP_0": 0.08544641981234452,
    "ARS_0": 0.05461074609619754,
    "maturity_t": 0.9207303516811145,
    "early_diff_L": 0.22624599984450575,
    "early_diff_H": 0.6553592737500452,
    "early_diff_VH": 0.7427415866447662,
    "late_diff_L": 0.2839944792172797,
    "late_diff_H": 0.6652672424314106,
    "a_early_diff_u": 0.49640759648588473,
    "a_early_diff_d": 0.4377339848693796,
    "a_late_diff_u": 1.6621752199502324,
    "a_late_diff_d": 0.8846393921917339,
    "diff_time": 595.2089713934184,
    "a_Valles_2020_ALP": 829.9774404460062,
    "a_Valles_2020_ARS": 731.7911099836318
}