{
    "ALP_M_n": 9.980637235122408,
    "ARS_M_n": 1.2288810395904761,
    "ALP_0": 0.6766196745625287,
    "ARS_0": 0.7785375438499953,
    "maturity_t": 0.37004232598923065,
    "early_diff_L": 0.37952517709288586,
    "early_diff_H": 0.6718673997253961,
    "early_diff_VH": 0.8549071853462614,
    "late_diff_L": 0.24973237259795814,
    "late_diff_H": 0.8322196426530103,
    "a_early_diff_u": 3.4893940827684213,
    "a_early_diff_d": 0.7135034320650455,
    "a_late_diff_u": 3.281406989131657,
    "a_late_diff_d": 0.044781509192920746,
    "diff_time": 1078.383549668508,
    "a_Valles_2020_ALP": 225.23300634335789,
    "a_Valles_2020_ARS": 418.997983725544
}