{
    "ALP_M_n": 9.957014406139708,
    "ARS_M_n": 1.2005819618725537,
    "ALP_0": 0.6433928449857055,
    "ARS_0": 0.6494624852418206,
    "maturity_t": 0.38129666618512975,
    "early_diff_L": 0.3316831068062799,
    "early_diff_H": 0.7031008611887862,
    "early_diff_VH": 0.9478142890782646,
    "late_diff_L": 0.3927573032453144,
    "late_diff_H": 0.6069835967403241,
    "a_early_diff_u": 2.7758502304127473,
    "a_early_diff_d": 0.05990782523382837,
    "a_late_diff_u": 1.5175987550076897,
    "a_late_diff_d": 0.07036615215683577,
    "diff_time": 1033.6391855605993,
    "a_Valles_2020_ALP": 275.18459523743775,
    "a_Valles_2020_ARS": 465.9853542465616
}