{
    "ALP_M_n": 2.8199719614716066,
    "ARS_M_n": 1.5236066131871995,
    "ALP_0": 0.3777396335206723,
    "ARS_0": 0.27364138553289363,
    "maturity_t": 0.701090533157715,
    "early_diff_L": 0.25681928401056087,
    "early_diff_H": 0.5531297446905723,
    "early_diff_VH": 0.6592503358959462,
    "late_diff_L": 0.2438958271900121,
    "late_diff_H": 0.7770425512682255,
    "a_early_diff_u": 3.776685160141881,
    "a_early_diff_d": 0.16395673267874045,
    "a_late_diff_u": 2.586373989459222,
    "a_late_diff_d": 0.5442332964752712,
    "diff_time": 743.1801189022672,
    "a_Valles_2020_ALP": 339.0958849001613,
    "a_Valles_2020_ARS": 587.986363550855
}