{
    "ALP_M_n": 9.231205038613329,
    "ARS_M_n": 0.7171858763994191,
    "ALP_0": 0.524284150692558,
    "ARS_0": 0.12902227060646296,
    "maturity_t": 0.39043674475378964,
    "early_diff_L": 0.2063570923601155,
    "early_diff_H": 0.6789911908928248,
    "early_diff_VH": 0.9038883119958648,
    "late_diff_L": 0.23585205487105698,
    "late_diff_H": 0.6077538572632984,
    "a_early_diff_u": 3.007315775933975,
    "a_early_diff_d": 0.3095415213052741,
    "a_late_diff_u": 1.5776639493209537,
    "a_late_diff_d": 0.09647746442928387,
    "diff_time": 1036.7997410521948,
    "a_Valles_2020_ALP": 912.4317676718763,
    "a_Valles_2020_ARS": 779.1793624056073
}