{
    "ALP_M_n": 9.74998172104552,
    "ARS_M_n": 1.1162661592820162,
    "ALP_0": 0.5049636136828398,
    "ARS_0": 0.474055445532774,
    "maturity_t": 0.40617432110340373,
    "early_diff_L": 0.3132416347806168,
    "early_diff_H": 0.612494147040574,
    "early_diff_VH": 0.9875618466469449,
    "late_diff_L": 0.38202807021893914,
    "late_diff_H": 0.6534143014286101,
    "a_early_diff_u": 4.2162624785777565,
    "a_early_diff_d": 0.2576975360259503,
    "a_late_diff_u": 1.9305492084397113,
    "a_late_diff_d": 0.40797204512465574,
    "diff_time": 964.3524614778781,
    "a_Valles_2020_ALP": 938.361530444496,
    "a_Valles_2020_ARS": 551.0148008833261
}