{
    "ALP_M_n": 9.970349732811366,
    "ARS_M_n": 1.1657298861262178,
    "ALP_0": 0.6554453324859414,
    "ARS_0": 0.6964107243309751,
    "maturity_t": 0.37028586612175507,
    "early_diff_L": 0.19200658460103726,
    "early_diff_H": 0.6813394882578814,
    "early_diff_VH": 0.9631629456122849,
    "late_diff_L": 0.25852667141151875,
    "late_diff_H": 0.7146062967879725,
    "a_early_diff_u": 3.237208381219628,
    "a_early_diff_d": 0.7107977498670027,
    "a_late_diff_u": 3.2959615336255492,
    "a_late_diff_d": 0.23300200269232396,
    "diff_time": 1074.631127389572,
    "a_Valles_2020_ALP": 276.2881142563702,
    "a_Valles_2020_ARS": 459.15761879273117
}