{
    "ALP_M_n": 1.6031723731757104,
    "ARS_M_n": 1.258977442084594,
    "ALP_0": 0.3838057920754211,
    "ARS_0": 0.7481786464716326,
    "maturity_t": 0.7321002887517163,
    "early_diff_L": 0.1156509157070909,
    "early_diff_H": 0.6189493485044286,
    "early_diff_VH": 0.7428101347532127,
    "late_diff_L": 0.34724921533879843,
    "late_diff_H": 0.8134182087022802,
    "a_early_diff_u": 3.6853697576593,
    "a_early_diff_d": 0.7588045258879854,
    "a_late_diff_u": 1.0989575769229707,
    "a_late_diff_d": 0.1268559117328225,
    "diff_time": 1030.1278480263925,
    "a_Valles_2020_ALP": 352.2848525415137,
    "a_Valles_2020_ARS": 420.60742025615303
}