{
    "ALP_M_n": 1.3811100965514507,
    "ARS_M_n": 1.1641842146161894,
    "ALP_0": 0.2600600682396481,
    "ARS_0": 0.6526523957004988,
    "maturity_t": 0.732885211226983,
    "early_diff_L": 0.20693856244807346,
    "early_diff_H": 0.6334417143178227,
    "early_diff_VH": 0.8838044924394901,
    "late_diff_L": 0.32572999290270305,
    "late_diff_H": 0.6682484032307549,
    "a_early_diff_u": 3.390278638338509,
    "a_early_diff_d": 0.15845694037323138,
    "a_late_diff_u": 0.48715389752633875,
    "a_late_diff_d": 0.9217158994352386,
    "diff_time": 1049.2872119216886,
    "a_Valles_2020_ALP": 424.1268493701713,
    "a_Valles_2020_ARS": 473.7084059690871
}