{
    "ALP_M_n": 9.969680319779076,
    "ARS_M_n": 1.1328916247936252,
    "ALP_0": 0.6614800197758893,
    "ARS_0": 0.6410211616521266,
    "maturity_t": 0.3757749673010103,
    "early_diff_L": 0.2959514457628183,
    "early_diff_H": 0.7455818547400379,
    "early_diff_VH": 0.8184405290073933,
    "late_diff_L": 0.2542395257235799,
    "late_diff_H": 0.6170564914621887,
    "a_early_diff_u": 2.3834933699775656,
    "a_early_diff_d": 0.023308810581297634,
    "a_late_diff_u": 0.5177629754502244,
    "a_late_diff_d": 0.05185638196894285,
    "diff_time": 1059.788651380321,
    "a_Valles_2020_ALP": 248.32913991124587,
    "a_Valles_2020_ARS": 484.970553009646
}