{
    "ALP_M_n": 2.3412041637235297,
    "ARS_M_n": 1.0612402880366114,
    "ALP_0": 0.7856836586412876,
    "ARS_0": 0.5658717196230953,
    "maturity_t": 0.7210964269877789,
    "early_diff_L": 0.24363865295253062,
    "early_diff_H": 0.6820391505910615,
    "early_diff_VH": 0.8836738565264751,
    "late_diff_L": 0.328120901187411,
    "late_diff_H": 0.7408684856006985,
    "a_early_diff_u": 2.5830228482993127,
    "a_early_diff_d": 0.6391858773388398,
    "a_late_diff_u": 3.5334008112118,
    "a_late_diff_d": 0.869161676296822,
    "diff_time": 1072.0166795945104,
    "a_Valles_2020_ALP": 160.84847177528803,
    "a_Valles_2020_ARS": 528.3309534147171
}