{
    "ALP_M_n": 1.8228336626669,
    "ARS_M_n": 1.3125073445635467,
    "ALP_0": 0.5028686186237253,
    "ARS_0": 0.8573961852310665,
    "maturity_t": 0.7268526513462322,
    "early_diff_L": 0.15050673777496032,
    "early_diff_H": 0.6460912959494147,
    "early_diff_VH": 0.9378780802933445,
    "late_diff_L": 0.39522164707152385,
    "late_diff_H": 0.7668772367954146,
    "a_early_diff_u": 3.1910450884907937,
    "a_early_diff_d": 0.8774465033639587,
    "a_late_diff_u": 0.4618602176816382,
    "a_late_diff_d": 0.11073757083313873,
    "diff_time": 1063.8054576161485,
    "a_Valles_2020_ALP": 288.1022441291012,
    "a_Valles_2020_ARS": 377.2564320744703
}