{
    "ALP_M_n": 1.5168394050672278,
    "ARS_M_n": 1.2774157672361595,
    "ALP_0": 0.17530409347679402,
    "ARS_0": 0.4821452876025893,
    "maturity_t": 0.7210344196624936,
    "early_diff_L": 0.3501069523209133,
    "early_diff_H": 0.7126255451749299,
    "early_diff_VH": 0.8857925511682523,
    "late_diff_L": 0.15353317499893815,
    "late_diff_H": 0.7832535059818558,
    "a_early_diff_u": 1.5147248236283184,
    "a_early_diff_d": 0.9506830838821627,
    "a_late_diff_u": 3.5006493611363587,
    "a_late_diff_d": 0.7647643701102048,
    "diff_time": 891.2931165529325,
    "a_Valles_2020_ALP": 495.8399788516929,
    "a_Valles_2020_ARS": 514.7938536180122
}