{
    "ALP_M_n": 2.5158670846811826,
    "ARS_M_n": 1.2853330677504937,
    "ALP_0": 0.3533944335647012,
    "ARS_0": 0.19561686688107438,
    "maturity_t": 0.7036567001696773,
    "early_diff_L": 0.23970036866351105,
    "early_diff_H": 0.5509289293036126,
    "early_diff_VH": 0.9471948546777872,
    "late_diff_L": 0.3062953282162077,
    "late_diff_H": 0.7405316126299638,
    "a_early_diff_u": 4.339464921434714,
    "a_early_diff_d": 0.8077732506050428,
    "a_late_diff_u": 1.4591051868786096,
    "a_late_diff_d": 0.898477238053127,
    "diff_time": 769.5736765765009,
    "a_Valles_2020_ALP": 365.28090030270107,
    "a_Valles_2020_ARS": 675.976586360484
}