{
    "ALP_M_n": 2.7333282846225146,
    "ARS_M_n": 1.3943815375471171,
    "ALP_0": 0.661100194804072,
    "ARS_0": 0.5309863721988778,
    "maturity_t": 0.7119727614272489,
    "early_diff_L": 0.19216555959815865,
    "early_diff_H": 0.6573061913589442,
    "early_diff_VH": 0.7672407911224786,
    "late_diff_L": 0.19518453541914432,
    "late_diff_H": 0.8861897947669277,
    "a_early_diff_u": 1.9373140539400224,
    "a_early_diff_d": 0.0022429582531726666,
    "a_late_diff_u": 1.4360278042590333,
    "a_late_diff_d": 0.34908449816575815,
    "diff_time": 867.5286434219065,
    "a_Valles_2020_ALP": 176.55801469219412,
    "a_Valles_2020_ARS": 469.297330843744
}