{
    "ALP_M_n": 1.7558042729849788,
    "ARS_M_n": 1.0644423248755077,
    "ALP_0": 0.23029127781899614,
    "ARS_0": 0.20260732426425238,
    "maturity_t": 0.7159755431913797,
    "early_diff_L": 0.3691173956981805,
    "early_diff_H": 0.6527864515627716,
    "early_diff_VH": 0.9286046829436585,
    "late_diff_L": 0.2733679749602188,
    "late_diff_H": 0.7201900159760388,
    "a_early_diff_u": 1.9400757501327957,
    "a_early_diff_d": 0.06387925080079676,
    "a_late_diff_u": 1.8554448353018305,
    "a_late_diff_d": 0.7717000174035203,
    "diff_time": 859.5460546835274,
    "a_Valles_2020_ALP": 462.7694066754144,
    "a_Valles_2020_ARS": 698.3961745408546
}