{
    "ALP_M_n": 2.7903985469373023,
    "ARS_M_n": 1.5700786999971719,
    "ALP_0": 0.27660687572648174,
    "ARS_0": 0.18363041496317134,
    "maturity_t": 0.6992335822292054,
    "early_diff_L": 0.2663705289163408,
    "early_diff_H": 0.5811166723864243,
    "early_diff_VH": 0.9670307745399855,
    "late_diff_L": 0.3209493511756741,
    "late_diff_H": 0.7552023757956529,
    "a_early_diff_u": 2.1640773052439277,
    "a_early_diff_d": 0.539005934972065,
    "a_late_diff_u": 4.997510918204169,
    "a_late_diff_d": 0.43417975157350114,
    "diff_time": 712.0885364242725,
    "a_Valles_2020_ALP": 449.6624448892626,
    "a_Valles_2020_ARS": 652.3310030790666
}