{
    "ALP_M_n": 0.8623481435876993,
    "ARS_M_n": 0.7356226671947369,
    "ALP_0": 0.0024234211987574404,
    "ARS_0": 0.18212378281665212,
    "maturity_t": 0.7462574493569767,
    "early_diff_L": 0.34729953412938375,
    "early_diff_H": 0.6352870412115061,
    "early_diff_VH": 0.824591630657122,
    "late_diff_L": 0.16457110281867238,
    "late_diff_H": 0.6934881619015756,
    "a_early_diff_u": 3.3943168960215746,
    "a_early_diff_d": 0.21114865345286793,
    "a_late_diff_u": 1.8202481753630781,
    "a_late_diff_d": 0.1985914772854212,
    "diff_time": 1067.9310139968386,
    "a_Valles_2020_ALP": 539.0765384044583,
    "a_Valles_2020_ARS": 751.6167117591448
}