{
    "ALP_M_n": 8.859987967372946,
    "ARS_M_n": 1.2434653506582005,
    "ALP_0": 0.5282167164019153,
    "ARS_0": 0.7743497670131126,
    "maturity_t": 0.3805752730438237,
    "early_diff_L": 0.10356092017608515,
    "early_diff_H": 0.6234703243407643,
    "early_diff_VH": 0.8187862912741186,
    "late_diff_L": 0.24598181095415406,
    "late_diff_H": 0.8530938340340017,
    "a_early_diff_u": 4.658358728452054,
    "a_early_diff_d": 0.45050283967847277,
    "a_late_diff_u": 0.40349530031013137,
    "a_late_diff_d": 0.11381123526757676,
    "diff_time": 1071.0960075466926,
    "a_Valles_2020_ALP": 918.600584214077,
    "a_Valles_2020_ARS": 416.62686453413284
}