{
    "ALP_M_n": 9.98510682006726,
    "ARS_M_n": 1.09260113986788,
    "ALP_0": 0.5672547669189741,
    "ARS_0": 0.46093742470624854,
    "maturity_t": 0.40109563637709816,
    "early_diff_L": 0.16355325208469457,
    "early_diff_H": 0.6256801883085553,
    "early_diff_VH": 0.9178098441660653,
    "late_diff_L": 0.3710453557856724,
    "late_diff_H": 0.6389407633237345,
    "a_early_diff_u": 3.9886153601239345,
    "a_early_diff_d": 0.5960452786640777,
    "a_late_diff_u": 0.7381451020016989,
    "a_late_diff_d": 0.05293784278918511,
    "diff_time": 975.068820471342,
    "a_Valles_2020_ALP": 502.5936592171818,
    "a_Valles_2020_ARS": 561.9377876728868
}