{
    "ALP_M_n": 2.4733971449927403,
    "ARS_M_n": 0.9559967935549766,
    "ALP_0": 0.5439194241453038,
    "ARS_0": 0.1405607284717394,
    "maturity_t": 0.7088079635819571,
    "early_diff_L": 0.2281749258573471,
    "early_diff_H": 0.6237636535413895,
    "early_diff_VH": 0.8135540138280861,
    "late_diff_L": 0.24158406470927232,
    "late_diff_H": 0.632025089213822,
    "a_early_diff_u": 2.4817275082701507,
    "a_early_diff_d": 0.3642696552975102,
    "a_late_diff_u": 1.6646120267446056,
    "a_late_diff_d": 0.49337801585612096,
    "diff_time": 874.6496132892987,
    "a_Valles_2020_ALP": 240.55364696681917,
    "a_Valles_2020_ARS": 749.5486800553118
}