{
    "ALP_M_n": 1.9739883071651523,
    "ARS_M_n": 1.0268890686320566,
    "ALP_0": 0.553363443639649,
    "ARS_0": 0.44909099695380134,
    "maturity_t": 0.724159474660107,
    "early_diff_L": 0.1318507813901153,
    "early_diff_H": 0.6536609350516551,
    "early_diff_VH": 0.8688364953026307,
    "late_diff_L": 0.29471442121371044,
    "late_diff_H": 0.8578293086566349,
    "a_early_diff_u": 2.886745716164246,
    "a_early_diff_d": 0.7238195079080083,
    "a_late_diff_u": 4.461425816249944,
    "a_late_diff_d": 0.5389812822135007,
    "diff_time": 1037.0181041904154,
    "a_Valles_2020_ALP": 258.9874486055676,
    "a_Valles_2020_ARS": 580.6682964878573
}