{
    "ALP_M_n": 2.1622264828774402,
    "ARS_M_n": 0.7726698887257127,
    "ALP_0": 0.618453024971502,
    "ARS_0": 0.15959255447749707,
    "maturity_t": 0.717469738433947,
    "early_diff_L": 0.24471850820863045,
    "early_diff_H": 0.6271471179542828,
    "early_diff_VH": 0.9781691795193872,
    "late_diff_L": 0.1234467751357683,
    "late_diff_H": 0.7354880180287695,
    "a_early_diff_u": 3.2793956069706445,
    "a_early_diff_d": 0.24258706824473397,
    "a_late_diff_u": 1.7994916714493947,
    "a_late_diff_d": 0.6857576329908635,
    "diff_time": 1011.0910252476777,
    "a_Valles_2020_ALP": 224.53369545399838,
    "a_Valles_2020_ARS": 758.0432496749846
}