{
    "ALP_M_n": 1.9383784212809214,
    "ARS_M_n": 1.3014230994336091,
    "ALP_0": 0.27268188766908485,
    "ARS_0": 0.38869711193118445,
    "maturity_t": 0.7150105915816217,
    "early_diff_L": 0.2829973597325611,
    "early_diff_H": 0.6099786238457598,
    "early_diff_VH": 0.8685634414549106,
    "late_diff_L": 0.18765068203202295,
    "late_diff_H": 0.8290629048463263,
    "a_early_diff_u": 2.54151521490627,
    "a_early_diff_d": 0.5296497554734676,
    "a_late_diff_u": 1.4121099053973545,
    "a_late_diff_d": 0.2932714808807111,
    "diff_time": 836.332292508504,
    "a_Valles_2020_ALP": 430.20393159885543,
    "a_Valles_2020_ARS": 553.1200270478556
}