{
    "ALP_M_n": 9.405681337625458,
    "ARS_M_n": 0.9173633269603295,
    "ALP_0": 0.5524052084417801,
    "ARS_0": 0.3670427751936722,
    "maturity_t": 0.3889140966184411,
    "early_diff_L": 0.16811173867945992,
    "early_diff_H": 0.6819611269916471,
    "early_diff_VH": 0.7605510740283711,
    "late_diff_L": 0.32074227985276654,
    "late_diff_H": 0.6407902188784992,
    "a_early_diff_u": 3.013341451222863,
    "a_early_diff_d": 0.7868898396539298,
    "a_late_diff_u": 0.4251466963284338,
    "a_late_diff_d": 0.15519741182607213,
    "diff_time": 1048.416945436326,
    "a_Valles_2020_ALP": 718.3787543532543,
    "a_Valles_2020_ARS": 638.6522105008
}