{
    "ALP_M_n": 1.71533624808086,
    "ARS_M_n": 1.1837889015949137,
    "ALP_0": 0.42182034268263974,
    "ARS_0": 0.6643245749241791,
    "maturity_t": 0.7273706347286255,
    "early_diff_L": 0.11676050980577099,
    "early_diff_H": 0.7405463864809385,
    "early_diff_VH": 0.8903679657742204,
    "late_diff_L": 0.3056349488947798,
    "late_diff_H": 0.8910236251614188,
    "a_early_diff_u": 1.8349418273254696,
    "a_early_diff_d": 0.653463229740644,
    "a_late_diff_u": 2.418553914290934,
    "a_late_diff_d": 0.8193871929022041,
    "diff_time": 1034.5243696754653,
    "a_Valles_2020_ALP": 330.86922692663296,
    "a_Valles_2020_ARS": 465.06424822957985
}