{
    "ALP_M_n": 8.526757802421072,
    "ARS_M_n": 1.317091054384693,
    "ALP_0": 0.5178943064376803,
    "ARS_0": 0.8878579772784855,
    "maturity_t": 0.37492950202071135,
    "early_diff_L": 0.23585371837019325,
    "early_diff_H": 0.6812865310330648,
    "early_diff_VH": 0.7486540751176712,
    "late_diff_L": 0.22724952207278284,
    "late_diff_H": 0.6788101840791517,
    "a_early_diff_u": 3.259826821865096,
    "a_early_diff_d": 0.6751646177180458,
    "a_late_diff_u": 1.1893682383830506,
    "a_late_diff_d": 0.11295442419942948,
    "diff_time": 1076.885714632643,
    "a_Valles_2020_ALP": 980.5162433895297,
    "a_Valles_2020_ARS": 368.0828249335873
}