{
    "ALP_M_n": 9.90066586508977,
    "ARS_M_n": 0.9591887129838532,
    "ALP_0": 0.5282821467482023,
    "ARS_0": 0.30511695105826314,
    "maturity_t": 0.4030223012516258,
    "early_diff_L": 0.38550109752546435,
    "early_diff_H": 0.6376212857578127,
    "early_diff_VH": 0.8752047166053524,
    "late_diff_L": 0.2652888996028389,
    "late_diff_H": 0.629108497841074,
    "a_early_diff_u": 3.4913265790141024,
    "a_early_diff_d": 0.8789887995597614,
    "a_late_diff_u": 4.541742423058562,
    "a_late_diff_d": 0.29630996843691326,
    "diff_time": 963.5079543701813,
    "a_Valles_2020_ALP": 733.3873760076145,
    "a_Valles_2020_ARS": 658.5788916263375
}