{
    "ALP_M_n": 1.1839964120618636,
    "ARS_M_n": 1.1617823911330485,
    "ALP_0": 0.17183365225879113,
    "ARS_0": 0.6694897124002459,
    "maturity_t": 0.7399992224378187,
    "early_diff_L": 0.20122478314775127,
    "early_diff_H": 0.6203211396871238,
    "early_diff_VH": 0.9104833434645584,
    "late_diff_L": 0.21913003841580622,
    "late_diff_H": 0.7092895501311599,
    "a_early_diff_u": 3.832276455011768,
    "a_early_diff_d": 0.24315589222676282,
    "a_late_diff_u": 0.5852063393123381,
    "a_late_diff_d": 0.8025272969286246,
    "diff_time": 1059.0243592612644,
    "a_Valles_2020_ALP": 468.4998303683105,
    "a_Valles_2020_ARS": 468.73402734313333
}