{
    "ALP_M_n": 0.8826896630358197,
    "ARS_M_n": 1.3958590012349332,
    "ALP_0": 0.0009033368931409347,
    "ARS_0": 0.8856919273340692,
    "maturity_t": 0.753538043311938,
    "early_diff_L": 0.24803764631894457,
    "early_diff_H": 0.5908313768525195,
    "early_diff_VH": 0.7041955351141121,
    "late_diff_L": 0.27036962621871274,
    "late_diff_H": 0.6711783324982805,
    "a_early_diff_u": 4.869210313469905,
    "a_early_diff_d": 0.4840429407262751,
    "a_late_diff_u": 1.5954309045766866,
    "a_late_diff_d": 0.37643532400234736,
    "diff_time": 1033.3959377069702,
    "a_Valles_2020_ALP": 538.6020368792474,
    "a_Valles_2020_ARS": 350.67300290494984
}