{
    "ALP_M_n": 1.5657968172190215,
    "ARS_M_n": 1.1495908526333574,
    "ALP_0": 0.3366115570326561,
    "ARS_0": 0.6019005490486601,
    "maturity_t": 0.7305727180914312,
    "early_diff_L": 0.27732551265105576,
    "early_diff_H": 0.742895712362633,
    "early_diff_VH": 0.8954203957210342,
    "late_diff_L": 0.19233830678086888,
    "late_diff_H": 0.6375947490401819,
    "a_early_diff_u": 1.767426451665094,
    "a_early_diff_d": 0.7092511248097302,
    "a_late_diff_u": 4.281971251602672,
    "a_late_diff_d": 0.9857893866055172,
    "diff_time": 1018.2924718786302,
    "a_Valles_2020_ALP": 379.3430187773899,
    "a_Valles_2020_ARS": 493.91692233155777
}