{
    "ALP_M_n": 1.0756907252323087,
    "ARS_M_n": 1.2668883764172316,
    "ALP_0": 0.007733783037661568,
    "ARS_0": 0.4788159789039144,
    "maturity_t": 0.9585131185494395,
    "early_diff_L": 0.2032215615749687,
    "early_diff_H": 0.6671398947702035,
    "early_diff_VH": 0.7433603524003958,
    "late_diff_L": 0.2591749166483322,
    "late_diff_H": 0.8665996817465103,
    "a_early_diff_u": 2.079141889228464,
    "a_early_diff_d": 0.5788932450794948,
    "a_late_diff_u": 2.703926368609666,
    "a_late_diff_d": 0.18859242105406093,
    "diff_time": 916.8614429310841,
    "a_Valles_2020_ALP": 576.4087498211858,
    "a_Valles_2020_ARS": 517.7639381741606
}