{
    "ALP_M_n": 1.0267972220664812,
    "ARS_M_n": 1.2178430252529808,
    "ALP_0": 0.03494901700333796,
    "ARS_0": 0.5760945566849747,
    "maturity_t": 0.7414324591960259,
    "early_diff_L": 0.256941037688368,
    "early_diff_H": 0.6943387827247509,
    "early_diff_VH": 0.8444680562266591,
    "late_diff_L": 0.1507109821587828,
    "late_diff_H": 0.6707855583159993,
    "a_early_diff_u": 1.995753852183565,
    "a_early_diff_d": 0.7081349922816295,
    "a_late_diff_u": 3.435043965863121,
    "a_late_diff_d": 0.7736292471807453,
    "diff_time": 969.9485121530354,
    "a_Valles_2020_ALP": 544.65287968181,
    "a_Valles_2020_ARS": 488.4544234904321
}