{
    "ALP_M_n": 1.0075906531848633,
    "ARS_M_n": 0.9217271149450659,
    "ALP_0": 0.08073980182168446,
    "ARS_0": 0.38632174096276267,
    "maturity_t": 0.7464513621083896,
    "early_diff_L": 0.30883643106428127,
    "early_diff_H": 0.703005599064956,
    "early_diff_VH": 0.923225002620882,
    "late_diff_L": 0.2990374328557424,
    "late_diff_H": 0.7986293241138175,
    "a_early_diff_u": 2.297491853019787,
    "a_early_diff_d": 0.5599060832249824,
    "a_late_diff_u": 2.907035402362737,
    "a_late_diff_d": 0.32144764784006913,
    "diff_time": 1065.414960339579,
    "a_Valles_2020_ALP": 508.47411166689847,
    "a_Valles_2020_ARS": 628.490077310357
}