{
    "ALP_M_n": 9.565423401479313,
    "ARS_M_n": 1.5330951308299048,
    "ALP_0": 0.5045570322335609,
    "ARS_0": 0.9380407947905045,
    "maturity_t": 0.39882060009358705,
    "early_diff_L": 0.3015391879202748,
    "early_diff_H": 0.6566326143361206,
    "early_diff_VH": 0.6910350662351843,
    "late_diff_L": 0.16302571689235223,
    "late_diff_H": 0.6581149047491229,
    "a_early_diff_u": 3.1023210104148813,
    "a_early_diff_d": 0.6198419866137738,
    "a_late_diff_u": 2.5564329942278157,
    "a_late_diff_d": 0.4526163824170935,
    "diff_time": 969.3987887870117,
    "a_Valles_2020_ALP": 934.296648784848,
    "a_Valles_2020_ARS": 308.2825944335106
}