{
    "ALP_M_n": 9.629630093501065,
    "ARS_M_n": 1.5130507786141132,
    "ALP_0": 0.4995214641622965,
    "ARS_0": 0.8874183647943635,
    "maturity_t": 0.4076397428489514,
    "early_diff_L": 0.3031147099235181,
    "early_diff_H": 0.6305534226740284,
    "early_diff_VH": 0.8782739773887067,
    "late_diff_L": 0.29687455175239863,
    "late_diff_H": 0.7528819334121186,
    "a_early_diff_u": 3.647042784955347,
    "a_early_diff_d": 0.8932831575742621,
    "a_late_diff_u": 3.5501355868654105,
    "a_late_diff_d": 0.17769110342990596,
    "diff_time": 957.0322053325066,
    "a_Valles_2020_ALP": 949.9778483716489,
    "a_Valles_2020_ARS": 325.1990233016916
}