{
    "ALP_M_n": 9.919122577568356,
    "ARS_M_n": 1.3759809106243495,
    "ALP_0": 0.6534061177834316,
    "ARS_0": 0.9533196127726816,
    "maturity_t": 0.3712801502356091,
    "early_diff_L": 0.3919724463378686,
    "early_diff_H": 0.7157512839360448,
    "early_diff_VH": 0.7854840104090097,
    "late_diff_L": 0.17415731068893509,
    "late_diff_H": 0.819881006422001,
    "a_early_diff_u": 2.7330816498010746,
    "a_early_diff_d": 0.23679721714856228,
    "a_late_diff_u": 3.0794532465972524,
    "a_late_diff_d": 0.14301704795443348,
    "diff_time": 1076.689672186417,
    "a_Valles_2020_ALP": 283.3943103041976,
    "a_Valles_2020_ARS": 338.3125963020923
}