{
    "ALP_M_n": 1.6789353649843872,
    "ARS_M_n": 1.0352574968035018,
    "ALP_0": 0.42940662059845935,
    "ARS_0": 0.46355745825449585,
    "maturity_t": 0.8012369418511572,
    "early_diff_L": 0.13519891781532706,
    "early_diff_H": 0.7341571178853448,
    "early_diff_VH": 0.8292803601276071,
    "late_diff_L": 0.3584624667018225,
    "late_diff_H": 0.826698345680121,
    "a_early_diff_u": 1.9798145236678628,
    "a_early_diff_d": 0.9260460734619956,
    "a_late_diff_u": 1.0736932291369499,
    "a_late_diff_d": 0.6123142646319117,
    "diff_time": 1060.1298906786806,
    "a_Valles_2020_ALP": 327.5596889709087,
    "a_Valles_2020_ARS": 573.2663830391086
}