{
    "ALP_M_n": 8.675216419121835,
    "ARS_M_n": 1.0563304485884628,
    "ALP_0": 0.5212560993134665,
    "ARS_0": 0.5450618041203703,
    "maturity_t": 0.37461582016516837,
    "early_diff_L": 0.17106094281872858,
    "early_diff_H": 0.6218220736836235,
    "early_diff_VH": 0.9622252420537312,
    "late_diff_L": 0.35421627014711743,
    "late_diff_H": 0.6902501775295383,
    "a_early_diff_u": 4.758904154051362,
    "a_early_diff_d": 0.694400146378759,
    "a_late_diff_u": 1.6722215196276542,
    "a_late_diff_d": 0.07183133367884571,
    "diff_time": 1056.8120350702761,
    "a_Valles_2020_ALP": 915.2564218531879,
    "a_Valles_2020_ARS": 536.7286602605938
}