{
    "ALP_M_n": 0.9882156931464964,
    "ARS_M_n": 0.9996355494094339,
    "ALP_0": 0.04082646329206199,
    "ARS_0": 0.42911880147838377,
    "maturity_t": 0.7408978292121441,
    "early_diff_L": 0.17122905804761035,
    "early_diff_H": 0.6088175135934575,
    "early_diff_VH": 0.7680023771288921,
    "late_diff_L": 0.11901438373142123,
    "late_diff_H": 0.7889719124070517,
    "a_early_diff_u": 3.922771348466298,
    "a_early_diff_d": 0.09230104214212831,
    "a_late_diff_u": 2.2315361625896553,
    "a_late_diff_d": 0.580700834386036,
    "diff_time": 1022.3563519318477,
    "a_Valles_2020_ALP": 535.7169579284048,
    "a_Valles_2020_ARS": 595.3374030881346
}