{
    "ALP_M_n": 1.1948059660315278,
    "ARS_M_n": 0.9163967182468246,
    "ALP_0": 0.024610705207993522,
    "ARS_0": 0.13006221808660598,
    "maturity_t": 0.7241878097424035,
    "early_diff_L": 0.16229372845112028,
    "early_diff_H": 0.5924150078536963,
    "early_diff_VH": 0.7625067291525415,
    "late_diff_L": 0.33253792624514256,
    "late_diff_H": 0.772509631421236,
    "a_early_diff_u": 3.3725592528416684,
    "a_early_diff_d": 0.4142326840794245,
    "a_late_diff_u": 0.6658395396791814,
    "a_late_diff_d": 0.6311357188896697,
    "diff_time": 882.424908129245,
    "a_Valles_2020_ALP": 593.4153395549846,
    "a_Valles_2020_ARS": 760.2138884638449
}