{
    "ALP_M_n": 9.98448058031429,
    "ARS_M_n": 1.2054647880766174,
    "ALP_0": 0.5758803528609011,
    "ARS_0": 0.6118199852264555,
    "maturity_t": 0.39780199281860956,
    "early_diff_L": 0.12295554201385242,
    "early_diff_H": 0.6158974850962512,
    "early_diff_VH": 0.9201806272790122,
    "late_diff_L": 0.2150145083175503,
    "late_diff_H": 0.6015449687367374,
    "a_early_diff_u": 4.418546061017114,
    "a_early_diff_d": 0.9864591414968035,
    "a_late_diff_u": 2.898883666771588,
    "a_late_diff_d": 0.10929773676957621,
    "diff_time": 988.5516147158123,
    "a_Valles_2020_ALP": 481.17050389104924,
    "a_Valles_2020_ARS": 478.3451194028344
}