{
    "ALP_M_n": 1.5845331408533492,
    "ARS_M_n": 1.054779785396979,
    "ALP_0": 0.3818434968382329,
    "ARS_0": 0.5678580233744926,
    "maturity_t": 0.7282974115369675,
    "early_diff_L": 0.1951601877978403,
    "early_diff_H": 0.6177830997507131,
    "early_diff_VH": 0.7123031267082982,
    "late_diff_L": 0.37102464884221864,
    "late_diff_H": 0.8138626019626046,
    "a_early_diff_u": 3.990142249186454,
    "a_early_diff_d": 0.693530545906483,
    "a_late_diff_u": 0.29589482738807726,
    "a_late_diff_d": 0.6783532195292099,
    "diff_time": 1072.7160666640057,
    "a_Valles_2020_ALP": 355.9148184877141,
    "a_Valles_2020_ARS": 528.948429566156
}