{
    "ALP_M_n": 9.318236727704495,
    "ARS_M_n": 1.1873052195976672,
    "ALP_0": 0.510772026421214,
    "ARS_0": 0.612043085598999,
    "maturity_t": 0.3999137513331967,
    "early_diff_L": 0.18714052704693532,
    "early_diff_H": 0.6309379376474655,
    "early_diff_VH": 0.8795656325454939,
    "late_diff_L": 0.2946443323485848,
    "late_diff_H": 0.6847660059682851,
    "a_early_diff_u": 3.9319109614307326,
    "a_early_diff_d": 0.2706161899988354,
    "a_late_diff_u": 1.9955225583384062,
    "a_late_diff_d": 0.269698714011512,
    "diff_time": 1011.2809570906323,
    "a_Valles_2020_ALP": 981.9094682995363,
    "a_Valles_2020_ARS": 482.13926423152424
}