{
    "ALP_M_n": 9.424543427528448,
    "ARS_M_n": 1.0646365111417562,
    "ALP_0": 0.49634201659647603,
    "ARS_0": 0.4137884005615942,
    "maturity_t": 0.4048053417946724,
    "early_diff_L": 0.23532684189332279,
    "early_diff_H": 0.6594496923356697,
    "early_diff_VH": 0.8245741022167896,
    "late_diff_L": 0.18974532774767833,
    "late_diff_H": 0.6825377662965052,
    "a_early_diff_u": 3.053094608886474,
    "a_early_diff_d": 0.6531799346586592,
    "a_late_diff_u": 1.126629062632486,
    "a_late_diff_d": 0.07224344682039059,
    "diff_time": 961.3989087974431,
    "a_Valles_2020_ALP": 969.0267176467745,
    "a_Valles_2020_ARS": 588.0204356123702
}