{
    "ALP_M_n": 1.1213198465150078,
    "ARS_M_n": 0.8930820977415379,
    "ALP_0": 0.07774492997801208,
    "ARS_0": 0.26402088320582134,
    "maturity_t": 0.7333720012052238,
    "early_diff_L": 0.31237830894308366,
    "early_diff_H": 0.6436896479797352,
    "early_diff_VH": 0.9155530606411657,
    "late_diff_L": 0.37169395140843076,
    "late_diff_H": 0.7914144014146061,
    "a_early_diff_u": 2.7631798438753488,
    "a_early_diff_d": 0.4914948130234025,
    "a_late_diff_u": 1.4968776858447725,
    "a_late_diff_d": 0.6592177369560628,
    "diff_time": 985.5385864522882,
    "a_Valles_2020_ALP": 531.1238459508589,
    "a_Valles_2020_ARS": 689.3714104545659
}