{
    "ALP_M_n": 1.7822485568913822,
    "ARS_M_n": 0.8689684335952631,
    "ALP_0": 0.4887666622593965,
    "ARS_0": 0.3376389646505443,
    "maturity_t": 0.7244920915253835,
    "early_diff_L": 0.15646984475982045,
    "early_diff_H": 0.6570405386326839,
    "early_diff_VH": 0.8476923549029607,
    "late_diff_L": 0.1590286852993938,
    "late_diff_H": 0.7254259580439856,
    "a_early_diff_u": 3.0180693725075,
    "a_early_diff_d": 0.4239209623652223,
    "a_late_diff_u": 0.6896059133359707,
    "a_late_diff_d": 0.9726636421342031,
    "diff_time": 1079.1173942610455,
    "a_Valles_2020_ALP": 297.59347715736527,
    "a_Valles_2020_ARS": 660.1513617872827
}