{
    "ALP_M_n": 1.4538111890852632,
    "ARS_M_n": 1.304047682138005,
    "ALP_0": 0.13326527837075505,
    "ARS_0": 0.5099334814680978,
    "maturity_t": 0.7224420855247504,
    "early_diff_L": 0.3240723208728812,
    "early_diff_H": 0.5881216032721965,
    "early_diff_VH": 0.6989421287747786,
    "late_diff_L": 0.20456460969051848,
    "late_diff_H": 0.7844217586615151,
    "a_early_diff_u": 3.5984784094270985,
    "a_early_diff_d": 0.7018714596506308,
    "a_late_diff_u": 2.5567207219492225,
    "a_late_diff_d": 0.4159535777440401,
    "diff_time": 883.2717217606414,
    "a_Valles_2020_ALP": 526.7876293946256,
    "a_Valles_2020_ARS": 496.57958182939063
}