{
    "ALP_M_n": 9.939941130084513,
    "ARS_M_n": 1.1575507626322719,
    "ALP_0": 0.6320069192556775,
    "ARS_0": 0.6472038601842534,
    "maturity_t": 0.3833777136990627,
    "early_diff_L": 0.25834132256031284,
    "early_diff_H": 0.7334831894588183,
    "early_diff_VH": 0.8509641859244244,
    "late_diff_L": 0.28489874414501004,
    "late_diff_H": 0.6691489826055323,
    "a_early_diff_u": 2.4247041972653793,
    "a_early_diff_d": 0.27356368531673636,
    "a_late_diff_u": 4.110394323364234,
    "a_late_diff_d": 0.044473092222432065,
    "diff_time": 1049.7260303450767,
    "a_Valles_2020_ALP": 325.8122084196138,
    "a_Valles_2020_ARS": 477.1068592384462
}