{
    "ALP_M_n": 8.996492149009912,
    "ARS_M_n": 1.3982070517076506,
    "ALP_0": 0.5088811520692802,
    "ARS_0": 0.8841445007835395,
    "maturity_t": 0.39107785259682765,
    "early_diff_L": 0.3010831436246112,
    "early_diff_H": 0.6083070819066192,
    "early_diff_VH": 0.8148493416270415,
    "late_diff_L": 0.35023183657680396,
    "late_diff_H": 0.8028318921372418,
    "a_early_diff_u": 4.951653892820121,
    "a_early_diff_d": 0.25330823606835096,
    "a_late_diff_u": 3.966097307971789,
    "a_late_diff_d": 0.1064421133294384,
    "diff_time": 1020.7722979158782,
    "a_Valles_2020_ALP": 980.3063459161183,
    "a_Valles_2020_ARS": 350.6115394821796
}