{
    "ALP_M_n": 2.659968336387325,
    "ARS_M_n": 1.398649180854265,
    "ALP_0": 0.41012916641629577,
    "ARS_0": 0.24631079072893453,
    "maturity_t": 0.7054844149894745,
    "early_diff_L": 0.16733480575911208,
    "early_diff_H": 0.5739334059460811,
    "early_diff_VH": 0.6964872666907798,
    "late_diff_L": 0.28259908832765335,
    "late_diff_H": 0.6268591876065528,
    "a_early_diff_u": 3.007318485277126,
    "a_early_diff_d": 0.7353756161434573,
    "a_late_diff_u": 4.167883341415019,
    "a_late_diff_d": 0.24931923613540785,
    "diff_time": 768.570734834337,
    "a_Valles_2020_ALP": 313.95230848636527,
    "a_Valles_2020_ARS": 624.6480016961549
}