{
    "ALP_M_n": 9.917632771088817,
    "ARS_M_n": 1.0600997770439555,
    "ALP_0": 0.5975836101803292,
    "ARS_0": 0.48491144122604113,
    "maturity_t": 0.39124713932468197,
    "early_diff_L": 0.3851787703059185,
    "early_diff_H": 0.625804255631769,
    "early_diff_VH": 0.8752552614084781,
    "late_diff_L": 0.3585192195930354,
    "late_diff_H": 0.6129770741189664,
    "a_early_diff_u": 4.250207065919231,
    "a_early_diff_d": 0.31753142389586586,
    "a_late_diff_u": 3.027440923534032,
    "a_late_diff_d": 0.16107069839447205,
    "diff_time": 1015.9355960355124,
    "a_Valles_2020_ALP": 418.23816035763053,
    "a_Valles_2020_ARS": 558.6688360732737
}