{
    "ALP_M_n": 9.447005097720588,
    "ARS_M_n": 0.8728961593684598,
    "ALP_0": 0.5656622863499159,
    "ARS_0": 0.2848602979267553,
    "maturity_t": 0.3833934715046835,
    "early_diff_L": 0.26618504263586357,
    "early_diff_H": 0.6219251127695417,
    "early_diff_VH": 0.8179404942206275,
    "late_diff_L": 0.2186852323584688,
    "late_diff_H": 0.7185827369719361,
    "a_early_diff_u": 4.4899713497721345,
    "a_early_diff_d": 0.8900473842813021,
    "a_late_diff_u": 0.6054719871703433,
    "a_late_diff_d": 0.046438413081345664,
    "diff_time": 1024.7785075891848,
    "a_Valles_2020_ALP": 579.2491519640824,
    "a_Valles_2020_ARS": 682.9690612557114
}