{
    "ALP_M_n": 1.9249686018691359,
    "ARS_M_n": 1.1575787602410015,
    "ALP_0": 0.3215873827042156,
    "ARS_0": 0.3374603740777815,
    "maturity_t": 0.7148737322875001,
    "early_diff_L": 0.23206857840647377,
    "early_diff_H": 0.6135266857221173,
    "early_diff_VH": 0.8335898299015778,
    "late_diff_L": 0.21633086941313528,
    "late_diff_H": 0.6902010089903823,
    "a_early_diff_u": 2.6891508744604393,
    "a_early_diff_d": 0.41483202523110563,
    "a_late_diff_u": 3.2872998110408345,
    "a_late_diff_d": 0.528031908321409,
    "diff_time": 871.1281870592643,
    "a_Valles_2020_ALP": 392.02180404885405,
    "a_Valles_2020_ARS": 607.0619234441496
}