{"0": 0.030550200783587417, "1": 0.03751511271604771, "2": 0.030732545547676265, "3": 0.03733552613624353, "4": 0.03730795170257445, "5": 0.03032144934880726, "6": 0.03526877560307016, "7": 0.030657881427541913, "8": 0.03229385100123715, "9": 0.03200067807330058, "10": 0.036386914690113674, "11": 0.03710346136618535, "12": 0.03745455932272488, "13": 0.032123908090047476, "14": 0.03053282202689438, "15": 0.03125660218237453, "16": 0.0378817515618333, "17": 0.03243405106130742, "18": 0.03605683400664327, "19": 0.032957148241599475, "20": 0.03173383271445673, "21": 0.03265162772129193, "22": 0.03171613120597507, "23": 0.034792212243856285, "24": 0.037439288789823146, "25": 0.03727695789455394, "26": 0.030418151333047535, "27": 0.03125972934293677, "28": 0.030526084306569102, "29": 0.03177319728814795, "30": 0.038128560910861385, "31": 0.032884999070194154, "32": 0.037787393256183216, "33": 0.030780872168385057, "34": 0.031685852173968264, "35": 0.03812034090879787, "36": 0.032547780852130316, "37": 0.031877701616387054, "38": 0.0321824329955256, "39": 0.03491030431055044, "40": 0.030747843500336918, "41": 0.03238229110538192, "42": 0.03225491054461527, "43": 0.030468016788982314, "44": 0.03125162774977331, "45": 0.03233540764845603, "46": 0.03622368293161717, "47": 0.03138557162332143, "48": 0.036791992504989865, "49": 0.03251245479957463, "50": 0.03136094888999606, "51": 0.03148802610652721, "52": 0.03529736399137425, "53": 0.03807013836433141, "54": 0.03710828999754658, "55": 0.03296669345502911, "56": 0.03048224494005514, "57": 0.03056216419232201, "58": 0.03701129729333963, "59": 0.03040516116656551, "60": 0.03158415903334241, "61": 0.034997233120944576, "62": 0.03110246031678314, "63": 0.0314483968137817, "64": 0.03636009973982541, "65": 0.036863160740733474, "66": 0.036247819751285375, "67": 0.03720294214967837, "68": 0.032291273199325336, "69": 0.031155422300060256, "70": 0.030878966939127773, "71": 0.032144499287369156, "72": 0.030399254280895373, "73": 0.03104408021265007, "74": 0.03227435664815755, "75": 0.03184635422160974, "76": 0.032074663735353386, "77": 0.030338899626426125, "78": 0.037385575751182135, "79": 0.030507537760802398, "80": 0.030457359564680583, "81": 0.0305530046364208, "82": 0.03046044964725575, "83": 0.03043487193207875, "84": 0.0304351800445217, "85": 0.031177557283606532, "86": 0.03717137071103637, "87": 0.030394355997980484, "88": 0.03080183497237449, "89": 0.03049381543450157, "90": 0.031555540120063036, "91": 0.030946605200172953, "92": 0.03546673125887378, "93": 0.03745762525466198, "94": 0.03037957301572086, "95": 0.03143113319255179, "96": 0.03803332764263264, "97": 0.032148540212311304, "98": 0.031032591038087864, "99": 0.03051700072904431, "100": 0.03527127673223141, "101": 0.032493862636840745, "102": 0.030595057292337215, "103": 0.03225027042845321, "104": 0.030580701404660172, "105": 0.030541487171530924, "106": 0.035562575432843406, "107": 0.03037825998503657, "108": 0.03212628775240927, "109": 0.0316562138365605, "110": 0.036351743410033666, "111": 0.03125312586449181, "112": 0.030727624135133896, "113": 0.03713773399015944, "114": 0.031338077142488596, "115": 0.030604576590774063, "116": 0.03541621199766378, "117": 0.037707652036400904, "118": 0.0305823260231753, "119": 0.03219564339474449, "120": 0.031024007842323276, "121": 0.03761540944868654, "122": 0.03604696367012896, "123": 0.034860856944196356, "124": 0.031971802280893497, "125": 0.038128462850964155, "126": 0.03312393967359311, "127": 0.03494975520638965, "128": 0.03122688248289482, "129": 0.03069026221535867, "130": 0.03089659727867894, "131": 0.03553366391365021, "132": 0.03166220439731387, "133": 0.031186025327850073, "134": 0.03088704188694776, "135": 0.03046071909747056, "136": 0.03067073124574672, "137": 0.030632147414156406, "138": 0.0324312869380794, "139": 0.03737895825270526, "140": 0.03765494194662753, "141": 0.03074736676574732, "142": 0.03109552665554749, "143": 0.032644444401249695, "144": 0.03609995245824083, "145": 0.030384253764244435, "146": 0.030417365313849903, "147": 0.03061983239781385, "148": 0.03234099161305256, "149": 0.03225744543744464, "150": 0.032499128243927415, "151": 0.03140464054704601, "152": 0.03120823377447216, "153": 0.03746995638588601, "154": 0.03486521132532364, "155": 0.03681972275218275, "156": 0.03217693999787658, "157": 0.030739545815943837, "158": 0.030438768702171912, "159": 0.030777489353123286, "160": 0.03063528577969435, "161": 0.031086071889611305, "162": 0.0319979414170872, "163": 0.03280867627857487, "164": 0.036486941392389255, "165": 0.031365969483086266, "166": 0.03167598824186849, "167": 0.035063381304266776, "168": 0.03662365933394401, "169": 0.03578754690220837, "170": 0.030570429845943162, "171": 0.030749412411444077, "172": 0.03216589065064932, "173": 0.030401443302906044, "174": 0.030685450269485017, "175": 0.031127992861957953, "176": 0.030518642279150437, "177": 0.030523133964529714, "178": 0.0375115243049189, "179": 0.030435200340964863, "180": 0.03269424198526856, "181": 0.03769030604459387, "182": 0.030894228369500853, "183": 0.030488799732554556, "184": 0.03561178207592891, "185": 0.032077041787142935, "186": 0.03085531654945473, "187": 0.03144332026439081, "188": 0.03168691513559427, "189": 0.03175000880077918, "190": 0.03190026023602845, "191": 0.032079394073463906, "192": 0.031950480730506096, "193": 0.03197047934155856, "194": 0.030424036087303763, "195": 0.030941799678285798, "196": 0.031205510806233443, "197": 0.030392362038464432, "198": 0.030536548192377434, "199": 0.030516978403954714, "200": 0.035130297983844205, "201": 0.030738802389784433, "202": 0.03689135768178206, "203": 0.03710347231800906, "204": 0.03218995581987518, "205": 0.032484761982318304, "206": 0.031320657412752834, "207": 0.03774328179626724, "208": 0.030744766431340043, "209": 0.03060512339038471, "210": 0.030542626234519674, "211": 0.03538272325894419, "212": 0.03146536696810299, "213": 0.03039893245025356, "214": 0.0326917815641427, "215": 0.03649703006694295, "216": 0.030870656859220146, "217": 0.03609493184622227, "218": 0.030760731218728733, "219": 0.037519930750667146, "220": 0.030429783653564774, "221": 0.030866135440938153, "222": 0.030365322666384188, "223": 0.0375327830172116, "224": 0.03659507624222719, "225": 0.03149927803437758, "226": 0.030882161623738108, "227": 0.035105446302912874, "228": 0.03541322271188258, "229": 0.03651533641405642, "230": 0.031565484303200345, "231": 0.032802348596604476, "232": 0.03477907495663991, "233": 0.031078717330018466, "234": 0.032034316896165226, "235": 0.03183686318410114, "236": 0.03248618043198548, "237": 0.030799041164171953, "238": 0.031429421619623636, "239": 0.03216049933039023, "240": 0.031631943730781875, "241": 0.03212127537681197, "242": 0.03475447942297916, "243": 0.031950776250373854, "244": 0.030434251012897966, "245": 0.03129960401217281, "246": 0.03056223398240843, "247": 0.032071361759364064, "248": 0.030622373895788747, "249": 0.03041663729263698, "250": 0.03283809754143969, "251": 0.03086133488584054, "252": 0.037669225775632746, "253": 0.032345388568536984, "254": 0.03183055175334152, "255": 0.032122988367735715, "256": 0.032000121481660655, "257": 0.03629861317244385, "258": 0.037066268481340994, "259": 0.03592692960327282, "260": 0.03200328452444294, "261": 0.03191354134193047, "262": 0.030829307692489663, "263": 0.030892503667711124, "264": 0.03134938279059801, "265": 0.03662554006912045, "266": 0.036778354482260064, "267": 0.03805077794827956, "268": 0.034816431707994845, "269": 0.031227563851083138, "270": 0.03265445188175793, "271": 0.03744482827623087, "272": 0.031757603045431064, "273": 0.03287325340367301, "274": 0.036710660532957094, "275": 0.03303167418582218, "276": 0.03127698805126468, "277": 0.030728007426748288, "278": 0.0315193021580061, "279": 0.03770540790961771, "280": 0.037096638699049826, "281": 0.032476073985823764, "282": 0.03695964066950202, "283": 0.030605638930188906, "284": 0.030948483351432843,