{"ALP_M_n": 5.324203867334333, "ALP_0": 1.2262234104863443, "Mg_stim": 8.020348298647011, "Mg_dest": 33.64286201733398, "maturity_t": 0.31484356890713044, "early_diff_fast": 0.7495437447704612, "a_early_diff_stim": 0.9161107798698089, "diff_time": 718.452447081394, "a_Valles_2020_ALP": 324.96837755829034}