{"ALP_M_n": 4.790435994102921, "ALP_0": 1.2527553974696852, "Mg_stim": 7.988858322822718, "Mg_dest": 23.765000905703406, "maturity_t": 0.36439073070810757, "early_diff_fast": 0.7498921943659836, "a_early_diff_stim": 0.9161746675049617, "diff_time": 621.2722483737036, "a_Valles_2020_ALP": 213.68778750085647}