{"ALP_M_n": 4.69141072364665, "ALP_0": 1.2587292001914276, "Mg_stim": 7.9881144795126975, "Mg_dest": 34.118133896754294, "maturity_t": 0.3749075710622517, "early_diff_fast": 0.7476230940546825, "a_early_diff_stim": 0.9174320648162945, "diff_time": 604.7003208846285, "a_Valles_2020_ALP": 318.5635726708648}