{"ALP_M_n": 5.1947464985478335, "ALP_0": 1.2320052842349007, "Mg_stim": 7.996169113944074, "Mg_dest": 36.46709371351388, "maturity_t": 0.32576057467922065, "early_diff_fast": 0.7495486785586316, "a_early_diff_stim": 0.9160670414791336, "diff_time": 694.114599602011, "a_Valles_2020_ALP": 54.68509719872952}