{"ALP_M_n": 5.125164119052921, "ALP_0": 1.235027872317013, "Mg_stim": 8.009042356506534, "Mg_dest": 36.68049195316026, "maturity_t": 0.332140657172941, "early_diff_fast": 0.749469992190345, "a_early_diff_stim": 0.9145004872639089, "diff_time": 680.9792894635814, "a_Valles_2020_ALP": 617.3119685112283}