{"ALP_M_n": 3.4826532929485903, "ALP_0": 1.357421987655687, "Mg_stim": 7.874786073254027, "Mg_dest": 33.580512967162086, "maturity_t": 0.5796127072165104, "early_diff_fast": 0.749504424978973, "a_early_diff_stim": 0.9212313483546114, "diff_time": 394.03889995767247, "a_Valles_2020_ALP": 372.0853651599802}