{"ALP_M_n": 3.284012234481847, "ALP_0": 1.381363208030475, "Mg_stim": 7.922110281246949, "Mg_dest": 37.33152650359784, "maturity_t": 0.6347065946814148, "early_diff_fast": 0.7493259286444652, "a_early_diff_stim": 0.9230391997520686, "diff_time": 360.81737357336885, "a_Valles_2020_ALP": 291.5719654830807}