{"ALP_M_n": 6.198026017016506, "ALP_0": 1.192664224842765, "Mg_stim": 7.245753274053733, "Mg_dest": 36.59575748660532, "maturity_t": 0.4229630093447221, "early_diff_fast": 0.6978529124568804, "a_early_diff_stim": 0.9153202174952108, "diff_time": 877.4489385792108, "a_Valles_2020_ALP": 930.7164131950556}