{"ALP_M_n": 4.200686340437963, "ALP_0": 1.2915000876142702, "Mg_stim": 8.027118742351327, "Mg_dest": 39.6986560770117, "maturity_t": 0.4385406752095042, "early_diff_fast": 0.7495621343360462, "a_early_diff_stim": 0.9189753424095967, "diff_time": 517.8201064528631, "a_Valles_2020_ALP": 514.2739484481565}