{"ALP_M_n": 6.266871250334502, "ALP_0": 1.1901091596576059, "Mg_stim": 8.779707130403912, "Mg_dest": 38.55479335672483, "maturity_t": 0.724095374237506, "early_diff_fast": 0.70790526632839, "a_early_diff_stim": 0.9147148046962839, "diff_time": 888.3778896651879, "a_Valles_2020_ALP": 181.14029050011123}