{"ALP_M_n": 3.723234893507258, "ALP_0": 1.3321491259708884, "Mg_stim": 7.990484326682065, "Mg_dest": 28.721574812314486, "maturity_t": 0.523875120076855, "early_diff_fast": 0.7483920852147249, "a_early_diff_stim": 0.9199495395024206, "diff_time": 434.91873161820104, "a_Valles_2020_ALP": 311.84049091173085}