{"ALP_M_n": 3.71338850878487, "ALP_0": 1.3335061323046413, "Mg_stim": 8.05867083752153, "Mg_dest": 34.12237230697025, "maturity_t": 0.5255641930091229, "early_diff_fast": 0.7478506742495324, "a_early_diff_stim": 0.9203626343370824, "diff_time": 434.09667660143646, "a_Valles_2020_ALP": 516.3087420807694}