{"ALP_M_n": 3.3404748084387497, "ALP_0": 1.3740669301068569, "Mg_stim": 8.034488222162885, "Mg_dest": 30.62869389964257, "maturity_t": 0.6182511669393558, "early_diff_fast": 0.7489353425108856, "a_early_diff_stim": 0.9215837003734177, "diff_time": 369.9892039090671, "a_Valles_2020_ALP": 708.80909051105}