{"ALP_M_n": 4.708491400409821, "ALP_0": 1.2572481882397293, "Mg_stim": 8.003367905531247, "Mg_dest": 28.12498214831464, "maturity_t": 0.37331540622013176, "early_diff_fast": 0.7497998851771492, "a_early_diff_stim": 0.9148377597289636, "diff_time": 606.8087919362861, "a_Valles_2020_ALP": 760.7201421641274}