{"ALP_M_n": 3.304370675682813, "ALP_0": 1.3771837633363184, "Mg_stim": 8.000749131889641, "Mg_dest": 28.85243179200888, "maturity_t": 0.6301957425733264, "early_diff_fast": 0.7489963336555182, "a_early_diff_stim": 0.9184086847149934, "diff_time": 362.91833881060734, "a_Valles_2020_ALP": 815.998164133628}