{"ALP_M_n": 4.154378566783516, "ALP_0": 1.2954707151250173, "Mg_stim": 8.016533927458312, "Mg_dest": 33.03540169165438, "maturity_t": 0.4449249254336953, "early_diff_fast": 0.7497444684427718, "a_early_diff_stim": 0.9208818218318648, "diff_time": 510.89352062726334, "a_Valles_2020_ALP": 348.21702043408715}