{"ALP_M_n": 6.002424208627705, "ALP_0": 1.1990748922302445, "Mg_stim": 7.4619047792582665, "Mg_dest": 34.007178316997454, "maturity_t": 0.31417565857662444, "early_diff_fast": 0.6957984295138848, "a_early_diff_stim": 0.9156827707904779, "diff_time": 840.7625543671977, "a_Valles_2020_ALP": 523.7184244304407}