{"ALP_M_n": 3.397234558868925, "ALP_0": 1.3671144971784195, "Mg_stim": 7.979304125897805, "Mg_dest": 37.43993168486356, "maturity_t": 0.6023904208750319, "early_diff_fast": 0.749751395746814, "a_early_diff_stim": 0.9228628006039145, "diff_time": 379.2538703380077, "a_Valles_2020_ALP": 229.57162325037336}