{"ALP_M_n": 5.511414802373448, "ALP_0": 1.2182467052717654, "Mg_stim": 6.804880087682775, "Mg_dest": 37.922192460944956, "maturity_t": 0.8775840340935553, "early_diff_fast": 0.7049315917802258, "a_early_diff_stim": 0.9159408512733098, "diff_time": 753.2099449935274, "a_Valles_2020_ALP": 555.9714938578262}