{"ALP_M_n": 5.572672261861147, "ALP_0": 1.2150382680836564, "Mg_stim": 8.207257525957168, "Mg_dest": 24.584796176232274, "maturity_t": 0.6509701698258641, "early_diff_fast": 0.6939463603790144, "a_early_diff_stim": 0.9143921759509743, "diff_time": 761.5248758610969, "a_Valles_2020_ALP": 576.5862507852177}