{"ALP_M_n": 5.786761710843467, "ALP_0": 1.2068977635263771, "Mg_stim": 7.974797312270367, "Mg_dest": 37.70108002664665, "maturity_t": 0.2818063167173364, "early_diff_fast": 0.749328564877288, "a_early_diff_stim": 0.9163439516621229, "diff_time": 800.6707484579356, "a_Valles_2020_ALP": 681.8562214411545}