{"ALP_M_n": 4.604427124305697, "ALP_0": 1.2642727621045284, "Mg_stim": 8.01319557740007, "Mg_dest": 32.84523130115494, "maturity_t": 0.38472436360685364, "early_diff_fast": 0.7493523939368372, "a_early_diff_stim": 0.9186961059989587, "diff_time": 589.4029546699949, "a_Valles_2020_ALP": 676.4852943062789}