{"ALP_M_n": 3.440429963019504, "ALP_0": 1.3628093117054396, "Mg_stim": 8.217534255994522, "Mg_dest": 37.0703111326179, "maturity_t": 0.8982109415284034, "early_diff_fast": 0.7018559661536429, "a_early_diff_stim": 0.921620548069807, "diff_time": 387.55440370869417, "a_Valles_2020_ALP": 245.6180254869752}