{"ALP_M_n": 3.5124395135443804, "ALP_0": 1.354419685727095, "Mg_stim": 8.022412462855318, "Mg_dest": 33.58144655699896, "maturity_t": 0.5717848941774528, "early_diff_fast": 0.749999831786225, "a_early_diff_stim": 0.9209861932946828, "diff_time": 399.7056384782905, "a_Valles_2020_ALP": 598.40616557028}