{"ALP_M_n": 4.879417932155858, "ALP_0": 1.248126792855701, "Mg_stim": 4.736531448287174, "Mg_dest": 35.99013846536481, "maturity_t": 0.7357941564239022, "early_diff_fast": 0.7411701583802667, "a_early_diff_stim": 0.9143440321311794, "diff_time": 638.5318413266621, "a_Valles_2020_ALP": 384.11530460023897}