{"ALP_M_n": 4.562499594974046, "ALP_0": 1.2664630861512318, "Mg_stim": 7.407879010264376, "Mg_dest": 35.81527380198657, "maturity_t": 0.5201625463615844, "early_diff_fast": 0.7002537595222293, "a_early_diff_stim": 0.9176879201480093, "diff_time": 581.8382587120474, "a_Valles_2020_ALP": 404.93338878627753}