{"ALP_M_n": 3.4134054641934477, "ALP_0": 1.365583130378046, "Mg_stim": 8.018094813589398, "Mg_dest": 24.060772442903097, "maturity_t": 0.5976078892440682, "early_diff_fast": 0.7498728671604796, "a_early_diff_stim": 0.9216443513625782, "diff_time": 382.7463977373672, "a_Valles_2020_ALP": 610.8762661404197}