{"ALP_M_n": 3.531695441629376, "ALP_0": 1.352191470521975, "Mg_stim": 7.983384679146652, "Mg_dest": 31.971291574821265, "maturity_t": 0.5671406138079935, "early_diff_fast": 0.7494177066647614, "a_early_diff_stim": 0.9215547332484023, "diff_time": 402.80820126983724, "a_Valles_2020_ALP": 515.2056488735902}