{"ALP_M_n": 4.320761716579896, "ALP_0": 1.282950993066029, "Mg_stim": 7.983781321977889, "Mg_dest": 38.16074437388318, "maturity_t": 0.4209355505164962, "early_diff_fast": 0.7498956508653968, "a_early_diff_stim": 0.9195261864675013, "diff_time": 539.6146640105984, "a_Valles_2020_ALP": 192.4435647103794}