{"ALP_M_n": 4.73718088824619, "ALP_0": 1.2560985921648027, "Mg_stim": 7.879895069381007, "Mg_dest": 30.757434693884072, "maturity_t": 0.7335858239292196, "early_diff_fast": 0.6933575307335339, "a_early_diff_stim": 0.9163516169938893, "diff_time": 613.0055217684609, "a_Valles_2020_ALP": 693.5864386756822}