{"ALP_M_n": 5.2516774887126125, "ALP_0": 1.2291073519153206, "Mg_stim": 5.3122094235285084, "Mg_dest": 32.61652972240641, "maturity_t": 0.807498849290694, "early_diff_fast": 0.7351544671948039, "a_early_diff_stim": 0.9161876892197952, "diff_time": 704.0599601411323, "a_Valles_2020_ALP": 437.2792300504009}