{"ALP_M_n": 5.194404762948667, "ALP_0": 1.2324344477310734, "Mg_stim": 7.569705133486072, "Mg_dest": 37.35021758805901, "maturity_t": 0.419541441473818, "early_diff_fast": 0.6959610082922943, "a_early_diff_stim": 0.9159516541900953, "diff_time": 696.3190966929362, "a_Valles_2020_ALP": 827.4632543344874}