{"ALP_M_n": 3.707888236654335, "ALP_0": 1.3339535046111486, "Mg_stim": 7.162035685142591, "Mg_dest": 39.622095060594255, "maturity_t": 0.8368278133836377, "early_diff_fast": 0.7050302522796371, "a_early_diff_stim": 0.9206562942504859, "diff_time": 433.0629760672719, "a_Valles_2020_ALP": 134.58809632432622}