{"ALP_M_n": 5.595765248094568, "ALP_0": 1.2145245162859641, "Mg_stim": 8.434706564583028, "Mg_dest": 24.287887484038052, "maturity_t": 0.5560457169052002, "early_diff_fast": 0.6996203433346326, "a_early_diff_stim": 0.9155787492500999, "diff_time": 767.2648416748635, "a_Valles_2020_ALP": 820.9059711042108}