{"ALP_M_n": 3.8054312617817994, "ALP_0": 1.3241506594874533, "Mg_stim": 7.9722585634196035, "Mg_dest": 24.586386397141595, "maturity_t": 0.5072455321185959, "early_diff_fast": 0.7489571403536021, "a_early_diff_stim": 0.9184642400104299, "diff_time": 449.1259778811923, "a_Valles_2020_ALP": 258.41471791047144}