{"ALP_M_n": 3.349119387732289, "ALP_0": 1.3731035911295957, "Mg_stim": 7.985570685389242, "Mg_dest": 33.85916797747834, "maturity_t": 0.6156727538407433, "early_diff_fast": 0.749989320549242, "a_early_diff_stim": 0.9223968869785534, "diff_time": 371.5072312405412, "a_Valles_2020_ALP": 540.0116163907647}