{"ALP_M_n": 3.438290370816707, "ALP_0": 1.362212328661783, "Mg_stim": 8.004095176981844, "Mg_dest": 32.925394735705815, "maturity_t": 0.5914172319584611, "early_diff_fast": 0.7495785146133737, "a_early_diff_stim": 0.9238726815266912, "diff_time": 385.97802620426864, "a_Valles_2020_ALP": 293.18294363618304}