{"ALP_M_n": 3.4290491982131903, "ALP_0": 1.363396594074155, "Mg_stim": 8.010608622533903, "Mg_dest": 36.17894377392798, "maturity_t": 0.5937620375842588, "early_diff_fast": 0.7495893033619214, "a_early_diff_stim": 0.920672492548668, "diff_time": 384.8774383889949, "a_Valles_2020_ALP": 682.8869778704873}