{"ALP_M_n": 3.3216578522808433, "ALP_0": 1.376733895742591, "Mg_stim": 7.943152949926801, "Mg_dest": 25.832959857694135, "maturity_t": 0.6235308066225236, "early_diff_fast": 0.7493076283964819, "a_early_diff_stim": 0.9215245647791339, "diff_time": 367.27913014466947, "a_Valles_2020_ALP": 608.2179716826439}