{"ALP_M_n": 4.607190793787768, "ALP_0": 1.264108337094389, "Mg_stim": 8.005177983216566, "Mg_dest": 27.54330694566565, "maturity_t": 0.3842514232443646, "early_diff_fast": 0.7490754515785238, "a_early_diff_stim": 0.9188040122710958, "diff_time": 590.4124663136967, "a_Valles_2020_ALP": 42.1295895457319}