{"ALP_M_n": 6.40244427556588, "ALP_0": 1.186041927260562, "Mg_stim": 4.81109170146845, "Mg_dest": 39.761371760615354, "maturity_t": 0.826000977433453, "early_diff_fast": 0.7287982466422707, "a_early_diff_stim": 0.9150351134285464, "diff_time": 913.8238539957483, "a_Valles_2020_ALP": 304.5989782827191}