{"ALP_M_n": 3.7982689860856222, "ALP_0": 1.3253995993537513, "Mg_stim": 8.002245698253152, "Mg_dest": 21.955088730565194, "maturity_t": 0.5080902688806431, "early_diff_fast": 0.75, "a_early_diff_stim": 0.9195987667342872, "diff_time": 448.72390785451717, "a_Valles_2020_ALP": 31.388465787460348}