{"ALP_M_n": 3.8497037044668314, "ALP_0": 1.3204074572677404, "Mg_stim": 8.009953062042893, "Mg_dest": 27.27951875159897, "maturity_t": 0.49853667056192363, "early_diff_fast": 0.7495519144645889, "a_early_diff_stim": 0.918720670740143, "diff_time": 457.1914198395013, "a_Valles_2020_ALP": 294.0364362512763}