{"ALP_M_n": 3.6580373438267544, "ALP_0": 1.3392365711073273, "Mg_stim": 8.982813482533825, "Mg_dest": 30.759829890313565, "maturity_t": 0.7551124471932152, "early_diff_fast": 0.7217354334150582, "a_early_diff_stim": 0.9204007872011722, "diff_time": 424.9020019725039, "a_Valles_2020_ALP": 463.1305653450069}