{"ALP_M_n": 3.5370847820085594, "ALP_0": 1.3513054762853567, "Mg_stim": 6.1328492379549555, "Mg_dest": 35.5556159613772, "maturity_t": 0.7392310481387948, "early_diff_fast": 0.7232614525599179, "a_early_diff_stim": 0.9211533761403113, "diff_time": 403.3253149195615, "a_Valles_2020_ALP": 840.0801266338457}