{"ALP_M_n": 4.906388883780134, "ALP_0": 1.2465971895340473, "Mg_stim": 7.991059820407389, "Mg_dest": 27.242051764932356, "maturity_t": 0.35228290706914334, "early_diff_fast": 0.7492938720548674, "a_early_diff_stim": 0.9170132955063861, "diff_time": 642.3164887428992, "a_Valles_2020_ALP": 550.961016380007}