{"ALP_M_n": 4.240712954797144, "ALP_0": 1.2875536108725734, "Mg_stim": 6.794265066953233, "Mg_dest": 27.688706614098038, "maturity_t": 0.5573115077254227, "early_diff_fast": 0.7173951041278099, "a_early_diff_stim": 0.9148620598441967, "diff_time": 523.8343972042271, "a_Valles_2020_ALP": 133.39709422077135}