{"ALP_M_n": 3.292297796637488, "ALP_0": 1.3792226883031162, "Mg_stim": 8.007358767552976, "Mg_dest": 34.43754688353661, "maturity_t": 0.6332927969763772, "early_diff_fast": 0.7496467613310134, "a_early_diff_stim": 0.9215488524797372, "diff_time": 361.1005922006048, "a_Valles_2020_ALP": 369.7859042259129}