{"ALP_M_n": 4.589610985046287, "ALP_0": 1.2651347780840476, "Mg_stim": 7.995587664926319, "Mg_dest": 30.70491736977284, "maturity_t": 0.3863864168564365, "early_diff_fast": 0.7495937459774639, "a_early_diff_stim": 0.9215632033866661, "diff_time": 587.0051621302946, "a_Valles_2020_ALP": 897.7031173813439}