{"ALP_M_n": 5.200541133560676, "ALP_0": 1.231816096821499, "Mg_stim": 7.991835274910579, "Mg_dest": 32.205614673674226, "maturity_t": 0.32522238060394015, "early_diff_fast": 0.7499647553931037, "a_early_diff_stim": 0.9158817468980733, "diff_time": 696.0126093074255, "a_Valles_2020_ALP": 591.7101501138071}