{"ALP_M_n": 3.460053623769323, "ALP_0": 1.3599048637864464, "Mg_stim": 7.9855287433108435, "Mg_dest": 37.61972597515562, "maturity_t": 0.5855128294472475, "early_diff_fast": 0.7497880260419167, "a_early_diff_stim": 0.9222440885560317, "diff_time": 390.0510167172207, "a_Valles_2020_ALP": 972.8854526058469}