{"ALP_M_n": 5.048936043842357, "ALP_0": 1.23890454323712, "Mg_stim": 8.024870831523108, "Mg_dest": 39.24865098121799, "maturity_t": 0.33893025445279407, "early_diff_fast": 0.7486291668968971, "a_early_diff_stim": 0.9160816538204779, "diff_time": 666.8933867074081, "a_Valles_2020_ALP": 131.75864926914858}