{"ALP_M_n": 3.322916881898279, "ALP_0": 1.3764356548472927, "Mg_stim": 8.037017102270708, "Mg_dest": 28.32899440725066, "maturity_t": 0.6231518655275036, "early_diff_fast": 0.7498292437206207, "a_early_diff_stim": 0.9214471330975575, "diff_time": 367.3118980853749, "a_Valles_2020_ALP": 652.9097312784226}