{"ALP_M_n": 6.313359292133331, "ALP_0": 1.1886887594276432, "Mg_stim": 9.692770430740053, "Mg_dest": 25.225449128992395, "maturity_t": 0.8056156696070168, "early_diff_fast": 0.7314265980834882, "a_early_diff_stim": 0.914220834239405, "diff_time": 897.111352155905, "a_Valles_2020_ALP": 623.5633577177204}