{"ALP_M_n": 3.753740624173309, "ALP_0": 1.3286686017316554, "Mg_stim": 7.976838702862877, "Mg_dest": 29.73327548620087, "maturity_t": 0.7570285520451288, "early_diff_fast": 0.6950347804821759, "a_early_diff_stim": 0.9174976516045622, "diff_time": 440.0117415038307, "a_Valles_2020_ALP": 760.4222628484896}