{"ALP_M_n": 5.224132093816059, "ALP_0": 1.2307522239570627, "Mg_stim": 8.023520145513901, "Mg_dest": 21.58467569666371, "maturity_t": 0.32313449700335106, "early_diff_fast": 0.7495452769332858, "a_early_diff_stim": 0.9160540025295372, "diff_time": 700.1033002701856, "a_Valles_2020_ALP": 354.76635127659654}