{"ALP_M_n": 7.182336894810923, "ALP_0": 1.164851454766695, "Mg_stim": 7.140730366239198, "Mg_dest": 31.66840634145037, "maturity_t": 0.42560758437186275, "early_diff_fast": 0.6998187213493399, "a_early_diff_stim": 0.9144491755523532, "diff_time": 1056.3366518949028, "a_Valles_2020_ALP": 454.0998374484359}