{"ALP_M_n": 3.2873896758587957, "ALP_0": 1.3806725575118461, "Mg_stim": 8.00782566440774, "Mg_dest": 23.843011822072782, "maturity_t": 0.6339571122348294, "early_diff_fast": 0.7497555514207398, "a_early_diff_stim": 0.9236795735712184, "diff_time": 360.95077588669744, "a_Valles_2020_ALP": 663.4510467786779}