{"ALP_M_n": 4.062244415019987, "ALP_0": 1.3022008615545497, "Mg_stim": 8.011542597479808, "Mg_dest": 23.732505220581473, "maturity_t": 0.4604623598254773, "early_diff_fast": 0.7490627275521724, "a_early_diff_stim": 0.9169330172103638, "diff_time": 494.18925638130327, "a_Valles_2020_ALP": 734.7069761432991}