{"ALP_M_n": 3.94863932939544, "ALP_0": 1.3116762076376831, "Mg_stim": 7.990743686043163, "Mg_dest": 28.268642090536332, "maturity_t": 0.47996804986381264, "early_diff_fast": 0.7492609152864284, "a_early_diff_stim": 0.9185701501740384, "diff_time": 474.31359739012964, "a_Valles_2020_ALP": 36.53090473804764}