{"ALP_M_n": 4.032994817523867, "ALP_0": 1.3043497526064143, "Mg_stim": 7.997352211165877, "Mg_dest": 29.230086257334563, "maturity_t": 0.46557455967204936, "early_diff_fast": 0.7496079908522585, "a_early_diff_stim": 0.9208781789467197, "diff_time": 487.72748293598113, "a_Valles_2020_ALP": 706.3910176479199}