{"ALP_M_n": 5.254472279790224, "ALP_0": 1.2294208354841438, "Mg_stim": 7.956301518569881, "Mg_dest": 23.052771803780875, "maturity_t": 0.3205162067486181, "early_diff_fast": 0.7490310862236782, "a_early_diff_stim": 0.9163552558270479, "diff_time": 705.8785179824397, "a_Valles_2020_ALP": 848.6740384049469}