{"ALP_M_n": 3.396447353033712, "ALP_0": 1.367546330814815, "Mg_stim": 7.991107352388656, "Mg_dest": 25.648543293348382, "maturity_t": 0.6022678251594505, "early_diff_fast": 0.7492138514136856, "a_early_diff_stim": 0.9207316271371286, "diff_time": 379.8381895983065, "a_Valles_2020_ALP": 736.1430102998647}