{"ALP_M_n": 3.2958333658090675, "ALP_0": 1.3793441308185068, "Mg_stim": 7.990471151949838, "Mg_dest": 28.44046300084059, "maturity_t": 0.6316624746712561, "early_diff_fast": 0.7490690300420959, "a_early_diff_stim": 0.9211555974434095, "diff_time": 362.1436472623048, "a_Valles_2020_ALP": 340.60830340584573}