{"ALP_M_n": 3.388369897656637, "ALP_0": 1.3682968905946393, "Mg_stim": 7.983274834053675, "Mg_dest": 22.84656719777199, "maturity_t": 0.6047034652463477, "early_diff_fast": 0.7480034718468038, "a_early_diff_stim": 0.9215765065934547, "diff_time": 378.01674045607484, "a_Valles_2020_ALP": 848.4555502083158}