{"ALP_M_n": 5.4920307813095715, "ALP_0": 1.2189187637522387, "Mg_stim": 8.024776025364027, "Mg_dest": 36.849370311714424, "maturity_t": 0.30204270683930096, "early_diff_fast": 0.7493152784141637, "a_early_diff_stim": 0.9177712835410634, "diff_time": 749.0356644313154, "a_Valles_2020_ALP": 21.734136863931667}