{"ALP_M_n": 5.186288751767906, "ALP_0": 1.2328553564386815, "Mg_stim": 6.482655384905952, "Mg_dest": 33.66228739515948, "maturity_t": 0.6645411417895064, "early_diff_fast": 0.7135154644519175, "a_early_diff_stim": 0.9175466760283538, "diff_time": 694.4441221484406, "a_Valles_2020_ALP": 157.35516748715696}