{"ALP_M_n": 5.210314199519832, "ALP_0": 1.2313350061234496, "Mg_stim": 7.302878773475876, "Mg_dest": 35.40243265520129, "maturity_t": 0.6104307011624103, "early_diff_fast": 0.699317726714501, "a_early_diff_stim": 0.9153688849320801, "diff_time": 697.6719909253453, "a_Valles_2020_ALP": 656.9078666560048}