{"ALP_M_n": 3.3449220635763037, "ALP_0": 1.3740135106217057, "Mg_stim": 7.982551643215502, "Mg_dest": 36.22345322374407, "maturity_t": 0.6164781730993225, "early_diff_fast": 0.7492430555922116, "a_early_diff_stim": 0.9244273359205426, "diff_time": 371.31911914649544, "a_Valles_2020_ALP": 428.2791118711503}