{"ALP_M_n": 3.99327079912095, "ALP_0": 1.30805271035795, "Mg_stim": 7.982828169109431, "Mg_dest": 33.35613113131046, "maturity_t": 0.47195254159951466, "early_diff_fast": 0.7492210596492751, "a_early_diff_stim": 0.9191537116826879, "diff_time": 482.3351816459465, "a_Valles_2020_ALP": 465.2107004104159}