{"ALP_M_n": 3.321167232103171, "ALP_0": 1.3756376078840655, "Mg_stim": 8.031437956918703, "Mg_dest": 30.810088379162394, "maturity_t": 0.6246791043979874, "early_diff_fast": 0.7494431749284091, "a_early_diff_stim": 0.919411258240108, "diff_time": 366.17126483436004, "a_Valles_2020_ALP": 265.65198905298325}