{"ALP_M_n": 3.738908676789922, "ALP_0": 1.3308629796091143, "Mg_stim": 8.064509378973199, "Mg_dest": 32.63399306247688, "maturity_t": 0.5203556932995828, "early_diff_fast": 0.7499336428060763, "a_early_diff_stim": 0.9198788447256127, "diff_time": 438.1311199751034, "a_Valles_2020_ALP": 690.1442567555969}