{"ALP_M_n": 6.202612418246063, "ALP_0": 1.1915626316290084, "Mg_stim": 7.966706588876922, "Mg_dest": 29.919069009300905, "maturity_t": 0.2579512887201719, "early_diff_fast": 0.7495194844160107, "a_early_diff_stim": 0.9148870631086741, "diff_time": 870.6617952810449, "a_Valles_2020_ALP": 871.4363034900314}