{"ALP_M_n": 4.0935830154586155, "ALP_0": 1.2997656089147358, "Mg_stim": 7.988389655217489, "Mg_dest": 32.00601952587425, "maturity_t": 0.4552653160483691, "early_diff_fast": 0.7493096765642292, "a_early_diff_stim": 0.917181370218255, "diff_time": 499.80810564557714, "a_Valles_2020_ALP": 100.58981705383934}