{"ALP_M_n": 5.028530033648732, "ALP_0": 1.2397848749866138, "Mg_stim": 7.956048947883599, "Mg_dest": 38.00847360430039, "maturity_t": 0.3409727056925264, "early_diff_fast": 0.7483260733535883, "a_early_diff_stim": 0.9150478453919472, "diff_time": 663.4721541627974, "a_Valles_2020_ALP": 282.4522562549995}