{"ALP_M_n": 4.10647251361574, "ALP_0": 1.2989426102623953, "Mg_stim": 7.995826087715343, "Mg_dest": 36.65988438750947, "maturity_t": 0.4529924398966038, "early_diff_fast": 0.7499243324730636, "a_early_diff_stim": 0.920474408722664, "diff_time": 502.0852365294044, "a_Valles_2020_ALP": 461.95787553165184}