{"ALP_M_n": 3.332381571043328, "ALP_0": 1.375237625029427, "Mg_stim": 6.3526239871081716, "Mg_dest": 28.159493078325553, "maturity_t": 0.7886250330400406, "early_diff_fast": 0.73244153113102, "a_early_diff_stim": 0.9210640551841449, "diff_time": 368.9533668388856, "a_Valles_2020_ALP": 558.7634675759649}