{"ALP_M_n": 4.059616235548165, "ALP_0": 1.302554805967148, "Mg_stim": 8.106733417824383, "Mg_dest": 32.51528915574587, "maturity_t": 0.8053365139002463, "early_diff_fast": 0.6956172491223176, "a_early_diff_stim": 0.918567122278302, "diff_time": 493.7394271926638, "a_Valles_2020_ALP": 71.73604286380441}