{"ALP_M_n": 4.332648417967578, "ALP_0": 1.2821702686717045, "Mg_stim": 7.974946333676973, "Mg_dest": 35.61504456479933, "maturity_t": 0.4192268972860178, "early_diff_fast": 0.7494051632894726, "a_early_diff_stim": 0.9178907911536873, "diff_time": 542.0535516842883, "a_Valles_2020_ALP": 665.1231195442735}