{"ALP_M_n": 4.504122192165518, "ALP_0": 1.2702903519300845, "Mg_stim": 7.984627618300436, "Mg_dest": 34.87661787899549, "maturity_t": 0.39702919765994943, "early_diff_fast": 0.7493339913415965, "a_early_diff_stim": 0.9179826155648407, "diff_time": 570.8749936653016, "a_Valles_2020_ALP": 363.14381071901016}