{"ALP_M_n": 6.455529770545216, "ALP_0": 1.1844418949438262, "Mg_stim": 7.950890037317893, "Mg_dest": 26.561272438833814, "maturity_t": 0.24417307787382236, "early_diff_fast": 0.7485530387896976, "a_early_diff_stim": 0.9149730895190089, "diff_time": 923.74149729937, "a_Valles_2020_ALP": 853.5771945123345}