{"ALP_M_n": 6.568371521181984, "ALP_0": 1.1810451326289433, "Mg_stim": 6.335284654443274, "Mg_dest": 29.19563727169023, "maturity_t": 0.4403201542361076, "early_diff_fast": 0.7186119402088504, "a_early_diff_stim": 0.914875975240423, "diff_time": 943.894675525436, "a_Valles_2020_ALP": 37.36262025853688}