{"ALP_M_n": 3.458588341329267, "ALP_0": 1.3606954678405279, "Mg_stim": 6.481856381460065, "Mg_dest": 25.239933511394593, "maturity_t": 0.6380942600368766, "early_diff_fast": 0.7340567860001732, "a_early_diff_stim": 0.9212597632742477, "diff_time": 390.79911150770045, "a_Valles_2020_ALP": 534.7723441866743}