{"ALP_M_n": 4.34177295301002, "ALP_0": 1.2810501319457994, "Mg_stim": 3.9672042225081983, "Mg_dest": 39.70577184947473, "maturity_t": 0.9759987433209553, "early_diff_fast": 0.7485395988223694, "a_early_diff_stim": 0.9164261114595744, "diff_time": 542.8281816674019, "a_Valles_2020_ALP": 470.75085787424007}