{"ALP_M_n": 3.3829166187408184, "ALP_0": 1.3691910922631625, "Mg_stim": 7.99927543239145, "Mg_dest": 39.07884542220805, "maturity_t": 0.6059717590988227, "early_diff_fast": 0.7497829539323232, "a_early_diff_stim": 0.9255435606042842, "diff_time": 377.462883323515, "a_Valles_2020_ALP": 543.7723907930545}