{"ALP_M_n": 3.7254202279503446, "ALP_0": 1.3320366645610728, "Mg_stim": 8.04192310517704, "Mg_dest": 37.78951409036752, "maturity_t": 0.5233143835780342, "early_diff_fast": 0.7479542553619412, "a_early_diff_stim": 0.920843945068368, "diff_time": 435.3929557883927, "a_Valles_2020_ALP": 278.19136744621574}