{"ALP_M_n": 4.519225630530573, "ALP_0": 1.2693495013858367, "Mg_stim": 8.001970854075736, "Mg_dest": 36.28172080670245, "maturity_t": 0.39512936717815156, "early_diff_fast": 0.7491385786636365, "a_early_diff_stim": 0.919390297690119, "diff_time": 573.507739652673, "a_Valles_2020_ALP": 470.95740864865587}