{"ALP_M_n": 6.007481782423783, "ALP_0": 1.1989189788912813, "Mg_stim": 8.055960024803484, "Mg_dest": 32.00196565304419, "maturity_t": 0.26817892615184574, "early_diff_fast": 0.7498940413034272, "a_early_diff_stim": 0.916206452963164, "diff_time": 841.3354778242455, "a_Valles_2020_ALP": 658.9904037394572}