{"ALP_M_n": 3.3718220877895213, "ALP_0": 1.3693836636374372, "Mg_stim": 7.942419941760864, "Mg_dest": 34.58353677134213, "maturity_t": 0.6102077160811429, "early_diff_fast": 0.7495110489384833, "a_early_diff_stim": 0.9198485246990098, "diff_time": 374.3639778296988, "a_Valles_2020_ALP": 461.1593137837716}