{"ALP_M_n": 3.515557433370848, "ALP_0": 1.354389827528003, "Mg_stim": 7.973054565319452, "Mg_dest": 37.146848569568185, "maturity_t": 0.5707467957881698, "early_diff_fast": 0.7495998182318652, "a_early_diff_stim": 0.9221824691402773, "diff_time": 400.5373223681745, "a_Valles_2020_ALP": 563.1924509750146}