{"ALP_M_n": 4.059706523869192, "ALP_0": 1.3023745377032339, "Mg_stim": 7.994587335035314, "Mg_dest": 37.04568880165571, "maturity_t": 0.4609133493752509, "early_diff_fast": 0.7485269928248037, "a_early_diff_stim": 0.9209824939474425, "diff_time": 492.9386355529315, "a_Valles_2020_ALP": 666.8436796287223}