{"ALP_M_n": 5.475791196745603, "ALP_0": 1.2194799213503098, "Mg_stim": 7.992242458243222, "Mg_dest": 22.784780484241228, "maturity_t": 0.30324694420789905, "early_diff_fast": 0.748183435665622, "a_early_diff_stim": 0.9163213792550338, "diff_time": 745.1377987221232, "a_Valles_2020_ALP": 562.2483247060877}