{"ALP_M_n": 4.396747662287944, "ALP_0": 1.2775218086077247, "Mg_stim": 8.002671501308596, "Mg_dest": 30.473502316082314, "maturity_t": 0.4107440703295517, "early_diff_fast": 0.75, "a_early_diff_stim": 0.917662318626502, "diff_time": 552.6553080176724, "a_Valles_2020_ALP": 540.7080137241073}