{"ALP_M_n": 3.6807983828612465, "ALP_0": 1.336076538844842, "Mg_stim": 7.107708388070046, "Mg_dest": 31.069623061178042, "maturity_t": 0.7385258420182746, "early_diff_fast": 0.7097066189489828, "a_early_diff_stim": 0.9195775915230947, "diff_time": 427.5260486194424, "a_Valles_2020_ALP": 113.98080002454037}