{"ALP_M_n": 7.152123646096947, "ALP_0": 1.1654293119953654, "Mg_stim": 5.818516077805859, "Mg_dest": 39.32916628259598, "maturity_t": 0.3264246633439094, "early_diff_fast": 0.7136726787919271, "a_early_diff_stim": 0.9147332262425666, "diff_time": 1050.1147319331767, "a_Valles_2020_ALP": 509.8882473610832}