{"ALP_M_n": 3.54686465699289, "ALP_0": 1.3499985755001356, "Mg_stim": 8.0020431148121, "Mg_dest": 35.51860574339451, "maturity_t": 0.5639891485186499, "early_diff_fast": 0.7498278670005905, "a_early_diff_stim": 0.9199024391940319, "diff_time": 404.6262740766954, "a_Valles_2020_ALP": 448.5101175414492}