{"ALP_M_n": 5.039242437154036, "ALP_0": 1.239914955433805, "Mg_stim": 7.984858235497273, "Mg_dest": 38.46980313081543, "maturity_t": 0.33930464496105855, "early_diff_fast": 0.7495195385489488, "a_early_diff_stim": 0.9190823898149182, "diff_time": 667.3830222508566, "a_Valles_2020_ALP": 891.7951627663037}