{"ALP_M_n": 5.905821491899258, "ALP_0": 1.2027037651952015, "Mg_stim": 9.463108056737767, "Mg_dest": 36.85619493540137, "maturity_t": 0.6158621899886632, "early_diff_fast": 0.7263945433241485, "a_early_diff_stim": 0.9153920908304822, "diff_time": 824.0338970116302, "a_Valles_2020_ALP": 357.6418673120134}