{"ALP_M_n": 4.393817777318643, "ALP_0": 1.2783032780764116, "Mg_stim": 8.009802002860184, "Mg_dest": 31.332183583649037, "maturity_t": 0.4105522729870466, "early_diff_fast": 0.7498667606037762, "a_early_diff_stim": 0.9217706695443854, "diff_time": 553.507008480708, "a_Valles_2020_ALP": 630.7992469300244}