{"ALP_M_n": 3.333331855263428, "ALP_0": 1.3749908129760626, "Mg_stim": 7.969535919003876, "Mg_dest": 32.74620564977601, "maturity_t": 0.6202721120461095, "early_diff_fast": 0.7496718207232266, "a_early_diff_stim": 0.9208905042487583, "diff_time": 368.97718878907165, "a_Valles_2020_ALP": 435.27000889129886}