{
    "ALP_M_n": 5.2372677120552975,
    "ARS_M_n": 1.816281580768989,
    "ALP_0": 0.7729344439562165,
    "ARS_0": 0.31005760415096084,
    "maturity_t": 0.584581362729589,
    "early_diff_slow": 0.26871678817873745,
    "early_diff_fast": 0.7444467673829729,
    "early_diff_very_fast": 0.6629891118932706,
    "late_diff_slow": 0.25393429052275923,
    "late_diff_fast": 0.7402955104441236,
    "a_early_diff_stim": 4.6986000189989445,
    "a_early_diff_inhib": 0.5300584978598036,
    "a_late_diff_stim": 2.32408903366985,
    "a_late_diff_inhib": 0.5031533946234709,
    "diff_time": 855.911225524031,
    "a_Chen_2018_ALP": 5.009032781005473,
    "a_Chen_2018_ARS": 3.4856213576865502
}