{
    "a_Chen_2018_ALP": 5.088133196797252,
    "a_Chen_2018_ARS": 2.314713593588265,
    "a_early_diff_stim": 12.43021041877904,
    "a_early_diff_inhib": 10.50043331891924,
    "a_late_diff_stim": 9.91317027910193,
    "a_late_diff_inhib": 9.613523743309555,
    "early_diff_slow": 0.2518196287657554,
    "early_diff_fast": 0.6014848687153466,
    "early_diff_very_fast": 0.8949477926570734,
    "late_diff_slow": 0.2467442258941317,
    "late_diff_fast": 0.7542094716108568,
    "Mg_stim": 6.058999849921161,
    "Mg_dest": 30.083656371239996,
    "IL1b_ineffective": 114.56228025473891,
    "IL1b_stim": 15.04673326692626,
    "IL8_favorable": 49.81068131495675,
    "ALP_M_n": 3.3610522344398475,
    "ARS_M_n": 1.73518648127495,
    "ALP_0": 0.6989937827183078,
    "ARS_0": 0.3976708093841718,
    "diff_time": 949.7917810614723,
    "maturity_t": 0.35828466233326156
}