{
    "a_Chen_2018_ALP": 5.415549359844131,
    "a_Chen_2018_ARS": 2.3364540285590754,
    "a_early_diff_stim": 12.552515186388614,
    "a_early_diff_inhib": 9.913862370808252,
    "a_late_diff_stim": 9.726631735350978,
    "a_late_diff_inhib": 10.039927374749375,
    "early_diff_slow": 0.25702227537690453,
    "early_diff_fast": 0.6009720918787113,
    "early_diff_very_fast": 0.8911998733404358,
    "late_diff_slow": 0.24945612330892925,
    "late_diff_fast": 0.7564818036554953,
    "Mg_stim": 6.280559140615975,
    "Mg_dest": 30.09335254831771,
    "IL1b_ineffective": 114.11998704576199,
    "IL1b_stim": 14.952611704816384,
    "IL8_favorable": 48.74209112420841,
    "ALP_M_n": 3.2689813957190195,
    "ARS_M_n": 1.7239286904967839,
    "ALP_0": 0.677159252419462,
    "ARS_0": 0.39217871961948697,
    "diff_time": 951.3438176627841,
    "maturity_t": 0.3593599593887826
}