{
    "ALP_M_n": 2.192283431422241,
    "ARS_M_n": 2.0647919175155924,
    "ALP_0": 0.5093817787058054,
    "ARS_0": 0.55588415458263,
    "maturity_t": 0.5540193072042032,
    "early_diff_slow": 0.2550962728703402,
    "early_diff_fast": 0.7455873663080933,
    "early_diff_very_fast": 0.603088164946019,
    "late_diff_slow": 0.24811621729274186,
    "late_diff_fast": 0.7576366972827224,
    "a_early_diff_stim": 14.8180145649542,
    "a_early_diff_inhib": 10.025162685813834,
    "a_late_diff_stim": 10.471204724715953,
    "a_late_diff_inhib": 10.231497186706456,
    "diff_time": 811.4953190564725,
    "a_Chen_2018_ALP": 4.9514004682582335,
    "a_Chen_2018_ARS": 1.6392743845623565
}