{
    "a_Chen_2018_ALP": 4.760717033750375,
    "a_Chen_2018_ARS": 2.2929731586174547,
    "a_early_diff_stim": 12.307905651169467,
    "a_early_diff_inhib": 11.087004267030231,
    "a_late_diff_stim": 10.099708822852882,
    "a_late_diff_inhib": 9.187120111869735,
    "early_diff_slow": 0.24661698215460628,
    "early_diff_fast": 0.6019976455519819,
    "early_diff_very_fast": 0.8986957119737109,
    "late_diff_slow": 0.24403232847933412,
    "late_diff_fast": 0.7519371395662182,
    "Mg_stim": 5.837440559226345,
    "Mg_dest": 30.073960194162282,
    "IL1b_ineffective": 115.0045734637158,
    "IL1b_stim": 15.140854829036137,
    "IL8_favorable": 50.87927150570512,
    "ALP_M_n": 3.4531230731606763,
    "ARS_M_n": 1.7464442720531164,
    "ALP_0": 0.7208283130171534,
    "ARS_0": 0.4031628991488565,
    "diff_time": 948.2397444601606,
    "maturity_t": 0.35720936527774044
}