{
    "ALP_M_n": 2.2137614841316697,
    "ARS_M_n": 2.024769950147937,
    "ALP_0": 0.5138835503345366,
    "ARS_0": 0.5363943903159847,
    "maturity_t": 0.5463615492106911,
    "early_diff_slow": 0.25153706815157206,
    "early_diff_fast": 0.7453463844965168,
    "early_diff_very_fast": 0.6031182519127841,
    "late_diff_slow": 0.24640784716848826,
    "late_diff_fast": 0.7562188853566554,
    "a_early_diff_stim": 14.903186070119723,
    "a_early_diff_inhib": 10.653429618575869,
    "a_late_diff_stim": 10.003200022175184,
    "a_late_diff_inhib": 10.150978681142272,
    "diff_time": 829.5731482121332,
    "a_Chen_2018_ALP": 5.00633337902849,
    "a_Chen_2018_ARS": 1.7344790355227568
}