{"posteriors": {"ALP_M_n": [8.621486214862, 9.073390733907, 7.437174371744, 5.511555115551, 6.756267562676, 2.39602396024, 3.958339583396, 3.433834338343, 3.925739257393, 7.627276272763, 1.281812818128, 1.89941899419, 3.816438164382, 5.549555495555, 3.750937509375, 3.515635156352, 4.126941269413, 2.70082700827, 5.141951419514, 2.916829168292, 4.487544875449, 5.787957879579, 5.49505495055, 2.235922359224, 0.974909749097, 1.917819178192, 6.470164701647, 6.313363133631, 5.866958669587, 9.649596495965, 2.070820708207, 2.921829218292, 1.571915719157, 1.551215512155, 4.759647596476, 6.722067220672, 4.726447264473, 7.205872058721, 1.213912139121, 6.716267162672, 1.638916389164, 8.963089630896, 1.581415814158, 6.248362483625, 5.211352113521, 5.388053880539, 0.433604336043, 5.361753617536, 1.828118281183, 0.519505195052, 1.787417874179, 2.608226082261, 0.422904229042, 3.984539845398, 4.40244402444, 5.267252672527, 1.447714477145, 4.322743227432, 2.519325193252, 4.474044740447, 3.711237112371, 6.619266192662, 7.359373593736, 1.870918709187, 1.266612666127, 4.289442894429, 2.063920639206, 5.249652496525, 4.0002400024, 3.554435544355, 1.468514685147, 1.607016070161, 1.108611086111, 0.444804448044, 5.592455924559, 0.224402244022, 2.357023570236, 4.067840678407, 4.561245612456, 1.454314543145, 1.327413274133, 0.855608556086, 0.927709277093, 5.071150711507, 3.738137381374, 7.924179241792, 2.225622256223, 1.50241502415, 0.976209762098, 1.405314053141, 6.475564755648, 0.710807108071, 2.766827668277, 5.422254222542, 0.923109231092, 5.09825098251, 2.621826218262, 4.368743687437, 1.818818188182, 6.40006400064], "ARS_M_n": [1.793217932179, 1.868018680187, 1.320213202132, 1.430214302143, 1.447114471145, 1.241212412124, 2.235722357224, 0.80430804308, 1.657316573166, 0.819808198082, 0.724207242072, 2.015520155202, 1.749017490175, 2.244922449224, 1.380713807138, 1.086410864109, 1.789417894179, 1.712317123171, 0.885908859089, 1.316413164132, 1.279512795128, 1.713317133171, 0.769307693077, 1.566515665157, 1.044510445104, 0.677806778068, 1.342913429134, 1.739717397174, 0.963409634096, 1.361213612136, 0.636006360064, 0.772207722077, 0.823908239082, 1.20341203412, 3.170631706317, 0.818508185082, 1.252412524125, 2.431924319243, 1.277012770128, 2.361823618236, 1.59761597616, 1.873818738187, 0.9980099801, 1.444614446144, 1.79831798318, 2.792427924279, 1.775417754178, 2.30362303623, 1.920119201192, 2.335723357234, 2.080120801208, 1.158111581116, 1.574615746157, 0.944009440094, 0.574605746057, 1.105211052111, 2.144921449214, 2.027220272203, 0.967309673097, 2.340523405234, 0.654106541065, 0.606406064061, 0.674306743067, 1.107911079111, 1.983119831198, 2.015120151202, 1.880918809188, 1.074010740107, 1.549515495155, 2.158721587216, 2.266422664227, 1.79941799418, 2.576725767258, 0.763107631076, 1.262712627126, 1.556915569156, 1.860918609186, 2.883128831288, 1.20111201112, 0.913509135091, 1.587315873159, 0.913409134091, 1.39651396514, 1.170511705117, 2.356023560236, 1.673116731167, 1.578615786158, 2.216422164222, 0.863908639086, 0.279102791028, 0.547405474055, 1.450714507145, 3.542435424354, 0.720707207072, 1.029110291103, 1.326213262133, 0.171801718017, 0.608106081061, 1.147811478115, 2.09892098921], "ALP_0": [0.59960599606, 0.590645906459, 0.532525325253, 0.385763857639, 0.408604086041, 0.30432304323, 0.336763367634, 0.89672896729, 0.959129591296, 0.444054440544, 0.070210702107, 0.821988219882, 0.924069240692, 0.39766397664, 0.588895888959, 0.481084810848, 0.529935299353, 0.248802488025, 0.971789717897, 0.314233142331, 0.522285222852, 0.50283502835, 0.920219202192, 0.186381863819, 0.69823698237, 0.207302073021, 0.376363763638, 0.656966569666, 0.487454874549, 0.527675276753, 0.619816198162, 0.346543465435, 0.081270812708, 0.129831298313, 0.548675486755, 0.585305853059, 0.492254922549, 0.550665506655, 0.051280512805, 0.556155561556, 0.464704647046, 0.470734707347, 0.268212682127, 0.39698396984, 0.386933869339, 0.408974089741, 0.036690366904, 0.640426404264, 0.118841188412, 0.062040620406, 0.182361823618, 0.242682426824, 0.150341503415, 0.932199321993, 0.621136211362, 0.541295412954, 0.784517845178, 0.492654926549, 0.340633406334, 0.615716157162, 0.883888838888, 0.729737297373, 0.454084540845, 0.89533895339, 0.612286122861, 0.664746647466, 0.329983299833, 0.579925799258, 0.587375873759, 0.309583095831, 0.118061180612, 0.674006740067, 0.007940079401, 0.642646426464, 0.711147111471, 0.116611166112, 0.214622146221, 0.764927649276, 0.943059430594, 0.444804448044, 0.284742847428, 0.411484114841, 0.583475834758, 0.611546115461, 0.338933389334, 0.472204722047, 0.875948759488, 0.10070100701, 0.584125841258, 0.090470904709, 0.447924479245, 0.164031640316, 0.846128461285, 0.425244252443, 0.105131051311, 0.375643756438, 0.329953299533, 0.524255242552, 0.331113311133, 0.507725077251], "ARS_0": [0.491924919249, 0.619316193162, 0.069140691407, 0.216212162122, 0.308063080631, 0.319853198532, 0.555355553556, 0.137131371314, 0.640896408964, 0.308913089131, 0.292182921829, 0.686266862669, 0.456914569146, 0.581215812158, 0.859888598886, 0.167651676517, 0.605546055461, 0.163471634716, 0.122951229512, 0.169271692717, 0.242662426624, 0.957339573396, 0.472724727247, 0.417654176542, 0.255542555426, 0.073300733007, 0.159951599516, 0.793217932179, 0.248472484725, 0.290402904029, 0.339263392634, 0.323613236132, 0.212782127821, 0.176131761318, 0.80309803098, 0.528035280353, 0.819288192882, 0.558315583156, 0.447174471745, 0.825988259883, 0.19659196592, 0.066150661507, 0.423924239242, 0.730627306273, 0.112811128111, 0.688076880769, 0.873758737587, 0.706817068171, 0.449864498645, 0.525095250953, 0.442984429844, 0.114891148911, 0.708397083971, 0.716617166172, 0.622796227962, 0.825898258983, 0.461214612146, 0.118241182412, 0.862468624686, 0.40419404194, 0.612216122161, 0.39642396424, 0.217282172822, 0.084660846608, 0.305983059831, 0.70078700787, 0.184811848118, 0.20144201442, 0.543665436654, 0.916279162792, 0.476694766948, 0.485724857249, 0.540865408654, 0.188931889319, 0.115191151912, 0.854028540285, 0.148721487215, 0.929299292993, 0.176141761418, 0.771987719877, 0.794797947979, 0.414704147041, 0.484714847148, 0.132831328313, 0.682626826268, 0.264772647726, 0.876198761988, 0.351253512535, 0.532645326453, 0.012990129901, 0.730077300773, 0.579205792058, 0.993279932799, 0.148801488015, 0.79933799338, 0.387793877939, 0.183871838718, 0.617476174762, 0.490364903649, 0.074970749707],