{
    "a_Ber_2016_ALP": 0.6424843752584508,
    "a_Ber_2016_OC": 0.3920376315352335,
    "a_Valles_2020_ALP": 293.4486346253092,
    "a_Valles_2020_ARS": 694.2794890550618,
    "a_Chen_2018_ALP": 6.833941951672976,
    "a_Chen_2018_ARS": 3.3147445518390697,
    "a_Qiao_2021_ALP": 31.370384912053158,
    "a_early_diff_stim": 8.783765781418493,
    "a_early_diff_inhib": 10.51219210382965,
    "a_late_diff_stim": 9.379776689507462,
    "a_late_diff_inhib": 10.014997765648241,
    "early_diff_slow": 0.2567145905851781,
    "early_diff_fast": 0.5852752766340341,
    "early_diff_very_fast": 0.8014857055996741,
    "late_diff_slow": 0.23763075612556928,
    "late_diff_fast": 0.7432455578947367,
    "Mg_stim": 8.600555155477974,
    "Mg_dest": 29.622496114428635,
    "IL1b_ineffective": 114.06215696468558,
    "IL1b_stim": 3.873928764472596,
    "IL8_favorable": 9.871804981331229,
    "ALP_M_n": 1.665334485963246,
    "ARS_M_n": 1.112266857893409,
    "OC_M_n": 0.22851021516939574,
    "ALP_0": 0.404063363771934,
    "ARS_0": 0.16624530781931643,
    "OC_0": 5.518589042833017,
    "diff_time": 868.0670746709201,
    "maturity_t": 0.7738527462300915
}