{"ALP_M_n": 3.4836818969438905, "ALP_0": 1.4337893810297153, "Mg_stim": 6.455098171733703, "Mg_dest": 28.48578930848921, "maturity_t": 0.5028671933684712, "early_diff_fast": 0.7087322339190556, "a_early_diff_stim": 2.3894355334765267, "diff_time": 481.43667370327677, "a_Valles_2020_ALP": 480.6126124396365}