{"ALP_M_n": 4.579325424239256, "ALP_0": 1.3177310539315106, "Mg_stim": 8.5773724126105, "Mg_dest": 29.614370880785334, "maturity_t": 0.33566845935821077, "early_diff_fast": 0.5491456288517181, "a_early_diff_stim": 9.461364983077235, "diff_time": 715.3658629651451, "a_Valles_2020_ALP": 474.9036248709164}