{"ALP_M_n": 2.9847441577094056, "ALP_0": 1.5216194262930631, "Mg_stim": 4.309863709423876, "Mg_dest": 32.56313584311107, "maturity_t": 0.6412838113617225, "early_diff_fast": 0.5805608760114257, "a_early_diff_stim": 7.122896006771722, "diff_time": 379.6218874003617, "a_Valles_2020_ALP": 856.7949149385404}