{"ALP_M_n": 3.0661669706270587, "ALP_0": 1.5062787170562393, "Mg_stim": 8.652816140081317, "Mg_dest": 22.21843739708829, "maturity_t": 0.6128534279226903, "early_diff_fast": 0.5579236624336373, "a_early_diff_stim": 8.03074488405056, "diff_time": 397.26537350018435, "a_Valles_2020_ALP": 202.6224126264521}