{"ALP_M_n": 5.948471184696413, "ALP_0": 1.2344215884766572, "Mg_stim": 8.526713885363536, "Mg_dest": 30.979178657461706, "maturity_t": 0.23826405632457223, "early_diff_fast": 0.5380333010128222, "a_early_diff_stim": 12.34358203391469, "diff_time": 995.9415378098882, "a_Valles_2020_ALP": 404.4876997591041}