{"ALP_M_n": 3.4220303007671102, "ALP_0": 1.443219880728479, "Mg_stim": 3.8810739119488398, "Mg_dest": 31.361145381721865, "maturity_t": 0.5166379955468757, "early_diff_fast": 0.5693562706386813, "a_early_diff_stim": 8.787332939414494, "diff_time": 468.5572573664346, "a_Valles_2020_ALP": 724.2563472514347}