{"ALP_M_n": 4.757077505989384, "ALP_0": 1.3024641919904087, "Mg_stim": 3.156459610696867, "Mg_dest": 27.749947072285426, "maturity_t": 0.3201418788334154, "early_diff_fast": 0.63850438409602, "a_early_diff_stim": 5.117221973540082, "diff_time": 746.9199521026922, "a_Valles_2020_ALP": 334.64642959571444}