{"ALP_M_n": 3.3225490371337747, "ALP_0": 1.4590910280146068, "Mg_stim": 7.858233401107986, "Mg_dest": 36.02502921498708, "maturity_t": 0.540649896924774, "early_diff_fast": 0.5430747052532664, "a_early_diff_stim": 9.987028283350622, "diff_time": 448.2545534209494, "a_Valles_2020_ALP": 408.8930135233257}