{"ALP_M_n": 5.089414991958767, "ALP_0": 1.2794930239377715, "Mg_stim": 7.189380687972728, "Mg_dest": 28.76773955790923, "maturity_t": 0.29264443605224627, "early_diff_fast": 0.5746417063271423, "a_early_diff_stim": 6.250937867421759, "diff_time": 814.6293003467484, "a_Valles_2020_ALP": 536.8412909496556}