{"ALP_M_n": 3.791498798554038, "ALP_0": 1.3932843158376251, "Mg_stim": 7.8075424023624125, "Mg_dest": 32.75917667889633, "maturity_t": 0.4421884316993411, "early_diff_fast": 0.647325015297674, "a_early_diff_stim": 2.9575333499326244, "diff_time": 545.9002866870346, "a_Valles_2020_ALP": 584.5169415628687}