{"ALP_M_n": 4.420313080838668, "ALP_0": 1.3291768820745067, "Mg_stim": 8.956247816704447, "Mg_dest": 24.477266148570227, "maturity_t": 0.3543820454423011, "early_diff_fast": 0.6131328316207066, "a_early_diff_stim": 4.314640220975549, "diff_time": 676.8124791502474, "a_Valles_2020_ALP": 821.2614197115029}