{"ALP_M_n": 3.701735664893171, "ALP_0": 1.402700151693824, "Mg_stim": 7.217767027843032, "Mg_dest": 30.11269150725946, "maturity_t": 0.46008035309643125, "early_diff_fast": 0.6314426838202379, "a_early_diff_stim": 3.5362062625320068, "diff_time": 525.5033375464293, "a_Valles_2020_ALP": 343.5570588237116}