{"ALP_M_n": 5.2691937258852075, "ALP_0": 1.2686302483239522, "Mg_stim": 6.650722415621708, "Mg_dest": 32.349032107862655, "maturity_t": 0.27941036043132855, "early_diff_fast": 0.5255246191853251, "a_early_diff_stim": 19.020120847954974, "diff_time": 852.3146035026372, "a_Valles_2020_ALP": 149.37011476905116}