{"ALP_M_n": 2.9502251211507544, "ALP_0": 1.5290292006270503, "Mg_stim": 4.0442338666921005, "Mg_dest": 23.839644243203715, "maturity_t": 0.6534856538660303, "early_diff_fast": 0.568324865559324, "a_early_diff_stim": 10.312717474537108, "diff_time": 372.6888947897495, "a_Valles_2020_ALP": 30.453265545106206}