{"ALP_M_n": 3.29138700068789, "ALP_0": 1.464280930113604, "Mg_stim": 2.437242164804989, "Mg_dest": 22.385507748311973, "maturity_t": 0.5486240816173859, "early_diff_fast": 0.563862759098729, "a_early_diff_stim": 15.14032959035044, "diff_time": 442.77671857385553, "a_Valles_2020_ALP": 676.6967458449999}