{"ALP_M_n": 3.661582384067885, "ALP_0": 1.4081094583936646, "Mg_stim": 8.371070454810631, "Mg_dest": 28.701625570472867, "maturity_t": 0.46734260310033027, "early_diff_fast": 0.5382788303804736, "a_early_diff_stim": 11.864849103298752, "diff_time": 517.6193143817703, "a_Valles_2020_ALP": 206.4273049288533}