{"ALP_M_n": 3.3986776594506463, "ALP_0": 1.4478965373324317, "Mg_stim": 6.917403250527596, "Mg_dest": 33.98825391065515, "maturity_t": 0.5210416333070235, "early_diff_fast": 0.6357247831188574, "a_early_diff_stim": 3.3731458889649484, "diff_time": 464.7840020189786, "a_Valles_2020_ALP": 370.6672182555517}