{"ALP_M_n": 3.4362779548878932, "ALP_0": 1.4410005097933916, "Mg_stim": 2.5580232006927224, "Mg_dest": 22.663872085905677, "maturity_t": 0.5133954087614112, "early_diff_fast": 0.6649764693898723, "a_early_diff_stim": 5.608681259813921, "diff_time": 471.48820915373335, "a_Valles_2020_ALP": 258.3315173009138}