{"ALP_M_n": 5.149942473317951, "ALP_0": 1.2757650247814292, "Mg_stim": 2.8566549629838214, "Mg_dest": 24.724728825306144, "maturity_t": 0.28801946801839323, "early_diff_fast": 0.5763284566704867, "a_early_diff_stim": 10.771440439465822, "diff_time": 827.5634854561737, "a_Valles_2020_ALP": 696.1972538802372}