{"ALP_M_n": 4.517010418329895, "ALP_0": 1.3201466032279763, "Mg_stim": 3.032844022783419, "Mg_dest": 30.541808807787913, "maturity_t": 0.34472275825509474, "early_diff_fast": 0.5363667182576337, "a_early_diff_stim": 18.66697173001213, "diff_time": 694.279997786948, "a_Valles_2020_ALP": 154.04453509660794}