{"ALP_M_n": 4.1153855293134685, "ALP_0": 1.3573204340451501, "Mg_stim": 3.4688976205886655, "Mg_dest": 34.69752764505613, "maturity_t": 0.3924883801576733, "early_diff_fast": 0.737323593932853, "a_early_diff_stim": 2.544413218433934, "diff_time": 612.3630985866117, "a_Valles_2020_ALP": 376.30071752135063}