{"ALP_M_n": 4.079196291788604, "ALP_0": 1.3607246017920471, "Mg_stim": 3.063688594420901, "Mg_dest": 36.573455649128704, "maturity_t": 0.39779142253384664, "early_diff_fast": 0.5397651623157383, "a_early_diff_stim": 15.266865990106268, "diff_time": 604.2175999676384, "a_Valles_2020_ALP": 462.90762798871623}