{"ALP_M_n": 3.7213269870390797, "ALP_0": 1.4017621648260854, "Mg_stim": 5.849995857018739, "Mg_dest": 30.80017608455043, "maturity_t": 0.45485066130510104, "early_diff_fast": 0.5337228054155181, "a_early_diff_stim": 15.374508389805792, "diff_time": 531.1309732422338, "a_Valles_2020_ALP": 896.2015504969487}