{"ALP_M_n": 3.41786499171261, "ALP_0": 1.442725131574305, "Mg_stim": 8.79068841437528, "Mg_dest": 31.369891205819496, "maturity_t": 0.518735927416853, "early_diff_fast": 0.5449168621732635, "a_early_diff_stim": 10.588715615374312, "diff_time": 466.7210203751688, "a_Valles_2020_ALP": 938.5461968671523}