{"ALP_M_n": 3.357041252424656, "ALP_0": 1.4547430095919582, "Mg_stim": 7.990594160733163, "Mg_dest": 22.85013440033004, "maturity_t": 0.5308094041837487, "early_diff_fast": 0.729253167740052, "a_early_diff_stim": 1.8562009240984767, "diff_time": 456.8396408904726, "a_Valles_2020_ALP": 488.34541263894}