{"ALP_M_n": 3.3435031080808026, "ALP_0": 1.4551636083689277, "Mg_stim": 5.038728279275016, "Mg_dest": 32.49907999437234, "maturity_t": 0.5359108552536319, "early_diff_fast": 0.600535364049809, "a_early_diff_stim": 5.367062108759329, "diff_time": 450.74374610881335, "a_Valles_2020_ALP": 415.37294029195857}