{"ALP_M_n": 4.024298991577348, "ALP_0": 1.3664367967813726, "Mg_stim": 3.7151124116109555, "Mg_dest": 38.050310838792036, "maturity_t": 0.4054766945649523, "early_diff_fast": 0.571121044131307, "a_early_diff_stim": 8.009226381145279, "diff_time": 592.1062052892693, "a_Valles_2020_ALP": 843.0069071997556}