{"ALP_M_n": 3.9643520730558475, "ALP_0": 1.3725182424022409, "Mg_stim": 4.4608064360276405, "Mg_dest": 33.230495459264034, "maturity_t": 0.4152410228366812, "early_diff_fast": 0.5713592328151634, "a_early_diff_stim": 8.043539984820928, "diff_time": 581.1695209893766, "a_Valles_2020_ALP": 320.2201562787071}