{"ALP_M_n": 3.5675083168747976, "ALP_0": 1.4209595410807423, "Mg_stim": 6.838706578997672, "Mg_dest": 25.076935552746363, "maturity_t": 0.4858489028395525, "early_diff_fast": 0.5705879085818616, "a_early_diff_stim": 6.982994414253523, "diff_time": 497.99615883982955, "a_Valles_2020_ALP": 695.4509607509045}