{
    "ALP_M_n": 9.66275880156402,
    "ARS_M_n": 0.8687219080854204,
    "ALP_0": 0.629766186617991,
    "ARS_0": 0.3400710994771138,
    "maturity_t": 0.370298276238148,
    "early_diff_L": 0.23071230768637688,
    "early_diff_H": 0.6796682437992856,
    "early_diff_VH": 0.7275451476671633,
    "late_diff_L": 0.15834884406519223,
    "late_diff_H": 0.6717685472830699,
    "a_early_diff_u": 3.295233175975562,
    "a_early_diff_d": 0.04911927089479212,
    "a_late_diff_u": 2.845263484465661,
    "a_late_diff_d": 0.08475452759845772,
    "diff_time": 1076.6706059446387,
    "a_Valles_2020_ALP": 356.850623609832,
    "a_Valles_2020_ARS": 659.2553615345956
}