{
    "ALP_M_n": 9.604980347991383,
    "ARS_M_n": 1.2018089745704212,
    "ALP_0": 0.5720444015822619,
    "ARS_0": 0.6723923479666267,
    "maturity_t": 0.3860424927626392,
    "early_diff_L": 0.17689891521543447,
    "early_diff_H": 0.6466491520544191,
    "early_diff_VH": 0.9087527545137811,
    "late_diff_L": 0.1820077415713635,
    "late_diff_H": 0.7199716926591498,
    "a_early_diff_u": 3.687558213058997,
    "a_early_diff_d": 0.29999543278073637,
    "a_late_diff_u": 3.737007541255288,
    "a_late_diff_d": 0.1828136286802908,
    "diff_time": 1024.4015636256881,
    "a_Valles_2020_ALP": 549.9737030470719,
    "a_Valles_2020_ARS": 458.0544759200164
}