{
    "ALP_M_n": 2.180081056498966,
    "ARS_M_n": 1.485216248366521,
    "ALP_0": 0.09014755573623358,
    "ARS_0": 0.1354880389550959,
    "maturity_t": 0.8724886855193522,
    "early_diff_L": 0.36064649652221414,
    "early_diff_H": 0.6239993873828288,
    "early_diff_VH": 0.6721200514533527,
    "late_diff_L": 0.15298302894702281,
    "late_diff_H": 0.8914881919711815,
    "a_early_diff_u": 1.3978985448974874,
    "a_early_diff_d": 0.8783947422232675,
    "a_late_diff_u": 2.5879217253768783,
    "a_late_diff_d": 0.5414801372415831,
    "diff_time": 711.7256752773009,
    "a_Valles_2020_ALP": 703.6595873297168,
    "a_Valles_2020_ARS": 704.3702536842546
}