{
    "ALP_M_n": 9.916309293243723,
    "ARS_M_n": 1.116878704564811,
    "ALP_0": 0.6652682590097999,
    "ARS_0": 0.6345655653002584,
    "maturity_t": 0.3715878440508119,
    "early_diff_L": 0.2622521041915691,
    "early_diff_H": 0.6945740148830145,
    "early_diff_VH": 0.9273122496651444,
    "late_diff_L": 0.27289872353269073,
    "late_diff_H": 0.6368882219400402,
    "a_early_diff_u": 3.060714631572618,
    "a_early_diff_d": 0.8717049164311298,
    "a_late_diff_u": 1.3468490297863163,
    "a_late_diff_d": 0.009961079086874618,
    "diff_time": 1070.5596955708522,
    "a_Valles_2020_ALP": 246.54246623104302,
    "a_Valles_2020_ARS": 490.99197248808093
}