{
    "ALP_M_n": 1.6189716331751656,
    "ARS_M_n": 1.3369368925945377,
    "ALP_0": 0.36140197446903255,
    "ARS_0": 0.7843969483515285,
    "maturity_t": 0.7313015074823865,
    "early_diff_L": 0.2217771738117645,
    "early_diff_H": 0.6375958062746434,
    "early_diff_VH": 0.6970770728453076,
    "late_diff_L": 0.34146836967074523,
    "late_diff_H": 0.7448496072118651,
    "a_early_diff_u": 3.14620661828485,
    "a_early_diff_d": 0.4534561590953474,
    "a_late_diff_u": 2.795635417812184,
    "a_late_diff_d": 0.7460547248995649,
    "diff_time": 1019.4377284604113,
    "a_Valles_2020_ALP": 363.84392598771257,
    "a_Valles_2020_ARS": 391.6433929254309
}