{
    "ALP_M_n": 9.831680157112116,
    "ARS_M_n": 1.2924214563934748,
    "ALP_0": 0.5810747170421228,
    "ARS_0": 0.7737915948512639,
    "maturity_t": 0.39354763678158244,
    "early_diff_L": 0.15891843281326912,
    "early_diff_H": 0.6471084337423163,
    "early_diff_VH": 0.7700152319896104,
    "late_diff_L": 0.29166437059554673,
    "late_diff_H": 0.8054414989722886,
    "a_early_diff_u": 3.6572092745334013,
    "a_early_diff_d": 0.5914162213713617,
    "a_late_diff_u": 2.203791724009974,
    "a_late_diff_d": 0.14516971081440655,
    "diff_time": 1034.9603637313216,
    "a_Valles_2020_ALP": 529.4086251695456,
    "a_Valles_2020_ARS": 405.25825892835763
}