{
    "ALP_M_n": 9.439057872577573,
    "ARS_M_n": 0.8915059222232449,
    "ALP_0": 0.5460075993882575,
    "ARS_0": 0.31866229359383264,
    "maturity_t": 0.3831731530329375,
    "early_diff_L": 0.36756595747070997,
    "early_diff_H": 0.6211626423739838,
    "early_diff_VH": 0.7770654151067358,
    "late_diff_L": 0.2948323717482563,
    "late_diff_H": 0.648274344592336,
    "a_early_diff_u": 4.412702668951841,
    "a_early_diff_d": 0.41513381968024277,
    "a_late_diff_u": 4.521610617779683,
    "a_late_diff_d": 0.4207993595650901,
    "diff_time": 1028.0962487331149,
    "a_Valles_2020_ALP": 722.1386980584041,
    "a_Valles_2020_ARS": 664.2308424883155
}