{
    "ALP_M_n": 8.85261907761658,
    "ARS_M_n": 1.3448735110509715,
    "ALP_0": 0.5469312911214371,
    "ARS_0": 0.9115824034586819,
    "maturity_t": 0.37369913235285007,
    "early_diff_L": 0.3712313327912436,
    "early_diff_H": 0.685449110892806,
    "early_diff_VH": 0.8576876585373739,
    "late_diff_L": 0.3201072947141852,
    "late_diff_H": 0.7570074334948722,
    "a_early_diff_u": 3.1808323875863804,
    "a_early_diff_d": 0.33803574819662713,
    "a_late_diff_u": 2.240698474056316,
    "a_late_diff_d": 0.10976092266827318,
    "diff_time": 1074.0187453741003,
    "a_Valles_2020_ALP": 761.8969921767194,
    "a_Valles_2020_ARS": 355.67726336802843
}