{
    "ALP_M_n": 9.820737393809233,
    "ARS_M_n": 0.8976906202074201,
    "ALP_0": 0.5271750371167458,
    "ARS_0": 0.32267339429956665,
    "maturity_t": 0.3738431945238087,
    "early_diff_L": 0.215206064889583,
    "early_diff_H": 0.6287621370552579,
    "early_diff_VH": 0.789956641139435,
    "late_diff_L": 0.312911784457325,
    "late_diff_H": 0.7961382600334109,
    "a_early_diff_u": 3.9385157736667065,
    "a_early_diff_d": 0.6742631438869411,
    "a_late_diff_u": 0.4461830519776919,
    "a_late_diff_d": 0.7434322368424512,
    "diff_time": 1038.4257009094317,
    "a_Valles_2020_ALP": 978.1637295678267,
    "a_Valles_2020_ARS": 661.2901427623029
}