{
    "ALP_M_n": 1.192767465242054,
    "ARS_M_n": 1.1359032028234803,
    "ALP_0": 0.07648708917687327,
    "ARS_0": 0.43290869101096224,
    "maturity_t": 0.7303987045956805,
    "early_diff_L": 0.34983040380542496,
    "early_diff_H": 0.6401889484021706,
    "early_diff_VH": 0.8133711544782454,
    "late_diff_L": 0.3830334565847599,
    "late_diff_H": 0.6834842848536533,
    "a_early_diff_u": 2.59419962272999,
    "a_early_diff_d": 0.5521489276434685,
    "a_late_diff_u": 2.0918701564068183,
    "a_late_diff_d": 0.39825854361275864,
    "diff_time": 941.9867758060587,
    "a_Valles_2020_ALP": 542.5004680367736,
    "a_Valles_2020_ARS": 565.0174555596626
}