{
    "ALP_M_n": 2.2093239352796776,
    "ARS_M_n": 1.0371099804803865,
    "ALP_0": 0.3484199594935134,
    "ARS_0": 0.13903376487856361,
    "maturity_t": 0.7061664284618221,
    "early_diff_L": 0.23196390635829858,
    "early_diff_H": 0.6381447287203358,
    "early_diff_VH": 0.8555547436733616,
    "late_diff_L": 0.12707812549819164,
    "late_diff_H": 0.6674511712460216,
    "a_early_diff_u": 1.9390331535347989,
    "a_early_diff_d": 0.804803818596867,
    "a_late_diff_u": 3.9864711942311697,
    "a_late_diff_d": 0.853379759518454,
    "diff_time": 828.7531485043928,
    "a_Valles_2020_ALP": 373.46964236842103,
    "a_Valles_2020_ARS": 742.7579956979027
}