{
    "ALP_M_n": 9.485266532901425,
    "ARS_M_n": 0.9753872879138523,
    "ALP_0": 0.5564387570389062,
    "ARS_0": 0.41735266997112025,
    "maturity_t": 0.38613856328626767,
    "early_diff_L": 0.29235150932907183,
    "early_diff_H": 0.6984361370643483,
    "early_diff_VH": 0.9133490497791835,
    "late_diff_L": 0.30288413900157646,
    "late_diff_H": 0.836383393355566,
    "a_early_diff_u": 2.7692085107802984,
    "a_early_diff_d": 0.422440278995444,
    "a_late_diff_u": 1.8255177075107034,
    "a_late_diff_d": 0.19531573919216438,
    "diff_time": 1054.6210243809317,
    "a_Valles_2020_ALP": 709.2231891683253,
    "a_Valles_2020_ARS": 604.9531401155829
}