{
    "ALP_M_n": 1.4953552598348712,
    "ARS_M_n": 1.2076518061026125,
    "ALP_0": 0.20726958034469875,
    "ARS_0": 0.5199482302224762,
    "maturity_t": 0.7235961232182846,
    "early_diff_L": 0.1554502000341229,
    "early_diff_H": 0.642780994168668,
    "early_diff_VH": 0.8110947933738881,
    "late_diff_L": 0.2879092655183182,
    "late_diff_H": 0.8028765009393188,
    "a_early_diff_u": 2.5045259112129914,
    "a_early_diff_d": 0.33857546765703506,
    "a_late_diff_u": 1.2823000651120042,
    "a_late_diff_d": 0.5092140412255267,
    "diff_time": 934.4238111681477,
    "a_Valles_2020_ALP": 467.4920518931038,
    "a_Valles_2020_ARS": 512.8019821082595
}