{
    "a_Ber_2016_ALP": 0.29294523913121384,
    "a_Ber_2016_OC": 0.17261231859737802,
    "a_early_diff_stim": 0.19970457091674162,
    "a_late_diff_inhib": 10.85249541684809,
    "early_diff_very_fast": 0.6637530109246841,
    "late_diff_slow": 0.13411304035055535,
    "Mg_stim": 6.525710335804695,
    "Mg_dest": 22.169454825584197,
    "ALP_M_n": 5.170365800519037,
    "OC_M_n": 2.765490039989959,
    "ALP_0": 0.6439122817274436,
    "OC_0": 0.7411327857585563,
    "diff_time": 464.67790798134087,
    "maturity_t": 0.43107453352744596
}