{
    "a_Ber_2016_ALP": 0.3188959893391864,
    "a_Ber_2016_OC": 0.3729047498492661,
    "a_early_diff_stim": 2.1507049680228842,
    "a_late_diff_inhib": 15.305543030635603,
    "early_diff_very_fast": 0.7686821498323829,
    "late_diff_slow": 0.13092946321345444,
    "Mg_stim": 5.816772629179287,
    "Mg_dest": 35.00112535267555,
    "ALP_M_n": 0.0926280489642909,
    "OC_M_n": 2.7158749771526947,
    "ALP_0": 1.093532018488901,
    "OC_0": 0.7965970594116798,
    "diff_time": 954.6921177871258,
    "maturity_t": 0.0670541955431241
}