{
    "a_Ber_2016_ALP": 0.31917544878833026,
    "a_Ber_2016_OC": 0.5688080774207779,
    "a_early_diff_stim": 6.183943055360415,
    "a_late_diff_inhib": 18.16293369994315,
    "early_diff_very_fast": 0.8660009592179503,
    "late_diff_slow": 0.24241605746698536,
    "Mg_stim": 6.736742599767207,
    "Mg_dest": 27.214939334326168,
    "ALP_M_n": 0.005636334840518273,
    "OC_M_n": 1.1208281340469481,
    "ALP_0": 6.623370915246603,
    "OC_0": 0.43910220697339125,
    "diff_time": 549.8814395181051,
    "maturity_t": 0.03988845781073443
}