{
    "a_Ber_2016_ALP": 0.30886455695576454,
    "a_Ber_2016_OC": 0.7267050467912993,
    "a_early_diff_stim": 0.7298125292996309,
    "a_late_diff_inhib": 11.253357768928367,
    "early_diff_very_fast": 0.8074131524899406,
    "late_diff_slow": 0.1332114666869527,
    "Mg_stim": 5.657329774097981,
    "Mg_dest": 30.935800442301872,
    "ALP_M_n": 0.7316059543754083,
    "OC_M_n": 1.5300748369183665,
    "ALP_0": 0.9676187503893319,
    "OC_0": 0.4148087283411248,
    "diff_time": 775.3765769694455,
    "maturity_t": 0.0553729668314335
}