{
    "a_Ber_2016_ALP": 0.47747336253934036,
    "a_Ber_2016_OC": 0.44733908035668457,
    "a_early_diff_stim": 2.7680615551461067,
    "a_late_diff_inhib": 17.442142981435286,
    "early_diff_very_fast": 0.684807941467422,
    "late_diff_slow": 0.15847601240247577,
    "Mg_stim": 7.566739015001726,
    "Mg_dest": 29.011298958848872,
    "ALP_M_n": 3.8866586466296624,
    "OC_M_n": 1.5851476815045196,
    "ALP_0": 0.8023214317184721,
    "OC_0": 0.6020535178691829,
    "diff_time": 599.3359209278542,
    "maturity_t": 0.09373688915160538
}