{
    "a_Ber_2016_ALP": 0.7192987966529395,
    "a_Ber_2016_OC": 0.2845036578975327,
    "a_early_diff_stim": 6.904113577989416,
    "a_late_diff_inhib": 16.146860120096754,
    "early_diff_very_fast": 0.899797560884256,
    "late_diff_slow": 0.1444901711811857,
    "Mg_stim": 8.920253318632543,
    "Mg_dest": 34.0207666896833,
    "ALP_M_n": 13.466044597583764,
    "OC_M_n": 3.089191356032308,
    "ALP_0": 0.886017778362594,
    "OC_0": 0.8837667525779772,
    "diff_time": 981.0885872936075,
    "maturity_t": 0.05358675574263593
}