{
    "a_Ber_2016_ALP": 0.2758941869707942,
    "a_Ber_2016_OC": 0.6521106220519927,
    "a_early_diff_stim": 7.860486334922272,
    "a_late_diff_inhib": 19.59368947421749,
    "early_diff_very_fast": 0.7808703606280077,
    "late_diff_slow": 0.27424721224245224,
    "Mg_stim": 7.5547864380834575,
    "Mg_dest": 33.92011809321767,
    "ALP_M_n": 0.2406325434965897,
    "OC_M_n": 3.012026453420164,
    "ALP_0": 1.6485647138446513,
    "OC_0": 0.4422061257018101,
    "diff_time": 802.533483279251,
    "maturity_t": 0.10161529137077432
}