{
    "a_Ber_2016_ALP": 0.3046182783875352,
    "a_Ber_2016_OC": 0.24128502285311712,
    "a_early_diff_stim": 9.376678692039764,
    "a_late_diff_inhib": 18.15426176484041,
    "early_diff_very_fast": 0.773362338477162,
    "late_diff_slow": 0.24590314725213933,
    "Mg_stim": 4.26747106796415,
    "Mg_dest": 32.1084643211123,
    "ALP_M_n": 0.01146116913124325,
    "OC_M_n": 2.5325337720205874,
    "ALP_0": 2.604731196722274,
    "OC_0": 0.7202536966350525,
    "diff_time": 569.4790353167508,
    "maturity_t": 0.08719992349712637
}