{
    "a_Ber_2016_ALP": 0.36258851319060764,
    "a_Ber_2016_OC": 0.16091109542577736,
    "a_early_diff_stim": 0.777557001752422,
    "a_late_diff_inhib": 15.941316153830984,
    "early_diff_very_fast": 0.8659126855914083,
    "late_diff_slow": 0.1672402306220501,
    "Mg_stim": 7.9391591659324625,
    "Mg_dest": 34.805133012884106,
    "ALP_M_n": 0.23150117163101136,
    "OC_M_n": 3.2595315536258678,
    "ALP_0": 0.5324848677464997,
    "OC_0": 1.0865117521479917,
    "diff_time": 917.8597323680567,
    "maturity_t": 0.08680556496463832
}