{
    "a_Ber_2016_ALP": 0.2465156031292915,
    "a_Ber_2016_OC": 0.5695899586339633,
    "a_early_diff_stim": 4.928334046535189,
    "a_late_diff_inhib": 18.737089615161743,
    "early_diff_very_fast": 0.866322089104972,
    "late_diff_slow": 0.12500284915442944,
    "Mg_stim": 3.747298434124004,
    "Mg_dest": 32.36248619423266,
    "ALP_M_n": 1.1259284081956873,
    "OC_M_n": 0.9915682015242966,
    "ALP_0": 1.1964039343717114,
    "OC_0": 0.40858262019613056,
    "diff_time": 441.580445385942,
    "maturity_t": 0.03407316124452335
}