{
    "a_Ber_2016_ALP": 0.23090235611687546,
    "a_Ber_2016_OC": 0.6622554310999831,
    "a_early_diff_stim": 6.342471436802252,
    "a_late_diff_inhib": 19.052478401923686,
    "early_diff_very_fast": 0.9454986391079223,
    "late_diff_slow": 0.16907376538415314,
    "Mg_stim": 8.244090917168924,
    "Mg_dest": 31.158253118723522,
    "ALP_M_n": 0.19190363670724972,
    "OC_M_n": 1.2522479462664444,
    "ALP_0": 3.995633976098121,
    "OC_0": 0.49226582051612106,
    "diff_time": 751.5820671112972,
    "maturity_t": 0.0051068956942818345
}