{
    "a_Ber_2016_ALP": 0.32105626246155633,
    "a_Ber_2016_OC": 0.4268308529788335,
    "a_early_diff_stim": 1.9566372388545314,
    "a_late_diff_inhib": 14.638473039925069,
    "early_diff_very_fast": 0.7276892322363397,
    "late_diff_slow": 0.10981749386709125,
    "Mg_stim": 3.13273983374475,
    "Mg_dest": 24.773647460699134,
    "ALP_M_n": 0.01148199139285824,
    "OC_M_n": 1.8906137754330632,
    "ALP_0": 1.204504429251851,
    "OC_0": 0.3940997815533541,
    "diff_time": 412.36995830306586,
    "maturity_t": 0.27328532947446116
}