{
    "a_Ber_2016_ALP": 0.31045592764268853,
    "a_Ber_2016_OC": 0.8295201520303855,
    "a_early_diff_stim": 5.2536957351103615,
    "a_late_diff_inhib": 17.185307150746194,
    "early_diff_very_fast": 0.849641275144196,
    "late_diff_slow": 0.3175283430766547,
    "Mg_stim": 8.064701492966986,
    "Mg_dest": 38.41437144872088,
    "ALP_M_n": 0.8439806465893325,
    "OC_M_n": 3.8884733802159706,
    "ALP_0": 0.9802090753979438,
    "OC_0": 0.3829595197990212,
    "diff_time": 829.2678643664071,
    "maturity_t": 0.06764689892163885
}