{
    "a_Ber_2016_ALP": 0.24623579944145535,
    "a_Ber_2016_OC": 0.27135014685980147,
    "a_early_diff_stim": 13.470335139760667,
    "a_late_diff_inhib": 15.341753840341742,
    "early_diff_very_fast": 0.7339619628946386,
    "late_diff_slow": 0.12428791825171656,
    "Mg_stim": 7.62292935279964,
    "Mg_dest": 30.62974805925441,
    "ALP_M_n": 4.512566401560781,
    "OC_M_n": 2.2436941941422583,
    "ALP_0": 0.9331738919844961,
    "OC_0": 0.6218517289388208,
    "diff_time": 505.0205795652698,
    "maturity_t": 0.11269880896515683
}