{
    "a_Ber_2016_ALP": 0.3295326502082673,
    "a_Ber_2016_OC": 0.4736023136681973,
    "a_early_diff_stim": 9.66918354665496,
    "a_late_diff_inhib": 16.068801617813687,
    "early_diff_very_fast": 0.6646308762289638,
    "late_diff_slow": 0.31539346146385583,
    "Mg_stim": 9.077073357657806,
    "Mg_dest": 32.76151522584571,
    "ALP_M_n": 0.715724948029736,
    "OC_M_n": 1.959782723200983,
    "ALP_0": 0.8843252456523196,
    "OC_0": 0.37249557875073525,
    "diff_time": 539.5308085430356,
    "maturity_t": 0.014832498991967926
}