{
    "a_Ber_2016_ALP": 0.15372967570663404,
    "a_Ber_2016_OC": 0.39640929012500353,
    "a_early_diff_stim": 19.057060031547913,
    "a_late_diff_inhib": 15.609189309676514,
    "early_diff_very_fast": 0.7522052370986488,
    "late_diff_slow": 0.20428841064231185,
    "Mg_stim": 9.305867176169508,
    "Mg_dest": 23.676478235861175,
    "ALP_M_n": 1.3430507543391883,
    "OC_M_n": 1.3929769551127436,
    "ALP_0": 1.7303090340612104,
    "OC_0": 0.668607588602093,
    "diff_time": 510.61062338834796,
    "maturity_t": 0.028922183184746597
}