{
    "a_Ber_2016_ALP": 0.27725157239315046,
    "a_Ber_2016_OC": 0.5628400934704386,
    "a_early_diff_stim": 4.875470724505163,
    "a_late_diff_inhib": 18.190955707040118,
    "early_diff_very_fast": 0.8562170401678626,
    "late_diff_slow": 0.19900609762525093,
    "Mg_stim": 3.0965067939762223,
    "Mg_dest": 25.42854039172773,
    "ALP_M_n": 0.23911276195467046,
    "OC_M_n": 1.7704765200665165,
    "ALP_0": 1.312606687321236,
    "OC_0": 0.3567910406116761,
    "diff_time": 584.1506677448781,
    "maturity_t": 0.14342874011363105
}