{
    "a_Ber_2016_ALP": 0.3030686224425122,
    "a_Ber_2016_OC": 0.17624778806162375,
    "a_early_diff_stim": 2.293014059680735,
    "a_late_diff_inhib": 15.944844021951566,
    "early_diff_very_fast": 0.6364127610087724,
    "late_diff_slow": 0.1852370424173424,
    "Mg_stim": 5.368250646205828,
    "Mg_dest": 31.341471390815304,
    "ALP_M_n": 1.2300082207290106,
    "OC_M_n": 2.036342045676686,
    "ALP_0": 1.0267927309394207,
    "OC_0": 1.246835265853667,
    "diff_time": 589.3998490208675,
    "maturity_t": 0.005142380757229989
}