{
    "a_Ber_2016_ALP": 0.36570704336734056,
    "a_Ber_2016_OC": 0.6080700762299889,
    "a_early_diff_stim": 5.016458295542888,
    "a_late_diff_inhib": 18.332005199025687,
    "early_diff_very_fast": 0.8836725264954329,
    "late_diff_slow": 0.2620784649786739,
    "Mg_stim": 4.867587735345988,
    "Mg_dest": 27.375969307167715,
    "ALP_M_n": 2.518370590953106,
    "OC_M_n": 1.3181140657926484,
    "ALP_0": 0.8024655408432245,
    "OC_0": 0.23135691333422106,
    "diff_time": 495.24153151374776,
    "maturity_t": 0.1302214355775456
}