{
    "a_Ber_2016_ALP": 0.34116844200228097,
    "a_Ber_2016_OC": 0.7959785059278995,
    "a_early_diff_stim": 11.447083169699312,
    "a_late_diff_inhib": 8.272488328756786,
    "early_diff_very_fast": 0.8737280505310351,
    "late_diff_slow": 0.19531774420841913,
    "Mg_stim": 5.892836694054053,
    "Mg_dest": 23.399136832103146,
    "ALP_M_n": 0.30341472889038384,
    "OC_M_n": 2.94812390157477,
    "ALP_0": 0.7878447532709916,
    "OC_0": 0.19242762580143302,
    "diff_time": 623.604876199709,
    "maturity_t": 0.0851006852206786
}