{
    "a_Ber_2016_ALP": 0.3381988546626746,
    "a_Ber_2016_OC": 0.8498587588977332,
    "a_early_diff_stim": 3.5028139325215863,
    "a_late_diff_inhib": 18.517284548140424,
    "early_diff_very_fast": 0.7363168804055584,
    "late_diff_slow": 0.20925830763512526,
    "Mg_stim": 2.5679124202193466,
    "Mg_dest": 22.284635075097206,
    "ALP_M_n": 0.17269901845338367,
    "OC_M_n": 1.291625007400516,
    "ALP_0": 0.8840192437276128,
    "OC_0": 0.20199529399878557,
    "diff_time": 669.9678043541307,
    "maturity_t": 0.12354123549049617
}