{
    "a_Ber_2016_ALP": 0.11226108284055897,
    "a_Ber_2016_OC": 0.18423815210844527,
    "a_early_diff_stim": 2.6318512115128576,
    "a_late_diff_inhib": 17.157183635119964,
    "early_diff_very_fast": 0.8267277502544987,
    "late_diff_slow": 0.26249794165506174,
    "Mg_stim": 7.402728339178943,
    "Mg_dest": 34.7915395126366,
    "ALP_M_n": 1.8176075582940001,
    "OC_M_n": 2.9689384073187943,
    "ALP_0": 1.743483663841714,
    "OC_0": 0.9740140213145666,
    "diff_time": 757.3177073938184,
    "maturity_t": 0.029357202700232995
}