{
    "a_Ber_2016_ALP": 0.30965774953778896,
    "a_Ber_2016_OC": 0.6948480186234877,
    "a_early_diff_stim": 14.698238036001923,
    "a_late_diff_inhib": 18.05383748323219,
    "early_diff_very_fast": 0.6486847021653662,
    "late_diff_slow": 0.1545773071274018,
    "Mg_stim": 4.16377572395179,
    "Mg_dest": 28.022742291280274,
    "ALP_M_n": 0.04329913836828982,
    "OC_M_n": 1.4018664591105587,
    "ALP_0": 3.5415808158664532,
    "OC_0": 0.3424666831530516,
    "diff_time": 660.9849039984304,
    "maturity_t": 0.0353777372638028
}