{
    "a_Ber_2016_ALP": 0.35827939740602055,
    "a_Ber_2016_OC": 0.3764492928257377,
    "a_early_diff_stim": 12.485150464441109,
    "a_late_diff_inhib": 16.761473857045214,
    "early_diff_very_fast": 0.6740440750277028,
    "late_diff_slow": 0.10164787645881937,
    "Mg_stim": 6.718488895549927,
    "Mg_dest": 31.571826308284212,
    "ALP_M_n": 0.5451497691625509,
    "OC_M_n": 2.622438311886847,
    "ALP_0": 0.7163639738785129,
    "OC_0": 0.6930285012638591,
    "diff_time": 787.5003863131449,
    "maturity_t": 0.05474004203680393
}