{
    "a_Ber_2016_ALP": 0.5152510086880492,
    "a_Ber_2016_OC": 0.41309541916817416,
    "a_early_diff_stim": 1.7667528438573796,
    "a_late_diff_inhib": 14.674148382049449,
    "early_diff_very_fast": 0.9895627851797959,
    "late_diff_slow": 0.2304290325675475,
    "Mg_stim": 3.493894860090812,
    "Mg_dest": 26.856556380431456,
    "ALP_M_n": 0.9739695456428641,
    "OC_M_n": 8.466795061207439,
    "ALP_0": 0.40344366235934664,
    "OC_0": 0.5698577774547929,
    "diff_time": 985.6615987145193,
    "maturity_t": 0.26356513732272535
}