{
    "a_Ber_2016_ALP": 0.3412095386335612,
    "a_Ber_2016_OC": 0.27339539385237716,
    "a_early_diff_stim": 10.427121524358602,
    "a_late_diff_inhib": 13.145611511239096,
    "early_diff_very_fast": 0.8524419900857885,
    "late_diff_slow": 0.25169501458246263,
    "Mg_stim": 3.820103478046196,
    "Mg_dest": 31.19623254078119,
    "ALP_M_n": 0.2617672366484667,
    "OC_M_n": 0.047462367867379375,
    "ALP_0": 0.2831001794292389,
    "OC_0": 0.653563074893496,
    "diff_time": 511.45005918799154,
    "maturity_t": 0.70283007542616
}