{
    "a_Ber_2016_ALP": 0.31033027263531615,
    "a_Ber_2016_OC": 0.161126699189079,
    "a_early_diff_stim": 5.841121684930336,
    "a_late_diff_inhib": 19.40468881354355,
    "early_diff_very_fast": 0.6058409986874438,
    "late_diff_slow": 0.238799663181386,
    "Mg_stim": 6.920899287576141,
    "Mg_dest": 37.81275786488441,
    "ALP_M_n": 0.1458707391963087,
    "OC_M_n": 3.8078318890017413,
    "ALP_0": 0.845063079497271,
    "OC_0": 0.9226804636417525,
    "diff_time": 839.254229989473,
    "maturity_t": 0.08268344903942779
}