{
    "a_Ber_2016_ALP": 0.3310585764894953,
    "a_Ber_2016_OC": 0.9548871361692117,
    "a_early_diff_stim": 5.149744993925946,
    "a_late_diff_inhib": 17.781719329869766,
    "early_diff_very_fast": 0.628264407154454,
    "late_diff_slow": 0.2709327522039989,
    "Mg_stim": 3.700484376729389,
    "Mg_dest": 26.79526165541942,
    "ALP_M_n": 0.3222025563163342,
    "OC_M_n": 1.3081393926482252,
    "ALP_0": 0.7794413217036524,
    "OC_0": 0.17650128405729468,
    "diff_time": 723.142166743928,
    "maturity_t": 0.09066731037817793
}