{
    "a_Ber_2016_ALP": 0.2194350995769471,
    "a_Ber_2016_OC": 0.3539145603112473,
    "a_early_diff_stim": 7.416383127701822,
    "a_late_diff_inhib": 17.065088371351514,
    "early_diff_very_fast": 0.9047304215441008,
    "late_diff_slow": 0.23154948300098904,
    "Mg_stim": 9.093582973639336,
    "Mg_dest": 23.72950150615276,
    "ALP_M_n": 0.2386820749286724,
    "OC_M_n": 2.0970247883366504,
    "ALP_0": 4.839651334169168,
    "OC_0": 0.8351584011735962,
    "diff_time": 787.2355599374421,
    "maturity_t": 0.02780889726237844
}