{
    "a_Ber_2016_ALP": 0.24429943686759725,
    "a_Ber_2016_OC": 0.2029898673019172,
    "a_early_diff_stim": 17.923990253483936,
    "a_late_diff_inhib": 19.034421263938782,
    "early_diff_very_fast": 0.6980600555320355,
    "late_diff_slow": 0.22768409958637748,
    "Mg_stim": 6.98031596653993,
    "Mg_dest": 28.673691784131115,
    "ALP_M_n": 0.1406011387100481,
    "OC_M_n": 1.9272494121474626,
    "ALP_0": 8.047384440219654,
    "OC_0": 1.0823625037181692,
    "diff_time": 528.576224783994,
    "maturity_t": 0.021324330242969536
}