{
    "a_Ber_2016_ALP": 0.25706091654831786,
    "a_Ber_2016_OC": 0.3853862978133462,
    "a_early_diff_stim": 10.356960355591756,
    "a_late_diff_inhib": 13.19926789268344,
    "early_diff_very_fast": 0.7658651277459239,
    "late_diff_slow": 0.3070907239780075,
    "Mg_stim": 5.77485052955596,
    "Mg_dest": 24.24249422837847,
    "ALP_M_n": 0.359124040917818,
    "OC_M_n": 1.950806562281656,
    "ALP_0": 1.7394336653765796,
    "OC_0": 0.4691875521038078,
    "diff_time": 511.64247730895227,
    "maturity_t": 0.03285213589870212
}