{
    "a_Ber_2016_ALP": 0.9916495981263012,
    "a_Ber_2016_OC": 0.023087654837366786,
    "a_early_diff_stim": 2.123741295370647,
    "a_late_diff_inhib": 11.223311222005233,
    "early_diff_very_fast": 0.69644558513109,
    "late_diff_slow": 0.1437165106904807,
    "Mg_stim": 5.342918749002541,
    "Mg_dest": 22.560525413046758,
    "ALP_M_n": 4.314982715373446,
    "OC_M_n": 3.355468497193286,
    "ALP_0": 0.6857944473666742,
    "OC_0": 1.964623900118323,
    "diff_time": 552.681760518105,
    "maturity_t": 0.08753739242445689
}