{
    "a_Ber_2016_ALP": 0.2233188906914037,
    "a_Ber_2016_OC": 0.6277511879013784,
    "a_early_diff_stim": 8.81072907623683,
    "a_late_diff_inhib": 12.341729617399908,
    "early_diff_very_fast": 0.7375615784550389,
    "late_diff_slow": 0.19636903669810066,
    "Mg_stim": 3.617944264628001,
    "Mg_dest": 31.793109389494127,
    "ALP_M_n": 0.32597026268870766,
    "OC_M_n": 2.9911671449523416,
    "ALP_0": 3.5627965722409103,
    "OC_0": 0.5597260340763665,
    "diff_time": 960.5276956083203,
    "maturity_t": 0.03096422359209108
}