{
    "a_Ber_2016_ALP": 0.9031935570761488,
    "a_Ber_2016_OC": 0.43186999127091,
    "a_early_diff_stim": 8.572667794852872,
    "a_late_diff_inhib": 15.393042237609528,
    "early_diff_very_fast": 0.9715787052194873,
    "late_diff_slow": 0.1663705415729616,
    "Mg_stim": 7.799336768019034,
    "Mg_dest": 34.22665054403721,
    "ALP_M_n": 6.826967383559684,
    "OC_M_n": 1.1809184228145482,
    "ALP_0": 0.8491193389240083,
    "OC_0": 0.6854469093417632,
    "diff_time": 382.524313232425,
    "maturity_t": 0.002909376792305031
}