{
    "a_Ber_2016_ALP": 0.16475094809552113,
    "a_Ber_2016_OC": 0.2542678147917774,
    "a_early_diff_stim": 9.34600774616817,
    "a_late_diff_inhib": 7.539962924614069,
    "early_diff_very_fast": 0.9083025498963231,
    "late_diff_slow": 0.32630582653757045,
    "Mg_stim": 6.423956130657388,
    "Mg_dest": 33.01930638970773,
    "ALP_M_n": 0.735614285160216,
    "OC_M_n": 0.05013281310628228,
    "ALP_0": 1.9627519396401167,
    "OC_0": 5.840920057876081,
    "diff_time": 564.046922418412,
    "maturity_t": 0.7154248887745672
}