{
    "a_Ber_2016_ALP": 0.25384658691531126,
    "a_Ber_2016_OC": 0.3503708662442718,
    "a_early_diff_stim": 9.475912579500498,
    "a_late_diff_inhib": 17.006304680127393,
    "early_diff_very_fast": 0.9474482192343425,
    "late_diff_slow": 0.3627213829734692,
    "Mg_stim": 4.966801208919264,
    "Mg_dest": 31.95513640631598,
    "ALP_M_n": 5.459500873702951,
    "OC_M_n": 3.308086915002702,
    "ALP_0": 1.0124515141428017,
    "OC_0": 0.28274851136340806,
    "diff_time": 432.77228622703325,
    "maturity_t": 0.019264276024318412
}