{
    "a_Ber_2016_ALP": 0.3694457113003954,
    "a_Ber_2016_OC": 0.46160818267956116,
    "a_early_diff_stim": 4.681586149064966,
    "a_late_diff_inhib": 18.172713775609516,
    "early_diff_very_fast": 0.9572851422993729,
    "late_diff_slow": 0.17411311957797593,
    "Mg_stim": 3.6791640154218808,
    "Mg_dest": 33.41985947256403,
    "ALP_M_n": 0.5932608556047091,
    "OC_M_n": 1.216043380615597,
    "ALP_0": 0.7150821515428633,
    "OC_0": 0.6460464745963198,
    "diff_time": 544.4549689114796,
    "maturity_t": 0.007399113706322045
}