{
    "a_Ber_2016_ALP": 0.3734415107165029,
    "a_Ber_2016_OC": 0.12261455197506972,
    "a_early_diff_stim": 16.190856973799026,
    "a_late_diff_inhib": 13.476304799624033,
    "early_diff_very_fast": 0.9233583559359904,
    "late_diff_slow": 0.17200629921165472,
    "Mg_stim": 9.229378052293427,
    "Mg_dest": 35.4758999918917,
    "ALP_M_n": 0.6729917901478213,
    "OC_M_n": 3.6485677965824688,
    "ALP_0": 0.8108898425191441,
    "OC_0": 1.1331958670409037,
    "diff_time": 935.3035920605513,
    "maturity_t": 0.010607192260328331
}