{
    "a_Ber_2016_ALP": 0.21739824031177402,
    "a_Ber_2016_OC": 0.9701621226241511,
    "a_early_diff_stim": 0.49409855351060006,
    "a_late_diff_inhib": 6.747774788997707,
    "early_diff_very_fast": 0.7819439485779224,
    "late_diff_slow": 0.12661032546546858,
    "Mg_stim": 9.326197999319497,
    "Mg_dest": 37.10867129688002,
    "ALP_M_n": 2.7626504881014964,
    "OC_M_n": 4.287622311446089,
    "ALP_0": 1.0687816319602557,
    "OC_0": 0.39458074415382793,
    "diff_time": 897.6966810266579,
    "maturity_t": 0.09208300506835973
}