{
    "a_Ber_2016_ALP": 0.31240026882831395,
    "a_Ber_2016_OC": 0.738706932410794,
    "a_early_diff_stim": 12.964211528143073,
    "a_late_diff_inhib": 19.33330624934464,
    "early_diff_very_fast": 0.8967251478568335,
    "late_diff_slow": 0.16653026216430242,
    "Mg_stim": 5.640052978506917,
    "Mg_dest": 30.514956180669305,
    "ALP_M_n": 0.09447023059598213,
    "OC_M_n": 0.7690562398587201,
    "ALP_0": 1.7607352349985481,
    "OC_0": 0.10815487055726215,
    "diff_time": 473.36090544690546,
    "maturity_t": 0.040021872482530335
}