{
    "a_Ber_2016_ALP": 0.5599041758365676,
    "a_Ber_2016_OC": 0.5506317815957292,
    "a_early_diff_stim": 2.1552707415942796,
    "a_late_diff_inhib": 14.392615872679922,
    "early_diff_very_fast": 0.9323722385756136,
    "late_diff_slow": 0.16137205794051496,
    "Mg_stim": 3.471755942670326,
    "Mg_dest": 25.47440286690857,
    "ALP_M_n": 3.0532114859737853,
    "OC_M_n": 2.1031496498586,
    "ALP_0": 0.8308617279261428,
    "OC_0": 0.699197289931326,
    "diff_time": 1018.0768161831103,
    "maturity_t": 0.016588286403067472
}