{
    "a_Ber_2016_ALP": 0.30675887194143997,
    "a_Ber_2016_OC": 0.7098300364717041,
    "a_early_diff_stim": 9.969037361632965,
    "a_late_diff_inhib": 12.906445431811324,
    "early_diff_very_fast": 0.7307988682252881,
    "late_diff_slow": 0.11045929317743164,
    "Mg_stim": 5.186004668159187,
    "Mg_dest": 25.10580443445815,
    "ALP_M_n": 0.037381710496464576,
    "OC_M_n": 2.127688656185344,
    "ALP_0": 3.546874866069978,
    "OC_0": 0.06862872189406789,
    "diff_time": 509.3746003296344,
    "maturity_t": 0.14938625565034383
}