{
    "a_Ber_2016_ALP": 0.34579823892843026,
    "a_Ber_2016_OC": 0.7899347214500737,
    "a_early_diff_stim": 4.731184250092077,
    "a_late_diff_inhib": 0.7448612859386881,
    "early_diff_very_fast": 0.6662311976696749,
    "late_diff_slow": 0.3091427320630623,
    "Mg_stim": 9.982141297776199,
    "Mg_dest": 28.429085056690248,
    "ALP_M_n": 0.3827729612456636,
    "OC_M_n": 0.006164794506048565,
    "ALP_0": 0.27604147520923306,
    "OC_0": 4.459122080892799,
    "diff_time": 406.8460544026362,
    "maturity_t": 0.6922370477355857
}