{
    "a_Ber_2016_ALP": 0.3127372169294598,
    "a_Ber_2016_OC": 0.4297837642046398,
    "a_early_diff_stim": 0.8645154785834637,
    "a_late_diff_inhib": 19.32985593855773,
    "early_diff_very_fast": 0.8571736891051974,
    "late_diff_slow": 0.2442209618391126,
    "Mg_stim": 6.557780863089785,
    "Mg_dest": 24.914169320484305,
    "ALP_M_n": 2.5135104554847696,
    "OC_M_n": 2.7881671706100284,
    "ALP_0": 0.7177027537123962,
    "OC_0": 0.452160378939228,
    "diff_time": 632.0013048950276,
    "maturity_t": 0.340891971061725
}