{
    "a_Ber_2016_ALP": 0.13845971317618597,
    "a_Ber_2016_OC": 0.32976924923783285,
    "a_early_diff_stim": 15.294445390199614,
    "a_late_diff_inhib": 18.837648067704492,
    "early_diff_very_fast": 0.7646594026187835,
    "late_diff_slow": 0.14640878699283624,
    "Mg_stim": 4.708760931544902,
    "Mg_dest": 30.202154157227202,
    "ALP_M_n": 15.660922636347195,
    "OC_M_n": 1.5077715426451912,
    "ALP_0": 1.0329494339038843,
    "OC_0": 0.799967520621608,
    "diff_time": 494.51628293886716,
    "maturity_t": 0.017726861288340723
}