{
    "a_Ber_2016_ALP": 0.2461638375253695,
    "a_Ber_2016_OC": 0.6370410557573642,
    "a_early_diff_stim": 4.488291967985538,
    "a_late_diff_inhib": 17.350322229786595,
    "early_diff_very_fast": 0.6465331211144966,
    "late_diff_slow": 0.11029412755854767,
    "Mg_stim": 9.002715930778558,
    "Mg_dest": 22.23926841793169,
    "ALP_M_n": 0.3264874626594319,
    "OC_M_n": 2.0418493303184597,
    "ALP_0": 2.30932502104897,
    "OC_0": 0.4895003701034701,
    "diff_time": 801.8918298461224,
    "maturity_t": 0.10600013930777964
}