{
    "a_Ber_2016_ALP": 0.24475462895569272,
    "a_Ber_2016_OC": 0.7331331238622275,
    "a_early_diff_stim": 2.2010661836732064,
    "a_late_diff_inhib": 16.732850702983697,
    "early_diff_very_fast": 0.7109877504123183,
    "late_diff_slow": 0.23067834353110525,
    "Mg_stim": 9.919873122947326,
    "Mg_dest": 25.668658926232126,
    "ALP_M_n": 1.5968840443769332,
    "OC_M_n": 1.9756679459161783,
    "ALP_0": 0.7920939949711631,
    "OC_0": 0.04517010343515902,
    "diff_time": 488.20797745054364,
    "maturity_t": 0.4364519512628952
}