{
    "a_Ber_2016_ALP": 0.29461713116595417,
    "a_Ber_2016_OC": 0.7684941916869301,
    "a_early_diff_stim": 12.677231648403584,
    "a_late_diff_inhib": 12.197133118276517,
    "early_diff_very_fast": 0.7587713264854331,
    "late_diff_slow": 0.2025381039685362,
    "Mg_stim": 7.677048686980281,
    "Mg_dest": 31.433184628956816,
    "ALP_M_n": 0.08478963948778168,
    "OC_M_n": 1.45296597386467,
    "ALP_0": 3.9060605418937118,
    "OC_0": 0.30841267972652503,
    "diff_time": 700.3604578050921,
    "maturity_t": 0.01126314530944732
}