{
    "a_Ber_2016_ALP": 0.330788796453249,
    "a_Ber_2016_OC": 0.6662271391498422,
    "a_early_diff_stim": 1.0371084900970393,
    "a_late_diff_inhib": 14.586201907493244,
    "early_diff_very_fast": 0.7896368933230584,
    "late_diff_slow": 0.13106460010418042,
    "Mg_stim": 5.4011131759512185,
    "Mg_dest": 30.78810023434723,
    "ALP_M_n": 0.05336666249633617,
    "OC_M_n": 0.8023969396735707,
    "ALP_0": 0.9356100727434246,
    "OC_0": 0.2586407473591665,
    "diff_time": 505.26382194500883,
    "maturity_t": 0.06296529055452614
}