{
    "a_Ber_2016_ALP": 0.42324899179597025,
    "a_Ber_2016_OC": 0.2672685062569738,
    "a_early_diff_stim": 1.3125257502529597,
    "a_late_diff_inhib": 16.837853793717738,
    "early_diff_very_fast": 0.8193484944924015,
    "late_diff_slow": 0.23714117907154256,
    "Mg_stim": 7.922869181617909,
    "Mg_dest": 21.023119928305366,
    "ALP_M_n": 1.4564372176301368,
    "OC_M_n": 2.980725566722675,
    "ALP_0": 0.39684783450816213,
    "OC_0": 0.4445759099758812,
    "diff_time": 427.82495329409943,
    "maturity_t": 0.46353549757241125
}