{
    "a_Ber_2016_ALP": 0.28386919815749223,
    "a_Ber_2016_OC": 0.18390049108492817,
    "a_early_diff_stim": 3.4733386394534107,
    "a_late_diff_inhib": 19.594382941676976,
    "early_diff_very_fast": 0.6307737873258114,
    "late_diff_slow": 0.33549275022562197,
    "Mg_stim": 6.440605000876294,
    "Mg_dest": 23.031640440737746,
    "ALP_M_n": 0.18228753336574438,
    "OC_M_n": 3.152787117228123,
    "ALP_0": 1.8008706368552991,
    "OC_0": 1.0471205276600533,
    "diff_time": 921.3876337268287,
    "maturity_t": 0.04578768659683817
}