{
    "a_Ber_2016_ALP": 0.2019615612951294,
    "a_Ber_2016_OC": 0.4559991905666913,
    "a_early_diff_stim": 3.0819986888918964,
    "a_late_diff_inhib": 17.921903326325726,
    "early_diff_very_fast": 0.684264282710901,
    "late_diff_slow": 0.11471815354758463,
    "Mg_stim": 7.74422664543503,
    "Mg_dest": 28.09568875997247,
    "ALP_M_n": 1.232163832172826,
    "OC_M_n": 1.331000862076875,
    "ALP_0": 1.4394126448883173,
    "OC_0": 0.6014237906328171,
    "diff_time": 545.4586623064781,
    "maturity_t": 0.05886924279420759
}