{
    "a_Ber_2016_ALP": 0.2792893075600767,
    "a_Ber_2016_OC": 0.8263730442834089,
    "a_early_diff_stim": 4.703402586277895,
    "a_late_diff_inhib": 15.422215526038963,
    "early_diff_very_fast": 0.6260851224257747,
    "late_diff_slow": 0.27726607373570944,
    "Mg_stim": 9.592210524759622,
    "Mg_dest": 37.177245350770406,
    "ALP_M_n": 0.16569799213411923,
    "OC_M_n": 1.3077690117556804,
    "ALP_0": 2.5118546155928967,
    "OC_0": 0.007863770642011034,
    "diff_time": 520.8549690411354,
    "maturity_t": 0.0485749717097188
}