{
    "a_Ber_2016_ALP": 0.24036503834712622,
    "a_Ber_2016_OC": 0.20535999898879376,
    "a_early_diff_stim": 2.3273225580874155,
    "a_late_diff_inhib": 11.601829741301808,
    "early_diff_very_fast": 0.7774125472945074,
    "late_diff_slow": 0.12408989175689189,
    "Mg_stim": 7.073971960798543,
    "Mg_dest": 25.64115594478387,
    "ALP_M_n": 1.3163877472138297,
    "OC_M_n": 4.0180090119900775,
    "ALP_0": 0.8417046000273088,
    "OC_0": 0.4027570241162274,
    "diff_time": 491.8945291520346,
    "maturity_t": 0.46167281652183184
}