{
    "a_Ber_2016_ALP": 0.14891964461331664,
    "a_Ber_2016_OC": 0.09417973528036779,
    "a_early_diff_stim": 4.433408984366466,
    "a_late_diff_inhib": 16.287671182806527,
    "early_diff_very_fast": 0.8354340316351799,
    "late_diff_slow": 0.1336606664339765,
    "Mg_stim": 2.465066104031373,
    "Mg_dest": 31.449851268402774,
    "ALP_M_n": 0.5341765547360171,
    "OC_M_n": 3.537498005044148,
    "ALP_0": 3.8865563536824292,
    "OC_0": 1.04122815112638,
    "diff_time": 638.2813149627509,
    "maturity_t": 0.15232625337966704
}