{
    "a_Ber_2016_ALP": 0.3492664525276941,
    "a_Ber_2016_OC": 0.5004875095932875,
    "a_early_diff_stim": 5.46747827103711,
    "a_late_diff_inhib": 18.11768175627971,
    "early_diff_very_fast": 0.6342992788814001,
    "late_diff_slow": 0.3402066469080842,
    "Mg_stim": 5.565591157517479,
    "Mg_dest": 33.9452954125854,
    "ALP_M_n": 0.268081085622413,
    "OC_M_n": 2.8752630874133063,
    "ALP_0": 0.7330232271855317,
    "OC_0": 0.5095182798279153,
    "diff_time": 754.9994965985584,
    "maturity_t": 0.012267808876640886
}