{
    "a_Ber_2016_ALP": 0.27897743368262673,
    "a_Ber_2016_OC": 0.5985970993987738,
    "a_early_diff_stim": 2.5305438695878983,
    "a_late_diff_inhib": 7.198326503895542,
    "early_diff_very_fast": 0.7792337522804061,
    "late_diff_slow": 0.1223933987153483,
    "Mg_stim": 7.91737328581849,
    "Mg_dest": 37.06972506110654,
    "ALP_M_n": 0.7950631298238684,
    "OC_M_n": 2.1668494523285173,
    "ALP_0": 1.2422152522838237,
    "OC_0": 0.20158380778137858,
    "diff_time": 535.2787675061339,
    "maturity_t": 0.027082886920080526
}