{
    "a_Ber_2016_ALP": 0.09591871978777514,
    "a_Ber_2016_OC": 0.6597220657264156,
    "a_early_diff_stim": 0.4513480858146204,
    "a_late_diff_inhib": 19.842332306843794,
    "early_diff_very_fast": 0.7226886269957359,
    "late_diff_slow": 0.2900266184594573,
    "Mg_stim": 7.328703550980585,
    "Mg_dest": 35.53859318732733,
    "ALP_M_n": 0.6003290452882445,
    "OC_M_n": 1.110331545382822,
    "ALP_0": 7.373570267535053,
    "OC_0": 0.18917649285610497,
    "diff_time": 453.56318846956526,
    "maturity_t": 0.04557556842262105
}