{
    "a_Ber_2016_ALP": 0.21738513424277872,
    "a_Ber_2016_OC": 0.6489633053708513,
    "a_early_diff_stim": 1.849095947496807,
    "a_late_diff_inhib": 19.377493349003878,
    "early_diff_very_fast": 0.8010465448126145,
    "late_diff_slow": 0.39500648847470154,
    "Mg_stim": 4.440532186306536,
    "Mg_dest": 24.6895524257151,
    "ALP_M_n": 0.7091713072563379,
    "OC_M_n": 1.9792959826093808,
    "ALP_0": 1.6182183651795072,
    "OC_0": 0.11150183447858071,
    "diff_time": 437.56326389868303,
    "maturity_t": 0.041993988204853
}