{
    "a_Ber_2016_ALP": 0.28402143375826283,
    "a_Ber_2016_OC": 0.6978277010340734,
    "a_early_diff_stim": 1.4181439278996657,
    "a_late_diff_inhib": 8.840101766524597,
    "early_diff_very_fast": 0.9631753545548345,
    "late_diff_slow": 0.14968589828228268,
    "Mg_stim": 8.609129183194344,
    "Mg_dest": 36.84233703805445,
    "ALP_M_n": 1.2772824617387688,
    "OC_M_n": 2.9230798716803803,
    "ALP_0": 1.0157557638348866,
    "OC_0": 0.37177976141768854,
    "diff_time": 745.4793742667749,
    "maturity_t": 0.08334794846014833
}