{
    "a_Ber_2016_ALP": 0.5491787859171181,
    "a_Ber_2016_OC": 0.16798521607866757,
    "a_early_diff_stim": 2.6611142921188797,
    "a_late_diff_inhib": 19.795271999926456,
    "early_diff_very_fast": 0.8424032927921968,
    "late_diff_slow": 0.23677627113138958,
    "Mg_stim": 5.841204125290686,
    "Mg_dest": 33.48993697221572,
    "ALP_M_n": 1.784298391799613,
    "OC_M_n": 2.0015510174507316,
    "ALP_0": 0.6946564771400778,
    "OC_0": 1.1809799782727732,
    "diff_time": 396.6243014335244,
    "maturity_t": 0.06598496124806663
}