{
    "a_Ber_2016_ALP": 0.20967476846463012,
    "a_Ber_2016_OC": 0.3237653431670209,
    "a_early_diff_stim": 0.7245500187126537,
    "a_late_diff_inhib": 7.853130609675436,
    "early_diff_very_fast": 0.8310634601324556,
    "late_diff_slow": 0.14242037644943817,
    "Mg_stim": 4.597598624541504,
    "Mg_dest": 32.970886681463,
    "ALP_M_n": 1.2409873264158244,
    "OC_M_n": 4.113790647275679,
    "ALP_0": 1.292831591182792,
    "OC_0": 0.6450882970361789,
    "diff_time": 838.804990662122,
    "maturity_t": 0.08352738965251046
}