{
    "a_Ber_2016_ALP": 0.20045892986052785,
    "a_Ber_2016_OC": 0.8740699408154727,
    "a_early_diff_stim": 10.283754028589247,
    "a_late_diff_inhib": 18.620483248342723,
    "early_diff_very_fast": 0.8766803409026055,
    "late_diff_slow": 0.19166045866808912,
    "Mg_stim": 5.419443314920407,
    "Mg_dest": 27.318030878692817,
    "ALP_M_n": 0.6424599486756537,
    "OC_M_n": 2.2963862668920005,
    "ALP_0": 1.8209172442892465,
    "OC_0": 0.24352826749645412,
    "diff_time": 701.3191653643855,
    "maturity_t": 0.09608473527396207
}