{
    "a_Ber_2016_ALP": 0.11162198689957813,
    "a_Ber_2016_OC": 0.6774049614628159,
    "a_early_diff_stim": 8.428320068850097,
    "a_late_diff_inhib": 16.300483463033764,
    "early_diff_very_fast": 0.8756075010683669,
    "late_diff_slow": 0.1390113230410352,
    "Mg_stim": 4.139916847124599,
    "Mg_dest": 33.798892965304304,
    "ALP_M_n": 0.8143233570927485,
    "OC_M_n": 0.8163100980223061,
    "ALP_0": 3.8714045430838384,
    "OC_0": 0.28894799877184807,
    "diff_time": 537.8499593608312,
    "maturity_t": 0.014747168493113404
}