{
    "a_Ber_2016_ALP": 0.22927372324075126,
    "a_Ber_2016_OC": 0.35226600063566044,
    "a_early_diff_stim": 0.46167709840063614,
    "a_late_diff_inhib": 13.810127603936795,
    "early_diff_very_fast": 0.8990710896255959,
    "late_diff_slow": 0.2652778057323059,
    "Mg_stim": 3.394938101671305,
    "Mg_dest": 29.406072738994215,
    "ALP_M_n": 0.33250277438607445,
    "OC_M_n": 1.9227856365470943,
    "ALP_0": 2.4700457364495247,
    "OC_0": 0.6197271096462807,
    "diff_time": 552.4591975512452,
    "maturity_t": 0.04698382489229208
}