{
    "a_Ber_2016_ALP": 0.4096299569887227,
    "a_Ber_2016_OC": 0.578477285500756,
    "a_early_diff_stim": 0.7867902401019486,
    "a_late_diff_inhib": 13.970227896146856,
    "early_diff_very_fast": 0.8469832196507024,
    "late_diff_slow": 0.17724496122981206,
    "Mg_stim": 4.401979651365294,
    "Mg_dest": 22.35118432740326,
    "ALP_M_n": 1.8134402227102293,
    "OC_M_n": 2.962263571052631,
    "ALP_0": 0.5693914165036958,
    "OC_0": 0.29724716348339053,
    "diff_time": 615.8276610290151,
    "maturity_t": 0.3978465800592613
}