{
    "a_Ber_2016_ALP": 0.265465809723909,
    "a_Ber_2016_OC": 0.6320306920694153,
    "a_early_diff_stim": 5.026275895759713,
    "a_late_diff_inhib": 10.966265748347553,
    "early_diff_very_fast": 0.7090987841635501,
    "late_diff_slow": 0.20650749611279373,
    "Mg_stim": 7.329733122625407,
    "Mg_dest": 22.300075156769807,
    "ALP_M_n": 0.14579021823546828,
    "OC_M_n": 1.1624418152365315,
    "ALP_0": 4.970749761684172,
    "OC_0": 0.3182149429007183,
    "diff_time": 555.9587560142211,
    "maturity_t": 0.09045329807757521
}