{
    "a_Ber_2016_ALP": 0.3488260487213777,
    "a_Ber_2016_OC": 0.5128552293252512,
    "a_early_diff_stim": 9.127581924175278,
    "a_late_diff_inhib": 9.864550864926473,
    "early_diff_very_fast": 0.9284090460397918,
    "late_diff_slow": 0.17011583344430772,
    "Mg_stim": 8.554094553397327,
    "Mg_dest": 26.839446547139772,
    "ALP_M_n": 0.22069249388543247,
    "OC_M_n": 0.24226434927410836,
    "ALP_0": 0.09944730137203098,
    "OC_0": 5.266764699653062,
    "diff_time": 414.28319117106906,
    "maturity_t": 0.7909168576369376
}