{
    "a_Ber_2016_ALP": 0.16384754464550755,
    "a_Ber_2016_OC": 0.5742887623299808,
    "a_early_diff_stim": 18.673713114327278,
    "a_late_diff_inhib": 18.316048173808323,
    "early_diff_very_fast": 0.6488343898739651,
    "late_diff_slow": 0.1572504224074663,
    "Mg_stim": 5.256248054574254,
    "Mg_dest": 36.80033275417406,
    "ALP_M_n": 0.8502904031564604,
    "OC_M_n": 3.677265215120446,
    "ALP_0": 2.2189595639292063,
    "OC_0": 0.5619837008843183,
    "diff_time": 946.8654967018564,
    "maturity_t": 0.0414497356894461
}