{
    "a_Ber_2016_ALP": 0.183087869157545,
    "a_Ber_2016_OC": 0.20553320566353336,
    "a_early_diff_stim": 8.606174380910288,
    "a_late_diff_inhib": 16.464770487566042,
    "early_diff_very_fast": 0.7251899321764785,
    "late_diff_slow": 0.2439353593578296,
    "Mg_stim": 7.097559144142112,
    "Mg_dest": 20.95778657377179,
    "ALP_M_n": 0.4439354544866434,
    "OC_M_n": 2.8097187162790274,
    "ALP_0": 2.9782639165159783,
    "OC_0": 0.934118618065177,
    "diff_time": 732.650965762728,
    "maturity_t": 0.06694006636997014
}