{
    "a_Ber_2016_ALP": 0.34480589947839274,
    "a_Ber_2016_OC": 0.7438231724358609,
    "a_early_diff_stim": 1.092832382258447,
    "a_late_diff_inhib": 10.589848930361118,
    "early_diff_very_fast": 0.9069967635117027,
    "late_diff_slow": 0.13204065340886328,
    "Mg_stim": 2.996126127123325,
    "Mg_dest": 34.25587603036297,
    "ALP_M_n": 0.2491012531594797,
    "OC_M_n": 3.3556722081769,
    "ALP_0": 0.6261991529587421,
    "OC_0": 0.5027820624273602,
    "diff_time": 970.8136794877386,
    "maturity_t": 0.11797945863607032
}