{
    "a_Ber_2016_ALP": 0.323999489136299,
    "a_Ber_2016_OC": 0.3767714027783708,
    "a_early_diff_stim": 16.0496055905772,
    "a_late_diff_inhib": 16.455808976373447,
    "early_diff_very_fast": 0.8607658352203524,
    "late_diff_slow": 0.27818564922357264,
    "Mg_stim": 8.106454141489888,
    "Mg_dest": 22.746629427326013,
    "ALP_M_n": 0.15527534513503477,
    "OC_M_n": 2.0166717373861993,
    "ALP_0": 1.1943518523456254,
    "OC_0": 0.47070154752566823,
    "diff_time": 513.3062752363314,
    "maturity_t": 0.10415260276319609
}