{
    "a_Ber_2016_ALP": 0.6546053837524799,
    "a_Ber_2016_OC": 0.6102374904218522,
    "a_early_diff_stim": 4.6607027579069324,
    "a_late_diff_inhib": 14.247094775385829,
    "early_diff_very_fast": 0.6798945965868324,
    "late_diff_slow": 0.29884391738591165,
    "Mg_stim": 7.373172869652352,
    "Mg_dest": 37.50724845123588,
    "ALP_M_n": 3.032039141580751,
    "OC_M_n": 2.3308268393621785,
    "ALP_0": 0.7646669555811445,
    "OC_0": 0.12318263403926495,
    "diff_time": 450.97000994089944,
    "maturity_t": 0.0349524599053015
}