{
    "a_Ber_2016_ALP": 0.12122281066923336,
    "a_Ber_2016_OC": 0.29911421750764655,
    "a_early_diff_stim": 5.924537696800956,
    "a_late_diff_inhib": 17.032330319623767,
    "early_diff_very_fast": 0.7621717464793113,
    "late_diff_slow": 0.15234243068551154,
    "Mg_stim": 3.2879418878320514,
    "Mg_dest": 28.660127213648142,
    "ALP_M_n": 1.487406824458222,
    "OC_M_n": 3.8087887790831654,
    "ALP_0": 1.8178645907548525,
    "OC_0": 0.6405365763312443,
    "diff_time": 770.4272131654898,
    "maturity_t": 0.13488694028420295
}