{
    "a_Ber_2016_ALP": 0.26764529290800565,
    "a_Ber_2016_OC": 0.6505054557186529,
    "a_early_diff_stim": 7.9125042776195915,
    "a_late_diff_inhib": 9.34061163362154,
    "early_diff_very_fast": 0.6565945282472193,
    "late_diff_slow": 0.31378403845298475,
    "Mg_stim": 6.225701929509241,
    "Mg_dest": 37.21976580077565,
    "ALP_M_n": 0.22952067699009268,
    "OC_M_n": 3.744712233805419,
    "ALP_0": 2.543144730923325,
    "OC_0": 0.10170617429260591,
    "diff_time": 527.6993977855627,
    "maturity_t": 0.019429206658828368
}