{
    "a_Ber_2016_ALP": 0.8184373882651512,
    "a_Ber_2016_OC": 0.38090060566544526,
    "a_early_diff_stim": 6.671255580283248,
    "a_late_diff_inhib": 17.352939147583736,
    "early_diff_very_fast": 0.781444523567327,
    "late_diff_slow": 0.1670654491696853,
    "Mg_stim": 4.759464291713357,
    "Mg_dest": 25.482283130781855,
    "ALP_M_n": 7.161384142493926,
    "OC_M_n": 1.5521394050054287,
    "ALP_0": 0.8321379934124682,
    "OC_0": 0.6888733707451875,
    "diff_time": 545.0583514677794,
    "maturity_t": 0.044365649164079424
}