{
    "a_Ber_2016_ALP": 0.3079870482214869,
    "a_Ber_2016_OC": 0.3256537589595148,
    "a_early_diff_stim": 0.9394310352321904,
    "a_late_diff_inhib": 13.285098122648634,
    "early_diff_very_fast": 0.7442653261088203,
    "late_diff_slow": 0.24406946358156248,
    "Mg_stim": 4.662852405789401,
    "Mg_dest": 21.856058500612406,
    "ALP_M_n": 2.030213935723029,
    "OC_M_n": 4.066104336931727,
    "ALP_0": 0.7563323905764568,
    "OC_0": 0.5544663017963282,
    "diff_time": 727.367434626546,
    "maturity_t": 0.32190388013261434
}