{
    "a_Ber_2016_ALP": 0.31668926797400015,
    "a_Ber_2016_OC": 0.7516083915361347,
    "a_early_diff_stim": 9.418644664107825,
    "a_late_diff_inhib": 17.747422802656473,
    "early_diff_very_fast": 0.8122205232880026,
    "late_diff_slow": 0.14284188748813378,
    "Mg_stim": 8.551819672118256,
    "Mg_dest": 39.09105762606543,
    "ALP_M_n": 0.3518677724143027,
    "OC_M_n": 0.8157197160556419,
    "ALP_0": 0.8618989423909359,
    "OC_0": 0.2637284365592297,
    "diff_time": 617.7435174484328,
    "maturity_t": 0.013560561710154486
}