{
    "a_Ber_2016_ALP": 0.38360808373526006,
    "a_Ber_2016_OC": 0.20610115794587225,
    "a_early_diff_stim": 8.226717586765506,
    "a_late_diff_inhib": 15.449515197819883,
    "early_diff_very_fast": 0.9802888173459696,
    "late_diff_slow": 0.16141950907016345,
    "Mg_stim": 4.307003344356442,
    "Mg_dest": 25.764949159746493,
    "ALP_M_n": 0.8808017312902311,
    "OC_M_n": 1.8201402715057964,
    "ALP_0": 0.8340595175986574,
    "OC_0": 1.106719309570805,
    "diff_time": 392.52569419715985,
    "maturity_t": 0.023161623270150315
}