{
    "a_Ber_2016_ALP": 0.31428206299464967,
    "a_Ber_2016_OC": 0.3267255848894889,
    "a_early_diff_stim": 3.663195166710616,
    "a_late_diff_inhib": 18.771912200387934,
    "early_diff_very_fast": 0.8169818471824721,
    "late_diff_slow": 0.34012093769605134,
    "Mg_stim": 6.311273944161278,
    "Mg_dest": 29.151854375396624,
    "ALP_M_n": 0.10033023524061077,
    "OC_M_n": 2.970271484730054,
    "ALP_0": 0.893155734526163,
    "OC_0": 0.6786242239755576,
    "diff_time": 748.6341100311239,
    "maturity_t": 0.04565205869799382
}