{
    "a_Ber_2016_ALP": 0.24922814757991982,
    "a_Ber_2016_OC": 0.7491694003203985,
    "a_early_diff_stim": 17.38968332747557,
    "a_late_diff_inhib": 19.51358836384365,
    "early_diff_very_fast": 0.829515831104579,
    "late_diff_slow": 0.24525187350028171,
    "Mg_stim": 6.83017018467554,
    "Mg_dest": 22.222411456482043,
    "ALP_M_n": 0.24397974395740654,
    "OC_M_n": 3.874355628373603,
    "ALP_0": 3.3695789674465466,
    "OC_0": 0.2658340110027066,
    "diff_time": 670.8755747746609,
    "maturity_t": 0.1100319486152072
}