{
    "a_Ber_2016_ALP": 0.25403724185804544,
    "a_Ber_2016_OC": 0.6660706227378446,
    "a_early_diff_stim": 7.530649853473667,
    "a_late_diff_inhib": 9.354764125392338,
    "early_diff_very_fast": 0.9195693621696706,
    "late_diff_slow": 0.3572604947753026,
    "Mg_stim": 8.618811712665138,
    "Mg_dest": 29.173215408470863,
    "ALP_M_n": 0.12640631038373867,
    "OC_M_n": 4.228444375106115,
    "ALP_0": 6.899794991039398,
    "OC_0": 0.18203933226823227,
    "diff_time": 584.514429773015,
    "maturity_t": 0.025948912615002963
}