{
    "a_Ber_2016_ALP": 0.4230034152930021,
    "a_Ber_2016_OC": 0.4769856902318847,
    "a_early_diff_stim": 7.449383356929144,
    "a_late_diff_inhib": 18.324711724843493,
    "early_diff_very_fast": 0.8877952196094683,
    "late_diff_slow": 0.3747074786373859,
    "Mg_stim": 8.261442471032005,
    "Mg_dest": 26.419386091391903,
    "ALP_M_n": 0.18087435774872515,
    "OC_M_n": 3.123255423315027,
    "ALP_0": 0.13448867246422785,
    "OC_0": 0.4609406022456585,
    "diff_time": 700.8485932695119,
    "maturity_t": 0.049782326283852645
}