{
    "a_Ber_2016_ALP": 0.48519317170085335,
    "a_Ber_2016_OC": 0.14707989218681913,
    "a_early_diff_stim": 1.404635029500912,
    "a_late_diff_inhib": 13.048371966224304,
    "early_diff_very_fast": 0.7021993365302844,
    "late_diff_slow": 0.11172731688613707,
    "Mg_stim": 7.0274070235061075,
    "Mg_dest": 32.697511557888824,
    "ALP_M_n": 2.614583052855251,
    "OC_M_n": 3.4679366579881985,
    "ALP_0": 0.5585550691008785,
    "OC_0": 0.8016918410155481,
    "diff_time": 612.9178940629198,
    "maturity_t": 0.31327311760297755
}