{
    "a_Ber_2016_ALP": 0.21736269546524672,
    "a_Ber_2016_OC": 0.2171072821233505,
    "a_early_diff_stim": 0.36143523373655306,
    "a_late_diff_inhib": 19.923687685270497,
    "early_diff_very_fast": 0.6592893752992208,
    "late_diff_slow": 0.1799876428908298,
    "Mg_stim": 7.0546245390730995,
    "Mg_dest": 25.382630838029556,
    "ALP_M_n": 0.7451738291186345,
    "OC_M_n": 1.7956785128574793,
    "ALP_0": 1.71730589864603,
    "OC_0": 1.0674703204948246,
    "diff_time": 438.8418924458186,
    "maturity_t": 0.07897821792461877
}