{
    "a_Ber_2016_ALP": 0.2970204043648358,
    "a_Ber_2016_OC": 0.9174310759591402,
    "a_early_diff_stim": 7.737611492669488,
    "a_late_diff_inhib": 15.012153978186998,
    "early_diff_very_fast": 0.9621081772723532,
    "late_diff_slow": 0.16763651113867556,
    "Mg_stim": 3.847833154717579,
    "Mg_dest": 20.058401832761987,
    "ALP_M_n": 0.07448437822973712,
    "OC_M_n": 0.6586027735736669,
    "ALP_0": 1.6315524682576275,
    "OC_0": 0.14594761006902365,
    "diff_time": 756.2938302376732,
    "maturity_t": 0.00635995181191115
}