{
    "a_Ber_2016_ALP": 0.2292427211847881,
    "a_Ber_2016_OC": 0.2058256744478837,
    "a_early_diff_stim": 9.387060664726112,
    "a_late_diff_inhib": 18.585552725243126,
    "early_diff_very_fast": 0.7091298648047781,
    "late_diff_slow": 0.23366490975522006,
    "Mg_stim": 9.379567747111675,
    "Mg_dest": 24.125617163194278,
    "ALP_M_n": 0.15939911205476562,
    "OC_M_n": 1.8655841389581544,
    "ALP_0": 5.617776982928386,
    "OC_0": 1.0859592580081334,
    "diff_time": 512.0128234369944,
    "maturity_t": 0.039265065400815716
}