{
    "a_Ber_2016_ALP": 0.43117916311930954,
    "a_Ber_2016_OC": 0.37563950978087096,
    "a_early_diff_stim": 14.666865260112393,
    "a_late_diff_inhib": 14.482041001293672,
    "early_diff_very_fast": 0.7522738676109054,
    "late_diff_slow": 0.34977929391785595,
    "Mg_stim": 8.673876533629231,
    "Mg_dest": 22.96358362240294,
    "ALP_M_n": 2.3683694829356106,
    "OC_M_n": 2.9345029839895527,
    "ALP_0": 0.7730115150434061,
    "OC_0": 0.29384547459346494,
    "diff_time": 489.44093050190355,
    "maturity_t": 0.08605241491852067
}