{
    "a_Ber_2016_ALP": 0.3121132266010059,
    "a_Ber_2016_OC": 0.46069525638256686,
    "a_early_diff_stim": 18.29334651603568,
    "a_late_diff_inhib": 16.941473290902252,
    "early_diff_very_fast": 0.6878805401101802,
    "late_diff_slow": 0.1931807619095098,
    "Mg_stim": 8.413236370892303,
    "Mg_dest": 26.48501536367425,
    "ALP_M_n": 0.49667063004175527,
    "OC_M_n": 2.0742928270350696,
    "ALP_0": 1.0896682859807476,
    "OC_0": 0.4182156990833731,
    "diff_time": 568.344709048018,
    "maturity_t": 0.09146152461131707
}