{
    "a_Ber_2016_ALP": 0.11971424770494718,
    "a_Ber_2016_OC": 0.6007817740428648,
    "a_early_diff_stim": 2.0481871530243807,
    "a_late_diff_inhib": 5.521954973318423,
    "early_diff_very_fast": 0.9050779265689962,
    "late_diff_slow": 0.32347287073937625,
    "Mg_stim": 5.806666418045663,
    "Mg_dest": 20.88459452869531,
    "ALP_M_n": 0.475772322105241,
    "OC_M_n": 3.4713411802391794,
    "ALP_0": 7.3289881317630625,
    "OC_0": 0.08599662774421916,
    "diff_time": 489.87513496870804,
    "maturity_t": 0.028565763569280023
}