{
    "a_Ber_2016_ALP": 0.3579744679222307,
    "a_Ber_2016_OC": 0.6306361600325594,
    "a_early_diff_stim": 1.1819180729930263,
    "a_late_diff_inhib": 9.8058109660116,
    "early_diff_very_fast": 0.6493904957689774,
    "late_diff_slow": 0.3007437242036761,
    "Mg_stim": 3.8762549705639353,
    "Mg_dest": 34.40067111728132,
    "ALP_M_n": 3.0691907045144777,
    "OC_M_n": 2.859045091888232,
    "ALP_0": 0.9409496236815924,
    "OC_0": 0.16716176407086714,
    "diff_time": 548.089299309738,
    "maturity_t": 0.02619525027346653
}