{
    "a_Ber_2016_ALP": 0.41367855258069197,
    "a_Ber_2016_OC": 0.5807580300316785,
    "a_early_diff_stim": 7.772678885253632,
    "a_late_diff_inhib": 12.653899442357428,
    "early_diff_very_fast": 0.7453376772970742,
    "late_diff_slow": 0.165438946058306,
    "Mg_stim": 5.430052162612176,
    "Mg_dest": 34.48665866825595,
    "ALP_M_n": 0.5029169076069251,
    "OC_M_n": 1.3272035415205106,
    "ALP_0": 0.5526946000722073,
    "OC_0": 0.27292624280638694,
    "diff_time": 418.6702238559713,
    "maturity_t": 0.033371222337790475
}