{
    "a_Ber_2016_ALP": 0.24437470192661678,
    "a_Ber_2016_OC": 0.550217612426664,
    "a_early_diff_stim": 13.193901979844133,
    "a_late_diff_inhib": 13.672976063566344,
    "early_diff_very_fast": 0.8004790236416602,
    "late_diff_slow": 0.294289200378525,
    "Mg_stim": 7.564643851931311,
    "Mg_dest": 23.007543897086588,
    "ALP_M_n": 0.22421437225892868,
    "OC_M_n": 1.4489122983534555,
    "ALP_0": 3.314672736403478,
    "OC_0": 0.29476634163999893,
    "diff_time": 474.73227286638394,
    "maturity_t": 0.05204712624978866
}