{
    "a_Ber_2016_ALP": 0.13955926615410705,
    "a_Ber_2016_OC": 0.28371220986078194,
    "a_early_diff_stim": 1.1408807358608828,
    "a_late_diff_inhib": 17.223080680492203,
    "early_diff_very_fast": 0.6658282390186863,
    "late_diff_slow": 0.14248616873281317,
    "Mg_stim": 5.763223480993049,
    "Mg_dest": 21.055692571670008,
    "ALP_M_n": 0.49561412394033627,
    "OC_M_n": 2.4512013774703383,
    "ALP_0": 4.7323852494794725,
    "OC_0": 0.8137656209039434,
    "diff_time": 707.2296086987992,
    "maturity_t": 0.14025337292589948
}