{
    "a_Ber_2016_ALP": 0.2509648865326947,
    "a_Ber_2016_OC": 0.07537063972915847,
    "a_early_diff_stim": 15.796985445664834,
    "a_late_diff_inhib": 16.716885090660604,
    "early_diff_very_fast": 0.7361724777041067,
    "late_diff_slow": 0.2005493595428593,
    "Mg_stim": 6.816866195265859,
    "Mg_dest": 23.301780592595925,
    "ALP_M_n": 0.14877355985200325,
    "OC_M_n": 4.1032340922670745,
    "ALP_0": 3.5705570960268904,
    "OC_0": 0.7788830818463683,
    "diff_time": 492.44366054649083,
    "maturity_t": 0.13866516686770802
}