{
    "a_Ber_2016_ALP": 0.9883076707284647,
    "a_Ber_2016_OC": 0.3989917230490987,
    "a_early_diff_stim": 2.662368019401162,
    "a_late_diff_inhib": 12.704486314875664,
    "early_diff_very_fast": 0.7465103361891792,
    "late_diff_slow": 0.16712849331057084,
    "Mg_stim": 7.353381337761079,
    "Mg_dest": 20.11720693403132,
    "ALP_M_n": 0.5063773976544447,
    "OC_M_n": 1.6839191217687681,
    "ALP_0": 0.09864407072503988,
    "OC_0": 0.7797454126981629,
    "diff_time": 690.5192037713406,
    "maturity_t": 0.02022949139969552
}