{
    "a_Ber_2016_ALP": 0.28986220186909717,
    "a_Ber_2016_OC": 0.9940935325461022,
    "a_early_diff_stim": 9.4382057774235,
    "a_late_diff_inhib": 15.559853400743728,
    "early_diff_very_fast": 0.7770931928513454,
    "late_diff_slow": 0.12757284503995828,
    "Mg_stim": 9.982599118236916,
    "Mg_dest": 29.04363661678186,
    "ALP_M_n": 0.11943309117142571,
    "OC_M_n": 1.1238738576241742,
    "ALP_0": 2.3859860277852003,
    "OC_0": 0.21314954789967694,
    "diff_time": 824.7913109858811,
    "maturity_t": 0.04824624605873174
}