{
    "a_Ber_2016_ALP": 0.1359817710923021,
    "a_Ber_2016_OC": 0.771810991252445,
    "a_early_diff_stim": 3.8951728400839345,
    "a_late_diff_inhib": 17.505777925915293,
    "early_diff_very_fast": 0.8056467595959658,
    "late_diff_slow": 0.14227459804009274,
    "Mg_stim": 4.832978328666096,
    "Mg_dest": 25.788987596729033,
    "ALP_M_n": 1.8326839949307285,
    "OC_M_n": 0.5449423495689185,
    "ALP_0": 1.6294445215621227,
    "OC_0": 0.13157994915506965,
    "diff_time": 537.7115990235467,
    "maturity_t": 0.011158825255052298
}