{
    "a_Ber_2016_ALP": 0.31705593751210476,
    "a_Ber_2016_OC": 0.6469391099459061,
    "a_early_diff_stim": 14.675000388686398,
    "a_late_diff_inhib": 12.709567511179523,
    "early_diff_very_fast": 0.8461061629125015,
    "late_diff_slow": 0.25506643483071184,
    "Mg_stim": 4.35368545959757,
    "Mg_dest": 26.349833709366266,
    "ALP_M_n": 0.01015107882276976,
    "OC_M_n": 2.2538765512717576,
    "ALP_0": 6.087538664056569,
    "OC_0": 0.09880116312029129,
    "diff_time": 406.6332151906587,
    "maturity_t": 0.07209789210595148
}