{
    "a_Ber_2016_ALP": 0.27100879059184896,
    "a_Ber_2016_OC": 0.3615048721676617,
    "a_early_diff_stim": 1.5689182782223625,
    "a_late_diff_inhib": 19.235936641788335,
    "early_diff_very_fast": 0.8952523315968816,
    "late_diff_slow": 0.12887022349859717,
    "Mg_stim": 7.516266864115464,
    "Mg_dest": 24.115908286154138,
    "ALP_M_n": 0.1721600138609034,
    "OC_M_n": 1.38765230157545,
    "ALP_0": 3.641393614079732,
    "OC_0": 0.7725132173116771,
    "diff_time": 442.5098971760423,
    "maturity_t": 0.04579008149160735
}