{
    "a_Ber_2016_ALP": 0.5041280336259251,
    "a_Ber_2016_OC": 0.6263781939648325,
    "a_early_diff_stim": 6.96512234420463,
    "a_late_diff_inhib": 15.049009876074717,
    "early_diff_very_fast": 0.8181883355653756,
    "late_diff_slow": 0.11823575930886762,
    "Mg_stim": 5.325253930800789,
    "Mg_dest": 27.688228815532753,
    "ALP_M_n": 1.2896573959680668,
    "OC_M_n": 1.2763255496226098,
    "ALP_0": 0.6074578743189732,
    "OC_0": 0.25140693198122754,
    "diff_time": 525.1757386607712,
    "maturity_t": 0.09550904170157079
}