{
    "a_Ber_2016_ALP": 0.17763457545301503,
    "a_Ber_2016_OC": 0.5879629731278454,
    "a_early_diff_stim": 3.1719192090248125,
    "a_late_diff_inhib": 12.864784041303052,
    "early_diff_very_fast": 0.6672471299257868,
    "late_diff_slow": 0.18180184472897998,
    "Mg_stim": 6.089432767037529,
    "Mg_dest": 33.65097956377188,
    "ALP_M_n": 0.5856045840615856,
    "OC_M_n": 1.658948254468891,
    "ALP_0": 2.58438958914186,
    "OC_0": 0.41320145097598315,
    "diff_time": 637.3508714836137,
    "maturity_t": 0.05442346551874616
}