{
    "a_Ber_2016_ALP": 0.42677633973895235,
    "a_Ber_2016_OC": 0.317299226834684,
    "a_early_diff_stim": 2.6796721323434234,
    "a_late_diff_inhib": 13.857923826570124,
    "early_diff_very_fast": 0.6832845276675454,
    "late_diff_slow": 0.10387429437239509,
    "Mg_stim": 5.12963887741201,
    "Mg_dest": 27.79197908908247,
    "ALP_M_n": 1.5214343435985325,
    "OC_M_n": 2.2436134161010437,
    "ALP_0": 0.8361642075834181,
    "OC_0": 0.912818668462308,
    "diff_time": 843.8204693637066,
    "maturity_t": 0.018523188023273934
}