{
    "a_Ber_2016_ALP": 0.28706556313553483,
    "a_Ber_2016_OC": 0.488021616700306,
    "a_early_diff_stim": 12.914070715938172,
    "a_late_diff_inhib": 19.322670518357228,
    "early_diff_very_fast": 0.718180149335835,
    "late_diff_slow": 0.2537467220811924,
    "Mg_stim": 8.428219587802188,
    "Mg_dest": 30.102053661443,
    "ALP_M_n": 1.0698966470949787,
    "OC_M_n": 1.1123159462776697,
    "ALP_0": 1.1400726777764525,
    "OC_0": 0.5687014234724452,
    "diff_time": 508.6974854421596,
    "maturity_t": 0.012176414238830086
}