{
    "a_Ber_2016_ALP": 0.3280062326048053,
    "a_Ber_2016_OC": 0.44725304422451084,
    "a_early_diff_stim": 3.9188378152213845,
    "a_late_diff_inhib": 13.890065454904633,
    "early_diff_very_fast": 0.8585635220147767,
    "late_diff_slow": 0.12065669719040803,
    "Mg_stim": 7.989819281438611,
    "Mg_dest": 23.75287641160215,
    "ALP_M_n": 0.02419391507453448,
    "OC_M_n": 1.1442161572360978,
    "ALP_0": 1.009817388376274,
    "OC_0": 0.6622914142793772,
    "diff_time": 457.1777094460277,
    "maturity_t": 0.0010785937283193322
}