{
    "a_Ber_2016_ALP": 0.20936359416451547,
    "a_Ber_2016_OC": 0.8388918678621577,
    "a_early_diff_stim": 1.2662796654464255,
    "a_late_diff_inhib": 19.44908498477978,
    "early_diff_very_fast": 0.9863532282848648,
    "late_diff_slow": 0.10061791929390534,
    "Mg_stim": 8.565929935852896,
    "Mg_dest": 29.786137117246252,
    "ALP_M_n": 2.0206432300224937,
    "OC_M_n": 1.8123770825001027,
    "ALP_0": 0.9130510073035429,
    "OC_0": 0.09402999744834604,
    "diff_time": 572.6505649063249,
    "maturity_t": 0.3747995796510743
}