{
    "a_Ber_2016_ALP": 0.3829296691036205,
    "a_Ber_2016_OC": 0.3634601322855674,
    "a_Valles_2020_ALP": 175.71024348210338,
    "a_Valles_2020_ARS": 570.4238619930982,
    "a_Chen_2018_ALP": 9.860648642995756,
    "a_Chen_2018_ARS": 3.5019071439121747,
    "a_Qiao_2021_ALP": 18.994255171663703,
    "a_early_diff_stim": 5.071337679509851,
    "a_early_diff_inhib": 4.726025610120209,
    "a_late_diff_stim": 11.061953623780978,
    "a_late_diff_inhib": 2.7983730864709973,
    "early_diff_slow": 0.21834751975795424,
    "early_diff_fast": 0.682809349923778,
    "early_diff_very_fast": 0.6207220066380397,
    "late_diff_slow": 0.15960308004131257,
    "late_diff_fast": 0.6781175746093699,
    "Mg_stim": 9.938818535416225,
    "Mg_dest": 39.44248390717195,
    "IL1b_ineffective": 188.99356610774242,
    "IL1b_stim": 1.4092584646028161,
    "IL8_favorable": 2.287025508528295,
    "ALP_M_n": 3.6373235716232135,
    "ARS_M_n": 1.4620652724250065,
    "OC_M_n": 0.2345787256108883,
    "ALP_0": 0.5652213542821295,
    "ARS_0": 0.2354555721960765,
    "OC_0": 7.537751715695009,
    "diff_time": 716.74266917417,
    "maturity_t": 0.7023871114532216
}