{
    "a_Ber_2016_ALP": 0.6004456961359114,
    "a_Ber_2016_OC": 0.7162907196445811,
    "a_Valles_2020_ALP": 161.64971955021613,
    "a_Valles_2020_ARS": 631.3325728561896,
    "a_Chen_2018_ALP": 9.141769943302808,
    "a_Chen_2018_ARS": 3.9065272130393294,
    "a_Qiao_2021_ALP": 17.52836276742383,
    "a_early_diff_stim": 4.043142475211942,
    "a_early_diff_inhib": 13.562937010018787,
    "a_late_diff_stim": 17.424633074091947,
    "a_late_diff_inhib": 6.224754479999248,
    "early_diff_slow": 0.14851488052019282,
    "early_diff_fast": 0.7289640060015279,
    "early_diff_very_fast": 0.6489438196757362,
    "late_diff_slow": 0.2159928463187139,
    "late_diff_fast": 0.7067546938262511,
    "Mg_stim": 9.89549215103014,
    "Mg_dest": 37.36521471240101,
    "IL1b_ineffective": 190.2285119489344,
    "IL1b_stim": 1.382820221430043,
    "IL8_favorable": 2.2876799776906367,
    "ALP_M_n": 4.007185601856945,
    "ARS_M_n": 1.3382384749639462,
    "OC_M_n": 0.02646377276238183,
    "ALP_0": 0.6116427633515709,
    "ARS_0": 0.19954275837704866,
    "OC_0": 1.427904694459015,
    "diff_time": 762.0602147981681,
    "maturity_t": 0.6536391798519317
}