{
    "a_Ber_2016_ALP": 0.5626560555785798,
    "a_Ber_2016_OC": 0.26507751862714146,
    "a_Valles_2020_ALP": 287.13196796385336,
    "a_Valles_2020_ARS": 585.3690050791547,
    "a_Chen_2018_ALP": 9.981398442727494,
    "a_Chen_2018_ARS": 2.9399382121091593,
    "a_Qiao_2021_ALP": 29.07314651384721,
    "a_early_diff_stim": 6.236775494915293,
    "a_early_diff_inhib": 17.17810506242415,
    "a_late_diff_stim": 12.511097484049829,
    "a_late_diff_inhib": 12.807608129396819,
    "early_diff_slow": 0.2684255868524745,
    "early_diff_fast": 0.7065765285339454,
    "early_diff_very_fast": 0.659215525489935,
    "late_diff_slow": 0.229888520960975,
    "late_diff_fast": 0.7730872913536343,
    "Mg_stim": 9.816211148292659,
    "Mg_dest": 31.47876836304619,
    "IL1b_ineffective": 164.76408400378457,
    "IL1b_stim": 1.485851326830364,
    "IL8_favorable": 2.7320397278777477,
    "ALP_M_n": 1.845174213703763,
    "ARS_M_n": 1.2422497060112874,
    "OC_M_n": 0.02799007406718232,
    "ALP_0": 0.32774989203918214,
    "ARS_0": 0.22928130386023604,
    "OC_0": 6.075713344988235,
    "diff_time": 735.4032959543765,
    "maturity_t": 0.9393760993355776
}