{
    "a_Ber_2016_ALP": 0.3444343960435981,
    "a_Ber_2016_OC": 0.6336231863223807,
    "a_Valles_2020_ALP": 205.4366455799559,
    "a_Valles_2020_ARS": 682.822846721708,
    "a_Chen_2018_ALP": 7.777123843322226,
    "a_Chen_2018_ARS": 3.4583510564129956,
    "a_Qiao_2021_ALP": 20.316849402817564,
    "a_early_diff_stim": 7.797717841670785,
    "a_early_diff_inhib": 10.597724045373598,
    "a_late_diff_stim": 8.833542598743504,
    "a_late_diff_inhib": 5.859784114399749,
    "early_diff_slow": 0.26242377360122565,
    "early_diff_fast": 0.6663178871030998,
    "early_diff_very_fast": 0.6073012533270381,
    "late_diff_slow": 0.29052755420579945,
    "late_diff_fast": 0.8217145970733941,
    "Mg_stim": 9.62952997309015,
    "Mg_dest": 25.551990522511026,
    "IL1b_ineffective": 179.66154627595773,
    "IL1b_stim": 1.428214563174759,
    "IL8_favorable": 2.53966825298253,
    "ALP_M_n": 2.743455183349515,
    "ARS_M_n": 1.0386751435844501,
    "OC_M_n": 0.0996668355532548,
    "ALP_0": 0.5415843056802528,
    "ARS_0": 0.1364260675191408,
    "OC_0": 9.719343159727645,
    "diff_time": 769.1009785008408,
    "maturity_t": 0.7942666713982803
}