{
    "a_Ber_2016_ALP": 0.8394049802661339,
    "a_Ber_2016_OC": 0.11727892799234393,
    "a_Valles_2020_ALP": 283.05295703494204,
    "a_Valles_2020_ARS": 842.1094285785017,
    "a_Chen_2018_ALP": 9.7916607478096,
    "a_Chen_2018_ARS": 4.283485135691265,
    "a_Qiao_2021_ALP": 25.686620134718552,
    "a_early_diff_stim": 3.576620393531473,
    "a_early_diff_inhib": 6.441929436065383,
    "a_late_diff_stim": 18.215214670517778,
    "a_late_diff_inhib": 12.422304861447508,
    "early_diff_slow": 0.20380488085524362,
    "early_diff_fast": 0.5661649601317493,
    "early_diff_very_fast": 0.7379788855764536,
    "late_diff_slow": 0.25229983733713574,
    "late_diff_fast": 0.7645270790123997,
    "Mg_stim": 9.371782294054011,
    "Mg_dest": 32.842507624090246,
    "IL1b_ineffective": 188.33850147822702,
    "IL1b_stim": 1.3761580255945134,
    "IL8_favorable": 2.3009029593717543,
    "ALP_M_n": 3.539970923619499,
    "ARS_M_n": 0.6545772955927549,
    "OC_M_n": 0.9097346849033917,
    "ALP_0": 0.5881407514796995,
    "ARS_0": 0.029324418779164755,
    "OC_0": 7.7752890879075345,
    "diff_time": 1055.257994366355,
    "maturity_t": 0.9988111524345238
}