{
    "a_Ber_2016_ALP": 0.7511890401107524,
    "a_Ber_2016_OC": 0.16798315171040934,
    "a_Valles_2020_ALP": 253.95386850646807,
    "a_Valles_2020_ARS": 506.62294335580526,
    "a_Chen_2018_ALP": 9.924607801685891,
    "a_Chen_2018_ARS": 2.493295647377233,
    "a_Qiao_2021_ALP": 25.870996243153808,
    "a_early_diff_stim": 6.335874037769815,
    "a_early_diff_inhib": 15.361331490489363,
    "a_late_diff_stim": 5.595337949939038,
    "a_late_diff_inhib": 7.78155350794107,
    "early_diff_slow": 0.213726699599922,
    "early_diff_fast": 0.6864955729178157,
    "early_diff_very_fast": 0.631095657629338,
    "late_diff_slow": 0.20430329091266594,
    "late_diff_fast": 0.8703738514133713,
    "Mg_stim": 9.983634776545875,
    "Mg_dest": 31.134613021802547,
    "IL1b_ineffective": 175.02161081790842,
    "IL1b_stim": 1.4570403857804806,
    "IL8_favorable": 2.538170650224238,
    "ALP_M_n": 2.2541826666460643,
    "ARS_M_n": 1.5972626815829354,
    "OC_M_n": 0.6595150111536139,
    "ALP_0": 0.3939324015998751,
    "ARS_0": 0.32011204123457687,
    "OC_0": 9.9298935913,
    "diff_time": 690.2067141482662,
    "maturity_t": 0.8841679947720118
}