{
    "a_Ber_2016_ALP": 0.6881943968435401,
    "a_Ber_2016_OC": 0.22253692703080255,
    "a_Valles_2020_ALP": 202.26335567615908,
    "a_Valles_2020_ARS": 610.7675363582414,
    "a_Chen_2018_ALP": 9.237001332542254,
    "a_Chen_2018_ARS": 3.243707561103771,
    "a_Qiao_2021_ALP": 21.462569538061608,
    "a_early_diff_stim": 6.120117341421892,
    "a_early_diff_inhib": 7.601042686877678,
    "a_late_diff_stim": 5.577757195025866,
    "a_late_diff_inhib": 12.888107396191161,
    "early_diff_slow": 0.20441748266870552,
    "early_diff_fast": 0.6752553327737347,
    "early_diff_very_fast": 0.61295540395212,
    "late_diff_slow": 0.3186541343654754,
    "late_diff_fast": 0.838235005315843,
    "Mg_stim": 9.899202585093683,
    "Mg_dest": 24.002890252792284,
    "IL1b_ineffective": 176.2752958830846,
    "IL1b_stim": 1.4173704522741097,
    "IL8_favorable": 2.5370082540896917,
    "ALP_M_n": 2.963412625684259,
    "ARS_M_n": 1.3134131277005647,
    "OC_M_n": 0.11817648775028684,
    "ALP_0": 0.5153902829296706,
    "ARS_0": 0.20822504111799647,
    "OC_0": 6.222796566793621,
    "diff_time": 704.8117774919567,
    "maturity_t": 0.7684282016136499
}