{
    "a_Ber_2016_ALP": 0.5514655623979903,
    "a_Ber_2016_OC": 0.2948379426607808,
    "a_Valles_2020_ALP": 285.6853980450509,
    "a_Valles_2020_ARS": 459.2142451691213,
    "a_Chen_2018_ALP": 9.602523951179515,
    "a_Chen_2018_ARS": 2.071282005177004,
    "a_Qiao_2021_ALP": 26.784015485569483,
    "a_early_diff_stim": 14.124737414788004,
    "a_early_diff_inhib": 15.06660445950308,
    "a_late_diff_stim": 0.07088393831509521,
    "a_late_diff_inhib": 4.624674749937261,
    "early_diff_slow": 0.3812256459637525,
    "early_diff_fast": 0.5960983540765394,
    "early_diff_very_fast": 0.9641525910150246,
    "late_diff_slow": 0.3503474348096907,
    "late_diff_fast": 0.8074166218601526,
    "Mg_stim": 9.70375440135026,
    "Mg_dest": 33.37419961999241,
    "IL1b_ineffective": 106.06820892267329,
    "IL1b_stim": 9.775274542166553,
    "IL8_favorable": 17.58562580111348,
    "ALP_M_n": 2.0636573821963684,
    "ARS_M_n": 1.5924528622939478,
    "OC_M_n": 0.008209533317261713,
    "ALP_0": 0.39450910744416373,
    "ARS_0": 0.40961719782235356,
    "OC_0": 0.09651929879327352,
    "diff_time": 762.8462131971695,
    "maturity_t": 0.8334993149579233
}