{
    "a_Ber_2016_ALP": 0.730361995790565,
    "a_Ber_2016_OC": 0.5447087477031517,
    "a_Valles_2020_ALP": 293.83868255048856,
    "a_Valles_2020_ARS": 709.3290528935595,
    "a_Chen_2018_ALP": 7.852968152264785,
    "a_Chen_2018_ARS": 2.893476377723163,
    "a_Qiao_2021_ALP": 24.13242094312901,
    "a_early_diff_stim": 6.351454137885395,
    "a_early_diff_inhib": 15.459173068802539,
    "a_late_diff_stim": 6.140375187801731,
    "a_late_diff_inhib": 14.707932529400672,
    "early_diff_slow": 0.16366626533399742,
    "early_diff_fast": 0.5542424401844266,
    "early_diff_very_fast": 0.6950314697539576,
    "late_diff_slow": 0.14304186333296448,
    "late_diff_fast": 0.8428738050750708,
    "Mg_stim": 8.694704733259634,
    "Mg_dest": 31.572516099619857,
    "IL1b_ineffective": 179.4053198344822,
    "IL1b_stim": 1.423726259190035,
    "IL8_favorable": 2.462581301285823,
    "ALP_M_n": 1.9248643872462279,
    "ARS_M_n": 0.896212775501788,
    "OC_M_n": 0.20042377609938564,
    "ALP_0": 0.41257128346130917,
    "ARS_0": 0.1419719405581743,
    "OC_0": 4.594627677570058,
    "diff_time": 832.1420800371234,
    "maturity_t": 0.9995155519935478
}