{
    "a_Ber_2016_ALP": 0.5166678378922392,
    "a_Ber_2016_OC": 0.22941141238345525,
    "a_Valles_2020_ALP": 245.84378253634702,
    "a_Valles_2020_ARS": 519.9397986625991,
    "a_Chen_2018_ALP": 9.409630357025442,
    "a_Chen_2018_ARS": 2.0422920747186084,
    "a_Qiao_2021_ALP": 24.785773766368152,
    "a_early_diff_stim": 18.797626046833155,
    "a_early_diff_inhib": 3.0490919991832497,
    "a_late_diff_stim": 9.653146043933777,
    "a_late_diff_inhib": 9.829747002891242,
    "early_diff_slow": 0.21822992096154525,
    "early_diff_fast": 0.5693877970050906,
    "early_diff_very_fast": 0.813260632134563,
    "late_diff_slow": 0.3238937883798963,
    "late_diff_fast": 0.7399404144436238,
    "Mg_stim": 9.490874825227941,
    "Mg_dest": 28.199064679632038,
    "IL1b_ineffective": 105.18233290412,
    "IL1b_stim": 11.401538881578215,
    "IL8_favorable": 19.559347089016835,
    "ALP_M_n": 2.9661715862607534,
    "ARS_M_n": 1.4441764433759807,
    "OC_M_n": 0.08709116045666614,
    "ALP_0": 0.5028526875266706,
    "ARS_0": 0.3591242237799076,
    "OC_0": 8.856122249378918,
    "diff_time": 781.3777657338536,
    "maturity_t": 0.6819518248740625
}