{
    "a_Ber_2016_ALP": 0.35042928181465527,
    "a_Ber_2016_OC": 0.27284971562014315,
    "a_Valles_2020_ALP": 208.11552499727972,
    "a_Valles_2020_ARS": 671.1750633350073,
    "a_Chen_2018_ALP": 7.917670944412906,
    "a_Chen_2018_ARS": 2.8278254222382806,
    "a_Qiao_2021_ALP": 20.236428208672628,
    "a_early_diff_stim": 18.593283641679655,
    "a_early_diff_inhib": 7.924407144219131,
    "a_late_diff_stim": 4.58668304969674,
    "a_late_diff_inhib": 8.73273610087196,
    "early_diff_slow": 0.12731037678616403,
    "early_diff_fast": 0.56527587783379,
    "early_diff_very_fast": 0.9398373354591678,
    "late_diff_slow": 0.12690682268018547,
    "late_diff_fast": 0.6533375874795059,
    "Mg_stim": 9.953109871682134,
    "Mg_dest": 24.622275120087608,
    "IL1b_ineffective": 103.83729219766606,
    "IL1b_stim": 14.442991763096769,
    "IL8_favorable": 25.568899858106736,
    "ALP_M_n": 2.9092899849226947,
    "ARS_M_n": 0.9448629974688937,
    "OC_M_n": 0.069541659015092,
    "ALP_0": 0.5527882410021948,
    "ARS_0": 0.14766095038017868,
    "OC_0": 0.4506159319580641,
    "diff_time": 774.4768476386786,
    "maturity_t": 0.7212824029697831
}