{
    "a_Ber_2016_ALP": 0.6502446106532841,
    "a_Ber_2016_OC": 0.6625484822431649,
    "a_Valles_2020_ALP": 200.30112841624162,
    "a_Valles_2020_ARS": 481.0672411364954,
    "a_Chen_2018_ALP": 9.686740328235212,
    "a_Chen_2018_ARS": 2.6429105508464414,
    "a_Qiao_2021_ALP": 21.529005893599116,
    "a_early_diff_stim": 6.206485259123685,
    "a_early_diff_inhib": 8.116954200265798,
    "a_late_diff_stim": 14.092334217461357,
    "a_late_diff_inhib": 4.796369682292432,
    "early_diff_slow": 0.17206092856557448,
    "early_diff_fast": 0.6613838589848829,
    "early_diff_very_fast": 0.6070148888913223,
    "late_diff_slow": 0.24715326699038986,
    "late_diff_fast": 0.8064007201547438,
    "Mg_stim": 9.960236497399396,
    "Mg_dest": 37.661227131499764,
    "IL1b_ineffective": 175.50696916507297,
    "IL1b_stim": 1.4076053471733747,
    "IL8_favorable": 2.477105880327777,
    "ALP_M_n": 3.0242921983676956,
    "ARS_M_n": 1.6498916329535518,
    "OC_M_n": 0.06657843340060939,
    "ALP_0": 0.5092556792190358,
    "ARS_0": 0.3443779702214189,
    "OC_0": 6.422032696922023,
    "diff_time": 689.0539766960754,
    "maturity_t": 0.7668235630262656
}