{
    "a_Ber_2016_ALP": 0.8169136587633947,
    "a_Ber_2016_OC": 0.2053814935790205,
    "a_Valles_2020_ALP": 335.08920598167816,
    "a_Valles_2020_ARS": 721.0939399185912,
    "a_Chen_2018_ALP": 9.385864097201,
    "a_Chen_2018_ARS": 3.316858776226023,
    "a_Qiao_2021_ALP": 29.878276788800164,
    "a_early_diff_stim": 11.155901062817579,
    "a_early_diff_inhib": 7.68330019950009,
    "a_late_diff_stim": 8.12748174039628,
    "a_late_diff_inhib": 9.728943868195765,
    "early_diff_slow": 0.3434955238214203,
    "early_diff_fast": 0.6581770913173879,
    "early_diff_very_fast": 0.6045893219271962,
    "late_diff_slow": 0.24238450769305747,
    "late_diff_fast": 0.760882448293538,
    "Mg_stim": 9.787400628770355,
    "Mg_dest": 24.22106776843578,
    "IL1b_ineffective": 169.84738807507398,
    "IL1b_stim": 1.4716144686585952,
    "IL8_favorable": 2.6799502678904403,
    "ALP_M_n": 1.7400870525253347,
    "ARS_M_n": 0.8862373122750425,
    "OC_M_n": 0.22312985813963074,
    "ALP_0": 0.33028137621855663,
    "ARS_0": 0.10613271796759885,
    "OC_0": 3.2450001208014876,
    "diff_time": 830.9475426315562,
    "maturity_t": 0.9295547114935642
}