{
    "a_Ber_2016_ALP": 0.44314465148286714,
    "a_Ber_2016_OC": 0.7719365253542896,
    "a_Valles_2020_ALP": 199.67217439147896,
    "a_Valles_2020_ARS": 648.8117338162075,
    "a_Chen_2018_ALP": 9.901979598808044,
    "a_Chen_2018_ARS": 3.8213705732498324,
    "a_Qiao_2021_ALP": 21.757216225455334,
    "a_early_diff_stim": 6.083702892302183,
    "a_early_diff_inhib": 7.521560592791321,
    "a_late_diff_stim": 17.56689940425029,
    "a_late_diff_inhib": 7.2721309172053274,
    "early_diff_slow": 0.39785812688348576,
    "early_diff_fast": 0.6640881385672941,
    "early_diff_very_fast": 0.6071041764074224,
    "late_diff_slow": 0.15298545515981474,
    "late_diff_fast": 0.7449743535981398,
    "Mg_stim": 9.867980490449785,
    "Mg_dest": 21.105361325152025,
    "IL1b_ineffective": 181.0383894119232,
    "IL1b_stim": 1.4055153945706476,
    "IL8_favorable": 2.406014296451829,
    "ALP_M_n": 3.409655407738194,
    "ARS_M_n": 1.3200856300383768,
    "OC_M_n": 0.019130811894592748,
    "ALP_0": 0.5550905719050427,
    "ARS_0": 0.18689370901400046,
    "OC_0": 3.461687226507377,
    "diff_time": 766.003791828194,
    "maturity_t": 0.6828462069458366
}