{
    "a_Ber_2016_ALP": 0.67078205356557,
    "a_Ber_2016_OC": 0.619620392957019,
    "a_Valles_2020_ALP": 180.05653803722765,
    "a_Valles_2020_ARS": 557.9301118814075,
    "a_Chen_2018_ALP": 9.850501186304829,
    "a_Chen_2018_ARS": 3.462322399272522,
    "a_Qiao_2021_ALP": 20.230533301455157,
    "a_early_diff_stim": 5.366993751595584,
    "a_early_diff_inhib": 11.870165034875566,
    "a_late_diff_stim": 13.112276656461617,
    "a_late_diff_inhib": 12.89215627589634,
    "early_diff_slow": 0.21829296978857946,
    "early_diff_fast": 0.6683075046913607,
    "early_diff_very_fast": 0.6104463751895632,
    "late_diff_slow": 0.3072909757749521,
    "late_diff_fast": 0.6384355960583806,
    "Mg_stim": 9.59172380146309,
    "Mg_dest": 22.399115460979843,
    "IL1b_ineffective": 181.85451358018133,
    "IL1b_stim": 1.3779491067785692,
    "IL8_favorable": 2.3992427253315256,
    "ALP_M_n": 3.514098732328852,
    "ARS_M_n": 1.4442339911763578,
    "OC_M_n": 0.11306522791812483,
    "ALP_0": 0.5556799474301629,
    "ARS_0": 0.2463620214019443,
    "OC_0": 2.345472838474999,
    "diff_time": 707.8688746036393,
    "maturity_t": 0.699781784609769
}