{
    "a_Ber_2016_ALP": 0.6753358059475154,
    "a_Ber_2016_OC": 0.7023147052851209,
    "a_Valles_2020_ALP": 202.6677740610404,
    "a_Valles_2020_ARS": 642.4198072856996,
    "a_Chen_2018_ALP": 9.734043789998788,
    "a_Chen_2018_ARS": 3.6282993747126007,
    "a_Qiao_2021_ALP": 22.091754154067583,
    "a_early_diff_stim": 5.5500120259428805,
    "a_early_diff_inhib": 17.916828800160452,
    "a_late_diff_stim": 0.37028486945207284,
    "a_late_diff_inhib": 8.170455606290677,
    "early_diff_slow": 0.35335875558619395,
    "early_diff_fast": 0.6970245870824732,
    "early_diff_very_fast": 0.6232626287152727,
    "late_diff_slow": 0.3081960835976101,
    "late_diff_fast": 0.8192853227888385,
    "Mg_stim": 9.928756464301335,
    "Mg_dest": 20.90477215424727,
    "IL1b_ineffective": 180.4947715517026,
    "IL1b_stim": 1.407996399156735,
    "IL8_favorable": 2.4003875889623103,
    "ALP_M_n": 3.08592156935801,
    "ARS_M_n": 1.1527340907156942,
    "OC_M_n": 0.08645121708137284,
    "ALP_0": 0.5201485311866925,
    "ARS_0": 0.14765288938461943,
    "OC_0": 3.8423549691443637,
    "diff_time": 728.8771441948901,
    "maturity_t": 0.7389717310281897
}