{
    "a_Ber_2016_ALP": 0.8887937014981832,
    "a_Ber_2016_OC": 0.32202762971791193,
    "a_Valles_2020_ALP": 310.90125791904126,
    "a_Valles_2020_ARS": 514.0444635688075,
    "a_Chen_2018_ALP": 9.864903656217244,
    "a_Chen_2018_ARS": 1.943805090333314,
    "a_Qiao_2021_ALP": 29.435926478622527,
    "a_early_diff_stim": 14.189011362196657,
    "a_early_diff_inhib": 14.853968175586147,
    "a_late_diff_stim": 16.3828606377399,
    "a_late_diff_inhib": 13.12987253271812,
    "early_diff_slow": 0.37250472588270056,
    "early_diff_fast": 0.612023311104318,
    "early_diff_very_fast": 0.9731345710652399,
    "late_diff_slow": 0.26209434600566917,
    "late_diff_fast": 0.7474007560016288,
    "Mg_stim": 9.66078315019854,
    "Mg_dest": 33.0947545404893,
    "IL1b_ineffective": 106.17308926673763,
    "IL1b_stim": 9.708425545827449,
    "IL8_favorable": 17.29071297326155,
    "ALP_M_n": 1.8197702250813679,
    "ARS_M_n": 1.425208562766473,
    "OC_M_n": 0.02270788554145612,
    "ALP_0": 0.32717111938177157,
    "ARS_0": 0.35593624117667544,
    "OC_0": 3.5935468101014005,
    "diff_time": 760.9135518574656,
    "maturity_t": 0.8563373051631836
}