{
    "a_Ber_2016_ALP": 0.5496033177918311,
    "a_Ber_2016_OC": 0.27622216688285367,
    "a_Valles_2020_ALP": 317.2081388706472,
    "a_Valles_2020_ARS": 662.0552194625196,
    "a_Chen_2018_ALP": 9.765692400924042,
    "a_Chen_2018_ARS": 3.126565595970006,
    "a_Qiao_2021_ALP": 28.917639981597116,
    "a_early_diff_stim": 17.120359265332713,
    "a_early_diff_inhib": 4.847813224943329,
    "a_late_diff_stim": 13.044351560250538,
    "a_late_diff_inhib": 9.271567987612283,
    "early_diff_slow": 0.19950828609158122,
    "early_diff_fast": 0.5976777584325492,
    "early_diff_very_fast": 0.9260654473596615,
    "late_diff_slow": 0.21493651635658928,
    "late_diff_fast": 0.6937238836760186,
    "Mg_stim": 9.771100285162609,
    "Mg_dest": 33.887640163309456,
    "IL1b_ineffective": 105.97647604293888,
    "IL1b_stim": 9.769612516269012,
    "IL8_favorable": 16.824541175870984,
    "ALP_M_n": 1.71932755170456,
    "ARS_M_n": 1.0870353227365277,
    "OC_M_n": 0.08418295794438199,
    "ALP_0": 0.3136144985714156,
    "ARS_0": 0.18186220178642803,
    "OC_0": 2.860883234165411,
    "diff_time": 763.4082690538887,
    "maturity_t": 0.8978917895524381
}