{
    "a_Ber_2016_ALP": 0.46722528179205636,
    "a_Ber_2016_OC": 0.21352809415912205,
    "a_Valles_2020_ALP": 172.03732109758738,
    "a_Valles_2020_ARS": 434.37728055450907,
    "a_Chen_2018_ALP": 9.682523336331297,
    "a_Chen_2018_ARS": 2.737583471764738,
    "a_Qiao_2021_ALP": 19.32798985954886,
    "a_early_diff_stim": 4.327423033121161,
    "a_early_diff_inhib": 9.098149819098364,
    "a_late_diff_stim": 11.313622772558224,
    "a_late_diff_inhib": 14.844676472096229,
    "early_diff_slow": 0.23796806046787503,
    "early_diff_fast": 0.7018644980780295,
    "early_diff_very_fast": 0.6361937076217836,
    "late_diff_slow": 0.19982878131632398,
    "late_diff_fast": 0.7724154097475161,
    "Mg_stim": 9.724929307553513,
    "Mg_dest": 33.25368139685851,
    "IL1b_ineffective": 182.04320683874482,
    "IL1b_stim": 1.4157342041811773,
    "IL8_favorable": 2.387908159663425,
    "ALP_M_n": 3.5461519729908115,
    "ARS_M_n": 1.8604329573091485,
    "OC_M_n": 0.2742470198020502,
    "ALP_0": 0.560242088579622,
    "ARS_0": 0.37678367244328537,
    "OC_0": 6.981411271436102,
    "diff_time": 696.0415647149497,
    "maturity_t": 0.7088693102523559
}