{
    "a_Ber_2016_ALP": 0.8258049774386055,
    "a_Ber_2016_OC": 0.6274938083809793,
    "a_Valles_2020_ALP": 313.84886320378337,
    "a_Valles_2020_ARS": 719.2639795617176,
    "a_Chen_2018_ALP": 9.95503052852563,
    "a_Chen_2018_ARS": 3.380793761002835,
    "a_Qiao_2021_ALP": 29.230090180221143,
    "a_early_diff_stim": 8.127228259153755,
    "a_early_diff_inhib": 12.597067684349117,
    "a_late_diff_stim": 7.2110532437303245,
    "a_late_diff_inhib": 15.677372183134358,
    "early_diff_slow": 0.12025339193349316,
    "early_diff_fast": 0.694498965146739,
    "early_diff_very_fast": 0.6243536870470447,
    "late_diff_slow": 0.3995259568736509,
    "late_diff_fast": 0.6755924005006806,
    "Mg_stim": 9.644893935040033,
    "Mg_dest": 31.53090226194644,
    "IL1b_ineffective": 171.08606047232558,
    "IL1b_stim": 1.4629486473696494,
    "IL8_favorable": 2.5634660633275743,
    "ALP_M_n": 2.0313709602440144,
    "ARS_M_n": 0.8628311906571526,
    "OC_M_n": 0.08666839211302442,
    "ALP_0": 0.38046818436323315,
    "ARS_0": 0.08427093696243114,
    "OC_0": 7.356719019034444,
    "diff_time": 816.0718390720153,
    "maturity_t": 0.8561755706513299
}