{
    "a_Ber_2016_ALP": 0.567940599519391,
    "a_Ber_2016_OC": 0.6998891269552122,
    "a_Valles_2020_ALP": 267.5526910091858,
    "a_Valles_2020_ARS": 733.082502086698,
    "a_Chen_2018_ALP": 9.790647463546192,
    "a_Chen_2018_ARS": 3.049413155872485,
    "a_Qiao_2021_ALP": 26.567195198584507,
    "a_early_diff_stim": 18.367225787502726,
    "a_early_diff_inhib": 15.17961262821131,
    "a_late_diff_stim": 6.248585623036504,
    "a_late_diff_inhib": 5.60510137688028,
    "early_diff_slow": 0.18026107489869814,
    "early_diff_fast": 0.5722213939672496,
    "early_diff_very_fast": 0.9276282146560693,
    "late_diff_slow": 0.2374700924044384,
    "late_diff_fast": 0.8710239793404431,
    "Mg_stim": 9.976768413781066,
    "Mg_dest": 22.189531771139464,
    "IL1b_ineffective": 103.76181226669732,
    "IL1b_stim": 15.053360072778965,
    "IL8_favorable": 26.295795783769133,
    "ALP_M_n": 3.5846506350038134,
    "ARS_M_n": 0.5492733808454221,
    "OC_M_n": 0.04459617358599868,
    "ALP_0": 0.5647663981181196,
    "ARS_0": 0.03122316767344721,
    "OC_0": 4.865125603088003,
    "diff_time": 937.2788799467089,
    "maturity_t": 0.5639064013684597
}