{
    "a_Ber_2016_ALP": 0.6491650712479957,
    "a_Ber_2016_OC": 0.636555057551986,
    "a_Valles_2020_ALP": 198.33945813691756,
    "a_Valles_2020_ARS": 471.41783127539327,
    "a_Chen_2018_ALP": 9.702845920696902,
    "a_Chen_2018_ARS": 2.7248520609172244,
    "a_Qiao_2021_ALP": 21.32979603387056,
    "a_early_diff_stim": 5.983485738366127,
    "a_early_diff_inhib": 19.72863245734082,
    "a_late_diff_stim": 9.673269007849157,
    "a_late_diff_inhib": 2.5403358760901265,
    "early_diff_slow": 0.11992657158714337,
    "early_diff_fast": 0.6628419647916446,
    "early_diff_very_fast": 0.6082422887744162,
    "late_diff_slow": 0.2943640179465457,
    "late_diff_fast": 0.7594734756316953,
    "Mg_stim": 9.907158744477288,
    "Mg_dest": 31.25386350496221,
    "IL1b_ineffective": 179.55058982250603,
    "IL1b_stim": 1.4004759717783095,
    "IL8_favorable": 2.500961140670242,
    "ALP_M_n": 3.1004511683314595,
    "ARS_M_n": 1.6112970003796905,
    "OC_M_n": 0.12071570854058984,
    "ALP_0": 0.5158885300225061,
    "ARS_0": 0.342965941649467,
    "OC_0": 5.910237891194039,
    "diff_time": 689.9885965858119,
    "maturity_t": 0.756381208289698
}