{
    "a_Ber_2016_ALP": 0.6166075670632755,
    "a_Ber_2016_OC": 0.6131532700648007,
    "a_Valles_2020_ALP": 171.94316045374433,
    "a_Valles_2020_ARS": 563.5601553591658,
    "a_Chen_2018_ALP": 9.272112909925703,
    "a_Chen_2018_ARS": 3.419782652280173,
    "a_Qiao_2021_ALP": 18.47906115928898,
    "a_early_diff_stim": 5.9255820631750495,
    "a_early_diff_inhib": 10.659360042014983,
    "a_late_diff_stim": 4.694395581052073,
    "a_late_diff_inhib": 5.231629625186978,
    "early_diff_slow": 0.14412768828802025,
    "early_diff_fast": 0.6642998484680189,
    "early_diff_very_fast": 0.6049327771825422,
    "late_diff_slow": 0.15031952843042715,
    "late_diff_fast": 0.7429783059640376,
    "Mg_stim": 9.969043449678443,
    "Mg_dest": 30.48246491316426,
    "IL1b_ineffective": 185.3630217290617,
    "IL1b_stim": 1.4053739890298953,
    "IL8_favorable": 2.353846797675452,
    "ALP_M_n": 3.6111984109465274,
    "ARS_M_n": 1.3874887695472489,
    "OC_M_n": 0.11251947512789039,
    "ALP_0": 0.5700360614598342,
    "ARS_0": 0.22825676208723522,
    "OC_0": 3.3317536754510044,
    "diff_time": 710.7964936566075,
    "maturity_t": 0.7094580958401396
}