{
    "a_Ber_2016_ALP": 0.4125715472099834,
    "a_Ber_2016_OC": 0.3457104522946359,
    "a_Valles_2020_ALP": 212.5706296158305,
    "a_Valles_2020_ARS": 645.6167312320557,
    "a_Chen_2018_ALP": 9.955520598495873,
    "a_Chen_2018_ARS": 3.6274868724598264,
    "a_Qiao_2021_ALP": 22.487549486208056,
    "a_early_diff_stim": 5.419712421761115,
    "a_early_diff_inhib": 8.214979052482658,
    "a_late_diff_stim": 16.054314353711412,
    "a_late_diff_inhib": 10.899889988907887,
    "early_diff_slow": 0.15182752660434773,
    "early_diff_fast": 0.6884356627510371,
    "early_diff_very_fast": 0.6241045019530066,
    "late_diff_slow": 0.2919980201127683,
    "late_diff_fast": 0.7492035586765757,
    "Mg_stim": 9.891058272176902,
    "Mg_dest": 36.4598824752113,
    "IL1b_ineffective": 175.17835434128983,
    "IL1b_stim": 1.4423108374399227,
    "IL8_favorable": 2.4387144334617616,
    "ALP_M_n": 3.103608962738394,
    "ARS_M_n": 1.2083311256827112,
    "OC_M_n": 0.35417614554131605,
    "ALP_0": 0.5198877439726137,
    "ARS_0": 0.16351932275309544,
    "OC_0": 9.638686619310667,
    "diff_time": 730.1625707857992,
    "maturity_t": 0.730575654955578
}