{
    "a_Ber_2016_ALP": 0.7040854240961619,
    "a_Ber_2016_OC": 0.15782252590908608,
    "a_Valles_2020_ALP": 212.52793680342293,
    "a_Valles_2020_ARS": 725.6689285895735,
    "a_Chen_2018_ALP": 9.901370971444294,
    "a_Chen_2018_ARS": 4.075379726737911,
    "a_Qiao_2021_ALP": 22.54050946525015,
    "a_early_diff_stim": 5.957184865560868,
    "a_early_diff_inhib": 7.903171386430645,
    "a_late_diff_stim": 13.499745315921336,
    "a_late_diff_inhib": 7.393516526881754,
    "early_diff_slow": 0.3971126099454352,
    "early_diff_fast": 0.6777659877790978,
    "early_diff_very_fast": 0.6129040739909989,
    "late_diff_slow": 0.32968331257036987,
    "late_diff_fast": 0.7105594829190203,
    "Mg_stim": 9.877803339256246,
    "Mg_dest": 26.24681703077433,
    "IL1b_ineffective": 183.4161275621287,
    "IL1b_stim": 1.398989943790907,
    "IL8_favorable": 2.4054428592356416,
    "ALP_M_n": 3.5930808700345387,
    "ARS_M_n": 0.9337775961863363,
    "OC_M_n": 0.351527673245297,
    "ALP_0": 0.5754313648930152,
    "ARS_0": 0.09514306682258016,
    "OC_0": 4.572348660269703,
    "diff_time": 835.1166515463377,
    "maturity_t": 0.6367373573042638
}