{
    "a_Ber_2016_ALP": 0.4441657545940769,
    "a_Ber_2016_OC": 0.7156366492734688,
    "a_Valles_2020_ALP": 199.77987921729687,
    "a_Valles_2020_ARS": 330.4656454619588,
    "a_Chen_2018_ALP": 9.986314343010951,
    "a_Chen_2018_ARS": 1.8948292930391402,
    "a_Qiao_2021_ALP": 21.44153839895187,
    "a_early_diff_stim": 5.802914428826496,
    "a_early_diff_inhib": 10.590489452351308,
    "a_late_diff_stim": 15.553332460210328,
    "a_late_diff_inhib": 9.07044673629504,
    "early_diff_slow": 0.17212004845582726,
    "early_diff_fast": 0.6616531679499631,
    "early_diff_very_fast": 0.6124407750084836,
    "late_diff_slow": 0.20369474212759897,
    "late_diff_fast": 0.6879736776637659,
    "Mg_stim": 9.922765021183675,
    "Mg_dest": 36.32877102989953,
    "IL1b_ineffective": 177.2025392639025,
    "IL1b_stim": 1.4103090597978465,
    "IL8_favorable": 2.3775915850510856,
    "ALP_M_n": 3.0840097863806974,
    "ARS_M_n": 2.099137213186251,
    "OC_M_n": 0.07792468960418718,
    "ALP_0": 0.5127882878197787,
    "ARS_0": 0.5235669779936393,
    "OC_0": 2.294062625832602,
    "diff_time": 690.4071379484043,
    "maturity_t": 0.7589422786619554
}