{
    "a_Ber_2016_ALP": 0.35338537962096295,
    "a_Ber_2016_OC": 0.5647415392244611,
    "a_Valles_2020_ALP": 192.34543907806395,
    "a_Valles_2020_ARS": 563.6297299711364,
    "a_Chen_2018_ALP": 9.630506835654645,
    "a_Chen_2018_ARS": 3.2180892658561384,
    "a_Qiao_2021_ALP": 20.918963322002888,
    "a_early_diff_stim": 5.18788489180265,
    "a_early_diff_inhib": 7.802901986473988,
    "a_late_diff_stim": 12.420194654393,
    "a_late_diff_inhib": 18.27573074663944,
    "early_diff_slow": 0.24776583349642986,
    "early_diff_fast": 0.6961851582626704,
    "early_diff_very_fast": 0.626562423265358,
    "late_diff_slow": 0.264502615077745,
    "late_diff_fast": 0.7489820419993326,
    "Mg_stim": 9.904546168296275,
    "Mg_dest": 28.226803159179504,
    "IL1b_ineffective": 180.84868352633742,
    "IL1b_stim": 1.394284918596636,
    "IL8_favorable": 2.415396009453083,
    "ALP_M_n": 3.019389883897389,
    "ARS_M_n": 1.2951123730376954,
    "OC_M_n": 0.36039332956811143,
    "ALP_0": 0.5036297078661819,
    "ARS_0": 0.20293021009619303,
    "OC_0": 1.534809503262088,
    "diff_time": 670.0778549760803,
    "maturity_t": 0.7851499347129305
}