{
    "a_Ber_2016_ALP": 0.4137826717904047,
    "a_Ber_2016_OC": 0.09955134920081934,
    "a_Valles_2020_ALP": 120.10773740772444,
    "a_Valles_2020_ARS": 690.4730204505152,
    "a_Chen_2018_ALP": 6.76565195084714,
    "a_Chen_2018_ARS": 4.138179656135636,
    "a_Qiao_2021_ALP": 13.490603934169394,
    "a_early_diff_stim": 5.321544075749375,
    "a_early_diff_inhib": 1.9273075317191346,
    "a_late_diff_stim": 3.3906447613233666,
    "a_late_diff_inhib": 12.52442428385945,
    "early_diff_slow": 0.2929457760533702,
    "early_diff_fast": 0.6774782476469793,
    "early_diff_very_fast": 0.609049234210796,
    "late_diff_slow": 0.2661041296082305,
    "late_diff_fast": 0.8014073504243651,
    "Mg_stim": 9.843285085606798,
    "Mg_dest": 39.09826907183092,
    "IL1b_ineffective": 181.57103384222347,
    "IL1b_stim": 1.3915766992675316,
    "IL8_favorable": 2.332516899310896,
    "ALP_M_n": 3.9991057716659695,
    "ARS_M_n": 1.1571528745027329,
    "OC_M_n": 0.4393859799442664,
    "ALP_0": 0.658596429374253,
    "ARS_0": 0.09488794445935553,
    "OC_0": 9.523040284213813,
    "diff_time": 704.5274201282189,
    "maturity_t": 0.6929299502370941
}