{
    "a_Ber_2016_ALP": 0.6683018867305653,
    "a_Ber_2016_OC": 0.16065453493665544,
    "a_Valles_2020_ALP": 305.764434586396,
    "a_Valles_2020_ARS": 577.0202273268217,
    "a_Chen_2018_ALP": 9.495808989180903,
    "a_Chen_2018_ARS": 3.0977144513772394,
    "a_Qiao_2021_ALP": 27.730397778217935,
    "a_early_diff_stim": 19.349859372504106,
    "a_early_diff_inhib": 10.20671035506156,
    "a_late_diff_stim": 11.377955838599403,
    "a_late_diff_inhib": 11.746704184993646,
    "early_diff_slow": 0.27553644456656795,
    "early_diff_fast": 0.567191287034437,
    "early_diff_very_fast": 0.9512300444623334,
    "late_diff_slow": 0.3655652997081615,
    "late_diff_fast": 0.6855095166962857,
    "Mg_stim": 9.712357898097057,
    "Mg_dest": 34.64129945012902,
    "IL1b_ineffective": 104.76594897832773,
    "IL1b_stim": 11.423909172617122,
    "IL8_favorable": 21.018777729340176,
    "ALP_M_n": 1.5447722252585936,
    "ARS_M_n": 1.325279740190861,
    "OC_M_n": 0.3578917004292088,
    "ALP_0": 0.27158857111779533,
    "ARS_0": 0.213458757369843,
    "OC_0": 3.7220286990297162,
    "diff_time": 697.7083491583996,
    "maturity_t": 0.9931542880892743
}