{
    "a_Ber_2016_ALP": 0.5752509275668314,
    "a_Ber_2016_OC": 0.737725011554349,
    "a_Valles_2020_ALP": 187.9788368369375,
    "a_Valles_2020_ARS": 613.4295845344553,
    "a_Chen_2018_ALP": 9.680121132694877,
    "a_Chen_2018_ARS": 3.626547053905353,
    "a_Qiao_2021_ALP": 20.20712160340901,
    "a_early_diff_stim": 5.105076028673656,
    "a_early_diff_inhib": 8.176246234291538,
    "a_late_diff_stim": 13.481279838352012,
    "a_late_diff_inhib": 10.888971875261504,
    "early_diff_slow": 0.2877512759523657,
    "early_diff_fast": 0.6910288430294077,
    "early_diff_very_fast": 0.6244032807748532,
    "late_diff_slow": 0.32562589912547263,
    "late_diff_fast": 0.7014149709020748,
    "Mg_stim": 9.904504107533047,
    "Mg_dest": 24.000083739562818,
    "IL1b_ineffective": 184.56238163877197,
    "IL1b_stim": 1.3920570531041179,
    "IL8_favorable": 2.3589409436818727,
    "ALP_M_n": 3.5192533611081416,
    "ARS_M_n": 1.375386685213746,
    "OC_M_n": 0.039487132015996323,
    "ALP_0": 0.5653218449741362,
    "ARS_0": 0.2133968361300758,
    "OC_0": 5.3774636455982865,
    "diff_time": 745.9495725777217,
    "maturity_t": 0.6901456874511035
}