{
    "a_Ber_2016_ALP": 0.5850350626445858,
    "a_Ber_2016_OC": 0.23152926587471157,
    "a_Valles_2020_ALP": 131.28195671114136,
    "a_Valles_2020_ARS": 708.6162838370461,
    "a_Chen_2018_ALP": 9.931704314667364,
    "a_Chen_2018_ARS": 4.601850160559163,
    "a_Qiao_2021_ALP": 16.495600260720494,
    "a_early_diff_stim": 2.1188194397536675,
    "a_early_diff_inhib": 13.360008165816124,
    "a_late_diff_stim": 6.922991501290726,
    "a_late_diff_inhib": 9.9934722267011,
    "early_diff_slow": 0.22760435309110055,
    "early_diff_fast": 0.5714747885723792,
    "early_diff_very_fast": 0.7265342951171444,
    "late_diff_slow": 0.2342253403847391,
    "late_diff_fast": 0.8580676374147285,
    "Mg_stim": 9.898094671758658,
    "Mg_dest": 29.67344552873017,
    "IL1b_ineffective": 191.45646636869964,
    "IL1b_stim": 1.369426361474023,
    "IL8_favorable": 2.2528840053119694,
    "ALP_M_n": 4.977398767873721,
    "ARS_M_n": 1.234516757737121,
    "OC_M_n": 0.11483152637036409,
    "ALP_0": 0.6553968463279232,
    "ARS_0": 0.1602870296343073,
    "OC_0": 7.6345876556741326,
    "diff_time": 777.9534996827981,
    "maturity_t": 0.8217779176244961
}