{
    "a_Ber_2016_ALP": 0.6376244945155135,
    "a_Ber_2016_OC": 0.20244356400174077,
    "a_Valles_2020_ALP": 217.72537878201697,
    "a_Valles_2020_ARS": 689.5943556979942,
    "a_Chen_2018_ALP": 9.868161131653528,
    "a_Chen_2018_ARS": 3.693227177351173,
    "a_Qiao_2021_ALP": 22.90321510101961,
    "a_early_diff_stim": 4.542975558095984,
    "a_early_diff_inhib": 10.065995076994792,
    "a_late_diff_stim": 16.069868405078843,
    "a_late_diff_inhib": 8.551281785908571,
    "early_diff_slow": 0.3300096551839788,
    "early_diff_fast": 0.7442823789186632,
    "early_diff_very_fast": 0.6524090881793047,
    "late_diff_slow": 0.3104091189989131,
    "late_diff_fast": 0.8948929134853487,
    "Mg_stim": 9.98303965688892,
    "Mg_dest": 21.84557645092601,
    "IL1b_ineffective": 184.39736963682032,
    "IL1b_stim": 1.4180165645778846,
    "IL8_favorable": 2.4862406811582574,
    "ALP_M_n": 3.065600084293463,
    "ARS_M_n": 1.1148833011613386,
    "OC_M_n": 0.14546873918709133,
    "ALP_0": 0.5216944888820202,
    "ARS_0": 0.14320434155255804,
    "OC_0": 8.295594195082389,
    "diff_time": 750.089615507951,
    "maturity_t": 0.724498913674518
}