{
    "a_Ber_2016_ALP": 0.4460616324651003,
    "a_Ber_2016_OC": 0.22455526557865316,
    "a_Valles_2020_ALP": 171.37844025453379,
    "a_Valles_2020_ARS": 263.0021305572519,
    "a_Chen_2018_ALP": 9.852042293620006,
    "a_Chen_2018_ARS": 1.59473651645698,
    "a_Qiao_2021_ALP": 19.513001771474432,
    "a_early_diff_stim": 3.6555204601779696,
    "a_early_diff_inhib": 7.019603789523941,
    "a_late_diff_stim": 16.00746826001819,
    "a_late_diff_inhib": 11.719053730578747,
    "early_diff_slow": 0.23120818864511886,
    "early_diff_fast": 0.7219678928375258,
    "early_diff_very_fast": 0.6610269338127737,
    "late_diff_slow": 0.1519065533708964,
    "late_diff_fast": 0.7232215180139465,
    "Mg_stim": 9.902202295044507,
    "Mg_dest": 28.166991138407283,
    "IL1b_ineffective": 179.79254743261612,
    "IL1b_stim": 1.4464359051872115,
    "IL8_favorable": 2.5465034765605736,
    "ALP_M_n": 3.297331694531131,
    "ARS_M_n": 2.4121521318497554,
    "OC_M_n": 0.13260928884386,
    "ALP_0": 0.5280821615944676,
    "ARS_0": 0.5749285760294899,
    "OC_0": 4.720811250992499,
    "diff_time": 646.3901535525074,
    "maturity_t": 0.7603309804640321
}