{
    "a_Ber_2016_ALP": 0.7241745843398585,
    "a_Ber_2016_OC": 0.22582976691288434,
    "a_Valles_2020_ALP": 321.2775695098561,
    "a_Valles_2020_ARS": 662.7132215629418,
    "a_Chen_2018_ALP": 9.937829754806573,
    "a_Chen_2018_ARS": 3.2505078275096126,
    "a_Qiao_2021_ALP": 29.801952745258614,
    "a_early_diff_stim": 8.161794636741003,
    "a_early_diff_inhib": 14.412392286259783,
    "a_late_diff_stim": 17.169432073037093,
    "a_late_diff_inhib": 16.698431070337854,
    "early_diff_slow": 0.21235240221805585,
    "early_diff_fast": 0.7000905353660466,
    "early_diff_very_fast": 0.626135027830856,
    "late_diff_slow": 0.3737999531096816,
    "late_diff_fast": 0.761495770050205,
    "Mg_stim": 9.53801376926783,
    "Mg_dest": 28.676538545588905,
    "IL1b_ineffective": 171.05158487986614,
    "IL1b_stim": 1.4589809525139792,
    "IL8_favorable": 2.6615093215220824,
    "ALP_M_n": 1.8725824416524182,
    "ARS_M_n": 1.1391950304885448,
    "OC_M_n": 0.5822317598885053,
    "ALP_0": 0.33943124410731135,
    "ARS_0": 0.16474797712078632,
    "OC_0": 8.135010444012277,
    "diff_time": 783.2002498324143,
    "maturity_t": 0.9067256270443406
}