{
    "a_Ber_2016_ALP": 0.37089811388686084,
    "a_Ber_2016_OC": 0.7128545698052814,
    "a_Valles_2020_ALP": 164.98295509391454,
    "a_Valles_2020_ARS": 515.303252080616,
    "a_Chen_2018_ALP": 9.576690648933589,
    "a_Chen_2018_ARS": 3.0818473061546214,
    "a_Qiao_2021_ALP": 17.620595780235977,
    "a_early_diff_stim": 4.45989229901003,
    "a_early_diff_inhib": 12.798768146928266,
    "a_late_diff_stim": 3.0847022935023647,
    "a_late_diff_inhib": 7.288637694398259,
    "early_diff_slow": 0.20448926698776043,
    "early_diff_fast": 0.6958181741195532,
    "early_diff_very_fast": 0.6355243129920722,
    "late_diff_slow": 0.2242456510929147,
    "late_diff_fast": 0.7544118224881821,
    "Mg_stim": 9.998010997531797,
    "Mg_dest": 28.94172457919541,
    "IL1b_ineffective": 191.42626541391087,
    "IL1b_stim": 1.3805728385475629,
    "IL8_favorable": 2.255002615853165,
    "ALP_M_n": 3.6721055781981673,
    "ARS_M_n": 1.6606839074719502,
    "OC_M_n": 0.07205299805080144,
    "ALP_0": 0.5680224241239561,
    "ARS_0": 0.29332249687383427,
    "OC_0": 3.847274083060815,
    "diff_time": 690.8648370749329,
    "maturity_t": 0.722862454046834
}