{
    "a_Ber_2016_ALP": 0.26029159641261096,
    "a_Ber_2016_OC": 0.27923160196713376,
    "a_Valles_2020_ALP": 107.73899822745716,
    "a_Valles_2020_ARS": 616.1584755152529,
    "a_Chen_2018_ALP": 6.2903552567248,
    "a_Chen_2018_ARS": 3.6978640727588603,
    "a_Qiao_2021_ALP": 11.596688376390603,
    "a_early_diff_stim": 4.608508931987078,
    "a_early_diff_inhib": 9.162764631804958,
    "a_late_diff_stim": 6.019872905203281,
    "a_late_diff_inhib": 9.216268623529922,
    "early_diff_slow": 0.1333801932665883,
    "early_diff_fast": 0.7037468630824067,
    "early_diff_very_fast": 0.6297950581425419,
    "late_diff_slow": 0.13261827537332238,
    "late_diff_fast": 0.6482318216869667,
    "Mg_stim": 9.519314860243467,
    "Mg_dest": 26.67474938555218,
    "IL1b_ineffective": 194.5686341654742,
    "IL1b_stim": 1.380744808876404,
    "IL8_favorable": 2.1865932756541397,
    "ALP_M_n": 4.329686715330057,
    "ARS_M_n": 1.3580295876067066,
    "OC_M_n": 0.00991559167831113,
    "ALP_0": 0.6909526447082257,
    "ARS_0": 0.2070080329914461,
    "OC_0": 5.301378050237382,
    "diff_time": 729.0990758529067,
    "maturity_t": 0.6779635821749153
}