{
    "a_Ber_2016_ALP": 0.7308460711237569,
    "a_Ber_2016_OC": 0.126671420162311,
    "a_Valles_2020_ALP": 207.46713791984985,
    "a_Valles_2020_ARS": 560.779049259771,
    "a_Chen_2018_ALP": 9.883214679135428,
    "a_Chen_2018_ARS": 3.1656227332515954,
    "a_Qiao_2021_ALP": 22.240886167377255,
    "a_early_diff_stim": 4.5785166407957325,
    "a_early_diff_inhib": 6.930205567898331,
    "a_late_diff_stim": 12.599314325853854,
    "a_late_diff_inhib": 13.151501529581502,
    "early_diff_slow": 0.1258438444929872,
    "early_diff_fast": 0.7360127041630529,
    "early_diff_very_fast": 0.6499164885429711,
    "late_diff_slow": 0.36457096890733004,
    "late_diff_fast": 0.6877154516057272,
    "Mg_stim": 9.909505639888408,
    "Mg_dest": 24.205181398029953,
    "IL1b_ineffective": 176.9136412292993,
    "IL1b_stim": 1.4233981123728885,
    "IL8_favorable": 2.4790975480399666,
    "ALP_M_n": 2.9307747086652403,
    "ARS_M_n": 1.3664396385635011,
    "OC_M_n": 0.4594897905897578,
    "ALP_0": 0.49614802662957036,
    "ARS_0": 0.22166232278825984,
    "OC_0": 4.619527129183371,
    "diff_time": 694.6575198763758,
    "maturity_t": 0.7756837284542851
}