{
    "a_Ber_2016_ALP": 0.750735508860698,
    "a_Ber_2016_OC": 0.2553761243856677,
    "a_Valles_2020_ALP": 251.03468333960944,
    "a_Valles_2020_ARS": 679.6985016205649,
    "a_Chen_2018_ALP": 9.962251835804027,
    "a_Chen_2018_ARS": 3.5697608082398316,
    "a_Qiao_2021_ALP": 24.20176796364331,
    "a_early_diff_stim": 6.7146879621182265,
    "a_early_diff_inhib": 14.424926713408762,
    "a_late_diff_stim": 10.35052820129571,
    "a_late_diff_inhib": 6.5941663513867095,
    "early_diff_slow": 0.20834644573259903,
    "early_diff_fast": 0.6798886376936166,
    "early_diff_very_fast": 0.6180717035305039,
    "late_diff_slow": 0.1668739951091348,
    "late_diff_fast": 0.8014497244010499,
    "Mg_stim": 9.574404587374545,
    "Mg_dest": 23.05750712244375,
    "IL1b_ineffective": 184.99942395489913,
    "IL1b_stim": 1.4037239533792185,
    "IL8_favorable": 2.36060176025331,
    "ALP_M_n": 2.7342480661933264,
    "ARS_M_n": 1.0694316735057103,
    "OC_M_n": 0.10325800176454453,
    "ALP_0": 0.48007151150193766,
    "ARS_0": 0.1380808547330938,
    "OC_0": 7.80588276012353,
    "diff_time": 764.5555990355153,
    "maturity_t": 0.7705912949469147
}