{
    "a_Ber_2016_ALP": 0.5712117484732936,
    "a_Ber_2016_OC": 0.738106560389086,
    "a_Valles_2020_ALP": 164.98238234106728,
    "a_Valles_2020_ARS": 651.165387426092,
    "a_Chen_2018_ALP": 9.74544089234622,
    "a_Chen_2018_ARS": 3.8820100408652425,
    "a_Qiao_2021_ALP": 17.84226630720942,
    "a_early_diff_stim": 4.6905269554683295,
    "a_early_diff_inhib": 5.323791439837975,
    "a_late_diff_stim": 9.474003599692749,
    "a_late_diff_inhib": 9.816409781243543,
    "early_diff_slow": 0.2223784642222077,
    "early_diff_fast": 0.6950467093780045,
    "early_diff_very_fast": 0.6266158943642928,
    "late_diff_slow": 0.27898297760122265,
    "late_diff_fast": 0.7194446130476113,
    "Mg_stim": 9.841864216268302,
    "Mg_dest": 23.050133907176182,
    "IL1b_ineffective": 190.82143789801046,
    "IL1b_stim": 1.3741257731835592,
    "IL8_favorable": 2.279914415489742,
    "ALP_M_n": 3.9192077724569487,
    "ARS_M_n": 1.276512318316281,
    "OC_M_n": 0.026417948033152484,
    "ALP_0": 0.588448049992396,
    "ARS_0": 0.170460283576264,
    "OC_0": 1.4241816888955572,
    "diff_time": 728.352286389884,
    "maturity_t": 0.6777777237063629
}