{
    "a_Ber_2016_ALP": 0.8354345351031972,
    "a_Ber_2016_OC": 0.33580488146885756,
    "a_Valles_2020_ALP": 308.4313950440728,
    "a_Valles_2020_ARS": 659.6114018359664,
    "a_Chen_2018_ALP": 9.916246303938951,
    "a_Chen_2018_ARS": 3.3710000793529136,
    "a_Qiao_2021_ALP": 28.074014159092723,
    "a_early_diff_stim": 8.421590221326422,
    "a_early_diff_inhib": 9.302481213468731,
    "a_late_diff_stim": 11.16576741409554,
    "a_late_diff_inhib": 10.849581975494688,
    "early_diff_slow": 0.25877038902214383,
    "early_diff_fast": 0.6597169157014215,
    "early_diff_very_fast": 0.6192755669586696,
    "late_diff_slow": 0.20913564426994433,
    "late_diff_fast": 0.6633774665967793,
    "Mg_stim": 9.985300649312386,
    "Mg_dest": 23.764314265550215,
    "IL1b_ineffective": 172.13853150068988,
    "IL1b_stim": 1.4316116005544774,
    "IL8_favorable": 2.567810979559134,
    "ALP_M_n": 1.9798447922548672,
    "ARS_M_n": 1.109729365569586,
    "OC_M_n": 0.010289991750818829,
    "ALP_0": 0.3705566039932371,
    "ARS_0": 0.16115528989152825,
    "OC_0": 7.120057483111426,
    "diff_time": 777.633253755984,
    "maturity_t": 0.8985468066149731
}