{
    "a_Ber_2016_ALP": 0.6823707836017547,
    "a_Ber_2016_OC": 0.15852402159950035,
    "a_Valles_2020_ALP": 240.06507530909292,
    "a_Valles_2020_ARS": 576.8099325962471,
    "a_Chen_2018_ALP": 9.81092975088923,
    "a_Chen_2018_ARS": 2.920137998356279,
    "a_Qiao_2021_ALP": 23.80705646674871,
    "a_early_diff_stim": 6.49928394962376,
    "a_early_diff_inhib": 9.293639797501866,
    "a_late_diff_stim": 5.6932163591672165,
    "a_late_diff_inhib": 14.386579574001093,
    "early_diff_slow": 0.3602130710524158,
    "early_diff_fast": 0.6835332825392402,
    "early_diff_very_fast": 0.6202031109472851,
    "late_diff_slow": 0.21537167687145659,
    "late_diff_fast": 0.7674583557044176,
    "Mg_stim": 9.8241429689145,
    "Mg_dest": 33.56827495338513,
    "IL1b_ineffective": 178.38554152124107,
    "IL1b_stim": 1.4411521250752042,
    "IL8_favorable": 2.488284522604026,
    "ALP_M_n": 2.607264161333549,
    "ARS_M_n": 1.3499079298424028,
    "OC_M_n": 0.25431939908280105,
    "ALP_0": 0.4672170559338906,
    "ARS_0": 0.2593674773483206,
    "OC_0": 8.364124254822594,
    "diff_time": 723.8293738013256,
    "maturity_t": 0.809420940508669
}