{
    "a_Ber_2016_ALP": 0.6475802252192959,
    "a_Ber_2016_OC": 0.09509137332168421,
    "a_Valles_2020_ALP": 165.14704544374433,
    "a_Valles_2020_ARS": 455.2334759902992,
    "a_Chen_2018_ALP": 9.629023950302177,
    "a_Chen_2018_ARS": 2.7295540620744876,
    "a_Qiao_2021_ALP": 17.66847071491045,
    "a_early_diff_stim": 5.9106623167197565,
    "a_early_diff_inhib": 5.891607370973587,
    "a_late_diff_stim": 14.524829326536215,
    "a_late_diff_inhib": 19.605426176957373,
    "early_diff_slow": 0.35552208969121074,
    "early_diff_fast": 0.6541909324874584,
    "early_diff_very_fast": 0.6026045398916358,
    "late_diff_slow": 0.21872283980631035,
    "late_diff_fast": 0.6485263801007345,
    "Mg_stim": 9.629253587786074,
    "Mg_dest": 35.28372605867384,
    "IL1b_ineffective": 191.8974791066933,
    "IL1b_stim": 1.364322442498727,
    "IL8_favorable": 2.2302962072328043,
    "ALP_M_n": 3.5683783995326266,
    "ARS_M_n": 1.6998596057929178,
    "OC_M_n": 0.4934413061551732,
    "ALP_0": 0.5579153766040998,
    "ARS_0": 0.356111981221141,
    "OC_0": 7.9228154411821015,
    "diff_time": 676.7394485023101,
    "maturity_t": 0.7414004050085024
}