{
    "a_Ber_2016_ALP": 0.7541460190519,
    "a_Ber_2016_OC": 0.5972489263703986,
    "a_Valles_2020_ALP": 324.516649568717,
    "a_Valles_2020_ARS": 747.2796081378074,
    "a_Chen_2018_ALP": 9.794559339176429,
    "a_Chen_2018_ARS": 3.295224450114414,
    "a_Qiao_2021_ALP": 31.073555054942624,
    "a_early_diff_stim": 9.327250799679073,
    "a_early_diff_inhib": 15.5791616395981,
    "a_late_diff_stim": 13.098287830149742,
    "a_late_diff_inhib": 11.854768338549238,
    "early_diff_slow": 0.2104693218487198,
    "early_diff_fast": 0.6810810100930147,
    "early_diff_very_fast": 0.6295255904282204,
    "late_diff_slow": 0.26024811153832933,
    "late_diff_fast": 0.7416223024480052,
    "Mg_stim": 9.87963330467811,
    "Mg_dest": 33.61144098141529,
    "IL1b_ineffective": 167.86639764127148,
    "IL1b_stim": 1.5054001456261634,
    "IL8_favorable": 2.694789371736981,
    "ALP_M_n": 1.6575643578279629,
    "ARS_M_n": 0.837557191546329,
    "OC_M_n": 0.17598287156068623,
    "ALP_0": 0.301115359813833,
    "ARS_0": 0.08105332960912921,
    "OC_0": 3.556848829694675,
    "diff_time": 838.8812762091827,
    "maturity_t": 0.9492093631401558
}