{
    "a_Ber_2016_ALP": 0.5844065861801447,
    "a_Ber_2016_OC": 0.5935071471685562,
    "a_Valles_2020_ALP": 327.246366843875,
    "a_Valles_2020_ARS": 714.8825538021421,
    "a_Chen_2018_ALP": 9.835027831619543,
    "a_Chen_2018_ARS": 3.3540797007327092,
    "a_Qiao_2021_ALP": 31.430250671820442,
    "a_early_diff_stim": 7.486424841034413,
    "a_early_diff_inhib": 11.51383201470374,
    "a_late_diff_stim": 7.93229117988804,
    "a_late_diff_inhib": 12.135438389924026,
    "early_diff_slow": 0.3021759547212379,
    "early_diff_fast": 0.7285201328953463,
    "early_diff_very_fast": 0.6566523612335813,
    "late_diff_slow": 0.3596203005505072,
    "late_diff_fast": 0.6547795044634674,
    "Mg_stim": 9.933987521847866,
    "Mg_dest": 20.595513496594446,
    "IL1b_ineffective": 161.6036392072174,
    "IL1b_stim": 1.49501057494677,
    "IL8_favorable": 2.800229552277969,
    "ALP_M_n": 1.6106140791012526,
    "ARS_M_n": 0.9576812877890474,
    "OC_M_n": 0.1574142954084273,
    "ALP_0": 0.28261891151632124,
    "ARS_0": 0.11372123082224822,
    "OC_0": 2.7350510925455933,
    "diff_time": 805.8062482603093,
    "maturity_t": 0.964474233188835
}