{
    "a_Ber_2016_ALP": 0.46215009044758665,
    "a_Ber_2016_OC": 0.2804930201222178,
    "a_Valles_2020_ALP": 267.71767276518625,
    "a_Valles_2020_ARS": 342.1914339909766,
    "a_Chen_2018_ALP": 9.938295161141408,
    "a_Chen_2018_ARS": 1.7008705128784725,
    "a_Qiao_2021_ALP": 25.86038184954869,
    "a_early_diff_stim": 5.1299537086294755,
    "a_early_diff_inhib": 8.452415990362814,
    "a_late_diff_stim": 11.982293944792934,
    "a_late_diff_inhib": 11.68039881791742,
    "early_diff_slow": 0.23697723372875462,
    "early_diff_fast": 0.7304104572771651,
    "early_diff_very_fast": 0.6667182249606276,
    "late_diff_slow": 0.1489478363810144,
    "late_diff_fast": 0.8859016946514107,
    "Mg_stim": 9.99350123555837,
    "Mg_dest": 26.819008193624,
    "IL1b_ineffective": 174.7194808463523,
    "IL1b_stim": 1.4562996617549935,
    "IL8_favorable": 2.597305110068504,
    "ALP_M_n": 2.2809868261329878,
    "ARS_M_n": 1.9729581474266957,
    "OC_M_n": 0.0,
    "ALP_0": 0.41619883724577983,
    "ARS_0": 0.5376566337280837,
    "OC_0": 3.2623140761041176,
    "diff_time": 724.8591050316995,
    "maturity_t": 0.8586963297825007
}