{
    "a_Ber_2016_ALP": 0.564976355096927,
    "a_Ber_2016_OC": 0.47841601774252446,
    "a_Valles_2020_ALP": 209.23836618021585,
    "a_Valles_2020_ARS": 583.0438198476289,
    "a_Chen_2018_ALP": 9.456659190478854,
    "a_Chen_2018_ARS": 3.2427066488810943,
    "a_Qiao_2021_ALP": 21.740762076990112,
    "a_early_diff_stim": 6.97478210317424,
    "a_early_diff_inhib": 11.082075716924255,
    "a_late_diff_stim": 11.107063829368087,
    "a_late_diff_inhib": 8.905235651364302,
    "early_diff_slow": 0.25408837840814547,
    "early_diff_fast": 0.664291966737993,
    "early_diff_very_fast": 0.6576694740954292,
    "late_diff_slow": 0.25864462860957443,
    "late_diff_fast": 0.7474378613295207,
    "Mg_stim": 9.860187432555005,
    "Mg_dest": 29.45913861145057,
    "IL1b_ineffective": 171.91713886941622,
    "IL1b_stim": 2.5580581764526595,
    "IL8_favorable": 4.403238886059213,
    "ALP_M_n": 3.1149038966874074,
    "ARS_M_n": 1.3588676779523723,
    "OC_M_n": 0.11684795704005946,
    "ALP_0": 0.5219426824737474,
    "ARS_0": 0.23322620208632244,
    "OC_0": 5.128420807583318,
    "diff_time": 737.7246856200983,
    "maturity_t": 0.7538528800476365
}