{
    "a_Ber_2016_ALP": 0.5249234762176309,
    "a_Ber_2016_OC": 0.3010525451910077,
    "a_Valles_2020_ALP": 171.35541490875676,
    "a_Valles_2020_ARS": 187.28375236658997,
    "a_Chen_2018_ALP": 9.606720194168865,
    "a_Chen_2018_ARS": 1.128696274446359,
    "a_Qiao_2021_ALP": 18.843950394217824,
    "a_early_diff_stim": 5.814691854642454,
    "a_early_diff_inhib": 18.072100251403256,
    "a_late_diff_stim": 9.578128267686996,
    "a_late_diff_inhib": 3.791354610511668,
    "early_diff_slow": 0.29285687383691006,
    "early_diff_fast": 0.6531535616022787,
    "early_diff_very_fast": 0.6064174775846629,
    "late_diff_slow": 0.24540487558637583,
    "late_diff_fast": 0.7004483240455271,
    "Mg_stim": 9.854488477793094,
    "Mg_dest": 25.848417443556677,
    "IL1b_ineffective": 183.2475145448342,
    "IL1b_stim": 1.4047246965393718,
    "IL8_favorable": 2.3956936299345415,
    "ALP_M_n": 3.2759339660731053,
    "ARS_M_n": 2.5835843158062173,
    "OC_M_n": 0.5576135896705235,
    "ALP_0": 0.5361078304946689,
    "ARS_0": 0.7264704206869461,
    "OC_0": 5.228324803592261,
    "diff_time": 660.5877272233653,
    "maturity_t": 0.7662488845208806
}