{
    "a_Ber_2016_ALP": 0.6812009188238325,
    "a_Ber_2016_OC": 0.3035974726886403,
    "a_Valles_2020_ALP": 199.015617134089,
    "a_Valles_2020_ARS": 412.87391636579895,
    "a_Chen_2018_ALP": 9.966353044438373,
    "a_Chen_2018_ARS": 2.325738753822921,
    "a_Qiao_2021_ALP": 21.301994816962022,
    "a_early_diff_stim": 5.2105026540690575,
    "a_early_diff_inhib": 11.634974784667072,
    "a_late_diff_stim": 16.269861143374428,
    "a_late_diff_inhib": 14.37811563287978,
    "early_diff_slow": 0.21853240918146577,
    "early_diff_fast": 0.6930919100000872,
    "early_diff_very_fast": 0.6244903360214038,
    "late_diff_slow": 0.1436058922572523,
    "late_diff_fast": 0.8026290095490975,
    "Mg_stim": 9.886058819370003,
    "Mg_dest": 34.884819566281074,
    "IL1b_ineffective": 180.47606794254835,
    "IL1b_stim": 1.4131783852220376,
    "IL8_favorable": 2.4051575649286363,
    "ALP_M_n": 3.1850190960493525,
    "ARS_M_n": 1.8399951701530413,
    "OC_M_n": 0.14094896365595236,
    "ALP_0": 0.5207223464874389,
    "ARS_0": 0.42036551624686225,
    "OC_0": 3.9123487289946848,
    "diff_time": 700.3044652249923,
    "maturity_t": 0.7439421052339941
}