{
    "a_Ber_2016_ALP": 0.7111225378088023,
    "a_Ber_2016_OC": 0.3412282813179481,
    "a_Valles_2020_ALP": 219.69209323490188,
    "a_Valles_2020_ARS": 582.2282519890562,
    "a_Chen_2018_ALP": 9.870307497850302,
    "a_Chen_2018_ARS": 3.1436502454113042,
    "a_Qiao_2021_ALP": 22.98744096041875,
    "a_early_diff_stim": 5.658401653683618,
    "a_early_diff_inhib": 8.434504619167505,
    "a_late_diff_stim": 19.235237938182873,
    "a_late_diff_inhib": 15.450364495816977,
    "early_diff_slow": 0.3028881721307865,
    "early_diff_fast": 0.6923968558382697,
    "early_diff_very_fast": 0.6229129731752757,
    "late_diff_slow": 0.2722722055990508,
    "late_diff_fast": 0.7207045297396514,
    "Mg_stim": 9.806481820242178,
    "Mg_dest": 37.956575971564696,
    "IL1b_ineffective": 176.4500716355185,
    "IL1b_stim": 1.4225576197608714,
    "IL8_favorable": 2.4538710951629383,
    "ALP_M_n": 2.8617171452336456,
    "ARS_M_n": 1.2690825824878933,
    "OC_M_n": 0.44219082787259717,
    "ALP_0": 0.49026140886092423,
    "ARS_0": 0.22759065160209854,
    "OC_0": 4.916094157880806,
    "diff_time": 703.8705583148854,
    "maturity_t": 0.7722225294975257
}