{
    "a_Ber_2016_ALP": 0.7223315663071228,
    "a_Ber_2016_OC": 0.26840193485600095,
    "a_Valles_2020_ALP": 232.48040622827543,
    "a_Valles_2020_ARS": 668.5821220944268,
    "a_Chen_2018_ALP": 9.935974032808032,
    "a_Chen_2018_ARS": 3.7163765880155912,
    "a_Qiao_2021_ALP": 23.822334393263198,
    "a_early_diff_stim": 4.810748120738224,
    "a_early_diff_inhib": 8.87910195162563,
    "a_late_diff_stim": 4.6340614535486635,
    "a_late_diff_inhib": 8.881621091114516,
    "early_diff_slow": 0.11653938180953688,
    "early_diff_fast": 0.7312833157592266,
    "early_diff_very_fast": 0.6493265501323611,
    "late_diff_slow": 0.20859450099048843,
    "late_diff_fast": 0.8287608501205452,
    "Mg_stim": 9.476859743201992,
    "Mg_dest": 36.449514788780604,
    "IL1b_ineffective": 176.6738408918533,
    "IL1b_stim": 1.423889977282565,
    "IL8_favorable": 2.465877856064033,
    "ALP_M_n": 2.974319576710457,
    "ARS_M_n": 1.1406163701496903,
    "OC_M_n": 0.0646169047544431,
    "ALP_0": 0.5094300384743676,
    "ARS_0": 0.14167188790612906,
    "OC_0": 7.173850046594865,
    "diff_time": 761.3948602059503,
    "maturity_t": 0.7276619944263917
}