{
    "a_Ber_2016_ALP": 0.4116528600941139,
    "a_Ber_2016_OC": 0.43814362976294574,
    "a_Valles_2020_ALP": 220.00519489669972,
    "a_Valles_2020_ARS": 575.5725680210152,
    "a_Chen_2018_ALP": 9.916921056379413,
    "a_Chen_2018_ARS": 3.119829832595845,
    "a_Qiao_2021_ALP": 23.393077194088296,
    "a_early_diff_stim": 6.545611128333817,
    "a_early_diff_inhib": 11.074121396704538,
    "a_late_diff_stim": 16.132328143456085,
    "a_late_diff_inhib": 12.016696736054072,
    "early_diff_slow": 0.3149253021826875,
    "early_diff_fast": 0.6723302272608848,
    "early_diff_very_fast": 0.6078729015907315,
    "late_diff_slow": 0.2870238833682435,
    "late_diff_fast": 0.8181408048161547,
    "Mg_stim": 9.990549511287156,
    "Mg_dest": 34.844146865722095,
    "IL1b_ineffective": 179.29882608673276,
    "IL1b_stim": 1.4237163125131076,
    "IL8_favorable": 2.4938764895772394,
    "ALP_M_n": 2.6826365958571183,
    "ARS_M_n": 1.2184240362930412,
    "OC_M_n": 0.2584647687158963,
    "ALP_0": 0.45937975364349404,
    "ARS_0": 0.2106407759045265,
    "OC_0": 9.218158616554202,
    "diff_time": 674.3853345785666,
    "maturity_t": 0.8168023515227383
}