{
    "a_Ber_2016_ALP": 0.8501652300566642,
    "a_Ber_2016_OC": 0.11729955515245405,
    "a_Valles_2020_ALP": 293.6915674644824,
    "a_Valles_2020_ARS": 848.6940680508724,
    "a_Chen_2018_ALP": 9.753850215728677,
    "a_Chen_2018_ARS": 4.259760808626483,
    "a_Qiao_2021_ALP": 25.77903507159623,
    "a_early_diff_stim": 4.07179249726162,
    "a_early_diff_inhib": 5.104529097937487,
    "a_late_diff_stim": 10.922676507731754,
    "a_late_diff_inhib": 8.438879981549173,
    "early_diff_slow": 0.26418028278288586,
    "early_diff_fast": 0.555603838340206,
    "early_diff_very_fast": 0.7226626765214389,
    "late_diff_slow": 0.17573465812113348,
    "late_diff_fast": 0.7474026360599217,
    "Mg_stim": 9.53278980194654,
    "Mg_dest": 22.901512515260727,
    "IL1b_ineffective": 192.03083609772824,
    "IL1b_stim": 1.362586586809865,
    "IL8_favorable": 2.2912128735385693,
    "ALP_M_n": 3.355328130376698,
    "ARS_M_n": 0.670139135067386,
    "OC_M_n": 0.4310921747920509,
    "ALP_0": 0.57304999527379,
    "ARS_0": 0.039156969074166444,
    "OC_0": 6.9444774199324435,
    "diff_time": 1056.7760887486647,
    "maturity_t": 0.9884862604397926
}