{
    "a_Ber_2016_ALP": 0.4196921304348336,
    "a_Ber_2016_OC": 0.28880971343587897,
    "a_Valles_2020_ALP": 221.42342567842567,
    "a_Valles_2020_ARS": 717.5697812012554,
    "a_Chen_2018_ALP": 9.992775635453684,
    "a_Chen_2018_ARS": 3.9087963573133586,
    "a_Qiao_2021_ALP": 23.204128105523818,
    "a_early_diff_stim": 6.743232790312521,
    "a_early_diff_inhib": 12.112155861555408,
    "a_late_diff_stim": 9.16139095775581,
    "a_late_diff_inhib": 7.441857821354475,
    "early_diff_slow": 0.2843310762137222,
    "early_diff_fast": 0.6606749004669142,
    "early_diff_very_fast": 0.6012975729504068,
    "late_diff_slow": 0.2371824837957637,
    "late_diff_fast": 0.6892364807898516,
    "Mg_stim": 9.870876228868802,
    "Mg_dest": 27.349061304058402,
    "IL1b_ineffective": 179.29036362624953,
    "IL1b_stim": 1.4178430023710682,
    "IL8_favorable": 2.3955952464118084,
    "ALP_M_n": 3.1993414377134015,
    "ARS_M_n": 1.016202064412114,
    "OC_M_n": 0.01481718418516897,
    "ALP_0": 0.5345378083206934,
    "ARS_0": 0.10611670990778314,
    "OC_0": 6.083950920484511,
    "diff_time": 774.172500335154,
    "maturity_t": 0.6954711349712905
}