{
    "a_Ber_2016_ALP": 0.7743263465463628,
    "a_Ber_2016_OC": 0.6357200664583332,
    "a_Valles_2020_ALP": 298.9469427627729,
    "a_Valles_2020_ARS": 741.6323796908479,
    "a_Chen_2018_ALP": 9.80941589911697,
    "a_Chen_2018_ARS": 3.4878148250449335,
    "a_Qiao_2021_ALP": 29.432622982058188,
    "a_early_diff_stim": 10.338430519582639,
    "a_early_diff_inhib": 16.692282028252052,
    "a_late_diff_stim": 11.808010132716827,
    "a_late_diff_inhib": 15.884875511229364,
    "early_diff_slow": 0.37065129863704427,
    "early_diff_fast": 0.6562260946867144,
    "early_diff_very_fast": 0.6022353544667394,
    "late_diff_slow": 0.19633016064298844,
    "late_diff_fast": 0.7540889080153406,
    "Mg_stim": 9.88299045138082,
    "Mg_dest": 20.353538491869987,
    "IL1b_ineffective": 174.04180413620327,
    "IL1b_stim": 1.4193090312627117,
    "IL8_favorable": 2.5686715557352144,
    "ALP_M_n": 2.1545175677268604,
    "ARS_M_n": 0.8330380327488591,
    "OC_M_n": 0.08837947700197168,
    "ALP_0": 0.41981621287735216,
    "ARS_0": 0.0971232734110991,
    "OC_0": 9.075359128922642,
    "diff_time": 906.8725712881853,
    "maturity_t": 0.7979949955960975
}