{
    "a_Ber_2016_ALP": 0.6710385408218934,
    "a_Ber_2016_OC": 0.2521223581610593,
    "a_Valles_2020_ALP": 234.10239574608988,
    "a_Valles_2020_ARS": 601.0501100577696,
    "a_Chen_2018_ALP": 9.25468127661158,
    "a_Chen_2018_ARS": 3.053355174778829,
    "a_Qiao_2021_ALP": 23.340766974481962,
    "a_early_diff_stim": 12.228994435424285,
    "a_early_diff_inhib": 8.328921404151462,
    "a_late_diff_stim": 5.1728124130628705,
    "a_late_diff_inhib": 4.7849571001780244,
    "early_diff_slow": 0.2817789212307488,
    "early_diff_fast": 0.6045059767498185,
    "early_diff_very_fast": 0.9600455738781339,
    "late_diff_slow": 0.12588519225924627,
    "late_diff_fast": 0.7012859815624486,
    "Mg_stim": 9.798603771757195,
    "Mg_dest": 36.39712925791848,
    "IL1b_ineffective": 105.64895599624087,
    "IL1b_stim": 10.732266519143742,
    "IL8_favorable": 18.43388433342061,
    "ALP_M_n": 2.9884021868066073,
    "ARS_M_n": 1.2676216504707478,
    "OC_M_n": 0.1639831692304466,
    "ALP_0": 0.5051295311464458,
    "ARS_0": 0.22715538631852372,
    "OC_0": 1.2712218206491699,
    "diff_time": 757.6788607971105,
    "maturity_t": 0.7023304878201134
}