{
    "a_Ber_2016_ALP": 0.9102971995374171,
    "a_Ber_2016_OC": 0.34237643601911155,
    "a_Valles_2020_ALP": 339.59555710078706,
    "a_Valles_2020_ARS": 725.07384242174,
    "a_Chen_2018_ALP": 9.978883202775963,
    "a_Chen_2018_ARS": 2.935739157232678,
    "a_Qiao_2021_ALP": 30.576623772218163,
    "a_early_diff_stim": 16.736098444215294,
    "a_early_diff_inhib": 8.021721410528087,
    "a_late_diff_stim": 3.543775895519281,
    "a_late_diff_inhib": 11.734638836593625,
    "early_diff_slow": 0.32223051635308286,
    "early_diff_fast": 0.5961111515105131,
    "early_diff_very_fast": 0.9935194087017407,
    "late_diff_slow": 0.17444395793174372,
    "late_diff_fast": 0.6764342840966134,
    "Mg_stim": 9.81706323902803,
    "Mg_dest": 32.32097755386816,
    "IL1b_ineffective": 104.84491657562073,
    "IL1b_stim": 12.084262979755389,
    "IL8_favorable": 20.978283764666322,
    "ALP_M_n": 2.2450467852663425,
    "ARS_M_n": 0.8289730390940442,
    "OC_M_n": 0.4058340779818533,
    "ALP_0": 0.4151228640330798,
    "ARS_0": 0.11169416360307596,
    "OC_0": 7.534492016336948,
    "diff_time": 899.1283925177488,
    "maturity_t": 0.7122258117662742
}