{
    "a_Ber_2016_ALP": 0.3583896789449976,
    "a_Ber_2016_OC": 0.2693151865027373,
    "a_Valles_2020_ALP": 226.04758789969708,
    "a_Valles_2020_ARS": 674.0047131153169,
    "a_Chen_2018_ALP": 7.798836967697362,
    "a_Chen_2018_ARS": 2.9436585585201063,
    "a_Qiao_2021_ALP": 21.571920191814673,
    "a_early_diff_stim": 17.600794126409976,
    "a_early_diff_inhib": 11.408362551189025,
    "a_late_diff_stim": 12.781262255270605,
    "a_late_diff_inhib": 18.127465648495914,
    "early_diff_slow": 0.18845741598404425,
    "early_diff_fast": 0.5740128712484951,
    "early_diff_very_fast": 0.8956505184636419,
    "late_diff_slow": 0.3070845301713388,
    "late_diff_fast": 0.6469865290730306,
    "Mg_stim": 9.846541962727937,
    "Mg_dest": 22.1143434279451,
    "IL1b_ineffective": 104.87462163984382,
    "IL1b_stim": 12.065370797514248,
    "IL8_favorable": 20.195882738234943,
    "ALP_M_n": 2.930324256750969,
    "ARS_M_n": 1.043212470905344,
    "OC_M_n": 0.042416661990910445,
    "ALP_0": 0.5403662452790902,
    "ARS_0": 0.15196008808462474,
    "OC_0": 1.5024303530622622,
    "diff_time": 802.4113818483916,
    "maturity_t": 0.6950498421761239
}