{
    "a_Ber_2016_ALP": 0.589309518572502,
    "a_Ber_2016_OC": 0.22243294572661004,
    "a_Valles_2020_ALP": 376.8965340349016,
    "a_Valles_2020_ARS": 765.707890472411,
    "a_Chen_2018_ALP": 9.764277199415243,
    "a_Chen_2018_ARS": 3.4614191141839754,
    "a_Qiao_2021_ALP": 32.587555880876856,
    "a_early_diff_stim": 8.256666609462885,
    "a_early_diff_inhib": 15.845592782296432,
    "a_late_diff_stim": 6.387002196033624,
    "a_late_diff_inhib": 5.176619989061978,
    "early_diff_slow": 0.3194589881454646,
    "early_diff_fast": 0.7373982746910889,
    "early_diff_very_fast": 0.6598712608044961,
    "late_diff_slow": 0.23899331218130718,
    "late_diff_fast": 0.8893318683105611,
    "Mg_stim": 9.964101504912122,
    "Mg_dest": 35.95774888363521,
    "IL1b_ineffective": 169.48776019859866,
    "IL1b_stim": 1.4585191146060108,
    "IL8_favorable": 2.732491221504226,
    "ALP_M_n": 1.6725347305711258,
    "ARS_M_n": 0.7131178661863564,
    "OC_M_n": 0.1847710401005866,
    "ALP_0": 0.32524767213175365,
    "ARS_0": 0.05587725905585571,
    "OC_0": 2.479708062583697,
    "diff_time": 960.4139750754744,
    "maturity_t": 0.8876501706680908
}