{
    "a_Ber_2016_ALP": 0.6845880135284735,
    "a_Ber_2016_OC": 0.6706142902835984,
    "a_Valles_2020_ALP": 212.87040352228087,
    "a_Valles_2020_ARS": 497.1719879572187,
    "a_Chen_2018_ALP": 9.501827540800788,
    "a_Chen_2018_ARS": 2.6682360813565094,
    "a_Qiao_2021_ALP": 22.03952459960168,
    "a_early_diff_stim": 6.189226811678785,
    "a_early_diff_inhib": 8.016905171992812,
    "a_late_diff_stim": 3.7376340999611255,
    "a_late_diff_inhib": 14.301854912143181,
    "early_diff_slow": 0.3000267081393723,
    "early_diff_fast": 0.673334946103962,
    "early_diff_very_fast": 0.613695458660661,
    "late_diff_slow": 0.3107364174254029,
    "late_diff_fast": 0.737948954594154,
    "Mg_stim": 9.920534616244074,
    "Mg_dest": 23.245619821765686,
    "IL1b_ineffective": 178.01587568034302,
    "IL1b_stim": 1.4168184943654953,
    "IL8_favorable": 2.45379165113588,
    "ALP_M_n": 2.8243387149295263,
    "ARS_M_n": 1.504501715171634,
    "OC_M_n": 0.19295195082011793,
    "ALP_0": 0.4901545466559211,
    "ARS_0": 0.32563940320824736,
    "OC_0": 1.3296637081687754,
    "diff_time": 688.5135758351124,
    "maturity_t": 0.7973946970918182
}