{
    "a_Ber_2016_ALP": 0.712238398239199,
    "a_Ber_2016_OC": 0.18980514116088487,
    "a_Valles_2020_ALP": 223.19225622788912,
    "a_Valles_2020_ARS": 692.8574144876187,
    "a_Chen_2018_ALP": 9.990504352028369,
    "a_Chen_2018_ARS": 3.800095951972269,
    "a_Qiao_2021_ALP": 23.45290236918223,
    "a_early_diff_stim": 6.1866004012840055,
    "a_early_diff_inhib": 8.026816241261274,
    "a_late_diff_stim": 13.824718661268715,
    "a_late_diff_inhib": 7.424520021297098,
    "early_diff_slow": 0.3782373875427115,
    "early_diff_fast": 0.6765034588682775,
    "early_diff_very_fast": 0.6108768503162322,
    "late_diff_slow": 0.36417815419967886,
    "late_diff_fast": 0.6582413537700086,
    "Mg_stim": 9.798353268649542,
    "Mg_dest": 22.380531611301606,
    "IL1b_ineffective": 180.7897039386523,
    "IL1b_stim": 1.381920129930121,
    "IL8_favorable": 2.4529959438446625,
    "ALP_M_n": 3.139980413137262,
    "ARS_M_n": 1.0198991001427555,
    "OC_M_n": 0.6465030154435556,
    "ALP_0": 0.5262538174566439,
    "ARS_0": 0.11127984066410243,
    "OC_0": 8.581385328754852,
    "diff_time": 766.9232866409293,
    "maturity_t": 0.7043725521875651
}