{
    "a_Ber_2016_ALP": 0.6915991354803444,
    "a_Ber_2016_OC": 0.42355661333815586,
    "a_Valles_2020_ALP": 207.82395967449838,
    "a_Valles_2020_ARS": 544.8203534301476,
    "a_Chen_2018_ALP": 9.847069680071014,
    "a_Chen_2018_ARS": 3.0836206385797413,
    "a_Qiao_2021_ALP": 22.383978306546695,
    "a_early_diff_stim": 6.331810944740676,
    "a_early_diff_inhib": 19.050052510245365,
    "a_late_diff_stim": 2.8793322015008993,
    "a_late_diff_inhib": 6.5752777667455495,
    "early_diff_slow": 0.1401751903013965,
    "early_diff_fast": 0.6626269950926637,
    "early_diff_very_fast": 0.6056756413755602,
    "late_diff_slow": 0.2650045286392292,
    "late_diff_fast": 0.6662032890029037,
    "Mg_stim": 9.945268427526752,
    "Mg_dest": 36.663574848718454,
    "IL1b_ineffective": 174.5772920027578,
    "IL1b_stim": 1.4113336312821225,
    "IL8_favorable": 2.437947377068724,
    "ALP_M_n": 2.9428986207514685,
    "ARS_M_n": 1.4287255621302788,
    "OC_M_n": 0.2744350245728894,
    "ALP_0": 0.4966828186470593,
    "ARS_0": 0.24611307180442601,
    "OC_0": 9.417936624240545,
    "diff_time": 690.958040279337,
    "maturity_t": 0.7711125327508465
}