{
    "a_Ber_2016_ALP": 0.42005384337248436,
    "a_Ber_2016_OC": 0.1772476519293146,
    "a_Valles_2020_ALP": 182.1944581862996,
    "a_Valles_2020_ARS": 565.1414184755611,
    "a_Chen_2018_ALP": 9.962629473229835,
    "a_Chen_2018_ARS": 3.291497107927933,
    "a_Qiao_2021_ALP": 20.337646349678398,
    "a_early_diff_stim": 6.11393126041027,
    "a_early_diff_inhib": 10.42206933495551,
    "a_late_diff_stim": 14.321292034709732,
    "a_late_diff_inhib": 11.742139589527856,
    "early_diff_slow": 0.27749680637338536,
    "early_diff_fast": 0.6548717038138131,
    "early_diff_very_fast": 0.6005952224892575,
    "late_diff_slow": 0.26084999447462903,
    "late_diff_fast": 0.7805497608974735,
    "Mg_stim": 9.732221211628204,
    "Mg_dest": 29.403519072679167,
    "IL1b_ineffective": 179.91534653323527,
    "IL1b_stim": 1.4049423024695464,
    "IL8_favorable": 2.413621267325148,
    "ALP_M_n": 3.175632779439247,
    "ARS_M_n": 1.3184097991701533,
    "OC_M_n": 0.26710524967643945,
    "ALP_0": 0.5134806896201735,
    "ARS_0": 0.20217578826769358,
    "OC_0": 4.539078728671054,
    "diff_time": 656.5409745936106,
    "maturity_t": 0.7706388147514185
}