{
    "a_Ber_2016_ALP": 0.9371421418050518,
    "a_Ber_2016_OC": 0.2387331724445539,
    "a_Valles_2020_ALP": 369.70353387931755,
    "a_Valles_2020_ARS": 736.3564962604395,
    "a_Chen_2018_ALP": 9.801853435374628,
    "a_Chen_2018_ARS": 2.8638765000810658,
    "a_Qiao_2021_ALP": 33.509241149112526,
    "a_early_diff_stim": 15.399044935997553,
    "a_early_diff_inhib": 16.411987358187652,
    "a_late_diff_stim": 14.004781040696663,
    "a_late_diff_inhib": 15.438743519534768,
    "early_diff_slow": 0.34960017354750095,
    "early_diff_fast": 0.6026837884504774,
    "early_diff_very_fast": 0.932150620379936,
    "late_diff_slow": 0.35361918494391925,
    "late_diff_fast": 0.8728320455793532,
    "Mg_stim": 9.98019290018951,
    "Mg_dest": 32.73378809281583,
    "IL1b_ineffective": 108.7075078210518,
    "IL1b_stim": 6.946877850443153,
    "IL8_favorable": 13.3387370033929,
    "ALP_M_n": 1.3880477713269883,
    "ARS_M_n": 0.8015272004274161,
    "OC_M_n": 0.1104207745898383,
    "ALP_0": 0.2419575316336358,
    "ARS_0": 0.10189617439805529,
    "OC_0": 3.23744012075457,
    "diff_time": 918.3126893420674,
    "maturity_t": 0.8863906366318853
}