{
    "a_Ber_2016_ALP": 0.39427455254895677,
    "a_Ber_2016_OC": 0.28583362848020033,
    "a_Valles_2020_ALP": 229.17290597083857,
    "a_Valles_2020_ARS": 544.0861536169343,
    "a_Chen_2018_ALP": 9.907811651511746,
    "a_Chen_2018_ARS": 2.8530358919737013,
    "a_Qiao_2021_ALP": 23.847185928104437,
    "a_early_diff_stim": 5.105937795493618,
    "a_early_diff_inhib": 13.169291465730105,
    "a_late_diff_stim": 3.4234197000025857,
    "a_late_diff_inhib": 6.202024498009903,
    "early_diff_slow": 0.29325953506445973,
    "early_diff_fast": 0.7252749913800011,
    "early_diff_very_fast": 0.6448358355808608,
    "late_diff_slow": 0.2544820294512384,
    "late_diff_fast": 0.7162670991118929,
    "Mg_stim": 9.8904423620411,
    "Mg_dest": 28.28717929931689,
    "IL1b_ineffective": 176.188727521771,
    "IL1b_stim": 1.436021290205602,
    "IL8_favorable": 2.5105022123466085,
    "ALP_M_n": 2.689986775371952,
    "ARS_M_n": 1.4239216549219782,
    "OC_M_n": 0.018871277687858484,
    "ALP_0": 0.47033746085072026,
    "ARS_0": 0.28167328869335206,
    "OC_0": 3.3918156019575205,
    "diff_time": 710.3762133274176,
    "maturity_t": 0.7959051042145351
}