{
    "a_Ber_2016_ALP": 0.3286184630260534,
    "a_Ber_2016_OC": 0.24454010846546598,
    "a_Valles_2020_ALP": 175.3958174748481,
    "a_Valles_2020_ARS": 686.2832005175346,
    "a_Chen_2018_ALP": 9.592142931310658,
    "a_Chen_2018_ARS": 4.1158644322525255,
    "a_Qiao_2021_ALP": 18.901440380947257,
    "a_early_diff_stim": 4.651117850406937,
    "a_early_diff_inhib": 12.131254299591017,
    "a_late_diff_stim": 5.737678530873977,
    "a_late_diff_inhib": 6.528186616460507,
    "early_diff_slow": 0.2188293800467114,
    "early_diff_fast": 0.7090596320345739,
    "early_diff_very_fast": 0.6308136068561954,
    "late_diff_slow": 0.20304339744445135,
    "late_diff_fast": 0.8049273285922245,
    "Mg_stim": 9.703229629840727,
    "Mg_dest": 26.90391060046143,
    "IL1b_ineffective": 190.6775408241495,
    "IL1b_stim": 1.386170902851024,
    "IL8_favorable": 2.355499684296383,
    "ALP_M_n": 4.000755100544791,
    "ARS_M_n": 1.2043590572414766,
    "OC_M_n": 0.1115224874350866,
    "ALP_0": 0.6045282990518538,
    "ARS_0": 0.1512004194144172,
    "OC_0": 2.3675886659018794,
    "diff_time": 786.0314505565507,
    "maturity_t": 0.637550819057119
}