{
    "a_Ber_2016_ALP": 0.35067245128814595,
    "a_Ber_2016_OC": 0.2528998768422214,
    "a_Valles_2020_ALP": 152.88049627428504,
    "a_Valles_2020_ARS": 591.8065748386248,
    "a_Chen_2018_ALP": 9.86264566152461,
    "a_Chen_2018_ARS": 3.8453454053680973,
    "a_Qiao_2021_ALP": 17.208000984375712,
    "a_early_diff_stim": 3.6977979504511533,
    "a_early_diff_inhib": 4.4937673216037926,
    "a_late_diff_stim": 6.314442510346574,
    "a_late_diff_inhib": 7.199161201108847,
    "early_diff_slow": 0.25320103218862294,
    "early_diff_fast": 0.730529619864582,
    "early_diff_very_fast": 0.6499211262702241,
    "late_diff_slow": 0.2124091672627535,
    "late_diff_fast": 0.7766182008298141,
    "Mg_stim": 9.875577701722603,
    "Mg_dest": 26.267528585051995,
    "IL1b_ineffective": 189.861376115693,
    "IL1b_stim": 1.3810716287673444,
    "IL8_favorable": 2.278514343217921,
    "ALP_M_n": 4.199141567808395,
    "ARS_M_n": 1.4882727103710052,
    "OC_M_n": 0.06042940496507985,
    "ALP_0": 0.6058052985114312,
    "ARS_0": 0.2238682475000953,
    "OC_0": 7.416749654275059,
    "diff_time": 729.792501538414,
    "maturity_t": 0.6514423043489501
}