{
    "ALP_M_n": 4.383949816012134,
    "ALP_0": 0.39424816796409895,
    "IL1b_ineffective": 192.6008896380325,
    "IL1b_stim": 1.3695962204869188,
    "IL8_favorable": 2.2294876613888475,
    "maturity_t": 0.7305823412086039,
    "early_diff_very_fast": 0.7405695678949747,
    "a_early_diff_stim": 2.0870635281024748,
    "diff_time": 957.2176101527075,
    "a_Qiao_2021_ALP": 93.73089206629226
}