{
    "ALP_M_n": 4.600851512554385,
    "ALP_0": 0.3947425379951828,
    "IL1b_ineffective": 192.7932655111854,
    "IL1b_stim": 1.3681773871360776,
    "IL8_favorable": 2.225690612034754,
    "maturity_t": 0.8292742892681221,
    "early_diff_very_fast": 0.7437125768010117,
    "a_early_diff_stim": 2.033463038859573,
    "diff_time": 887.6113575405672,
    "a_Qiao_2021_ALP": 81.16912950328354
}