{
    "ALP_M_n": 1.4101756313917582,
    "ALP_0": 0.12333916117124652,
    "IL1b_ineffective": 106.64722359870522,
    "IL1b_stim": 8.912731555801521,
    "IL8_favorable": 15.899465822976225,
    "maturity_t": 0.7833489887902231,
    "early_diff_very_fast": 0.9489230042310545,
    "a_early_diff_stim": 15.730300436528776,
    "diff_time": 925.3442797147753,
    "a_Qiao_2021_ALP": 47.07340714725742
}