{
    "ALP_M_n": 5.6053561542831165,
    "ALP_0": 0.4513895725426389,
    "IL1b_ineffective": 105.11068416514243,
    "IL1b_stim": 12.397260293259034,
    "IL8_favorable": 20.14411626038406,
    "maturity_t": 0.3903642532028313,
    "early_diff_very_fast": 0.7230666484358343,
    "a_early_diff_stim": 16.942621205503755,
    "diff_time": 1019.3652543636116,
    "a_Qiao_2021_ALP": 110.23463527131887
}