{
    "ALP_M_n": 2.7525334892328286,
    "ALP_0": 0.24557008934833063,
    "IL1b_ineffective": 105.61344503760449,
    "IL1b_stim": 10.930838788079459,
    "IL8_favorable": 17.96733488086968,
    "maturity_t": 0.5291847299371228,
    "early_diff_very_fast": 0.8752477090625681,
    "a_early_diff_stim": 13.105494202974203,
    "diff_time": 919.9276622225709,
    "a_Qiao_2021_ALP": 82.76807770679355
}