{
    "ALP_M_n": 3.1693458588271444,
    "ALP_0": 0.46633068737727346,
    "IL1b_ineffective": 116.01115943291477,
    "IL1b_stim": 4.57186287237424,
    "IL8_favorable": 7.523595936676514,
    "maturity_t": 0.7078617760112215,
    "early_diff_very_fast": 0.7578154855596216,
    "a_early_diff_stim": 8.353198659324915,
    "diff_time": 703.0265166821212,
    "a_Qiao_2021_ALP": 24.808436764006586
}