{
    "ALP_M_n": 3.554146466555507,
    "ALP_0": 0.19460851315896066,
    "IL1b_ineffective": 105.19958331713823,
    "IL1b_stim": 11.819852095514435,
    "IL8_favorable": 19.367463344268405,
    "maturity_t": 0.559527011680952,
    "early_diff_very_fast": 0.6586027919686124,
    "a_early_diff_stim": 19.291764203068936,
    "diff_time": 661.514356925962,
    "a_Qiao_2021_ALP": 112.0509388333548
}