{
    "ALP_M_n": 5.3381191962173355,
    "ALP_0": 0.7173456320387015,
    "IL1b_ineffective": 102.89886497768738,
    "IL1b_stim": 19.261288689963507,
    "IL8_favorable": 30.966147057655096,
    "maturity_t": 0.6256378299993025,
    "early_diff_very_fast": 0.8518053043179991,
    "a_early_diff_stim": 17.78902837816736,
    "diff_time": 648.8229220635251,
    "a_Qiao_2021_ALP": 8.494295827667258
}