{
    "ALP_M_n": 2.2724177369373724,
    "ALP_0": 0.2913951943315571,
    "IL1b_ineffective": 112.98179347763892,
    "IL1b_stim": 5.293740655996217,
    "IL8_favorable": 8.916895886503859,
    "maturity_t": 0.7439843460058705,
    "early_diff_very_fast": 0.7435408148329011,
    "a_early_diff_stim": 12.04644481786739,
    "diff_time": 748.4743331737641,
    "a_Qiao_2021_ALP": 38.04621391111132
}