{
    "ALP_M_n": 3.3555792740042385,
    "ALP_0": 0.25972822459315525,
    "IL1b_ineffective": 104.23485219210808,
    "IL1b_stim": 13.927309672820154,
    "IL8_favorable": 23.017362227726775,
    "maturity_t": 0.46523849196073963,
    "early_diff_very_fast": 0.7620871516694518,
    "a_early_diff_stim": 19.755360497748114,
    "diff_time": 937.8195251098273,
    "a_Qiao_2021_ALP": 120.64175625598007
}