{
    "ALP_M_n": 3.737531500508132,
    "ALP_0": 0.13128641851859854,
    "IL1b_ineffective": 103.22657050036777,
    "IL1b_stim": 17.57264650429017,
    "IL8_favorable": 28.74294861747709,
    "maturity_t": 0.6073617507568099,
    "early_diff_very_fast": 0.8561326194171256,
    "a_early_diff_stim": 10.219950470427099,
    "diff_time": 556.4415443671569,
    "a_Qiao_2021_ALP": 127.20446979739764
}