{
    "ALP_M_n": 1.6085724911983486,
    "ALP_0": 0.05935504283695793,
    "IL1b_ineffective": 105.06462485248848,
    "IL1b_stim": 11.517147031881638,
    "IL8_favorable": 20.12958173181811,
    "maturity_t": 0.5936728757089861,
    "early_diff_very_fast": 0.9643162816340711,
    "a_early_diff_stim": 13.582065420479312,
    "diff_time": 957.8900009766974,
    "a_Qiao_2021_ALP": 82.9240295864654
}