{
    "ALP_M_n": 6.044649425319054,
    "ALP_0": 0.24043799153247838,
    "IL1b_ineffective": 102.12608765350005,
    "IL1b_stim": 23.776946700349477,
    "IL8_favorable": 39.838178527508354,
    "maturity_t": 0.5523873361942528,
    "early_diff_very_fast": 0.7736463226026211,
    "a_early_diff_stim": 13.125372833548447,
    "diff_time": 545.9960539224651,
    "a_Qiao_2021_ALP": 169.52695682807646
}