{
    "ALP_M_n": 7.400503588948944,
    "ALP_0": 0.5994882994119122,
    "IL1b_ineffective": 104.65972088722366,
    "IL1b_stim": 13.293071194920431,
    "IL8_favorable": 21.314064068756263,
    "maturity_t": 0.37843688686964877,
    "early_diff_very_fast": 0.758451572488734,
    "a_early_diff_stim": 13.987227455873072,
    "diff_time": 991.8157936991302,
    "a_Qiao_2021_ALP": 49.04570410908258
}