{
    "ALP_M_n": 4.825296115634222,
    "ALP_0": 0.3780655730250184,
    "IL1b_ineffective": 101.72849808504306,
    "IL1b_stim": 28.267656508807157,
    "IL8_favorable": 45.80714032340846,
    "maturity_t": 0.5399286411910272,
    "early_diff_very_fast": 0.9295263500678642,
    "a_early_diff_stim": 16.572877889147488,
    "diff_time": 673.0318796688769,
    "a_Qiao_2021_ALP": 61.95724934997575
}