{
    "ALP_M_n": 5.918956626795567,
    "ALP_0": 0.75868314557823,
    "IL1b_ineffective": 105.74499772122662,
    "IL1b_stim": 11.032003540131035,
    "IL8_favorable": 17.668796857050296,
    "maturity_t": 0.48757198172742594,
    "early_diff_very_fast": 0.8097427636459178,
    "a_early_diff_stim": 13.91570550100767,
    "diff_time": 913.5594673927338,
    "a_Qiao_2021_ALP": 11.323098997317127
}