{
    "ALP_M_n": 1.8566768390088784,
    "ALP_0": 0.055601510952694014,
    "IL1b_ineffective": 103.18091948195766,
    "IL1b_stim": 17.145478629510244,
    "IL8_favorable": 29.477154953863952,
    "maturity_t": 0.637624491732543,
    "early_diff_very_fast": 0.8861453213303115,
    "a_early_diff_stim": 18.81713648955174,
    "diff_time": 759.0387708120546,
    "a_Qiao_2021_ALP": 81.76999909945916
}