{
    "ALP_M_n": 4.085687256423559,
    "ALP_0": 0.48069654953846547,
    "IL1b_ineffective": 105.71246391620802,
    "IL1b_stim": 10.923089417540442,
    "IL8_favorable": 17.833919328163248,
    "maturity_t": 0.5774238033969807,
    "early_diff_very_fast": 0.7642926356915802,
    "a_early_diff_stim": 15.354161812209453,
    "diff_time": 753.4100063666812,
    "a_Qiao_2021_ALP": 32.54926915476066
}