{
    "ALP_M_n": 4.398149890495177,
    "ALP_0": 0.36987790872764803,
    "IL1b_ineffective": 107.37429487272503,
    "IL1b_stim": 8.94708555111003,
    "IL8_favorable": 14.602068446931519,
    "maturity_t": 0.438819588414549,
    "early_diff_very_fast": 0.8124926152815877,
    "a_early_diff_stim": 9.570474710727408,
    "diff_time": 940.1359645166689,
    "a_Qiao_2021_ALP": 104.31684765773083
}