{
    "ALP_M_n": 3.7044386316595133,
    "ALP_0": 0.28432815832705616,
    "IL1b_ineffective": 102.103720528257,
    "IL1b_stim": 24.384900821503706,
    "IL8_favorable": 40.43903214828116,
    "maturity_t": 0.45864465533926535,
    "early_diff_very_fast": 0.9705507215656752,
    "a_early_diff_stim": 17.59376720173148,
    "diff_time": 910.0790357449599,
    "a_Qiao_2021_ALP": 123.2417585914293
}