{
    "ALP_M_n": 6.635994400092335,
    "ALP_0": 0.37834567059845264,
    "IL1b_ineffective": 102.29610176400095,
    "IL1b_stim": 22.965828613843435,
    "IL8_favorable": 36.95382671470219,
    "maturity_t": 0.556097372444587,
    "early_diff_very_fast": 0.6961365181417152,
    "a_early_diff_stim": 18.874350762685026,
    "diff_time": 560.3296508536943,
    "a_Qiao_2021_ALP": 65.93198772926804
}