{
    "ALP_M_n": 6.9206017714503245,
    "ALP_0": 0.4687563772359227,
    "IL1b_ineffective": 109.97792792835637,
    "IL1b_stim": 6.942870234611513,
    "IL8_favorable": 11.008351284551722,
    "maturity_t": 0.501959519346982,
    "early_diff_very_fast": 0.637019639522439,
    "a_early_diff_stim": 9.48600962210197,
    "diff_time": 646.9567064138512,
    "a_Qiao_2021_ALP": 50.36327928353528
}