{
    "ALP_M_n": 2.0425867384341863,
    "ALP_0": 0.17845753577178236,
    "IL1b_ineffective": 107.24221444866218,
    "IL1b_stim": 8.69278159182808,
    "IL8_favorable": 14.836882182333007,
    "maturity_t": 0.5556946232488379,
    "early_diff_very_fast": 0.8115319322684463,
    "a_early_diff_stim": 16.43289571648216,
    "diff_time": 1043.6280185303335,
    "a_Qiao_2021_ALP": 77.11517965498878
}