{
    "ALP_M_n": 4.705351095812705,
    "ALP_0": 0.5735071211472693,
    "IL1b_ineffective": 106.40351677191696,
    "IL1b_stim": 10.00482104620487,
    "IL8_favorable": 16.162037391968582,
    "maturity_t": 0.5676363699666523,
    "early_diff_very_fast": 0.9915162820324644,
    "a_early_diff_stim": 7.239156911057709,
    "diff_time": 748.3912748601058,
    "a_Qiao_2021_ALP": 22.167516249256053
}