{
    "ALP_M_n": 4.7339174685519145,
    "ALP_0": 0.33703084059566185,
    "IL1b_ineffective": 102.99297814320623,
    "IL1b_stim": 18.827483437752772,
    "IL8_favorable": 30.707646776819413,
    "maturity_t": 0.3906853078637362,
    "early_diff_very_fast": 0.8359615270885108,
    "a_early_diff_stim": 17.01566241452158,
    "diff_time": 1008.7407214149958,
    "a_Qiao_2021_ALP": 184.60535431379304
}