{
    "ALP_M_n": 2.1775085488399455,
    "ALP_0": 0.08121684744908897,
    "IL1b_ineffective": 106.24284967395675,
    "IL1b_stim": 9.8670889000812,
    "IL8_favorable": 16.746754029247626,
    "maturity_t": 0.5008385017115298,
    "early_diff_very_fast": 0.7557381446593981,
    "a_early_diff_stim": 15.194366047987986,
    "diff_time": 932.951137540289,
    "a_Qiao_2021_ALP": 138.65708337135285
}