{
    "ALP_M_n": 3.047348843622737,
    "ALP_0": 0.49264789562771405,
    "IL1b_ineffective": 103.93376070718722,
    "IL1b_stim": 14.821007635991831,
    "IL8_favorable": 24.434795744473966,
    "maturity_t": 0.6733998954159353,
    "early_diff_very_fast": 0.9547991004803014,
    "a_early_diff_stim": 18.202575595834183,
    "diff_time": 818.3712363954637,
    "a_Qiao_2021_ALP": 25.726019166713527
}