{
    "ALP_M_n": 4.599844007722678,
    "ALP_0": 0.33188485290672676,
    "IL1b_ineffective": 105.99641464680383,
    "IL1b_stim": 10.590979301772322,
    "IL8_favorable": 17.011367608326275,
    "maturity_t": 0.44417231030010096,
    "early_diff_very_fast": 0.6793314110711917,
    "a_early_diff_stim": 16.578604482204526,
    "diff_time": 859.2707805971286,
    "a_Qiao_2021_ALP": 131.59991336959
}