{
    "ALP_M_n": 4.662180428172262,
    "ALP_0": 0.0721853402060433,
    "IL1b_ineffective": 103.70251767596196,
    "IL1b_stim": 15.91046462676746,
    "IL8_favorable": 25.97240801806187,
    "maturity_t": 0.6831574074193211,
    "early_diff_very_fast": 0.7161551035567164,
    "a_early_diff_stim": 10.105563526289606,
    "diff_time": 434.22819718478,
    "a_Qiao_2021_ALP": 151.67001036148332
}