{
    "ALP_M_n": 3.842794998789256,
    "ALP_0": 0.5562611514048733,
    "IL1b_ineffective": 104.64969099988552,
    "IL1b_stim": 13.069209083097624,
    "IL8_favorable": 21.302147390973534,
    "maturity_t": 0.5417664881407875,
    "early_diff_very_fast": 0.8946730991259957,
    "a_early_diff_stim": 17.223529623195567,
    "diff_time": 969.9781594918339,
    "a_Qiao_2021_ALP": 28.75912001872052
}