{
    "ALP_M_n": 3.0854323774610792,
    "ALP_0": 0.10252908073492062,
    "IL1b_ineffective": 103.1065232893294,
    "IL1b_stim": 17.846152224870096,
    "IL8_favorable": 29.65390365113645,
    "maturity_t": 0.6931290623173184,
    "early_diff_very_fast": 0.7351172484393627,
    "a_early_diff_stim": 18.162151499979906,
    "diff_time": 518.3588870843789,
    "a_Qiao_2021_ALP": 83.19540908409662
}