{
    "ALP_M_n": 2.8847100697810704,
    "ALP_0": 0.13017154166341774,
    "IL1b_ineffective": 107.76969879900903,
    "IL1b_stim": 8.343264861019751,
    "IL8_favorable": 13.772194292241508,
    "maturity_t": 0.6940799084178404,
    "early_diff_very_fast": 0.7494475908135221,
    "a_early_diff_stim": 9.243628710876989,
    "diff_time": 550.8943064535403,
    "a_Qiao_2021_ALP": 71.64807469490125
}