{
    "ALP_M_n": 4.979448884078308,
    "ALP_0": 0.13363188099265377,
    "IL1b_ineffective": 102.08007583930372,
    "IL1b_stim": 24.667206741467215,
    "IL8_favorable": 40.03838205056502,
    "maturity_t": 0.6554879208629357,
    "early_diff_very_fast": 0.9704328152734953,
    "a_early_diff_stim": 7.373963463693408,
    "diff_time": 455.580109132793,
    "a_Qiao_2021_ALP": 133.33842423431162
}