{
    "ALP_M_n": 9.82246685803399,
    "ALP_0": 0.5273448597542505,
    "IL1b_ineffective": 103.02132989911367,
    "IL1b_stim": 18.780178707010343,
    "IL8_favorable": 29.778266261160983,
    "maturity_t": 0.424338214383926,
    "early_diff_very_fast": 0.7976575287416487,
    "a_early_diff_stim": 9.239339515025241,
    "diff_time": 707.7903937036135,
    "a_Qiao_2021_ALP": 66.6871381612922
}