{
    "ALP_M_n": 2.963351389869058,
    "ALP_0": 0.346729384649381,
    "IL1b_ineffective": 107.99012595606567,
    "IL1b_stim": 8.090391520802957,
    "IL8_favorable": 13.36820930749981,
    "maturity_t": 0.655372447352065,
    "early_diff_very_fast": 0.7652673748559597,
    "a_early_diff_stim": 13.39229799442257,
    "diff_time": 729.496662155313,
    "a_Qiao_2021_ALP": 40.745692603636826
}