{
    "ALP_M_n": 5.77192756093544,
    "ALP_0": 0.5172663302474239,
    "IL1b_ineffective": 103.06414769597984,
    "IL1b_stim": 18.51347497099078,
    "IL8_favorable": 29.918369405739387,
    "maturity_t": 0.6150263954715619,
    "early_diff_very_fast": 0.7821027291286844,
    "a_early_diff_stim": 14.55729735321455,
    "diff_time": 561.4671815170553,
    "a_Qiao_2021_ALP": 20.014191256757456
}