{
    "ALP_M_n": 3.07017733497737,
    "ALP_0": 0.17484983471213938,
    "IL1b_ineffective": 105.27883349531177,
    "IL1b_stim": 11.699195282866693,
    "IL8_favorable": 19.075740961952587,
    "maturity_t": 0.6373626411577543,
    "early_diff_very_fast": 0.8054564043756917,
    "a_early_diff_stim": 10.989695081529936,
    "diff_time": 609.6962547795424,
    "a_Qiao_2021_ALP": 77.64509573690435
}