{
    "ALP_M_n": 2.0493160830580086,
    "ALP_0": 0.16128023958698057,
    "IL1b_ineffective": 105.795627244171,
    "IL1b_stim": 10.48734807924593,
    "IL8_favorable": 17.876931313437034,
    "maturity_t": 0.5486683456284217,
    "early_diff_very_fast": 0.8744832015992704,
    "a_early_diff_stim": 15.60612869865025,
    "diff_time": 1017.3351489934496,
    "a_Qiao_2021_ALP": 82.73075061968413
}