{
    "ALP_M_n": 3.4797704623722416,
    "ALP_0": 0.23864086122459732,
    "IL1b_ineffective": 102.81501170619605,
    "IL1b_stim": 19.5632550600505,
    "IL8_favorable": 31.981852200372458,
    "maturity_t": 0.4643934566165632,
    "early_diff_very_fast": 0.8781547590539472,
    "a_early_diff_stim": 17.101411972090446,
    "diff_time": 888.6864071678181,
    "a_Qiao_2021_ALP": 139.7238111310889
}