{
    "ALP_M_n": 3.645349085982241,
    "ALP_0": 0.3661158755047123,
    "IL1b_ineffective": 104.68209576802725,
    "IL1b_stim": 12.916469571851652,
    "IL8_favorable": 21.20143484651062,
    "maturity_t": 0.5073389488825135,
    "early_diff_very_fast": 0.7693215005573456,
    "a_early_diff_stim": 19.09446646183525,
    "diff_time": 889.8194579972252,
    "a_Qiao_2021_ALP": 67.14024719732726
}