{
    "ALP_M_n": 8.588507342904412,
    "ALP_0": 0.5037157061237009,
    "IL1b_ineffective": 103.78258928606134,
    "IL1b_stim": 15.888519608212889,
    "IL8_favorable": 25.165043301755393,
    "maturity_t": 0.34023252009872396,
    "early_diff_very_fast": 0.6858433387074941,
    "a_early_diff_stim": 17.300700372385258,
    "diff_time": 980.1991069517782,
    "a_Qiao_2021_ALP": 176.04413468341235
}