{
    "ALP_M_n": 4.27053208063976,
    "ALP_0": 0.39135689412008223,
    "IL1b_ineffective": 103.47464763908111,
    "IL1b_stim": 16.62264469808255,
    "IL8_favorable": 27.010634959670462,
    "maturity_t": 0.462790385846981,
    "early_diff_very_fast": 0.826285403084578,
    "a_early_diff_stim": 17.915584267597865,
    "diff_time": 914.0004065297271,
    "a_Qiao_2021_ALP": 80.38506954207799
}