{
    "ALP_M_n": 2.3998080269755406,
    "ALP_0": 0.30368048359061983,
    "IL1b_ineffective": 114.78658916354446,
    "IL1b_stim": 4.792037756382054,
    "IL8_favorable": 8.111393230948664,
    "maturity_t": 0.7501434607555325,
    "early_diff_very_fast": 0.9628623460467909,
    "a_early_diff_stim": 5.377843995016265,
    "diff_time": 709.1066646065295,
    "a_Qiao_2021_ALP": 36.264956216794964
}