{
    "ALP_M_n": 2.8330307207280057,
    "ALP_0": 0.16289678130563082,
    "IL1b_ineffective": 112.61885998348048,
    "IL1b_stim": 5.49786608513878,
    "IL8_favorable": 9.241322840689712,
    "maturity_t": 0.5443845766550154,
    "early_diff_very_fast": 0.8683699744486143,
    "a_early_diff_stim": 5.025812228021061,
    "diff_time": 772.3801575454579,
    "a_Qiao_2021_ALP": 110.76108108904718
}