{
    "ALP_M_n": 2.024301790638451,
    "ALP_0": 0.31585190239740496,
    "IL1b_ineffective": 106.3287355467757,
    "IL1b_stim": 9.688086061465249,
    "IL8_favorable": 16.615303857359038,
    "maturity_t": 0.7004575730402711,
    "early_diff_very_fast": 0.9104452622584953,
    "a_early_diff_stim": 19.082376595680966,
    "diff_time": 1031.0047716891872,
    "a_Qiao_2021_ALP": 40.483524376437686
}