{
    "ALP_M_n": 3.011785158676841,
    "ALP_0": 0.37667348123009714,
    "IL1b_ineffective": 105.6615503792659,
    "IL1b_stim": 10.954247039646404,
    "IL8_favorable": 18.092094274136194,
    "maturity_t": 0.5751062018113688,
    "early_diff_very_fast": 0.8977881048650349,
    "a_early_diff_stim": 14.182380703383238,
    "diff_time": 923.1164379214495,
    "a_Qiao_2021_ALP": 48.624544140892915
}