{
    "ALP_M_n": 2.0614701170692427,
    "ALP_0": 0.11919180775293231,
    "IL1b_ineffective": 106.39373673025253,
    "IL1b_stim": 9.62246481844507,
    "IL8_favorable": 16.39789379478828,
    "maturity_t": 0.5144463676893007,
    "early_diff_very_fast": 0.8402853789634707,
    "a_early_diff_stim": 13.673001994880076,
    "diff_time": 998.4928450522222,
    "a_Qiao_2021_ALP": 105.02242050365078
}