{
    "ALP_M_n": 2.8269984731039948,
    "ALP_0": 0.3006850487044051,
    "IL1b_ineffective": 102.24069787306811,
    "IL1b_stim": 22.991659153293785,
    "IL8_favorable": 38.2407290169909,
    "maturity_t": 0.7127941019996517,
    "early_diff_very_fast": 0.9911799469157715,
    "a_early_diff_stim": 18.817803830689662,
    "diff_time": 642.1248068794624,
    "a_Qiao_2021_ALP": 39.47711192238668
}