{
    "ALP_M_n": 3.0408008052248863,
    "ALP_0": 0.2858957620804177,
    "IL1b_ineffective": 105.17118106418764,
    "IL1b_stim": 11.801334407319995,
    "IL8_favorable": 19.605986948944093,
    "maturity_t": 0.7056437385901879,
    "early_diff_very_fast": 0.7410494700504036,
    "a_early_diff_stim": 17.10638345573389,
    "diff_time": 603.955078953315,
    "a_Qiao_2021_ALP": 42.245451431156496
}