{
    "ALP_M_n": 3.2824453789450647,
    "ALP_0": 0.4001646120443621,
    "IL1b_ineffective": 103.65470022964553,
    "IL1b_stim": 15.83740705635408,
    "IL8_favorable": 25.995668480546588,
    "maturity_t": 0.5327519416698365,
    "early_diff_very_fast": 0.9384785646336242,
    "a_early_diff_stim": 17.913222958033085,
    "diff_time": 960.9379029909823,
    "a_Qiao_2021_ALP": 51.49596727263886
}