{
    "ALP_M_n": 6.103930658006587,
    "ALP_0": 0.3982610572530583,
    "IL1b_ineffective": 104.23487968944512,
    "IL1b_stim": 14.264733174499233,
    "IL8_favorable": 22.91900438390875,
    "maturity_t": 0.37848816966658133,
    "early_diff_very_fast": 0.7135598535293401,
    "a_early_diff_stim": 16.261685642816847,
    "diff_time": 946.4744213908951,
    "a_Qiao_2021_ALP": 192.2292108827914
}