{
    "ALP_M_n": 4.406620783390072,
    "ALP_0": 0.45241024989401585,
    "IL1b_ineffective": 105.89765052393093,
    "IL1b_stim": 10.829695137833612,
    "IL8_favorable": 17.91883136930589,
    "maturity_t": 0.6701659564214569,
    "early_diff_very_fast": 0.7548398399748455,
    "a_early_diff_stim": 11.77431557354543,
    "diff_time": 567.8708663151065,
    "a_Qiao_2021_ALP": 24.66512759094242
}