{
    "ALP_M_n": 3.047274714051174,
    "ALP_0": 0.48073161577824647,
    "IL1b_ineffective": 109.97517336390737,
    "IL1b_stim": 6.7510980636700015,
    "IL8_favorable": 11.082624899983557,
    "maturity_t": 0.6308328732879055,
    "early_diff_very_fast": 0.792148861249746,
    "a_early_diff_stim": 13.513758492336216,
    "diff_time": 896.0976226149503,
    "a_Qiao_2021_ALP": 29.703547147533378
}