{
    "ALP_M_n": 3.551670288132848,
    "ALP_0": 0.6315782301277683,
    "IL1b_ineffective": 105.48191043110509,
    "IL1b_stim": 11.253587261871239,
    "IL8_favorable": 18.524713797586724,
    "maturity_t": 0.791120675884215,
    "early_diff_very_fast": 0.8082398697716653,
    "a_early_diff_stim": 16.823805819734314,
    "diff_time": 615.9153136561624,
    "a_Qiao_2021_ALP": 11.721332119324028
}