{
    "ALP_M_n": 3.251365150770053,
    "ALP_0": 0.14566985526460996,
    "IL1b_ineffective": 102.45375927646909,
    "IL1b_stim": 21.70409936844879,
    "IL8_favorable": 35.31313467818062,
    "maturity_t": 0.4889996045426184,
    "early_diff_very_fast": 0.9888589531510983,
    "a_early_diff_stim": 12.19159417572625,
    "diff_time": 781.2836140547242,
    "a_Qiao_2021_ALP": 181.62564752619252
}