{
    "ALP_M_n": 7.555269621850627,
    "ALP_0": 0.42672960791834047,
    "IL1b_ineffective": 102.60318146492754,
    "IL1b_stim": 21.108158425247943,
    "IL8_favorable": 33.34272465478588,
    "maturity_t": 0.38988108621022977,
    "early_diff_very_fast": 0.8477314993123037,
    "a_early_diff_stim": 11.354244223264105,
    "diff_time": 836.8238540670566,
    "a_Qiao_2021_ALP": 192.85335961618847
}