{
    "ALP_M_n": 5.396683260060643,
    "ALP_0": 0.4648189206835732,
    "IL1b_ineffective": 107.82977101280191,
    "IL1b_stim": 8.499272319038269,
    "IL8_favorable": 13.74517184765272,
    "maturity_t": 0.4327404678257077,
    "early_diff_very_fast": 0.7699017341015798,
    "a_early_diff_stim": 9.454696627223154,
    "diff_time": 905.9829498722473,
    "a_Qiao_2021_ALP": 73.77548847178636
}