{
    "ALP_M_n": 3.22202572841587,
    "ALP_0": 0.36148121250025755,
    "IL1b_ineffective": 105.50649385069609,
    "IL1b_stim": 11.223215722890464,
    "IL8_favorable": 18.296360106064625,
    "maturity_t": 0.5068916046724404,
    "early_diff_very_fast": 0.8697871487425256,
    "a_early_diff_stim": 14.88478616187023,
    "diff_time": 1005.0060216672629,
    "a_Qiao_2021_ALP": 64.91324732148962
}