{
    "ALP_M_n": 2.2822992086999148,
    "ALP_0": 0.1483432039244653,
    "IL1b_ineffective": 104.76579085171782,
    "IL1b_stim": 12.53287287504212,
    "IL8_favorable": 21.016441080991065,
    "maturity_t": 0.7699826625261269,
    "early_diff_very_fast": 0.7509414867107711,
    "a_early_diff_stim": 19.261742168469315,
    "diff_time": 588.9736377916187,
    "a_Qiao_2021_ALP": 50.00061206610661
}