{
    "ALP_M_n": 2.0055243036851147,
    "ALP_0": 0.13572490081097172,
    "IL1b_ineffective": 107.98535831503472,
    "IL1b_stim": 7.972173234308547,
    "IL8_favorable": 13.596766015138527,
    "maturity_t": 0.7186385605647007,
    "early_diff_very_fast": 0.9001099993942026,
    "a_early_diff_stim": 9.364089547048206,
    "diff_time": 702.1824329768589,
    "a_Qiao_2021_ALP": 56.218098238420666
}