{
    "ALP_M_n": 2.761994761638907,
    "ALP_0": 0.3323259424459774,
    "IL1b_ineffective": 104.44897440204379,
    "IL1b_stim": 13.373839581002027,
    "IL8_favorable": 22.25100001509444,
    "maturity_t": 0.5992922386450833,
    "early_diff_very_fast": 0.9465956495354588,
    "a_early_diff_stim": 15.392726672126368,
    "diff_time": 877.2602416079568,
    "a_Qiao_2021_ALP": 49.85956228549814
}