{
    "ALP_M_n": 6.671961944372176,
    "ALP_0": 0.8212868854720684,
    "IL1b_ineffective": 101.92785430294012,
    "IL1b_stim": 26.136692421021536,
    "IL8_favorable": 41.51374567935217,
    "maturity_t": 0.6015072021476257,
    "early_diff_very_fast": 0.8608721416693266,
    "a_early_diff_stim": 19.807459453105096,
    "diff_time": 622.7196782037564,
    "a_Qiao_2021_ALP": 3.89965255500653
}