{
    "ALP_M_n": 7.104410270515434,
    "ALP_0": 0.38417432382120104,
    "IL1b_ineffective": 104.0073164102438,
    "IL1b_stim": 14.870684078423201,
    "IL8_favorable": 23.717086593436708,
    "maturity_t": 0.44176590476040495,
    "early_diff_very_fast": 0.8157821929416593,
    "a_early_diff_stim": 8.124026141007015,
    "diff_time": 715.5686025701507,
    "a_Qiao_2021_ALP": 159.98107622848144
}