{
    "ALP_M_n": 3.249433545016655,
    "ALP_0": 0.35967417584867434,
    "IL1b_ineffective": 104.30835795434372,
    "IL1b_stim": 13.773821859094951,
    "IL8_favorable": 22.558057123381104,
    "maturity_t": 0.5932724395001341,
    "early_diff_very_fast": 0.8797477529042756,
    "a_early_diff_stim": 15.213276506176284,
    "diff_time": 792.4867482017958,
    "a_Qiao_2021_ALP": 48.88603491344
}