{
    "ALP_M_n": 3.443385674633365,
    "ALP_0": 0.3904826985186638,
    "IL1b_ineffective": 105.08666124162164,
    "IL1b_stim": 12.078425845509326,
    "IL8_favorable": 20.0363984106564,
    "maturity_t": 0.6120577368164049,
    "early_diff_very_fast": 0.8028549872934142,
    "a_early_diff_stim": 15.707362654694855,
    "diff_time": 736.9788050476227,
    "a_Qiao_2021_ALP": 40.76579929007615
}