{
    "ALP_M_n": 3.5775235328865125,
    "ALP_0": 0.40791844689579104,
    "IL1b_ineffective": 107.02868023306914,
    "IL1b_stim": 9.21853114372011,
    "IL8_favorable": 15.201168223814484,
    "maturity_t": 0.4962435772097327,
    "early_diff_very_fast": 0.7660272988148293,
    "a_early_diff_stim": 16.329380383807322,
    "diff_time": 1013.4962697997736,
    "a_Qiao_2021_ALP": 60.50759003273202
}