{
    "ALP_M_n": 2.508716400059107,
    "ALP_0": 0.23246222443424275,
    "IL1b_ineffective": 103.74692816163025,
    "IL1b_stim": 15.286033913150586,
    "IL8_favorable": 25.343328158865578,
    "maturity_t": 0.547680728921723,
    "early_diff_very_fast": 0.9730584301001153,
    "a_early_diff_stim": 15.896354216738482,
    "diff_time": 942.2733924193427,
    "a_Qiao_2021_ALP": 76.45928526492331
}