{
    "ALP_M_n": 2.0405577566354647,
    "ALP_0": 0.18832038718340383,
    "IL1b_ineffective": 108.26975013737507,
    "IL1b_stim": 7.753787863517186,
    "IL8_favorable": 13.092661312319976,
    "maturity_t": 0.6480754704376511,
    "early_diff_very_fast": 0.8054821613316872,
    "a_early_diff_stim": 14.11600903391104,
    "diff_time": 868.2732558269297,
    "a_Qiao_2021_ALP": 59.542708722309875
}