{
    "ALP_M_n": 4.522964959580814,
    "ALP_0": 0.3827955146577106,
    "IL1b_ineffective": 103.11741021808635,
    "IL1b_stim": 18.13025202769195,
    "IL8_favorable": 29.090449449536514,
    "maturity_t": 0.5400090135953901,
    "early_diff_very_fast": 0.9461819385760981,
    "a_early_diff_stim": 11.3639775380571,
    "diff_time": 703.3709267970846,
    "a_Qiao_2021_ALP": 58.964603554366946
}