{
    "ALP_M_n": 5.310512090625014,
    "ALP_0": 0.39097928281981326,
    "IL1b_ineffective": 103.14917371865218,
    "IL1b_stim": 18.104432879854546,
    "IL8_favorable": 28.72673369243127,
    "maturity_t": 0.5162349589657537,
    "early_diff_very_fast": 0.9440328719402535,
    "a_early_diff_stim": 9.402636690433175,
    "diff_time": 681.2013236861877,
    "a_Qiao_2021_ALP": 68.79824708177688
}