{
    "ALP_M_n": 5.768164026952543,
    "ALP_0": 0.44919898374637285,
    "IL1b_ineffective": 107.23496524380144,
    "IL1b_stim": 9.139131516926541,
    "IL8_favorable": 14.753499077711965,
    "maturity_t": 0.37013747109647427,
    "early_diff_very_fast": 0.665769781094609,
    "a_early_diff_stim": 16.866202548691877,
    "diff_time": 1069.1422395219379,
    "a_Qiao_2021_ALP": 130.5578040535464
}