{
    "ALP_M_n": 6.030451171257649,
    "ALP_0": 0.6891031249634907,
    "IL1b_ineffective": 102.48970826895126,
    "IL1b_stim": 21.867139220096217,
    "IL8_favorable": 34.664750187829,
    "maturity_t": 0.45337523166026344,
    "early_diff_very_fast": 0.96945214678219,
    "a_early_diff_stim": 16.697406450976192,
    "diff_time": 940.5719139799218,
    "a_Qiao_2021_ALP": 18.362610617576138
}