{
    "ALP_M_n": 2.9652739424591044,
    "ALP_0": 0.3369858838422187,
    "IL1b_ineffective": 103.44439513430827,
    "IL1b_stim": 16.407450353768848,
    "IL8_favorable": 27.070019967376346,
    "maturity_t": 0.5355056514262826,
    "early_diff_very_fast": 0.9963448595376777,
    "a_early_diff_stim": 16.688954541705026,
    "diff_time": 969.1304282780754,
    "a_Qiao_2021_ALP": 61.43662930341674
}