{
    "ALP_M_n": 4.178135114690425,
    "ALP_0": 0.3390102885391018,
    "IL1b_ineffective": 103.91687973544727,
    "IL1b_stim": 15.22554007583474,
    "IL8_favorable": 24.463063190328427,
    "maturity_t": 0.5016265749949981,
    "early_diff_very_fast": 0.9541387237551859,
    "a_early_diff_stim": 10.055081009783594,
    "diff_time": 787.2219479872665,
    "a_Qiao_2021_ALP": 84.7818967664411
}