{
    "ALP_M_n": 2.34626395493778,
    "ALP_0": 0.16328354307975862,
    "IL1b_ineffective": 103.00102280548364,
    "IL1b_stim": 18.204102828142346,
    "IL8_favorable": 30.528552604445746,
    "maturity_t": 0.6691690159301024,
    "early_diff_very_fast": 0.8903162828657374,
    "a_early_diff_stim": 19.0494088668566,
    "diff_time": 704.397810197665,
    "a_Qiao_2021_ALP": 64.69828932002333
}