{
    "ALP_M_n": 5.319617175195501,
    "ALP_0": 0.42059193599875205,
    "IL1b_ineffective": 104.15733860930551,
    "IL1b_stim": 14.439400007084554,
    "IL8_favorable": 23.235760170769446,
    "maturity_t": 0.41984907169594093,
    "early_diff_very_fast": 0.914108812914961,
    "a_early_diff_stim": 9.951261448816823,
    "diff_time": 912.9648086469217,
    "a_Qiao_2021_ALP": 103.36570427763633
}