{
    "ALP_M_n": 2.9754256115522337,
    "ALP_0": 0.32947483920521614,
    "IL1b_ineffective": 103.47239737410028,
    "IL1b_stim": 16.325763384689743,
    "IL8_favorable": 27.040941062112303,
    "maturity_t": 0.5298676803449142,
    "early_diff_very_fast": 0.9963279955826004,
    "a_early_diff_stim": 16.40898319709103,
    "diff_time": 971.0947935245526,
    "a_Qiao_2021_ALP": 64.48490015868931
}