{
    "ALP_M_n": 4.726742858027153,
    "ALP_0": 0.35853820655629853,
    "IL1b_ineffective": 106.30372139253028,
    "IL1b_stim": 9.957816961073654,
    "IL8_favorable": 15.97764821277866,
    "maturity_t": 0.5546006494186468,
    "early_diff_very_fast": 0.7620676132482207,
    "a_early_diff_stim": 9.283019779650004,
    "diff_time": 651.2815791129268,
    "a_Qiao_2021_ALP": 63.73803899115775
}