{
    "ALP_M_n": 5.3389667116021515,
    "ALP_0": 0.4079520465683015,
    "IL1b_ineffective": 103.46652900363277,
    "IL1b_stim": 16.713181734511895,
    "IL8_favorable": 26.687855294501702,
    "maturity_t": 0.5246859601633137,
    "early_diff_very_fast": 0.9899575343156283,
    "a_early_diff_stim": 8.007066049903363,
    "diff_time": 672.9336181973528,
    "a_Qiao_2021_ALP": 59.49555961463545
}