{
    "ALP_M_n": 3.8158040368875974,
    "ALP_0": 0.548562528375923,
    "IL1b_ineffective": 106.88846983024247,
    "IL1b_stim": 9.383578267091274,
    "IL8_favorable": 15.260171446816038,
    "maturity_t": 0.6475641314803395,
    "early_diff_very_fast": 0.8560168430982036,
    "a_early_diff_stim": 11.35301491704827,
    "diff_time": 737.3530199702097,
    "a_Qiao_2021_ALP": 21.26925773441755
}