{
    "ALP_M_n": 2.552857297545776,
    "ALP_0": 0.1298607565898522,
    "IL1b_ineffective": 103.38273380819925,
    "IL1b_stim": 16.74724539583222,
    "IL8_favorable": 27.776315977214992,
    "maturity_t": 0.7407584624056595,
    "early_diff_very_fast": 0.8273308768461061,
    "a_early_diff_stim": 16.397588710722825,
    "diff_time": 558.3857187379009,
    "a_Qiao_2021_ALP": 59.35743663799636
}