{
    "ALP_M_n": 2.955907145371527,
    "ALP_0": 0.1828521819575019,
    "IL1b_ineffective": 108.76908298739413,
    "IL1b_stim": 7.582704541663418,
    "IL8_favorable": 12.690562162984335,
    "maturity_t": 0.5884665411728188,
    "early_diff_very_fast": 0.6527194324807643,
    "a_early_diff_stim": 15.921031177426473,
    "diff_time": 693.6645127734836,
    "a_Qiao_2021_ALP": 88.3303711772295
}