{
    "ALP_M_n": 4.232139109093413,
    "ALP_0": 0.4919725465391882,
    "IL1b_ineffective": 105.61716151304626,
    "IL1b_stim": 11.070986275574935,
    "IL8_favorable": 18.171235818923016,
    "maturity_t": 0.5036671354128437,
    "early_diff_very_fast": 0.8672595203414729,
    "a_early_diff_stim": 12.379867243343051,
    "diff_time": 909.6282752713404,
    "a_Qiao_2021_ALP": 41.827737051051315
}