{
    "ALP_M_n": 1.8816476906970538,
    "ALP_0": 0.14298551309918847,
    "IL1b_ineffective": 114.78867801712781,
    "IL1b_stim": 4.688572028510968,
    "IL8_favorable": 8.033379437284587,
    "maturity_t": 0.5951323068791611,
    "early_diff_very_fast": 0.8963388413990454,
    "a_early_diff_stim": 6.802605941578371,
    "diff_time": 967.2175587237024,
    "a_Qiao_2021_ALP": 72.875824426419
}