{
    "ALP_M_n": 1.9719507853273932,
    "ALP_0": 0.05305376194968623,
    "IL1b_ineffective": 106.77274637091043,
    "IL1b_stim": 9.152640077618678,
    "IL8_favorable": 15.790405392527063,
    "maturity_t": 0.4881921447447681,
    "early_diff_very_fast": 0.9089849279110077,
    "a_early_diff_stim": 9.210261889963729,
    "diff_time": 966.5316958691379,
    "a_Qiao_2021_ALP": 138.7520621788096
}