{
    "ALP_M_n": 5.396522994372366,
    "ALP_0": 0.4614546141457252,
    "IL1b_ineffective": 101.81931058977531,
    "IL1b_stim": 27.19769851525295,
    "IL8_favorable": 43.54180365219013,
    "maturity_t": 0.4904085418513379,
    "early_diff_very_fast": 0.9929970044669205,
    "a_early_diff_stim": 14.849318696448115,
    "diff_time": 768.8821067528409,
    "a_Qiao_2021_ALP": 54.97447152408925
}