{
    "ALP_M_n": 3.4514820837954034,
    "ALP_0": 0.3540900582909071,
    "IL1b_ineffective": 104.20803056823172,
    "IL1b_stim": 14.220580823210897,
    "IL8_favorable": 23.282172474543056,
    "maturity_t": 0.594049699326051,
    "early_diff_very_fast": 0.9746838941703675,
    "a_early_diff_stim": 11.209843868278648,
    "diff_time": 745.4273156848967,
    "a_Qiao_2021_ALP": 50.27512681886224
}