{
    "ALP_M_n": 1.7973821352505563,
    "ALP_0": 0.04018553884710702,
    "IL1b_ineffective": 102.99636734203982,
    "IL1b_stim": 17.81271023307006,
    "IL8_favorable": 30.853786881846872,
    "maturity_t": 0.5916415797401269,
    "early_diff_very_fast": 0.9267097197511777,
    "a_early_diff_stim": 17.93473580517429,
    "diff_time": 825.9374456584884,
    "a_Qiao_2021_ALP": 95.05821527114199
}