{
    "ALP_M_n": 2.319710359051455,
    "ALP_0": 0.06243606094453968,
    "IL1b_ineffective": 107.19715619371065,
    "IL1b_stim": 8.799384474223203,
    "IL8_favorable": 14.818339264544584,
    "maturity_t": 0.7971275434377545,
    "early_diff_very_fast": 0.7744495435586094,
    "a_early_diff_stim": 9.812302387639704,
    "diff_time": 506.2349705321857,
    "a_Qiao_2021_ALP": 58.24247439347651
}