{
    "ALP_M_n": 2.1636198121794243,
    "ALP_0": 0.043683277575381305,
    "IL1b_ineffective": 104.55781539161187,
    "IL1b_stim": 12.846556998844173,
    "IL8_favorable": 21.878313080905556,
    "maturity_t": 0.671480883077157,
    "early_diff_very_fast": 0.8537116787658887,
    "a_early_diff_stim": 12.149325709648611,
    "diff_time": 624.9220020149791,
    "a_Qiao_2021_ALP": 84.68328909935529
}