{
    "ALP_M_n": 3.097984042874471,
    "ALP_0": 0.3318389718566408,
    "IL1b_ineffective": 112.03749533579915,
    "IL1b_stim": 5.761456163148846,
    "IL8_favorable": 9.525442312963108,
    "maturity_t": 0.6087907107287897,
    "early_diff_very_fast": 0.9308408400194252,
    "a_early_diff_stim": 5.6499448457484664,
    "diff_time": 785.3234599101223,
    "a_Qiao_2021_ALP": 51.70250043238778
}