{
    "ALP_M_n": 7.539413301879891,
    "ALP_0": 0.4578689893502467,
    "IL1b_ineffective": 102.73789766348138,
    "IL1b_stim": 20.127228024668458,
    "IL8_favorable": 32.43459120373964,
    "maturity_t": 0.46960393655938326,
    "early_diff_very_fast": 0.6989995771758791,
    "a_early_diff_stim": 17.484752083274554,
    "diff_time": 674.5182693761165,
    "a_Qiao_2021_ALP": 72.9543745299932
}