{
    "ALP_M_n": 3.882753352047243,
    "ALP_0": 0.1333667425725583,
    "IL1b_ineffective": 102.16711831853578,
    "IL1b_stim": 23.914302428739912,
    "IL8_favorable": 38.817720906039966,
    "maturity_t": 0.6449241718450193,
    "early_diff_very_fast": 0.7789317114378715,
    "a_early_diff_stim": 16.57784216693446,
    "diff_time": 512.335881282035,
    "a_Qiao_2021_ALP": 108.50575451095918
}