{
    "ALP_M_n": 4.489156744596011,
    "ALP_0": 0.2714029273849947,
    "IL1b_ineffective": 103.95092363847782,
    "IL1b_stim": 15.04944981953249,
    "IL8_favorable": 24.792960254674714,
    "maturity_t": 0.6659302067277848,
    "early_diff_very_fast": 0.6810979696227887,
    "a_early_diff_stim": 16.96051288247825,
    "diff_time": 505.37210289829306,
    "a_Qiao_2021_ALP": 55.1129528928122
}