{
    "ALP_M_n": 5.060168687594557,
    "ALP_0": 0.8589641040137249,
    "IL1b_ineffective": 105.62972493167456,
    "IL1b_stim": 11.269212489219736,
    "IL8_favorable": 18.17532802101732,
    "maturity_t": 0.6074333620026189,
    "early_diff_very_fast": 0.8043516507486199,
    "a_early_diff_stim": 16.92480479947436,
    "diff_time": 795.0205549461117,
    "a_Qiao_2021_ALP": 5.909111719014732
}