{
    "ALP_M_n": 7.51335307580039,
    "ALP_0": 0.49895907172530407,
    "IL1b_ineffective": 103.13463643692266,
    "IL1b_stim": 18.346437609937638,
    "IL8_favorable": 28.488341038181225,
    "maturity_t": 0.4645169289215815,
    "early_diff_very_fast": 0.8732460620844855,
    "a_early_diff_stim": 9.13332817917494,
    "diff_time": 694.7536167758253,
    "a_Qiao_2021_ALP": 53.78003136984727
}