{
    "ALP_M_n": 2.718503096511584,
    "ALP_0": 0.06170478345674818,
    "IL1b_ineffective": 103.80820328524712,
    "IL1b_stim": 15.121918477477136,
    "IL8_favorable": 25.255174053976067,
    "maturity_t": 0.5215996817353983,
    "early_diff_very_fast": 0.7227286149601442,
    "a_early_diff_stim": 18.129211728398822,
    "diff_time": 726.4606121594541,
    "a_Qiao_2021_ALP": 179.36030979430066
}