{
    "ALP_M_n": 4.095352771842828,
    "ALP_0": 0.27518039845481346,
    "IL1b_ineffective": 102.27869691337884,
    "IL1b_stim": 22.972316019820052,
    "IL8_favorable": 37.22828334890855,
    "maturity_t": 0.49733427945449693,
    "early_diff_very_fast": 0.9446846946664982,
    "a_early_diff_stim": 14.106720299553889,
    "diff_time": 762.4697728271533,
    "a_Qiao_2021_ALP": 119.57920095933773
}