{
    "ALP_M_n": 5.686228759216304,
    "ALP_0": 0.46372871996686543,
    "IL1b_ineffective": 101.8273657072595,
    "IL1b_stim": 27.488834066716272,
    "IL8_favorable": 44.09049620835452,
    "maturity_t": 0.4502289867358302,
    "early_diff_very_fast": 0.9691528399095481,
    "a_early_diff_stim": 15.699792474814796,
    "diff_time": 826.1932133682051,
    "a_Qiao_2021_ALP": 68.38611070052254
}