{
    "ALP_M_n": 5.363582941771902,
    "ALP_0": 0.6454671840963118,
    "IL1b_ineffective": 102.94106695320384,
    "IL1b_stim": 19.1843213392711,
    "IL8_favorable": 30.681281554873788,
    "maturity_t": 0.5312731048937488,
    "early_diff_very_fast": 0.9427408283879156,
    "a_early_diff_stim": 14.860364416002248,
    "diff_time": 784.8013298364755,
    "a_Qiao_2021_ALP": 17.13396592338905
}