{
    "ALP_M_n": 4.577914261608427,
    "ALP_0": 0.39089859362458,
    "IL1b_ineffective": 104.16566178474854,
    "IL1b_stim": 14.309765896133051,
    "IL8_favorable": 23.182658821141317,
    "maturity_t": 0.4281146646689808,
    "early_diff_very_fast": 0.8193797425146527,
    "a_early_diff_stim": 15.136428130037915,
    "diff_time": 966.2843988710707,
    "a_Qiao_2021_ALP": 102.26582621074343
}