{
    "ALP_M_n": 3.9763171355195235,
    "ALP_0": 0.3261547584838803,
    "IL1b_ineffective": 103.20364165565945,
    "IL1b_stim": 17.631473572515695,
    "IL8_favorable": 28.796290191718327,
    "maturity_t": 0.49585280118250713,
    "early_diff_very_fast": 0.8047005830190643,
    "a_early_diff_stim": 18.54425588554374,
    "diff_time": 816.8993586242912,
    "a_Qiao_2021_ALP": 89.38499614955211
}