{
    "ALP_M_n": 3.5673188231958095,
    "ALP_0": 0.22838379299002048,
    "IL1b_ineffective": 108.74803541682853,
    "IL1b_stim": 7.694716922918373,
    "IL8_favorable": 12.387734712412957,
    "maturity_t": 0.5421803265609786,
    "early_diff_very_fast": 0.6926679470366781,
    "a_early_diff_stim": 11.231561532111114,
    "diff_time": 709.4382108682335,
    "a_Qiao_2021_ALP": 103.91536417044566
}