{
    "ALP_M_n": 5.039684084159335,
    "ALP_0": 0.6181622552076428,
    "IL1b_ineffective": 102.07304136679076,
    "IL1b_stim": 24.957029087895837,
    "IL8_favorable": 40.161028138353196,
    "maturity_t": 0.5800556903675131,
    "early_diff_very_fast": 0.9936857596866784,
    "a_early_diff_stim": 16.784373593237596,
    "diff_time": 708.8700260768684,
    "a_Qiao_2021_ALP": 16.509621026241177
}