{
    "ALP_M_n": 5.679654129642469,
    "ALP_0": 0.5962422652576473,
    "IL1b_ineffective": 103.36839301758755,
    "IL1b_stim": 17.13967939957824,
    "IL8_favorable": 27.506605416140527,
    "maturity_t": 0.4697332410222532,
    "early_diff_very_fast": 0.9709248630880855,
    "a_early_diff_stim": 11.925857035763196,
    "diff_time": 867.600449857345,
    "a_Qiao_2021_ALP": 28.614380105916805
}