{
    "ALP_M_n": 3.236406072302873,
    "ALP_0": 0.35509502531173204,
    "IL1b_ineffective": 102.89040557409885,
    "IL1b_stim": 19.082081066309037,
    "IL8_favorable": 30.93959835238893,
    "maturity_t": 0.7353749262111146,
    "early_diff_very_fast": 0.9940649429017777,
    "a_early_diff_stim": 13.697342935004539,
    "diff_time": 583.0077843582587,
    "a_Qiao_2021_ALP": 31.063978468155057
}