{
    "ALP_M_n": 2.5823835651653426,
    "ALP_0": 0.055317043464040136,
    "IL1b_ineffective": 104.58439974128343,
    "IL1b_stim": 12.79775097958649,
    "IL8_favorable": 21.44970953305498,
    "maturity_t": 0.4943556252064586,
    "early_diff_very_fast": 0.9683589127803512,
    "a_early_diff_stim": 7.816450504779954,
    "diff_time": 786.4256437267795,
    "a_Qiao_2021_ALP": 192.6863546122712
}