{
    "ALP_M_n": 2.800218587679284,
    "ALP_0": 0.6838494402050622,
    "IL1b_ineffective": 120.12916706360406,
    "IL1b_stim": 3.7636957001862186,
    "IL8_favorable": 6.215610632651192,
    "maturity_t": 0.7723920531354749,
    "early_diff_very_fast": 0.8541000220109575,
    "a_early_diff_stim": 9.239199704281944,
    "diff_time": 965.2567215849629,
    "a_Qiao_2021_ALP": 14.436840074348735
}