{
    "ALP_M_n": 8.148337042486489,
    "ALP_0": 0.4225525783951891,
    "IL1b_ineffective": 127.47531628680956,
    "IL1b_stim": 4.560218208757981,
    "IL8_favorable": 2.434331705707848,
    "maturity_t": 0.6312075241078567,
    "early_diff_very_fast": 0.7548789828965287,
    "a_early_diff_stim": 0.7204532509116248,
    "diff_time": 593.964398265944,
    "a_Qiao_2021_ALP": 81.68189321154125
}