{
    "ALP_M_n": 4.680655287134077,
    "ALP_0": 0.5364794366473781,
    "IL1b_ineffective": 109.57392211734354,
    "IL1b_stim": 7.120543653540072,
    "IL8_favorable": 11.53634308750837,
    "maturity_t": 0.49431331258443284,
    "early_diff_very_fast": 0.8467050805225155,
    "a_early_diff_stim": 7.9461340815600074,
    "diff_time": 899.5079198091036,
    "a_Qiao_2021_ALP": 35.91805630459307
}