{
    "ALP_M_n": 3.3483824419490857,
    "ALP_0": 0.27469757116443616,
    "IL1b_ineffective": 106.66553748617623,
    "IL1b_stim": 9.559362909681326,
    "IL8_favorable": 15.56192470487563,
    "maturity_t": 0.5035302728805605,
    "early_diff_very_fast": 0.7701914442194843,
    "a_early_diff_stim": 12.95579822104764,
    "diff_time": 862.6711027924595,
    "a_Qiao_2021_ALP": 95.09930868195653
}