{
    "ALP_M_n": 3.3957468868265033,
    "ALP_0": 0.15104336251569359,
    "IL1b_ineffective": 102.58243195407832,
    "IL1b_stim": 21.07464076941377,
    "IL8_favorable": 34.65821621369641,
    "maturity_t": 0.6343283828787257,
    "early_diff_very_fast": 0.8862516734217227,
    "a_early_diff_stim": 13.075592755666488,
    "diff_time": 565.354590028777,
    "a_Qiao_2021_ALP": 93.12829878479855
}