{
    "ALP_M_n": 2.5857960804720026,
    "ALP_0": 0.12366187054219246,
    "IL1b_ineffective": 105.04985970830894,
    "IL1b_stim": 11.91858483863313,
    "IL8_favorable": 19.84519697953299,
    "maturity_t": 0.6237857900284797,
    "early_diff_very_fast": 0.6986024980167764,
    "a_early_diff_stim": 19.560468750276577,
    "diff_time": 666.4081783573769,
    "a_Qiao_2021_ALP": 87.9601090451005
}