{
    "ALP_M_n": 1.9449202351529125,
    "ALP_0": 0.05958467910449622,
    "IL1b_ineffective": 104.60511465178786,
    "IL1b_stim": 12.74489638228243,
    "IL8_favorable": 21.671925151784407,
    "maturity_t": 0.47673428296391407,
    "early_diff_very_fast": 0.9421555374538784,
    "a_early_diff_stim": 12.42436399196896,
    "diff_time": 1026.7791526202975,
    "a_Qiao_2021_ALP": 140.44211427933297
}