{
    "ALP_M_n": 5.950778621615785,
    "ALP_0": 0.4807462283166856,
    "IL1b_ineffective": 102.58847170940793,
    "IL1b_stim": 21.220146438644903,
    "IL8_favorable": 33.80655524607279,
    "maturity_t": 0.4900880886582895,
    "early_diff_very_fast": 0.9043264625867194,
    "a_early_diff_stim": 12.555140264212595,
    "diff_time": 726.6895173973891,
    "a_Qiao_2021_ALP": 49.01234427742157
}