{
    "ALP_M_n": 2.551444122527687,
    "ALP_0": 0.12383682877825695,
    "IL1b_ineffective": 105.93914859952807,
    "IL1b_stim": 10.280544307548897,
    "IL8_favorable": 16.856084968366666,
    "maturity_t": 0.5676773626075161,
    "early_diff_very_fast": 0.7087400436706999,
    "a_early_diff_stim": 17.165799508602113,
    "diff_time": 751.479659796741,
    "a_Qiao_2021_ALP": 106.1516244986435
}