{
    "ALP_M_n": 5.817445704602627,
    "ALP_0": 0.34922267453434763,
    "IL1b_ineffective": 102.15420491426585,
    "IL1b_stim": 24.328328318514927,
    "IL8_favorable": 39.26492364747418,
    "maturity_t": 0.5160598722156461,
    "early_diff_very_fast": 0.8542084504873171,
    "a_early_diff_stim": 13.211821160012109,
    "diff_time": 642.7525187921965,
    "a_Qiao_2021_ALP": 99.1241456834766
}