{
    "ALP_M_n": 2.2463449581518034,
    "ALP_0": 0.48171056433424286,
    "IL1b_ineffective": 119.00430669290634,
    "IL1b_stim": 3.896150835128509,
    "IL8_favorable": 6.582181145159851,
    "maturity_t": 0.7972662208750704,
    "early_diff_very_fast": 0.7842415652843701,
    "a_early_diff_stim": 11.939270912150374,
    "diff_time": 938.9265792907813,
    "a_Qiao_2021_ALP": 23.61019019758277
}