{
    "ALP_M_n": 4.260452671272467,
    "ALP_0": 0.45378392017596136,
    "IL1b_ineffective": 109.97299188209024,
    "IL1b_stim": 6.840752109690067,
    "IL8_favorable": 11.201727414680654,
    "maturity_t": 0.44042440292172697,
    "early_diff_very_fast": 0.6611738342453939,
    "a_early_diff_stim": 18.321858245679636,
    "diff_time": 1064.5569015528406,
    "a_Qiao_2021_ALP": 66.020216042955
}