{
    "ALP_M_n": 4.2552960969353055,
    "ALP_0": 0.3153680230238116,
    "IL1b_ineffective": 101.90041546042794,
    "IL1b_stim": 26.335596900143983,
    "IL8_favorable": 42.89279245942524,
    "maturity_t": 0.5361358899924488,
    "early_diff_very_fast": 0.8562608158375621,
    "a_early_diff_stim": 19.854913692204935,
    "diff_time": 697.5078080725385,
    "a_Qiao_2021_ALP": 81.25691673788647
}