{
    "ALP_M_n": 5.7816754197311235,
    "ALP_0": 0.3066123194841648,
    "IL1b_ineffective": 102.47219619364907,
    "IL1b_stim": 21.7449514263432,
    "IL8_favorable": 35.00854827130806,
    "maturity_t": 0.5435258992894392,
    "early_diff_very_fast": 0.9129079599765018,
    "a_early_diff_stim": 8.931738483566077,
    "diff_time": 580.24846251703,
    "a_Qiao_2021_ALP": 104.8220008059989
}