{
    "ALP_M_n": 4.495642448551469,
    "ALP_0": 0.47723561469594616,
    "IL1b_ineffective": 103.23076203434982,
    "IL1b_stim": 17.606255768081432,
    "IL8_favorable": 28.715828418789997,
    "maturity_t": 0.4397448261203448,
    "early_diff_very_fast": 0.9958201868587666,
    "a_early_diff_stim": 14.623528847799761,
    "diff_time": 1041.46584832935,
    "a_Qiao_2021_ALP": 60.53401916960065
}