{
    "ALP_M_n": 4.018679163232491,
    "ALP_0": 0.2224160182147284,
    "IL1b_ineffective": 102.49896220730676,
    "IL1b_stim": 21.692080563469787,
    "IL8_favorable": 35.20849724388781,
    "maturity_t": 0.5491975369866144,
    "early_diff_very_fast": 0.7617541306684953,
    "a_early_diff_stim": 19.59878474646181,
    "diff_time": 647.1705087070278,
    "a_Qiao_2021_ALP": 116.22183745356102
}