{
    "ALP_M_n": 3.459644452747065,
    "ALP_0": 0.3343080619967431,
    "IL1b_ineffective": 102.76635590759112,
    "IL1b_stim": 19.730027433492726,
    "IL8_favorable": 32.09472098450209,
    "maturity_t": 0.4981358937764738,
    "early_diff_very_fast": 0.9906024190510372,
    "a_early_diff_stim": 16.297761939039358,
    "diff_time": 918.7881842987938,
    "a_Qiao_2021_ALP": 77.3263008577428
}