{
    "ALP_M_n": 6.478870666507274,
    "ALP_0": 0.6218752583596329,
    "IL1b_ineffective": 105.742696162038,
    "IL1b_stim": 11.090040566372238,
    "IL8_favorable": 17.77942605523335,
    "maturity_t": 0.38845657968818936,
    "early_diff_very_fast": 0.7719165880442778,
    "a_early_diff_stim": 13.774298602194497,
    "diff_time": 1061.753420940485,
    "a_Qiao_2021_ALP": 38.35846400045377
}