{
    "ALP_M_n": 3.5139653056813693,
    "ALP_0": 0.39116447163187246,
    "IL1b_ineffective": 103.68065388962023,
    "IL1b_stim": 15.809034963508491,
    "IL8_favorable": 25.713072496933716,
    "maturity_t": 0.4929396968490656,
    "early_diff_very_fast": 0.9813107141596229,
    "a_early_diff_stim": 15.200494323605081,
    "diff_time": 995.96886656286,
    "a_Qiao_2021_ALP": 63.207544443456314
}