{
    "ALP_M_n": 2.063429255661886,
    "ALP_0": 0.2169467251037062,
    "IL1b_ineffective": 105.35599858344997,
    "IL1b_stim": 11.312203286426552,
    "IL8_favorable": 19.1675274176035,
    "maturity_t": 0.6999444494419637,
    "early_diff_very_fast": 0.8593500550560135,
    "a_early_diff_stim": 17.872925306612952,
    "diff_time": 806.9940061192663,
    "a_Qiao_2021_ALP": 49.04213389883491
}