{
    "ALP_M_n": 5.378400917751752,
    "ALP_0": 0.4815595354946738,
    "IL1b_ineffective": 102.83344782403904,
    "IL1b_stim": 19.579714896842063,
    "IL8_favorable": 31.26124102028561,
    "maturity_t": 0.4624690104904174,
    "early_diff_very_fast": 0.81815499380189,
    "a_early_diff_stim": 18.040201593735667,
    "diff_time": 838.3242154638843,
    "a_Qiao_2021_ALP": 55.88868209825038
}