{
    "ALP_M_n": 6.696016855248367,
    "ALP_0": 0.1785190530805797,
    "IL1b_ineffective": 101.7891714003823,
    "IL1b_stim": 27.832676828485763,
    "IL8_favorable": 44.55029132287353,
    "maturity_t": 0.6911156619407011,
    "early_diff_very_fast": 0.8654056338369261,
    "a_early_diff_stim": 8.162448864675852,
    "diff_time": 406.75718688534846,
    "a_Qiao_2021_ALP": 110.15434235119437
}