{
    "ALP_M_n": 3.0508915207210183,
    "ALP_0": 0.20709071268049775,
    "IL1b_ineffective": 103.72543671070457,
    "IL1b_stim": 15.545686139052354,
    "IL8_favorable": 25.869445810040936,
    "maturity_t": 0.49581755700289565,
    "early_diff_very_fast": 0.835323356947882,
    "a_early_diff_stim": 16.42101616789752,
    "diff_time": 864.584404045061,
    "a_Qiao_2021_ALP": 120.19818504086588
}