{
    "ALP_M_n": 2.4795986129324477,
    "ALP_0": 0.23039799553634843,
    "IL1b_ineffective": 105.1086178264057,
    "IL1b_stim": 11.789952553052661,
    "IL8_favorable": 19.771420160079916,
    "maturity_t": 0.6475223030212933,
    "early_diff_very_fast": 0.8395474306338848,
    "a_early_diff_stim": 15.534860052797477,
    "diff_time": 755.5785253434886,
    "a_Qiao_2021_ALP": 56.86630040628251
}