{
    "ALP_M_n": 4.129344347780508,
    "ALP_0": 0.2812177723192486,
    "IL1b_ineffective": 105.26551611425656,
    "IL1b_stim": 11.721293439813765,
    "IL8_favorable": 19.052667757329285,
    "maturity_t": 0.5493486878194751,
    "early_diff_very_fast": 0.8221872562816138,
    "a_early_diff_stim": 9.302705956910335,
    "diff_time": 670.27372708895,
    "a_Qiao_2021_ALP": 89.01124910278615
}