{
    "ALP_M_n": 5.43510754036676,
    "ALP_0": 0.1465683345295255,
    "IL1b_ineffective": 101.8221825327807,
    "IL1b_stim": 27.186171038201188,
    "IL8_favorable": 43.74287183934178,
    "maturity_t": 0.7453292223060843,
    "early_diff_very_fast": 0.9775650083739964,
    "a_early_diff_stim": 7.193233973601785,
    "diff_time": 389.27602435082025,
    "a_Qiao_2021_ALP": 76.353212355556
}