{
    "ALP_M_n": 3.910967689094089,
    "ALP_0": 0.34876104854541223,
    "IL1b_ineffective": 104.03205719635453,
    "IL1b_stim": 14.63268502952958,
    "IL8_favorable": 24.01422103837762,
    "maturity_t": 0.6451776516954751,
    "early_diff_very_fast": 0.8067247740425554,
    "a_early_diff_stim": 13.72085062392435,
    "diff_time": 598.6952495530197,
    "a_Qiao_2021_ALP": 42.09241670056585
}