{
    "ALP_M_n": 7.502157633486445,
    "ALP_0": 0.5663215384997298,
    "IL1b_ineffective": 102.79074245878388,
    "IL1b_stim": 20.218132364404184,
    "IL8_favorable": 31.81122413102266,
    "maturity_t": 0.4399461040339125,
    "early_diff_very_fast": 0.8916047516654813,
    "a_early_diff_stim": 11.159019552587619,
    "diff_time": 778.0460225162853,
    "a_Qiao_2021_ALP": 39.28389793992769
}