{
    "ALP_M_n": 1.9485139570613177,
    "ALP_0": 0.051788772483012335,
    "IL1b_ineffective": 104.27697330487096,
    "IL1b_stim": 13.408863453604177,
    "IL8_favorable": 23.052989750031966,
    "maturity_t": 0.5609460257406486,
    "early_diff_very_fast": 0.9508494250152393,
    "a_early_diff_stim": 12.031577984252976,
    "diff_time": 830.3996475710727,
    "a_Qiao_2021_ALP": 106.48446938632546
}