{
    "ALP_M_n": 3.5201224947272145,
    "ALP_0": 0.3858325198389858,
    "IL1b_ineffective": 190.99467429395514,
    "IL1b_stim": 1.35853462452409,
    "IL8_favorable": 2.2233762447814414,
    "maturity_t": 0.7902874833660749,
    "early_diff_very_fast": 0.7243813782399087,
    "a_early_diff_stim": 2.852658218831837,
    "diff_time": 1064.6671670501455,
    "a_Qiao_2021_ALP": 72.20256363642497
}