{
    "ALP_M_n": 3.014022804393309,
    "ALP_0": 0.08599079762671266,
    "IL1b_ineffective": 103.08545918460777,
    "IL1b_stim": 17.96247369527749,
    "IL8_favorable": 29.691157074789764,
    "maturity_t": 0.6293921890558745,
    "early_diff_very_fast": 0.9382667619776527,
    "a_early_diff_stim": 9.95538102331965,
    "diff_time": 575.7397120340185,
    "a_Qiao_2021_ALP": 113.38369150954922
}