{
    "ALP_M_n": 2.150523616389064,
    "ALP_0": 0.23623044762824072,
    "IL1b_ineffective": 113.78090360570924,
    "IL1b_stim": 5.013621873408509,
    "IL8_favorable": 8.562696102683795,
    "maturity_t": 0.6123576074872026,
    "early_diff_very_fast": 0.874867369928107,
    "a_early_diff_stim": 8.30318298146642,
    "diff_time": 988.2203312502467,
    "a_Qiao_2021_ALP": 59.87523428894116
}