{
    "ALP_M_n": 3.435223744547866,
    "ALP_0": 0.26876449452685724,
    "IL1b_ineffective": 102.13382171703408,
    "IL1b_stim": 23.896857730681525,
    "IL8_favorable": 39.313663885070845,
    "maturity_t": 0.4975990207975856,
    "early_diff_very_fast": 0.9339430272081933,
    "a_early_diff_stim": 19.253228497560475,
    "diff_time": 853.6329847707594,
    "a_Qiao_2021_ALP": 102.78904379132284
}