{
    "ALP_M_n": 2.9564385428920956,
    "ALP_0": 0.3460096494929386,
    "IL1b_ineffective": 106.0817839016425,
    "IL1b_stim": 10.228195431523329,
    "IL8_favorable": 17.121626119192577,
    "maturity_t": 0.516517774630481,
    "early_diff_very_fast": 0.9377658203335573,
    "a_early_diff_stim": 12.538514664762381,
    "diff_time": 1041.313991200954,
    "a_Qiao_2021_ALP": 63.48443983769323
}