{
    "ALP_M_n": 3.8414241890591705,
    "ALP_0": 0.3677847126283984,
    "IL1b_ineffective": 102.96708972552955,
    "IL1b_stim": 18.8048789748255,
    "IL8_favorable": 30.79573935850738,
    "maturity_t": 0.5251340448679342,
    "early_diff_very_fast": 0.83390280891374,
    "a_early_diff_stim": 19.687113406879273,
    "diff_time": 806.5369079543859,
    "a_Qiao_2021_ALP": 63.348455577780975
}