{
    "ALP_M_n": 2.1431038530684385,
    "ALP_0": 0.06567032148473553,
    "IL1b_ineffective": 106.41651370160977,
    "IL1b_stim": 9.621997030396104,
    "IL8_favorable": 16.36401729945758,
    "maturity_t": 0.5844160827128382,
    "early_diff_very_fast": 0.9340518720576194,
    "a_early_diff_stim": 8.035952532585325,
    "diff_time": 751.2503451762728,
    "a_Qiao_2021_ALP": 103.18256633759833
}