{
    "ALP_M_n": 4.201594313614513,
    "ALP_0": 0.2227559698074204,
    "IL1b_ineffective": 105.66820549087024,
    "IL1b_stim": 11.12840738930321,
    "IL8_favorable": 17.97875838468778,
    "maturity_t": 0.5555607360803981,
    "early_diff_very_fast": 0.8526774217637009,
    "a_early_diff_stim": 6.981636234235244,
    "diff_time": 625.8485076405631,
    "a_Qiao_2021_ALP": 118.48497016692465
}