{
    "ALP_M_n": 2.5433832049486975,
    "ALP_0": 0.2338808870623865,
    "IL1b_ineffective": 104.40862025807702,
    "IL1b_stim": 13.373749012090226,
    "IL8_favorable": 22.446664149465622,
    "maturity_t": 0.5188844453153869,
    "early_diff_very_fast": 0.896788846163888,
    "a_early_diff_stim": 17.101804183109653,
    "diff_time": 1017.2000610756415,
    "a_Qiao_2021_ALP": 85.73115850007004
}