{
    "ALP_M_n": 6.004111394012665,
    "ALP_0": 0.27515801227992537,
    "IL1b_ineffective": 103.5117138845586,
    "IL1b_stim": 16.71601356563182,
    "IL8_favorable": 26.67055296044773,
    "maturity_t": 0.5109888036484463,
    "early_diff_very_fast": 0.8051321483400705,
    "a_early_diff_stim": 8.797509810519351,
    "diff_time": 607.1269211733021,
    "a_Qiao_2021_ALP": 174.7106881056512
}