{
    "ALP_M_n": 4.696172632731321,
    "ALP_0": 0.5995415186451435,
    "IL1b_ineffective": 103.33950966666089,
    "IL1b_stim": 17.29089000536844,
    "IL8_favorable": 28.033428467208388,
    "maturity_t": 0.5398709067659446,
    "early_diff_very_fast": 0.9641974408845622,
    "a_early_diff_stim": 14.506233863938231,
    "diff_time": 823.9782369264909,
    "a_Qiao_2021_ALP": 22.2126473927
}