{
    "ALP_M_n": 2.317714435345093,
    "ALP_0": 0.1332745205169532,
    "IL1b_ineffective": 106.22040542842466,
    "IL1b_stim": 10.02234153311218,
    "IL8_favorable": 16.758898636639273,
    "maturity_t": 0.6025210809801311,
    "early_diff_very_fast": 0.8577872369198596,
    "a_early_diff_stim": 11.178672292055815,
    "diff_time": 768.9462685151211,
    "a_Qiao_2021_ALP": 84.75656502037872
}