{
    "ALP_M_n": 2.368951963103705,
    "ALP_0": 0.1994089539114512,
    "IL1b_ineffective": 106.8712105259167,
    "IL1b_stim": 9.107237737528667,
    "IL8_favorable": 15.506319922217351,
    "maturity_t": 0.5705326484165926,
    "early_diff_very_fast": 0.9515380057123851,
    "a_early_diff_stim": 9.762151273809556,
    "diff_time": 892.5279173847113,
    "a_Qiao_2021_ALP": 76.34661604903428
}