{
    "ALP_M_n": 2.642067850248085,
    "ALP_0": 0.14028205661306883,
    "IL1b_ineffective": 107.2838030508349,
    "IL1b_stim": 8.78199461650778,
    "IL8_favorable": 14.627294857649957,
    "maturity_t": 0.7782800891703147,
    "early_diff_very_fast": 0.6727460139387262,
    "a_early_diff_stim": 15.617527417104544,
    "diff_time": 516.1979543919335,
    "a_Qiao_2021_ALP": 51.31609337002936
}