{
    "ALP_M_n": 2.398058026567175,
    "ALP_0": 0.5709661588428562,
    "IL1b_ineffective": 119.4044450896889,
    "IL1b_stim": 3.8343399056047005,
    "IL8_favorable": 6.437633916713473,
    "maturity_t": 0.7914300457281913,
    "early_diff_very_fast": 0.7524641729956362,
    "a_early_diff_stim": 14.338077634573226,
    "diff_time": 998.1702617312578,
    "a_Qiao_2021_ALP": 19.530638824594494
}