{
    "ALP_M_n": 2.75557137883017,
    "ALP_0": 0.3593971277663202,
    "IL1b_ineffective": 105.3270995181846,
    "IL1b_stim": 11.465070221080016,
    "IL8_favorable": 18.972033720784157,
    "maturity_t": 0.7272883125787093,
    "early_diff_very_fast": 0.9008656402082044,
    "a_early_diff_stim": 13.449483630732269,
    "diff_time": 686.3780347661937,
    "a_Qiao_2021_ALP": 32.605970371375555
}