{
    "ALP_M_n": 5.106895130915606,
    "ALP_0": 0.450896642835796,
    "IL1b_ineffective": 102.76403303408193,
    "IL1b_stim": 20.136208236810365,
    "IL8_favorable": 32.17134888271931,
    "maturity_t": 0.39957443104019874,
    "early_diff_very_fast": 0.9135901049897062,
    "a_early_diff_stim": 16.734993029953564,
    "diff_time": 1046.4213232436207,
    "a_Qiao_2021_ALP": 93.75747298166588
}