{
    "ALP_M_n": 4.695530053706543,
    "ALP_0": 0.32102957406148974,
    "IL1b_ineffective": 103.13650811783901,
    "IL1b_stim": 18.09596945612269,
    "IL8_favorable": 29.22410064401247,
    "maturity_t": 0.5519428867544834,
    "early_diff_very_fast": 0.7231252941515679,
    "a_early_diff_stim": 18.749623291116173,
    "diff_time": 641.2005939259788,
    "a_Qiao_2021_ALP": 78.90280169310557
}