{
    "ALP_M_n": 4.391748335541359,
    "ALP_0": 0.3975335888750523,
    "IL1b_ineffective": 102.61315291045977,
    "IL1b_stim": 21.008331768864377,
    "IL8_favorable": 33.701708406362464,
    "maturity_t": 0.6320803722969263,
    "early_diff_very_fast": 0.9382198633944069,
    "a_early_diff_stim": 12.829383585434071,
    "diff_time": 602.5552664688846,
    "a_Qiao_2021_ALP": 37.60658963598668
}