{
    "ALP_M_n": 1.903112886089441,
    "ALP_0": 0.10469547019262658,
    "IL1b_ineffective": 103.52846922963806,
    "IL1b_stim": 15.710971803374365,
    "IL8_favorable": 26.87051793225274,
    "maturity_t": 0.5136590487921163,
    "early_diff_very_fast": 0.9385348768120104,
    "a_early_diff_stim": 18.838261298895823,
    "diff_time": 1066.7765670418728,
    "a_Qiao_2021_ALP": 103.98155327720545
}