{
    "ALP_M_n": 2.8455038919449587,
    "ALP_0": 0.29309341280191514,
    "IL1b_ineffective": 105.49222719780191,
    "IL1b_stim": 11.083765540616902,
    "IL8_favorable": 18.27181640806891,
    "maturity_t": 0.6264224937849282,
    "early_diff_very_fast": 0.8374256486850196,
    "a_early_diff_stim": 14.075241291455322,
    "diff_time": 756.5048988187262,
    "a_Qiao_2021_ALP": 52.18280835858443
}