{
    "ALP_M_n": 5.503018970691592,
    "ALP_0": 0.42433000774053714,
    "IL1b_ineffective": 102.19413936524421,
    "IL1b_stim": 23.90192701711452,
    "IL8_favorable": 38.35407676899933,
    "maturity_t": 0.4095978431672136,
    "early_diff_very_fast": 0.91657552063687,
    "a_early_diff_stim": 16.390894945632457,
    "diff_time": 937.7758143952065,
    "a_Qiao_2021_ALP": 113.20170707741727
}