{
    "ALP_M_n": 5.6549973773568905,
    "ALP_0": 0.28072607945168837,
    "IL1b_ineffective": 102.96763966920196,
    "IL1b_stim": 19.11517157043327,
    "IL8_favorable": 30.388334725011926,
    "maturity_t": 0.567858320057919,
    "early_diff_very_fast": 0.8253206401885822,
    "a_early_diff_stim": 9.774466747929795,
    "diff_time": 551.2575601999631,
    "a_Qiao_2021_ALP": 104.01890068415153
}