{
    "ALP_M_n": 2.5924828003659623,
    "ALP_0": 0.1528388467313282,
    "IL1b_ineffective": 103.1266701815472,
    "IL1b_stim": 17.798547300224488,
    "IL8_favorable": 29.890991801130305,
    "maturity_t": 0.522407339411642,
    "early_diff_very_fast": 0.8987481677641057,
    "a_early_diff_stim": 16.661636950888,
    "diff_time": 849.0702364348457,
    "a_Qiao_2021_ALP": 113.47495223236605
}