{
    "ALP_M_n": 2.5463741197131466,
    "ALP_0": 0.12956671243434015,
    "IL1b_ineffective": 102.70417811334856,
    "IL1b_stim": 19.734214743946097,
    "IL8_favorable": 33.005200904253286,
    "maturity_t": 0.5731086477784414,
    "early_diff_very_fast": 0.8417924583402996,
    "a_early_diff_stim": 19.98870682331619,
    "diff_time": 743.4660176628788,
    "a_Qiao_2021_ALP": 100.69401526570746
}