{
    "ALP_M_n": 2.5876147266950698,
    "ALP_0": 0.10476855895465866,
    "IL1b_ineffective": 102.48735951471944,
    "IL1b_stim": 21.164988226680816,
    "IL8_favorable": 35.21541609955507,
    "maturity_t": 0.5290924424805354,
    "early_diff_very_fast": 0.8980905470487922,
    "a_early_diff_stim": 17.383410993726653,
    "diff_time": 786.9470136268144,
    "a_Qiao_2021_ALP": 135.20099320414653
}