{
    "ALP_M_n": 3.2402248647244027,
    "ALP_0": 0.5423965374482262,
    "IL1b_ineffective": 112.41477171982483,
    "IL1b_stim": 5.717685287108672,
    "IL8_favorable": 9.251069949609139,
    "maturity_t": 0.7561690565036409,
    "early_diff_very_fast": 0.7038731013546495,
    "a_early_diff_stim": 13.58518843542803,
    "diff_time": 670.1395997470297,
    "a_Qiao_2021_ALP": 17.617099718698828
}