{
    "ALP_M_n": 3.4046157950786653,
    "ALP_0": 0.23890906903983802,
    "IL1b_ineffective": 102.66651805767356,
    "IL1b_stim": 20.338164080412177,
    "IL8_favorable": 33.317145743414684,
    "maturity_t": 0.5922420562946974,
    "early_diff_very_fast": 0.9377065251031453,
    "a_early_diff_stim": 13.732047360118104,
    "diff_time": 661.9638585559048,
    "a_Qiao_2021_ALP": 76.95602105842427
}