{
    "ALP_M_n": 4.452307029013501,
    "ALP_0": 0.5899918097521689,
    "IL1b_ineffective": 103.03900644611076,
    "IL1b_stim": 18.535896529271184,
    "IL8_favorable": 29.995935571199446,
    "maturity_t": 0.6655439280760402,
    "early_diff_very_fast": 0.8411361775979815,
    "a_early_diff_stim": 18.484914181575423,
    "diff_time": 626.3557287797373,
    "a_Qiao_2021_ALP": 14.912968809045049
}