{
    "ALP_M_n": 4.7957564143311515,
    "ALP_0": 0.42850316691279244,
    "IL1b_ineffective": 108.60424695195684,
    "IL1b_stim": 7.799336503586974,
    "IL8_favorable": 12.767041866208572,
    "maturity_t": 0.4289387123406157,
    "early_diff_very_fast": 0.8325447956846921,
    "a_early_diff_stim": 8.045877943488218,
    "diff_time": 971.465995098018,
    "a_Qiao_2021_ALP": 86.27812040151936
}