{
    "ALP_M_n": 5.973875178594766,
    "ALP_0": 0.37431790135835996,
    "IL1b_ineffective": 103.19854876897891,
    "IL1b_stim": 17.92496579098487,
    "IL8_favorable": 28.270702889723186,
    "maturity_t": 0.4042626747613224,
    "early_diff_very_fast": 0.778365383039558,
    "a_early_diff_stim": 14.802692938798842,
    "diff_time": 879.5908714341283,
    "a_Qiao_2021_ALP": 190.34271274723056
}