{
    "ALP_M_n": 1.6514955770356248,
    "ALP_0": 0.06763078901620645,
    "IL1b_ineffective": 109.66815214606358,
    "IL1b_stim": 6.670259885790298,
    "IL8_favorable": 11.670057485948718,
    "maturity_t": 0.5650305379141168,
    "early_diff_very_fast": 0.8298161572834847,
    "a_early_diff_stim": 11.122424695157868,
    "diff_time": 1006.1758871420056,
    "a_Qiao_2021_ALP": 88.8236413124696
}