{
    "ALP_M_n": 3.112229935426223,
    "ALP_0": 0.3281072855094727,
    "IL1b_ineffective": 112.3662532447153,
    "IL1b_stim": 5.755094526687611,
    "IL8_favorable": 9.418956972563784,
    "maturity_t": 0.5877437419200334,
    "early_diff_very_fast": 0.8661650689644199,
    "a_early_diff_stim": 6.631858135085433,
    "diff_time": 807.5313950564368,
    "a_Qiao_2021_ALP": 55.18360383252997
}