{
    "ALP_M_n": 1.9478149678502632,
    "ALP_0": 0.01125447784572534,
    "IL1b_ineffective": 103.87762664992134,
    "IL1b_stim": 14.558094199106991,
    "IL8_favorable": 24.966519299325203,
    "maturity_t": 0.47643995124768723,
    "early_diff_very_fast": 0.7954736388664272,
    "a_early_diff_stim": 17.272778979152175,
    "diff_time": 916.3693363254092,
    "a_Qiao_2021_ALP": 168.48138609116683
}