{
    "ALP_M_n": 2.672405946284161,
    "ALP_0": 0.11124699404099239,
    "IL1b_ineffective": 112.71718824915082,
    "IL1b_stim": 5.469951412215664,
    "IL8_favorable": 9.085097006417826,
    "maturity_t": 0.5113306267761879,
    "early_diff_very_fast": 0.7898317478383853,
    "a_early_diff_stim": 6.04166089744282,
    "diff_time": 805.3184442821562,
    "a_Qiao_2021_ALP": 146.955583024432
}