{
    "ALP_M_n": 1.148604238249366,
    "ALP_0": 0.011691078442370781,
    "IL1b_ineffective": 129.5924062844292,
    "IL1b_stim": 2.5546911955400553,
    "IL8_favorable": 4.723776277145262,
    "maturity_t": 0.7544444671181774,
    "early_diff_very_fast": 0.8028546614994486,
    "a_early_diff_stim": 6.179129263294383,
    "diff_time": 942.3260261056486,
    "a_Qiao_2021_ALP": 56.4149957080875
}