{
    "ALP_M_n": 4.09476366382586,
    "ALP_0": 0.15538211223463674,
    "IL1b_ineffective": 102.03186770016005,
    "IL1b_stim": 25.14996320748241,
    "IL8_favorable": 40.41684789963199,
    "maturity_t": 0.5446675784813317,
    "early_diff_very_fast": 0.7551074238092158,
    "a_early_diff_stim": 19.737537585461673,
    "diff_time": 618.2286817396308,
    "a_Qiao_2021_ALP": 180.78553645629881
}