{
    "ALP_M_n": 4.801924642173204,
    "ALP_0": 0.7694449107872071,
    "IL1b_ineffective": 104.07547480388915,
    "IL1b_stim": 14.713044757325031,
    "IL8_favorable": 23.997759134788957,
    "maturity_t": 0.5359123512230332,
    "early_diff_very_fast": 0.9215112465334501,
    "a_early_diff_stim": 18.03776081732509,
    "diff_time": 968.3646092976276,
    "a_Qiao_2021_ALP": 11.404850161248046
}