{
    "ALP_M_n": 3.2172586122848337,
    "ALP_0": 0.06103592239537445,
    "IL1b_ineffective": 104.01461102815838,
    "IL1b_stim": 14.558083017242987,
    "IL8_favorable": 24.24522226236308,
    "maturity_t": 0.7019093740470128,
    "early_diff_very_fast": 0.8822925019454094,
    "a_early_diff_stim": 7.9706338572505615,
    "diff_time": 485.35882356732964,
    "a_Qiao_2021_ALP": 98.40804897945897
}