{
    "ALP_M_n": 2.8085899799077274,
    "ALP_0": 0.3024613820165012,
    "IL1b_ineffective": 105.22035355150527,
    "IL1b_stim": 11.746770442514423,
    "IL8_favorable": 19.354403449375045,
    "maturity_t": 0.525351380987825,
    "early_diff_very_fast": 0.8396221750501532,
    "a_early_diff_stim": 17.851504461164808,
    "diff_time": 1008.3686229220378,
    "a_Qiao_2021_ALP": 70.24374137793544
}