{
    "ALP_M_n": 2.1545018879736233,
    "ALP_0": 0.022261940161667056,
    "IL1b_ineffective": 102.43707303598418,
    "IL1b_stim": 21.183386906132917,
    "IL8_favorable": 36.074638362069365,
    "maturity_t": 0.6543430087355427,
    "early_diff_very_fast": 0.9633797925138502,
    "a_early_diff_stim": 14.50439543658615,
    "diff_time": 639.4639789457774,
    "a_Qiao_2021_ALP": 99.3626660029345
}