{
    "ALP_M_n": 1.76385719529071,
    "ALP_0": 0.13363444087109355,
    "IL1b_ineffective": 104.56472416683599,
    "IL1b_stim": 12.560497102296695,
    "IL8_favorable": 21.88712666114941,
    "maturity_t": 0.766922876287469,
    "early_diff_very_fast": 0.8653944732279711,
    "a_early_diff_stim": 19.19410972236612,
    "diff_time": 735.677532358217,
    "a_Qiao_2021_ALP": 49.319574580656564
}