{
    "ALP_M_n": 6.675291486908928,
    "ALP_0": 0.46641066784259483,
    "IL1b_ineffective": 109.27035717904701,
    "IL1b_stim": 7.334568297667889,
    "IL8_favorable": 11.542797985567951,
    "maturity_t": 0.531654949883906,
    "early_diff_very_fast": 0.7445069677412097,
    "a_early_diff_stim": 5.63035821364299,
    "diff_time": 611.4717852167643,
    "a_Qiao_2021_ALP": 41.53336737379854
}