{
    "ALP_M_n": 3.2153713673444604,
    "ALP_0": 0.23959093402561055,
    "IL1b_ineffective": 106.52283562638175,
    "IL1b_stim": 9.772341099926605,
    "IL8_favorable": 16.045853154400127,
    "maturity_t": 0.4545449054418694,
    "early_diff_very_fast": 0.8724709654204569,
    "a_early_diff_stim": 10.020381230983403,
    "diff_time": 981.6772132378519,
    "a_Qiao_2021_ALP": 133.93616577798952
}