{
    "ALP_M_n": 3.974966061908783,
    "ALP_0": 0.3721424347650974,
    "IL1b_ineffective": 102.96770724568958,
    "IL1b_stim": 18.43977804437422,
    "IL8_favorable": 30.023980056809037,
    "maturity_t": 0.42916493273333206,
    "early_diff_very_fast": 0.9245763891551356,
    "a_early_diff_stim": 17.270302764411728,
    "diff_time": 1054.6920148576205,
    "a_Qiao_2021_ALP": 99.01175495162495
}