{
    "ALP_M_n": 6.267286983825273,
    "ALP_0": 0.594499853312767,
    "IL1b_ineffective": 102.05357449268891,
    "IL1b_stim": 25.04107216012853,
    "IL8_favorable": 39.583849377484015,
    "maturity_t": 0.4667875983231746,
    "early_diff_very_fast": 0.945749500434713,
    "a_early_diff_stim": 15.899030450206821,
    "diff_time": 816.7619104592286,
    "a_Qiao_2021_ALP": 28.56243014800313
}