{
    "ALP_M_n": 2.558157982538032,
    "ALP_0": 0.24742935574693636,
    "IL1b_ineffective": 108.52229843009559,
    "IL1b_stim": 7.665714582942313,
    "IL8_favorable": 12.562247065925284,
    "maturity_t": 0.6314497317798455,
    "early_diff_very_fast": 0.8557397818569341,
    "a_early_diff_stim": 9.740970924334691,
    "diff_time": 779.6766413470449,
    "a_Qiao_2021_ALP": 57.33202692497738
}