{
    "ALP_M_n": 2.057949177879763,
    "ALP_0": 0.12200192823547606,
    "IL1b_ineffective": 107.33089440454177,
    "IL1b_stim": 8.480710896903798,
    "IL8_favorable": 14.363673882289547,
    "maturity_t": 0.5665086310701787,
    "early_diff_very_fast": 0.716589826489049,
    "a_early_diff_stim": 18.49143817732966,
    "diff_time": 895.6482915301584,
    "a_Qiao_2021_ALP": 88.61545099716011
}