{
    "ALP_M_n": 2.0509604419128955,
    "ALP_0": 0.1488664919520466,
    "IL1b_ineffective": 104.35010438202218,
    "IL1b_stim": 13.340960492636093,
    "IL8_favorable": 22.288946614434153,
    "maturity_t": 0.6421143480897318,
    "early_diff_very_fast": 0.8954492349953604,
    "a_early_diff_stim": 16.55625742517659,
    "diff_time": 807.9749833670729,
    "a_Qiao_2021_ALP": 66.40271773086894
}