{
    "ALP_M_n": 4.107588310204871,
    "ALP_0": 0.2703350878960146,
    "IL1b_ineffective": 102.81646574150535,
    "IL1b_stim": 19.703932402186297,
    "IL8_favorable": 32.11855563523217,
    "maturity_t": 0.6109286210693791,
    "early_diff_very_fast": 0.9017153387303237,
    "a_early_diff_stim": 11.721316478664644,
    "diff_time": 585.5620471145184,
    "a_Qiao_2021_ALP": 69.1392821612221
}