{
    "ALP_M_n": 7.18600750919941,
    "ALP_0": 0.5808159559338097,
    "IL1b_ineffective": 106.61426953492457,
    "IL1b_stim": 9.834669348763923,
    "IL8_favorable": 15.579256217429737,
    "maturity_t": 0.44121561075969773,
    "early_diff_very_fast": 0.7900648090831418,
    "a_early_diff_stim": 7.9649471199993656,
    "diff_time": 805.194678168201,
    "a_Qiao_2021_ALP": 35.75003465858154
}