{
    "ALP_M_n": 5.050554850973312,
    "ALP_0": 0.29121187798358683,
    "IL1b_ineffective": 103.11049595502561,
    "IL1b_stim": 18.3018884071558,
    "IL8_favorable": 29.268007067256207,
    "maturity_t": 0.5440476148573339,
    "early_diff_very_fast": 0.8520533951328,
    "a_early_diff_stim": 10.448026463891097,
    "diff_time": 615.8636203673458,
    "a_Qiao_2021_ALP": 103.07244851742436
}