{
    "ALP_M_n": 2.9960863894338563,
    "ALP_0": 0.18713951436236165,
    "IL1b_ineffective": 103.4838064982351,
    "IL1b_stim": 16.437546199728082,
    "IL8_favorable": 27.279767797569775,
    "maturity_t": 0.5312987084732934,
    "early_diff_very_fast": 0.9654710228947198,
    "a_early_diff_stim": 11.661859733079643,
    "diff_time": 779.8654112433138,
    "a_Qiao_2021_ALP": 110.42147152357931
}