{
    "ALP_M_n": 2.457923648587033,
    "ALP_0": 0.12498716389500814,
    "IL1b_ineffective": 104.42283355788591,
    "IL1b_stim": 13.280687364678364,
    "IL8_favorable": 22.060302505868826,
    "maturity_t": 0.4393587489092843,
    "early_diff_very_fast": 0.8141754606736077,
    "a_early_diff_stim": 17.188672131251653,
    "diff_time": 1053.9455139347415,
    "a_Qiao_2021_ALP": 167.90775821669806
}