{
    "ALP_M_n": 4.881389105348497,
    "ALP_0": 0.47858684734702256,
    "IL1b_ineffective": 104.39689526039189,
    "IL1b_stim": 13.899659613129195,
    "IL8_favorable": 22.173347568254496,
    "maturity_t": 0.6397698340430338,
    "early_diff_very_fast": 0.9057101119718055,
    "a_early_diff_stim": 8.82980397154724,
    "diff_time": 575.1628439598592,
    "a_Qiao_2021_ALP": 23.748945444225665
}