{
    "ALP_M_n": 2.181057595417246,
    "ALP_0": 0.10785349693631296,
    "IL1b_ineffective": 106.54113492827949,
    "IL1b_stim": 9.640387879737991,
    "IL8_favorable": 16.208367134227586,
    "maturity_t": 0.7642277651039334,
    "early_diff_very_fast": 0.8130729740623834,
    "a_early_diff_stim": 11.50003524860223,
    "diff_time": 585.3819897758545,
    "a_Qiao_2021_ALP": 55.3960956177492
}