{
    "ALP_M_n": 6.3913781170967905,
    "ALP_0": 0.45275454707463236,
    "IL1b_ineffective": 103.34739152554624,
    "IL1b_stim": 16.988906769882046,
    "IL8_favorable": 28.04218908346595,
    "maturity_t": 0.3498740865653598,
    "early_diff_very_fast": 0.8610109666621012,
    "a_early_diff_stim": 12.782396029837146,
    "diff_time": 1071.7007208710604,
    "a_Qiao_2021_ALP": 168.00371522712334
}