{
    "ALP_M_n": 5.264904023120558,
    "ALP_0": 0.5550215279500402,
    "IL1b_ineffective": 104.17070255030706,
    "IL1b_stim": 14.55175788209154,
    "IL8_favorable": 23.257025923951627,
    "maturity_t": 0.42409301655782977,
    "early_diff_very_fast": 0.8099232640914966,
    "a_early_diff_stim": 18.144122023067013,
    "diff_time": 1056.0398130208002,
    "a_Qiao_2021_ALP": 46.797653790398535
}