{
    "ALP_M_n": 2.2574140751513463,
    "ALP_0": 0.0633735403077274,
    "IL1b_ineffective": 102.5635741511787,
    "IL1b_stim": 20.58631178286981,
    "IL8_favorable": 34.80040150705467,
    "maturity_t": 0.5449334605724168,
    "early_diff_very_fast": 0.8643251829961256,
    "a_early_diff_stim": 19.481904968793305,
    "diff_time": 781.8830557045629,
    "a_Qiao_2021_ALP": 125.92386708565886
}