{
    "ALP_M_n": 4.132479248682427,
    "ALP_0": 0.3740771906161754,
    "IL1b_ineffective": 101.890279867029,
    "IL1b_stim": 26.79713289510857,
    "IL8_favorable": 43.75606884231864,
    "maturity_t": 0.5723637902476088,
    "early_diff_very_fast": 0.9597302022575479,
    "a_early_diff_stim": 17.525024567774857,
    "diff_time": 690.7234867059609,
    "a_Qiao_2021_ALP": 51.96453146071986
}