{
    "ALP_M_n": 3.783924261868558,
    "ALP_0": 0.8054370082516632,
    "IL1b_ineffective": 111.36352764382416,
    "IL1b_stim": 6.033370931273751,
    "IL8_favorable": 9.882623765006109,
    "maturity_t": 0.6441912185970041,
    "early_diff_very_fast": 0.8969000120651474,
    "a_early_diff_stim": 10.87022339420743,
    "diff_time": 988.998979593032,
    "a_Qiao_2021_ALP": 10.060068888947562
}