{
    "ALP_M_n": 4.038282319129054,
    "ALP_0": 0.14555559882523994,
    "IL1b_ineffective": 103.47650093054152,
    "IL1b_stim": 16.604875094721756,
    "IL8_favorable": 26.702584155125667,
    "maturity_t": 0.5474925421405545,
    "early_diff_very_fast": 0.927055543853942,
    "a_early_diff_stim": 7.754175179163357,
    "diff_time": 609.0119709506829,
    "a_Qiao_2021_ALP": 180.2296285515282
}