{
    "ALP_M_n": 4.839110702218437,
    "ALP_0": 0.432784916104457,
    "IL1b_ineffective": 106.99234326376087,
    "IL1b_stim": 9.25107053006033,
    "IL8_favorable": 14.783895892348646,
    "maturity_t": 0.4892593850317187,
    "early_diff_very_fast": 0.6773239924562511,
    "a_early_diff_stim": 15.366179003573091,
    "diff_time": 802.2126695744794,
    "a_Qiao_2021_ALP": 61.3459097482604
}