{
    "ALP_M_n": 3.2005929750430213,
    "ALP_0": 0.14556715127368403,
    "IL1b_ineffective": 102.67075410523195,
    "IL1b_stim": 20.26662662331527,
    "IL8_favorable": 33.473329345843894,
    "maturity_t": 0.7158460051965176,
    "early_diff_very_fast": 0.7895358393354734,
    "a_early_diff_stim": 17.242470552736087,
    "diff_time": 509.56274524076167,
    "a_Qiao_2021_ALP": 66.84812026277594
}