{
    "ALP_M_n": 3.9802777891435595,
    "ALP_0": 0.351625024809306,
    "IL1b_ineffective": 103.27927234465749,
    "IL1b_stim": 17.490778657724903,
    "IL8_favorable": 28.33795201498562,
    "maturity_t": 0.557008651821181,
    "early_diff_very_fast": 0.9216831167529143,
    "a_early_diff_stim": 12.761456677651829,
    "diff_time": 715.6470166324543,
    "a_Qiao_2021_ALP": 60.06489245002476
}