{
    "ALP_M_n": 1.8576051044178108,
    "ALP_0": 0.1540405757552623,
    "IL1b_ineffective": 106.76973276211939,
    "IL1b_stim": 9.051492744115437,
    "IL8_favorable": 15.661920795883034,
    "maturity_t": 0.646898493115272,
    "early_diff_very_fast": 0.885971202014064,
    "a_early_diff_stim": 13.520460811472647,
    "diff_time": 888.9554480783867,
    "a_Qiao_2021_ALP": 61.896241446258045
}