{
    "ALP_M_n": 4.78785568098896,
    "ALP_0": 0.4047415238467087,
    "IL1b_ineffective": 101.74073032363856,
    "IL1b_stim": 28.14238692452126,
    "IL8_favorable": 45.3817256550259,
    "maturity_t": 0.5619122591336103,
    "early_diff_very_fast": 0.9277918895970858,
    "a_early_diff_stim": 17.138695025891497,
    "diff_time": 658.6279142065076,
    "a_Qiao_2021_ALP": 48.80346045908631
}