{
    "ALP_M_n": 1.1984814928967114,
    "ALP_0": 0.03195803143687048,
    "IL1b_ineffective": 114.3260898763007,
    "IL1b_stim": 4.566668480627278,
    "IL8_favorable": 8.398995047978055,
    "maturity_t": 0.7568684050267884,
    "early_diff_very_fast": 0.739994541197412,
    "a_early_diff_stim": 13.993028449100063,
    "diff_time": 927.0103116780647,
    "a_Qiao_2021_ALP": 54.48265382159658
}