{
    "ALP_M_n": 2.4842496741193245,
    "ALP_0": 0.24023147575584905,
    "IL1b_ineffective": 103.17377556450836,
    "IL1b_stim": 17.35338426078293,
    "IL8_favorable": 29.32423069750115,
    "maturity_t": 0.5575496299243697,
    "early_diff_very_fast": 0.9657405246640932,
    "a_early_diff_stim": 19.221919715224878,
    "diff_time": 949.6660648430293,
    "a_Qiao_2021_ALP": 72.66455518000392
}