{
    "ALP_M_n": 7.628474582116131,
    "ALP_0": 0.7146497792266414,
    "IL1b_ineffective": 173.26215912112332,
    "IL1b_stim": 1.4776475911315838,
    "IL8_favorable": 2.519108452278836,
    "maturity_t": 0.5446810379749106,
    "early_diff_very_fast": 0.7622239577770376,
    "a_early_diff_stim": 1.5961504200239034,
    "diff_time": 1063.84717846977,
    "a_Qiao_2021_ALP": 21.828835974176634
}