{
    "ALP_M_n": 1.897003548880661,
    "ALP_0": 0.04129150208871867,
    "IL1b_ineffective": 110.71381992990484,
    "IL1b_stim": 6.214450773976543,
    "IL8_favorable": 10.668079825431569,
    "maturity_t": 0.7766683255672413,
    "early_diff_very_fast": 0.6576121456186642,
    "a_early_diff_stim": 15.29001299642474,
    "diff_time": 587.7986716648082,
    "a_Qiao_2021_ALP": 60.03851443732481
}