{
    "ALP_M_n": 3.619444723131872,
    "ALP_0": 0.04741164695924146,
    "IL1b_ineffective": 102.39548718381656,
    "IL1b_stim": 22.301058727903914,
    "IL8_favorable": 36.93056062234422,
    "maturity_t": 0.6848464537750415,
    "early_diff_very_fast": 0.9222029984073229,
    "a_early_diff_stim": 9.186997497176751,
    "diff_time": 467.56898547091475,
    "a_Qiao_2021_ALP": 126.65558922295911
}