{
    "ALP_M_n": 3.17632513681485,
    "ALP_0": 0.46757130353009835,
    "IL1b_ineffective": 104.6822146774806,
    "IL1b_stim": 12.798982695737019,
    "IL8_favorable": 20.68783064273451,
    "maturity_t": 0.6034496411098379,
    "early_diff_very_fast": 0.911295782815821,
    "a_early_diff_stim": 17.106532972415277,
    "diff_time": 922.3535997643053,
    "a_Qiao_2021_ALP": 34.20091870214674
}