{
    "ALP_M_n": 3.658500644696661,
    "ALP_0": 0.3615090400927501,
    "IL1b_ineffective": 103.56613008140464,
    "IL1b_stim": 16.164314731117866,
    "IL8_favorable": 26.53878427558144,
    "maturity_t": 0.6586192861439982,
    "early_diff_very_fast": 0.8892073045270771,
    "a_early_diff_stim": 13.493466755155465,
    "diff_time": 633.6688006864923,
    "a_Qiao_2021_ALP": 40.07920761125001
}