{
    "ALP_M_n": 3.0231650515450337,
    "ALP_0": 0.2532448514882393,
    "IL1b_ineffective": 102.60732350764854,
    "IL1b_stim": 20.332255178684534,
    "IL8_favorable": 34.06128433509524,
    "maturity_t": 0.6348697255277059,
    "early_diff_very_fast": 0.9783701842969854,
    "a_early_diff_stim": 15.165171794765088,
    "diff_time": 671.8809132314494,
    "a_Qiao_2021_ALP": 58.69087430320426
}