{
    "ALP_M_n": 2.748023397312571,
    "ALP_0": 0.14029527879988224,
    "IL1b_ineffective": 102.15466968546478,
    "IL1b_stim": 23.835489130626605,
    "IL8_favorable": 39.41371955373856,
    "maturity_t": 0.44026051737544003,
    "early_diff_very_fast": 0.9654721956717615,
    "a_early_diff_stim": 18.35831667063447,
    "diff_time": 984.4239357453257,
    "a_Qiao_2021_ALP": 182.70320399322006
}