{
    "ALP_M_n": 5.138100753427624,
    "ALP_0": 0.3627465064743387,
    "IL1b_ineffective": 102.33674288896785,
    "IL1b_stim": 22.76131096488814,
    "IL8_favorable": 36.175085404839955,
    "maturity_t": 0.42115784775837056,
    "early_diff_very_fast": 0.8694659913383394,
    "a_early_diff_stim": 16.55014021282783,
    "diff_time": 899.2341665246571,
    "a_Qiao_2021_ALP": 148.0219635989328
}