{
    "ALP_M_n": 2.216576440065655,
    "ALP_0": 0.1424222573575169,
    "IL1b_ineffective": 107.51976475947171,
    "IL1b_stim": 8.494289740912365,
    "IL8_favorable": 14.271038722552802,
    "maturity_t": 0.7006215569097373,
    "early_diff_very_fast": 0.8253794781367393,
    "a_early_diff_stim": 10.722313566133423,
    "diff_time": 668.2384246109633,
    "a_Qiao_2021_ALP": 59.86085220521753
}