{
    "ALP_M_n": 3.9202592475706357,
    "ALP_0": 0.29940342070562925,
    "IL1b_ineffective": 101.835918097355,
    "IL1b_stim": 26.899136415397095,
    "IL8_favorable": 43.67616107898158,
    "maturity_t": 0.5582385796126876,
    "early_diff_very_fast": 0.9867546939927351,
    "a_early_diff_stim": 15.738249942262216,
    "diff_time": 688.3362013118838,
    "a_Qiao_2021_ALP": 74.85855945733974
}