{
    "ALP_M_n": 4.729257335824264,
    "ALP_0": 0.29344029123703763,
    "IL1b_ineffective": 104.27286188367475,
    "IL1b_stim": 14.061538418124101,
    "IL8_favorable": 22.603277087219602,
    "maturity_t": 0.42334886432487123,
    "early_diff_very_fast": 0.7242847518007107,
    "a_early_diff_stim": 16.14937299899306,
    "diff_time": 866.5179604807912,
    "a_Qiao_2021_ALP": 198.00447834398025
}