{
    "ALP_M_n": 5.96029635268648,
    "ALP_0": 0.40045331898568226,
    "IL1b_ineffective": 108.51728941209036,
    "IL1b_stim": 7.8983743103115565,
    "IL8_favorable": 12.775811453532825,
    "maturity_t": 0.3727814145278347,
    "early_diff_very_fast": 0.6212684453580645,
    "a_early_diff_stim": 17.060206369728697,
    "diff_time": 989.4861012582185,
    "a_Qiao_2021_ALP": 192.32257577537274
}