{
    "ALP_M_n": 4.57942101692495,
    "ALP_0": 0.22098689070301614,
    "IL1b_ineffective": 102.62161490435513,
    "IL1b_stim": 20.951847609364716,
    "IL8_favorable": 33.69098691622227,
    "maturity_t": 0.4930473129446133,
    "early_diff_very_fast": 0.9306381610758371,
    "a_early_diff_stim": 10.074584107364437,
    "diff_time": 687.5154353197646,
    "a_Qiao_2021_ALP": 192.97126009059062
}