{
    "ALP_M_n": 1.5719975880991988,
    "ALP_0": 0.025208104873276568,
    "IL1b_ineffective": 114.02421701886746,
    "IL1b_stim": 4.766885582257185,
    "IL8_favorable": 8.479467792320591,
    "maturity_t": 0.7497952838036764,
    "early_diff_very_fast": 0.8536972962498777,
    "a_early_diff_stim": 6.54159667913425,
    "diff_time": 706.4434062209353,
    "a_Qiao_2021_ALP": 62.559597592242746
}