{
    "ALP_M_n": 1.6003535011406782,
    "ALP_0": 0.07010109586208534,
    "IL1b_ineffective": 108.73642193413484,
    "IL1b_stim": 7.245710983958934,
    "IL8_favorable": 12.638774928273705,
    "maturity_t": 0.6835321048945155,
    "early_diff_very_fast": 0.7471474251588502,
    "a_early_diff_stim": 16.198010276497275,
    "diff_time": 832.8687420761584,
    "a_Qiao_2021_ALP": 65.02929347274882
}