{
    "ALP_M_n": 3.919779432069875,
    "ALP_0": 0.40732284815119146,
    "IL1b_ineffective": 103.60489282394055,
    "IL1b_stim": 16.09223575851918,
    "IL8_favorable": 26.105688861396345,
    "maturity_t": 0.46470146494910075,
    "early_diff_very_fast": 0.9051793135598555,
    "a_early_diff_stim": 16.720730194406883,
    "diff_time": 999.8360772320702,
    "a_Qiao_2021_ALP": 70.129162109677
}