{
    "ALP_M_n": 1.6197730451996821,
    "ALP_0": 0.011361975468388245,
    "IL1b_ineffective": 102.97296173912638,
    "IL1b_stim": 17.73141841603418,
    "IL8_favorable": 31.137684467188077,
    "maturity_t": 0.7323526041511209,
    "early_diff_very_fast": 0.97120148563532,
    "a_early_diff_stim": 16.619014026084336,
    "diff_time": 675.857399895872,
    "a_Qiao_2021_ALP": 66.2333120435958
}