{
    "ALP_M_n": 3.7891736574174293,
    "ALP_0": 0.2692497234549295,
    "IL1b_ineffective": 102.2172306731541,
    "IL1b_stim": 23.784570073302728,
    "IL8_favorable": 38.52927914201984,
    "maturity_t": 0.6208425185639205,
    "early_diff_very_fast": 0.9211526298059678,
    "a_early_diff_stim": 14.822135894537722,
    "diff_time": 601.4189004793164,
    "a_Qiao_2021_ALP": 63.960208788085474
}