{
    "ALP_M_n": 2.3678559615431447,
    "ALP_0": 0.11336477790235056,
    "IL1b_ineffective": 103.59735732738898,
    "IL1b_stim": 15.727585302382868,
    "IL8_favorable": 26.20088748049728,
    "maturity_t": 0.5917502615654809,
    "early_diff_very_fast": 0.893430812445194,
    "a_early_diff_stim": 14.508687831945823,
    "diff_time": 739.6409091262744,
    "a_Qiao_2021_ALP": 93.77398475665485
}