{
    "ALP_M_n": 2.0473747851721926,
    "ALP_0": 0.21060400756809156,
    "IL1b_ineffective": 106.98295618690965,
    "IL1b_stim": 8.907865646763131,
    "IL8_favorable": 15.277573505691805,
    "maturity_t": 0.604067148198367,
    "early_diff_very_fast": 0.8123097726064374,
    "a_early_diff_stim": 18.057398733927215,
    "diff_time": 1016.5394362286124,
    "a_Qiao_2021_ALP": 64.00672983761358
}