{
    "ALP_M_n": 3.1240600528370863,
    "ALP_0": 0.24749265349164523,
    "IL1b_ineffective": 103.88473800334663,
    "IL1b_stim": 15.147516799691427,
    "IL8_favorable": 25.031635856362083,
    "maturity_t": 0.7419847603817344,
    "early_diff_very_fast": 0.9808658219683976,
    "a_early_diff_stim": 9.680848727361465,
    "diff_time": 540.5552406877316,
    "a_Qiao_2021_ALP": 42.851651579011886
}