{
    "ALP_M_n": 2.6470571261777383,
    "ALP_0": 0.279981044827025,
    "IL1b_ineffective": 108.76241914176964,
    "IL1b_stim": 7.432791877621362,
    "IL8_favorable": 12.45752709058717,
    "maturity_t": 0.744773370759363,
    "early_diff_very_fast": 0.7241467831041151,
    "a_early_diff_stim": 13.91743024117369,
    "diff_time": 631.1033685390662,
    "a_Qiao_2021_ALP": 38.58529512694147
}