{
    "ALP_M_n": 9.476984832552123,
    "ALP_0": 0.4932585813129465,
    "IL1b_ineffective": 102.42466696509055,
    "IL1b_stim": 22.56359198744139,
    "IL8_favorable": 35.40787662603491,
    "maturity_t": 0.3788693692049543,
    "early_diff_very_fast": 0.7282536725778468,
    "a_early_diff_stim": 15.744542490521857,
    "diff_time": 815.0474753860592,
    "a_Qiao_2021_ALP": 151.4534827044344
}