{
    "ALP_M_n": 1.4314888898027747,
    "ALP_0": 0.0752596188607267,
    "IL1b_ineffective": 112.0106273013752,
    "IL1b_stim": 5.438459928630113,
    "IL8_favorable": 9.54059170260323,
    "maturity_t": 0.6632018378052587,
    "early_diff_very_fast": 0.9389526321290728,
    "a_early_diff_stim": 8.4186783927671,
    "diff_time": 986.0499732468206,
    "a_Qiao_2021_ALP": 63.354998339156275
}