{
    "ALP_M_n": 3.223977905010324,
    "ALP_0": 0.3442956465080808,
    "IL1b_ineffective": 110.30201070248245,
    "IL1b_stim": 6.608787251744891,
    "IL8_favorable": 10.882367036507851,
    "maturity_t": 0.5489507018954305,
    "early_diff_very_fast": 0.8078839024406476,
    "a_early_diff_stim": 9.325084194890454,
    "diff_time": 865.2280318289121,
    "a_Qiao_2021_ALP": 58.99992569636452
}