{
    "ALP_M_n": 2.122902346649807,
    "ALP_0": 0.18198487525611262,
    "IL1b_ineffective": 119.5963012439788,
    "IL1b_stim": 3.7681986040976145,
    "IL8_favorable": 6.386416848708464,
    "maturity_t": 0.7672154015858635,
    "early_diff_very_fast": 0.8100625246465334,
    "a_early_diff_stim": 5.705724011121514,
    "diff_time": 658.5937025440419,
    "a_Qiao_2021_ALP": 45.948508032031825
}