{
    "ALP_M_n": 4.066895380409703,
    "ALP_0": 0.08229182538238122,
    "IL1b_ineffective": 103.80997794318168,
    "IL1b_stim": 15.410954014305453,
    "IL8_favorable": 25.166028236015606,
    "maturity_t": 0.672365844072762,
    "early_diff_very_fast": 0.7742526414657015,
    "a_early_diff_stim": 9.295175806395708,
    "diff_time": 474.1060398581322,
    "a_Qiao_2021_ALP": 136.976780460151
}