{
    "ALP_M_n": 4.159264538125072,
    "ALP_0": 0.35319210322676664,
    "IL1b_ineffective": 104.25989077948252,
    "IL1b_stim": 14.014015890636793,
    "IL8_favorable": 22.476607653235217,
    "maturity_t": 0.6308337517736927,
    "early_diff_very_fast": 0.7220194818249113,
    "a_early_diff_stim": 17.035334876782162,
    "diff_time": 593.4214500693969,
    "a_Qiao_2021_ALP": 43.84010980097989
}