{
    "ALP_M_n": 3.4054775938392514,
    "ALP_0": 0.26930810122004306,
    "IL1b_ineffective": 103.30160662438573,
    "IL1b_stim": 17.22338954345721,
    "IL8_favorable": 28.005416177920843,
    "maturity_t": 0.6501155217660107,
    "early_diff_very_fast": 0.8836504070766138,
    "a_early_diff_stim": 13.52998613580886,
    "diff_time": 610.920136412532,
    "a_Qiao_2021_ALP": 55.15186908131655
}