{
    "ALP_M_n": 3.588522050472586,
    "ALP_0": 0.3918863575361826,
    "IL1b_ineffective": 103.08100453369565,
    "IL1b_stim": 18.195640828890312,
    "IL8_favorable": 29.638273332910096,
    "maturity_t": 0.704537683554086,
    "early_diff_very_fast": 0.8965652706219054,
    "a_early_diff_stim": 15.29439373556585,
    "diff_time": 587.0900240654845,
    "a_Qiao_2021_ALP": 29.465916195141887
}