{
    "ALP_M_n": 5.468134593032554,
    "ALP_0": 0.608644187314998,
    "IL1b_ineffective": 110.7772080969163,
    "IL1b_stim": 6.473194079121733,
    "IL8_favorable": 10.22000564624259,
    "maturity_t": 0.578069855965622,
    "early_diff_very_fast": 0.6879140663330524,
    "a_early_diff_stim": 10.067696877841742,
    "diff_time": 683.0431586463604,
    "a_Qiao_2021_ALP": 16.859804238025163
}