{
    "ALP_M_n": 1.5403038344506343,
    "ALP_0": 0.06186814721919604,
    "IL1b_ineffective": 107.52038399286593,
    "IL1b_stim": 8.14523407930634,
    "IL8_favorable": 14.446011955825185,
    "maturity_t": 0.7030580192662609,
    "early_diff_very_fast": 0.761346502256412,
    "a_early_diff_stim": 17.717397822494338,
    "diff_time": 819.0673337082137,
    "a_Qiao_2021_ALP": 61.950549098580986
}