{
    "ALP_M_n": 2.6408408166041197,
    "ALP_0": 0.4316796115858707,
    "IL1b_ineffective": 105.28212673880208,
    "IL1b_stim": 11.54118062049547,
    "IL8_favorable": 19.216588525694316,
    "maturity_t": 0.7090099333531228,
    "early_diff_very_fast": 0.8855604161909472,
    "a_early_diff_stim": 18.47874262076524,
    "diff_time": 833.3300135577945,
    "a_Qiao_2021_ALP": 29.20812847463261
}