{
    "ALP_M_n": 4.681378748880739,
    "ALP_0": 0.40328077948128016,
    "IL1b_ineffective": 104.12167364186173,
    "IL1b_stim": 14.479343087525237,
    "IL8_favorable": 23.253312194835623,
    "maturity_t": 0.40878540107894556,
    "early_diff_very_fast": 0.8989268070068663,
    "a_early_diff_stim": 12.645874474720657,
    "diff_time": 1029.4481153061192,
    "a_Qiao_2021_ALP": 108.65072506746769
}