{
    "ALP_M_n": 5.881189173241907,
    "ALP_0": 0.6494760877916372,
    "IL1b_ineffective": 103.40310853005559,
    "IL1b_stim": 17.052453575578724,
    "IL8_favorable": 27.33360574387287,
    "maturity_t": 0.5044608010218757,
    "early_diff_very_fast": 0.8666354807127951,
    "a_early_diff_stim": 14.67915462945629,
    "diff_time": 798.4892416946807,
    "a_Qiao_2021_ALP": 17.996983496493485
}