{
    "ALP_M_n": 2.3388303372882215,
    "ALP_0": 0.20117033620154956,
    "IL1b_ineffective": 103.80929657143024,
    "IL1b_stim": 15.038453663166976,
    "IL8_favorable": 25.133835839049897,
    "maturity_t": 0.7292080038333749,
    "early_diff_very_fast": 0.8381505332542571,
    "a_early_diff_stim": 19.34268057776791,
    "diff_time": 674.4689329663452,
    "a_Qiao_2021_ALP": 50.44733481785963
}