{
    "ALP_M_n": 1.5506204518880211,
    "ALP_0": 0.009337203596713684,
    "IL1b_ineffective": 102.68627141845222,
    "IL1b_stim": 19.21176291083384,
    "IL8_favorable": 33.887537121641394,
    "maturity_t": 0.5035454913547647,
    "early_diff_very_fast": 0.9712287412092846,
    "a_early_diff_stim": 19.390951159843134,
    "diff_time": 1036.33867339646,
    "a_Qiao_2021_ALP": 116.93034683325135
}