{
    "ALP_M_n": 3.6562968325584255,
    "ALP_0": 0.32161120279814576,
    "IL1b_ineffective": 103.16120642185193,
    "IL1b_stim": 17.86793672884035,
    "IL8_favorable": 29.044320067842392,
    "maturity_t": 0.5237488844516367,
    "early_diff_very_fast": 0.8502956601884613,
    "a_early_diff_stim": 17.629947123941868,
    "diff_time": 805.08509991585,
    "a_Qiao_2021_ALP": 75.777613984419
}