{
    "ALP_M_n": 3.8569431760624435,
    "ALP_0": 0.26456029646632473,
    "IL1b_ineffective": 105.90502532265603,
    "IL1b_stim": 10.749347113226985,
    "IL8_favorable": 17.30054250470586,
    "maturity_t": 0.4117992708688741,
    "early_diff_very_fast": 0.7028156331845149,
    "a_early_diff_stim": 17.465376707223374,
    "diff_time": 999.1920605423618,
    "a_Qiao_2021_ALP": 185.78199352803904
}