{
    "ALP_M_n": 5.760264934029013,
    "ALP_0": 0.29597141602177274,
    "IL1b_ineffective": 103.20450644455079,
    "IL1b_stim": 17.68588858660967,
    "IL8_favorable": 28.33894984994551,
    "maturity_t": 0.48087974094211683,
    "early_diff_very_fast": 0.9580646814302974,
    "a_early_diff_stim": 7.052407155363557,
    "diff_time": 670.9751197973018,
    "a_Qiao_2021_ALP": 176.1148183677336
}