{
    "ALP_M_n": 5.15486187192034,
    "ALP_0": 0.598913280517765,
    "IL1b_ineffective": 104.47738231722651,
    "IL1b_stim": 13.560738885369842,
    "IL8_favorable": 21.836499279282407,
    "maturity_t": 0.4382505678323146,
    "early_diff_very_fast": 0.8033739507015807,
    "a_early_diff_stim": 18.837349449563114,
    "diff_time": 1055.0965527690703,
    "a_Qiao_2021_ALP": 33.96978883196262
}