{
    "ALP_M_n": 3.3958858721384932,
    "ALP_0": 0.16464131901761547,
    "IL1b_ineffective": 105.59168557305277,
    "IL1b_stim": 10.682266195596387,
    "IL8_favorable": 17.737007918977653,
    "maturity_t": 0.761595980266959,
    "early_diff_very_fast": 0.6510522319389053,
    "a_early_diff_stim": 16.17803821267709,
    "diff_time": 469.09193849654366,
    "a_Qiao_2021_ALP": 55.442286790815274
}