{
    "ALP_M_n": 4.75552745925124,
    "ALP_0": 0.4409826550378863,
    "IL1b_ineffective": 102.88586915757065,
    "IL1b_stim": 19.29546120677232,
    "IL8_favorable": 31.23887606378497,
    "maturity_t": 0.4662318241880218,
    "early_diff_very_fast": 0.9751521579703102,
    "a_early_diff_stim": 13.090800969076772,
    "diff_time": 869.9591442544481,
    "a_Qiao_2021_ALP": 65.14712593189059
}