{
    "ALP_M_n": 5.403002181167459,
    "ALP_0": 0.3113398694526781,
    "IL1b_ineffective": 104.71387223400438,
    "IL1b_stim": 13.255242826306976,
    "IL8_favorable": 21.160585852528797,
    "maturity_t": 0.5184383329771279,
    "early_diff_very_fast": 0.6410417575444791,
    "a_early_diff_stim": 18.333786119708698,
    "diff_time": 641.9212183142965,
    "a_Qiao_2021_ALP": 114.76732325867319
}