{
    "ALP_M_n": 3.1996046515956293,
    "ALP_0": 0.1861619754042394,
    "IL1b_ineffective": 102.06633754627063,
    "IL1b_stim": 24.602216127951557,
    "IL8_favorable": 40.91536900211219,
    "maturity_t": 0.4250071706269612,
    "early_diff_very_fast": 0.9376011093212808,
    "a_early_diff_stim": 19.194749918803012,
    "diff_time": 989.4510403237932,
    "a_Qiao_2021_ALP": 199.3331015651031
}