{
    "ALP_M_n": 2.5443893209331625,
    "ALP_0": 0.20821239526963511,
    "IL1b_ineffective": 112.19402801792891,
    "IL1b_stim": 5.650258721875719,
    "IL8_favorable": 9.429296188237835,
    "maturity_t": 0.6239106203314864,
    "early_diff_very_fast": 0.8268162271777335,
    "a_early_diff_stim": 7.236401313615257,
    "diff_time": 750.1421779451343,
    "a_Qiao_2021_ALP": 65.44166434412682
}