{
    "ALP_M_n": 4.052276357064009,
    "ALP_0": 0.40566146072511355,
    "IL1b_ineffective": 102.32343330488419,
    "IL1b_stim": 22.714573187557846,
    "IL8_favorable": 36.93376662133932,
    "maturity_t": 0.5233170788997379,
    "early_diff_very_fast": 0.9806752634543809,
    "a_early_diff_stim": 16.778032274989716,
    "diff_time": 812.55946516323,
    "a_Qiao_2021_ALP": 55.262900632071954
}