{
    "ALP_M_n": 3.0959074282327674,
    "ALP_0": 0.21610634283685856,
    "IL1b_ineffective": 104.86926845480377,
    "IL1b_stim": 12.481279406033456,
    "IL8_favorable": 20.598163663768364,
    "maturity_t": 0.5518473540435332,
    "early_diff_very_fast": 0.938959369847674,
    "a_early_diff_stim": 9.398377976333533,
    "diff_time": 752.3527949742462,
    "a_Qiao_2021_ALP": 92.84873062724049
}