{
    "ALP_M_n": 5.062079594788907,
    "ALP_0": 0.41734465001809135,
    "IL1b_ineffective": 104.01666746659382,
    "IL1b_stim": 14.81259710060137,
    "IL8_favorable": 23.953166046833875,
    "maturity_t": 0.41522509714668693,
    "early_diff_very_fast": 0.8916391318643035,
    "a_early_diff_stim": 11.88412920404579,
    "diff_time": 961.4182014489212,
    "a_Qiao_2021_ALP": 103.66233373224833
}