{
    "ALP_M_n": 1.8597015233132606,
    "ALP_0": 0.24377621558853615,
    "IL1b_ineffective": 105.6267498397707,
    "IL1b_stim": 10.635102427782764,
    "IL8_favorable": 18.42457935983133,
    "maturity_t": 0.7077764247153399,
    "early_diff_very_fast": 0.9123851926293385,
    "a_early_diff_stim": 19.28485762404076,
    "diff_time": 961.3725171991441,
    "a_Qiao_2021_ALP": 45.066325387483474
}