{
    "ALP_M_n": 2.189685994834832,
    "ALP_0": 0.23224299701688433,
    "IL1b_ineffective": 107.16085037368343,
    "IL1b_stim": 8.823782667765284,
    "IL8_favorable": 14.904619210140929,
    "maturity_t": 0.6014070618600441,
    "early_diff_very_fast": 0.9379151714139033,
    "a_early_diff_stim": 12.019238801588195,
    "diff_time": 991.1250155188487,
    "a_Qiao_2021_ALP": 63.28032115390576
}