{
    "ALP_M_n": 3.9953666205799507,
    "ALP_0": 0.29662240976880655,
    "IL1b_ineffective": 101.75867865471433,
    "IL1b_stim": 28.115507072156394,
    "IL8_favorable": 44.776590128843026,
    "maturity_t": 0.4391649460400607,
    "early_diff_very_fast": 0.9869381035817499,
    "a_early_diff_stim": 18.28412385207771,
    "diff_time": 933.1357942073107,
    "a_Qiao_2021_ALP": 141.6656305004508
}