{
    "ALP_M_n": 2.960796035609934,
    "ALP_0": 0.4087153684657861,
    "IL1b_ineffective": 106.26796020930037,
    "IL1b_stim": 10.04966754600748,
    "IL8_favorable": 16.685895875910894,
    "maturity_t": 0.5606641940389155,
    "early_diff_very_fast": 0.9094793629280257,
    "a_early_diff_stim": 14.610379966756392,
    "diff_time": 1028.5740997208406,
    "a_Qiao_2021_ALP": 45.57710356409768
}