{
    "ALP_M_n": 4.173399993177987,
    "ALP_0": 0.45891219966206365,
    "IL1b_ineffective": 107.42312708139525,
    "IL1b_stim": 8.77486814104893,
    "IL8_favorable": 14.308680437086018,
    "maturity_t": 0.44773599527368396,
    "early_diff_very_fast": 0.6964103436601549,
    "a_early_diff_stim": 19.86668133732335,
    "diff_time": 1072.7060148365317,
    "a_Qiao_2021_ALP": 62.305765338885315
}