{
    "ALP_M_n": 3.349825156141677,
    "ALP_0": 0.2219500618033825,
    "IL1b_ineffective": 103.41278503346652,
    "IL1b_stim": 16.81770860166306,
    "IL8_favorable": 27.756668679587257,
    "maturity_t": 0.46228046566790626,
    "early_diff_very_fast": 0.9400144444015142,
    "a_early_diff_stim": 12.85960607737202,
    "diff_time": 902.8220206160071,
    "a_Qiao_2021_ALP": 146.99587924096062
}