{
    "ALP_M_n": 1.9117001032705057,
    "ALP_0": 0.014941384551422078,
    "IL1b_ineffective": 102.09152373179498,
    "IL1b_stim": 23.902962014469956,
    "IL8_favorable": 40.57645778743949,
    "maturity_t": 0.4652112755892725,
    "early_diff_very_fast": 0.9642245944911795,
    "a_early_diff_stim": 18.780790100410126,
    "diff_time": 954.3959540264105,
    "a_Qiao_2021_ALP": 166.68288421223903
}