{
    "ALP_M_n": 2.79508063745244,
    "ALP_0": 0.22180409793777947,
    "IL1b_ineffective": 103.45632076380684,
    "IL1b_stim": 16.45833348965028,
    "IL8_favorable": 27.189695318020128,
    "maturity_t": 0.4979874063165508,
    "early_diff_very_fast": 0.857738381263216,
    "a_early_diff_stim": 19.580165648948643,
    "diff_time": 952.2318389293732,
    "a_Qiao_2021_ALP": 103.36343031408715
}