{
    "ALP_M_n": 3.0352512727782126,
    "ALP_0": 0.10435287119360645,
    "IL1b_ineffective": 103.26078484131878,
    "IL1b_stim": 17.161258597338055,
    "IL8_favorable": 28.086497234455784,
    "maturity_t": 0.638932924416556,
    "early_diff_very_fast": 0.9092647416033276,
    "a_early_diff_stim": 10.473416136039466,
    "diff_time": 575.5067061739717,
    "a_Qiao_2021_ALP": 102.28227415436467
}