{
    "ALP_M_n": 2.7056991543626205,
    "ALP_0": 0.3941420842618591,
    "IL1b_ineffective": 106.5689961319568,
    "IL1b_stim": 9.626367967477162,
    "IL8_favorable": 16.02714372905728,
    "maturity_t": 0.6208286012496917,
    "early_diff_very_fast": 0.9504008918266523,
    "a_early_diff_stim": 13.129580033647551,
    "diff_time": 952.832789274926,
    "a_Qiao_2021_ALP": 39.95192462449977
}