{
    "ALP_M_n": 2.0150074322581992,
    "ALP_0": 0.03641456053660094,
    "IL1b_ineffective": 107.55161962814297,
    "IL1b_stim": 8.315963106554893,
    "IL8_favorable": 14.211203593091867,
    "maturity_t": 0.7809659073137354,
    "early_diff_very_fast": 0.9381802338791496,
    "a_early_diff_stim": 6.722743522440783,
    "diff_time": 555.2083118962474,
    "a_Qiao_2021_ALP": 61.55307660814578
}