{
    "ALP_M_n": 2.8265053832252907,
    "ALP_0": 0.19127872757644476,
    "IL1b_ineffective": 109.08991432532005,
    "IL1b_stim": 7.3492392632025245,
    "IL8_favorable": 12.020883510470412,
    "maturity_t": 0.45271633458739924,
    "early_diff_very_fast": 0.9636840914622693,
    "a_early_diff_stim": 6.35587477524175,
    "diff_time": 1014.5373235345153,
    "a_Qiao_2021_ALP": 142.3639275097481
}