{
    "ALP_M_n": 1.487466069728572,
    "ALP_0": 0.01175169705417432,
    "IL1b_ineffective": 110.24441397302766,
    "IL1b_stim": 6.284708749860892,
    "IL8_favorable": 10.982046358765338,
    "maturity_t": 0.5449692333774134,
    "early_diff_very_fast": 0.8091607147480039,
    "a_early_diff_stim": 10.274566450257648,
    "diff_time": 993.1334807726548,
    "a_Qiao_2021_ALP": 98.38402363337049
}