{
    "ALP_M_n": 2.9075574656043037,
    "ALP_0": 0.14452319749499767,
    "IL1b_ineffective": 107.61225256319234,
    "IL1b_stim": 8.480635403284113,
    "IL8_favorable": 14.097807323100184,
    "maturity_t": 0.5410608637446503,
    "early_diff_very_fast": 0.7227108983431533,
    "a_early_diff_stim": 11.681764306280384,
    "diff_time": 741.3431722555842,
    "a_Qiao_2021_ALP": 123.5072915446575
}