{
    "ALP_M_n": 2.5524997062224233,
    "ALP_0": 0.3297611459109208,
    "IL1b_ineffective": 104.04958717410521,
    "IL1b_stim": 14.39078939777937,
    "IL8_favorable": 23.799358599208386,
    "maturity_t": 0.7371819146494626,
    "early_diff_very_fast": 0.8632845034296546,
    "a_early_diff_stim": 19.656017120490382,
    "diff_time": 702.7109430631571,
    "a_Qiao_2021_ALP": 34.759967943233235
}