{
    "ALP_M_n": 2.9419752191083335,
    "ALP_0": 0.204140683433992,
    "IL1b_ineffective": 102.82102274969091,
    "IL1b_stim": 19.424814917431647,
    "IL8_favorable": 32.118589808919694,
    "maturity_t": 0.43172145001222617,
    "early_diff_very_fast": 0.9686924624341297,
    "a_early_diff_stim": 16.964067781195432,
    "diff_time": 1066.9971989334156,
    "a_Qiao_2021_ALP": 155.34065758971187
}