{
    "ALP_M_n": 2.4923120470913416,
    "ALP_0": 0.3011393993487035,
    "IL1b_ineffective": 104.76316223235288,
    "IL1b_stim": 12.59676888670904,
    "IL8_favorable": 21.093071589096514,
    "maturity_t": 0.5743249919659692,
    "early_diff_very_fast": 0.9103673071605836,
    "a_early_diff_stim": 18.071061506131706,
    "diff_time": 999.3759520477378,
    "a_Qiao_2021_ALP": 57.11413079363127
}