{
    "ALP_M_n": 5.3455375456235865,
    "ALP_0": 0.45808695545736877,
    "IL1b_ineffective": 103.75885210561563,
    "IL1b_stim": 15.601137902867972,
    "IL8_favorable": 25.153675798508882,
    "maturity_t": 0.44920331040457856,
    "early_diff_very_fast": 0.9547071260728944,
    "a_early_diff_stim": 9.98233068263362,
    "diff_time": 860.3183026299646,
    "a_Qiao_2021_ALP": 69.20193875786866
}