{
    "ALP_M_n": 2.819015478135729,
    "ALP_0": 0.16726284757874516,
    "IL1b_ineffective": 102.93043857854387,
    "IL1b_stim": 18.713983222938484,
    "IL8_favorable": 31.177608009346088,
    "maturity_t": 0.5205174659648273,
    "early_diff_very_fast": 0.8586379073067898,
    "a_early_diff_stim": 18.0000658614478,
    "diff_time": 814.7244920913308,
    "a_Qiao_2021_ALP": 117.76481423699633
}