{
    "ALP_M_n": 2.0617344790131464,
    "ALP_0": 0.02418931099524656,
    "IL1b_ineffective": 103.24494154824323,
    "IL1b_stim": 17.09083317139291,
    "IL8_favorable": 28.743494454538492,
    "maturity_t": 0.44929732322645266,
    "early_diff_very_fast": 0.8074254264297751,
    "a_early_diff_stim": 19.196082437613033,
    "diff_time": 967.1181660847246,
    "a_Qiao_2021_ALP": 195.68576734327965
}