{
    "ALP_M_n": 1.7166955650381137,
    "ALP_0": 0.002828099330167687,
    "IL1b_ineffective": 116.62444304653795,
    "IL1b_stim": 4.254576060901606,
    "IL8_favorable": 7.450537903005078,
    "maturity_t": 0.7535739107053975,
    "early_diff_very_fast": 0.6966577380333415,
    "a_early_diff_stim": 8.684450898856282,
    "diff_time": 621.9590833459131,
    "a_Qiao_2021_ALP": 66.65582492287258
}