{
    "ALP_M_n": 4.19554524430241,
    "ALP_0": 0.38025909017140336,
    "IL1b_ineffective": 102.39873433244885,
    "IL1b_stim": 22.128365057364856,
    "IL8_favorable": 35.88362931790092,
    "maturity_t": 0.44215033563333633,
    "early_diff_very_fast": 0.9927934358445649,
    "a_early_diff_stim": 16.458782873221928,
    "diff_time": 977.5706720789601,
    "a_Qiao_2021_ALP": 93.08951403204526
}