{
    "ALP_M_n": 5.8722660637923685,
    "ALP_0": 0.39421011519672927,
    "IL1b_ineffective": 102.75150690981265,
    "IL1b_stim": 20.185767783028673,
    "IL8_favorable": 32.22436291223036,
    "maturity_t": 0.39749356645493855,
    "early_diff_very_fast": 0.8485217645769961,
    "a_early_diff_stim": 14.278132840615621,
    "diff_time": 905.0724845406957,
    "a_Qiao_2021_ALP": 161.60354326510083
}