{
    "ALP_M_n": 4.10287322927359,
    "ALP_0": 0.42498957248242153,
    "IL1b_ineffective": 103.06532661755755,
    "IL1b_stim": 18.303790292606116,
    "IL8_favorable": 29.826881023900263,
    "maturity_t": 0.47332424573885745,
    "early_diff_very_fast": 0.9526795637314708,
    "a_early_diff_stim": 16.01577710369055,
    "diff_time": 951.8848596900899,
    "a_Qiao_2021_ALP": 63.87691158612559
}