{
    "ALP_M_n": 3.1603753962702905,
    "ALP_0": 0.12493900997018363,
    "IL1b_ineffective": 102.89294112807032,
    "IL1b_stim": 19.0426973480151,
    "IL8_favorable": 31.17764641310486,
    "maturity_t": 0.5740660098284494,
    "early_diff_very_fast": 0.8798934423815682,
    "a_early_diff_stim": 12.76166165566062,
    "diff_time": 642.1260840223849,
    "a_Qiao_2021_ALP": 127.14068334833082
}