{
    "ALP_M_n": 2.731239572329903,
    "ALP_0": 0.11906581960283649,
    "IL1b_ineffective": 186.34130719725175,
    "IL1b_stim": 1.3838783252897269,
    "IL8_favorable": 2.3167214004146355,
    "maturity_t": 0.7625492516040029,
    "early_diff_very_fast": 0.726965408509426,
    "a_early_diff_stim": 2.0109142582484454,
    "diff_time": 872.482116437913,
    "a_Qiao_2021_ALP": 170.83489053866705
}