{
    "ALP_M_n": 2.3968440855855677,
    "ALP_0": 0.125337569526868,
    "IL1b_ineffective": 104.11295986392994,
    "IL1b_stim": 14.059362221040267,
    "IL8_favorable": 23.617659962648116,
    "maturity_t": 0.5293874349493307,
    "early_diff_very_fast": 0.8259553768927719,
    "a_early_diff_stim": 16.63555880467942,
    "diff_time": 852.0359462060494,
    "a_Qiao_2021_ALP": 113.15244649803914
}