{
    "ALP_M_n": 3.654300267468982,
    "ALP_0": 0.3070674964561066,
    "IL1b_ineffective": 102.55213495559491,
    "IL1b_stim": 20.92166788336037,
    "IL8_favorable": 33.74649743242132,
    "maturity_t": 0.5216169622202246,
    "early_diff_very_fast": 0.9823318488073775,
    "a_early_diff_stim": 14.519381629079742,
    "diff_time": 798.5066436447859,
    "a_Qiao_2021_ALP": 81.76251404039904
}