{
    "ALP_M_n": 8.228682038211913,
    "ALP_0": 0.5062774195738421,
    "IL1b_ineffective": 104.22984642480912,
    "IL1b_stim": 14.377509221191193,
    "IL8_favorable": 22.73506928055143,
    "maturity_t": 0.36805812546893263,
    "early_diff_very_fast": 0.878156194150576,
    "a_early_diff_stim": 7.620354724086907,
    "diff_time": 902.5482952528681,
    "a_Qiao_2021_ALP": 123.79295910064734
}