{
    "ALP_M_n": 2.5916346563219697,
    "ALP_0": 0.17626433026251662,
    "IL1b_ineffective": 106.63624602996231,
    "IL1b_stim": 9.320419210643838,
    "IL8_favorable": 15.867202829268578,
    "maturity_t": 0.5413509306297488,
    "early_diff_very_fast": 0.7417317493783545,
    "a_early_diff_stim": 15.365790449266896,
    "diff_time": 842.5733114924919,
    "a_Qiao_2021_ALP": 96.88577308740722
}