{
    "ALP_M_n": 3.3722949992283278,
    "ALP_0": 0.23012713957396883,
    "IL1b_ineffective": 108.29906691519065,
    "IL1b_stim": 8.006148758307155,
    "IL8_favorable": 13.051285266164747,
    "maturity_t": 0.41515264455230505,
    "early_diff_very_fast": 0.8816609842116693,
    "a_early_diff_stim": 7.630956131163055,
    "diff_time": 1044.7899570438765,
    "a_Qiao_2021_ALP": 179.62613421027
}