{
    "ALP_M_n": 3.9518896042939877,
    "ALP_0": 0.17118972460591042,
    "IL1b_ineffective": 153.7379948422208,
    "IL1b_stim": 1.5558063619969378,
    "IL8_favorable": 2.164178270926506,
    "maturity_t": 0.7914405654483059,
    "early_diff_very_fast": 0.7110707253536794,
    "a_early_diff_stim": 1.3198558875014488,
    "diff_time": 503.1123771465261,
    "a_Qiao_2021_ALP": 82.61022392790578
}