{
    "ALP_M_n": 3.6400811283615173,
    "ALP_0": 0.2819500680805901,
    "IL1b_ineffective": 102.95779769198055,
    "IL1b_stim": 18.97087786966697,
    "IL8_favorable": 30.817210130392382,
    "maturity_t": 0.42558950676696433,
    "early_diff_very_fast": 0.8644899491148121,
    "a_early_diff_stim": 19.28018278923835,
    "diff_time": 1031.9333109174333,
    "a_Qiao_2021_ALP": 146.22619124851596
}