{
    "ALP_M_n": 2.517708849381548,
    "ALP_0": 0.2785122134090769,
    "IL1b_ineffective": 103.57625473814241,
    "IL1b_stim": 15.93876679708142,
    "IL8_favorable": 26.50139538392669,
    "maturity_t": 0.6446530918514147,
    "early_diff_very_fast": 0.9581495744352619,
    "a_early_diff_stim": 17.32907261626964,
    "diff_time": 803.1888380076053,
    "a_Qiao_2021_ALP": 50.14181284427621
}