{
    "ALP_M_n": 5.469980370880258,
    "ALP_0": 0.27299649587530994,
    "IL1b_ineffective": 102.60168274195921,
    "IL1b_stim": 20.969432077668127,
    "IL8_favorable": 33.90236785417463,
    "maturity_t": 0.4918855807667619,
    "early_diff_very_fast": 0.7416367839537651,
    "a_early_diff_stim": 15.997317339594419,
    "diff_time": 657.6602814239702,
    "a_Qiao_2021_ALP": 177.6313995192311
}