{
    "ALP_M_n": 3.835892020468925,
    "ALP_0": 0.25248621888617545,
    "IL1b_ineffective": 103.82052872540272,
    "IL1b_stim": 15.259088484197658,
    "IL8_favorable": 24.838066109336463,
    "maturity_t": 0.496936720526422,
    "early_diff_very_fast": 0.8618852684923627,
    "a_early_diff_stim": 12.045996342456055,
    "diff_time": 781.3230877177767,
    "a_Qiao_2021_ALP": 126.64615376318643
}