{
    "ALP_M_n": 2.8867919464189886,
    "ALP_0": 0.1633863766920081,
    "IL1b_ineffective": 104.28812240445714,
    "IL1b_stim": 13.700913245070671,
    "IL8_favorable": 22.94314162348773,
    "maturity_t": 0.5971317268101883,
    "early_diff_very_fast": 0.8119269759462081,
    "a_early_diff_stim": 13.816297641978302,
    "diff_time": 677.7299307780503,
    "a_Qiao_2021_ALP": 90.38921664581665
}