{
    "ALP_M_n": 5.936727394891622,
    "ALP_0": 0.439571016078476,
    "IL1b_ineffective": 102.06765956035451,
    "IL1b_stim": 24.925219736604664,
    "IL8_favorable": 40.14996256461886,
    "maturity_t": 0.6669498498581341,
    "early_diff_very_fast": 0.9668942516673308,
    "a_early_diff_stim": 9.747204522441594,
    "diff_time": 483.697725371809,
    "a_Qiao_2021_ALP": 22.557666093809015
}