{
    "ALP_M_n": 3.4996445208773137,
    "ALP_0": 0.3057754355887103,
    "IL1b_ineffective": 104.98192482203683,
    "IL1b_stim": 12.185070861675513,
    "IL8_favorable": 20.012599491709473,
    "maturity_t": 0.705068951635336,
    "early_diff_very_fast": 0.8545216567025039,
    "a_early_diff_stim": 10.336152279066308,
    "diff_time": 556.3767979484746,
    "a_Qiao_2021_ALP": 39.481210264370446
}