{
    "ALP_M_n": 3.3488072189411238,
    "ALP_0": 0.31399241927146265,
    "IL1b_ineffective": 109.18413869633955,
    "IL1b_stim": 7.227166676998194,
    "IL8_favorable": 11.858853279459623,
    "maturity_t": 0.45366112588992163,
    "early_diff_very_fast": 0.8447811791643898,
    "a_early_diff_stim": 9.295390647084545,
    "diff_time": 1057.46802089849,
    "a_Qiao_2021_ALP": 99.39012994161037
}