{
    "ALP_M_n": 3.5155991159066895,
    "ALP_0": 0.3727421937459313,
    "IL1b_ineffective": 107.87971011729714,
    "IL1b_stim": 8.366776493758568,
    "IL8_favorable": 13.633268199281332,
    "maturity_t": 0.5313802434913738,
    "early_diff_very_fast": 0.7433770511278439,
    "a_early_diff_stim": 14.183899565566012,
    "diff_time": 867.0394854547046,
    "a_Qiao_2021_ALP": 58.43476567954321
}