{
    "ALP_M_n": 4.811588991289872,
    "ALP_0": 0.5047251722535223,
    "IL1b_ineffective": 102.95900805059324,
    "IL1b_stim": 18.843588805913104,
    "IL8_favorable": 30.461166916886466,
    "maturity_t": 0.5386500194890914,
    "early_diff_very_fast": 0.9333536164298671,
    "a_early_diff_stim": 13.814218000066088,
    "diff_time": 747.4887460731551,
    "a_Qiao_2021_ALP": 33.50490896793504
}