{
    "ALP_M_n": 4.728998680187632,
    "ALP_0": 0.2954962473172642,
    "IL1b_ineffective": 103.07478696966606,
    "IL1b_stim": 18.33097332368377,
    "IL8_favorable": 29.4979842590233,
    "maturity_t": 0.6127192948312915,
    "early_diff_very_fast": 0.7787399579283674,
    "a_early_diff_stim": 13.667390625237113,
    "diff_time": 550.7749925937827,
    "a_Qiao_2021_ALP": 64.64104259514137
}