{
    "ALP_M_n": 2.1613177404173927,
    "ALP_0": 0.0488763944912006,
    "IL1b_ineffective": 102.813636576047,
    "IL1b_stim": 19.059790876320157,
    "IL8_favorable": 32.32331669620282,
    "maturity_t": 0.6154439565755311,
    "early_diff_very_fast": 0.851935429470842,
    "a_early_diff_stim": 18.458340959660212,
    "diff_time": 690.7344390069435,
    "a_Qiao_2021_ALP": 99.23900366350044
}