{
    "ALP_M_n": 6.276120144346731,
    "ALP_0": 0.46864382745451955,
    "IL1b_ineffective": 103.34449768415209,
    "IL1b_stim": 17.379089316684087,
    "IL8_favorable": 27.560424299749887,
    "maturity_t": 0.42222515462475957,
    "early_diff_very_fast": 0.9980245650589452,
    "a_early_diff_stim": 8.550362922732454,
    "diff_time": 851.0076571730935,
    "a_Qiao_2021_ALP": 84.67559032477617
}