{
    "ALP_M_n": 2.5836861579947303,
    "ALP_0": 0.1992513976652086,
    "IL1b_ineffective": 104.60748137905692,
    "IL1b_stim": 12.827024393801747,
    "IL8_favorable": 21.25643502165646,
    "maturity_t": 0.5653357338341473,
    "early_diff_very_fast": 0.9904949550604303,
    "a_early_diff_stim": 10.976023424083557,
    "diff_time": 832.8093364845263,
    "a_Qiao_2021_ALP": 82.46636239415807
}