{
    "ALP_M_n": 5.304884891014372,
    "ALP_0": 0.3550323559546156,
    "IL1b_ineffective": 104.36687467412878,
    "IL1b_stim": 13.857535320514293,
    "IL8_favorable": 22.360714949521764,
    "maturity_t": 0.4973822778920521,
    "early_diff_very_fast": 0.7043336601251682,
    "a_early_diff_stim": 15.157922695575136,
    "diff_time": 696.5646398983278,
    "a_Qiao_2021_ALP": 95.73245042515308
}