{
    "ALP_M_n": 4.777650141300092,
    "ALP_0": 0.15609863279485922,
    "IL1b_ineffective": 101.7484474834253,
    "IL1b_stim": 27.98192440960464,
    "IL8_favorable": 45.4590021847701,
    "maturity_t": 0.7812168418709884,
    "early_diff_very_fast": 0.9605564556206155,
    "a_early_diff_stim": 8.945834662013677,
    "diff_time": 387.85376245524924,
    "a_Qiao_2021_ALP": 56.147692347003115
}