{
    "ALP_M_n": 5.350437757760462,
    "ALP_0": 0.34883941891455644,
    "IL1b_ineffective": 107.28473665524368,
    "IL1b_stim": 8.998215938963368,
    "IL8_favorable": 14.41392518877089,
    "maturity_t": 0.5426205068289399,
    "early_diff_very_fast": 0.6761961695829243,
    "a_early_diff_stim": 10.611263377473767,
    "diff_time": 623.9879911991336,
    "a_Qiao_2021_ALP": 77.06255298592552
}