{
    "ALP_M_n": 2.471823431269534,
    "ALP_0": 0.16752389116660854,
    "IL1b_ineffective": 110.12593448549632,
    "IL1b_stim": 6.59461661327861,
    "IL8_favorable": 11.078988586742902,
    "maturity_t": 0.7785972027369308,
    "early_diff_very_fast": 0.6615960668839435,
    "a_early_diff_stim": 14.617609395422004,
    "diff_time": 556.0383974874592,
    "a_Qiao_2021_ALP": 47.0153100235424
}