{
    "ALP_M_n": 4.443666236819246,
    "ALP_0": 0.21275037098579372,
    "IL1b_ineffective": 102.93673692174707,
    "IL1b_stim": 18.981739254106213,
    "IL8_favorable": 30.97750829628018,
    "maturity_t": 0.5317262062609679,
    "early_diff_very_fast": 0.7759520129497594,
    "a_early_diff_stim": 14.12159223622121,
    "diff_time": 633.2735105916184,
    "a_Qiao_2021_ALP": 152.19303777943395
}