{
    "ALP_M_n": 6.711244318036649,
    "ALP_0": 0.5532302039962842,
    "IL1b_ineffective": 107.83711729094682,
    "IL1b_stim": 8.625468228414867,
    "IL8_favorable": 13.807551700382959,
    "maturity_t": 0.41620001557553793,
    "early_diff_very_fast": 0.6973942080786931,
    "a_early_diff_stim": 11.458783914800662,
    "diff_time": 886.6241533097975,
    "a_Qiao_2021_ALP": 50.498044360999906
}