{
    "ALP_M_n": 2.433036744912249,
    "ALP_0": 0.06712166205553133,
    "IL1b_ineffective": 103.35470901377042,
    "IL1b_stim": 16.81277859767235,
    "IL8_favorable": 28.208117783845953,
    "maturity_t": 0.4986499182038006,
    "early_diff_very_fast": 0.7752191255093726,
    "a_early_diff_stim": 19.50691871478295,
    "diff_time": 823.3842028208891,
    "a_Qiao_2021_ALP": 163.91431097883284
}