{
    "ALP_M_n": 6.348061894896099,
    "ALP_0": 0.7894210122215243,
    "IL1b_ineffective": 103.80951997556853,
    "IL1b_stim": 15.706457284366243,
    "IL8_favorable": 24.9650413903939,
    "maturity_t": 0.4608994849093397,
    "early_diff_very_fast": 0.947638415021702,
    "a_early_diff_stim": 13.433242791421549,
    "diff_time": 957.3912004514839,
    "a_Qiao_2021_ALP": 10.005831520579282
}