{
    "ALP_M_n": 5.675961441821578,
    "ALP_0": 0.31957967839735035,
    "IL1b_ineffective": 103.22191963153432,
    "IL1b_stim": 17.71708141585906,
    "IL8_favorable": 28.319445535981473,
    "maturity_t": 0.473699698353493,
    "early_diff_very_fast": 0.7680302200782843,
    "a_early_diff_stim": 12.969163306005948,
    "diff_time": 697.7305350854743,
    "a_Qiao_2021_ALP": 152.62910590083663
}