{
    "ALP_M_n": 2.6980646534651567,
    "ALP_0": 0.10182720406482756,
    "IL1b_ineffective": 103.78172275826617,
    "IL1b_stim": 15.209997109427995,
    "IL8_favorable": 25.115014781521914,
    "maturity_t": 0.5404073834632682,
    "early_diff_very_fast": 0.8770548917763852,
    "a_early_diff_stim": 12.240965621225998,
    "diff_time": 746.1180870406013,
    "a_Qiao_2021_ALP": 138.27725876376093
}