{
    "ALP_M_n": 4.6195581835889685,
    "ALP_0": 0.6341413627402601,
    "IL1b_ineffective": 104.99811162375082,
    "IL1b_stim": 12.400310629135447,
    "IL8_favorable": 20.073618353750945,
    "maturity_t": 0.5880475078566872,
    "early_diff_very_fast": 0.896317158886446,
    "a_early_diff_stim": 12.182022426909827,
    "diff_time": 757.1930015601628,
    "a_Qiao_2021_ALP": 16.228597336402313
}