{
    "ALP_M_n": 2.7037928226555463,
    "ALP_0": 0.2546278967464813,
    "IL1b_ineffective": 103.92040848558231,
    "IL1b_stim": 14.713496988210482,
    "IL8_favorable": 24.4280727636025,
    "maturity_t": 0.5535286350830494,
    "early_diff_very_fast": 0.8991235273547463,
    "a_early_diff_stim": 16.965581353942994,
    "diff_time": 892.0685289563035,
    "a_Qiao_2021_ALP": 72.93653282655211
}