{
    "ALP_M_n": 4.734394205904168,
    "ALP_0": 0.30929189338929675,
    "IL1b_ineffective": 103.75182984006584,
    "IL1b_stim": 15.643174998651277,
    "IL8_favorable": 25.35568865599017,
    "maturity_t": 0.4299734036619533,
    "early_diff_very_fast": 0.7202979737889117,
    "a_early_diff_stim": 18.651136560609018,
    "diff_time": 860.5606909622716,
    "a_Qiao_2021_ALP": 171.50357349708742
}