{
    "ALP_M_n": 2.6272720216013994,
    "ALP_0": 0.39826316317320665,
    "IL1b_ineffective": 109.05857148572129,
    "IL1b_stim": 7.28633516862754,
    "IL8_favorable": 12.107111240343741,
    "maturity_t": 0.7682047499718069,
    "early_diff_very_fast": 0.8416999867624455,
    "a_early_diff_stim": 11.462677894175105,
    "diff_time": 714.5578341306066,
    "a_Qiao_2021_ALP": 28.020079854977922
}