{
    "ALP_M_n": 4.125788508862913,
    "ALP_0": 0.34510798250804725,
    "IL1b_ineffective": 105.15804489028795,
    "IL1b_stim": 11.996956388998159,
    "IL8_favorable": 19.498224091191954,
    "maturity_t": 0.4185942742745058,
    "early_diff_very_fast": 0.7911380518722345,
    "a_early_diff_stim": 15.047640519250653,
    "diff_time": 1028.2334472237126,
    "a_Qiao_2021_ALP": 124.68504512117016
}