{
    "ALP_M_n": 2.680201730428841,
    "ALP_0": 0.16776860435132643,
    "IL1b_ineffective": 108.96349258505747,
    "IL1b_stim": 7.216360312790229,
    "IL8_favorable": 12.088667998049061,
    "maturity_t": 0.7663653193635023,
    "early_diff_very_fast": 0.9301497541243201,
    "a_early_diff_stim": 5.412119605788826,
    "diff_time": 539.151423787343,
    "a_Qiao_2021_ALP": 50.00034761140406
}