{
    "ALP_M_n": 2.0944069003936985,
    "ALP_0": 0.17115550574914049,
    "IL1b_ineffective": 105.8746005197017,
    "IL1b_stim": 10.39059054341488,
    "IL8_favorable": 17.68945982071847,
    "maturity_t": 0.6141432279718966,
    "early_diff_very_fast": 0.8081117251407687,
    "a_early_diff_stim": 17.447615113765988,
    "diff_time": 870.6250272393322,
    "a_Qiao_2021_ALP": 68.01794276583546
}