{
    "ALP_M_n": 2.9951073455347306,
    "ALP_0": 0.1567318261913768,
    "IL1b_ineffective": 104.39605268644462,
    "IL1b_stim": 13.493102960890628,
    "IL8_favorable": 22.322527337946784,
    "maturity_t": 0.6688192764626018,
    "early_diff_very_fast": 0.8237799855299255,
    "a_early_diff_stim": 11.64470167379088,
    "diff_time": 573.8526695918722,
    "a_Qiao_2021_ALP": 72.80179006190232
}