{
    "ALP_M_n": 4.062014291634173,
    "ALP_0": 0.3747621308371168,
    "IL1b_ineffective": 102.29574222955733,
    "IL1b_stim": 22.463608336364324,
    "IL8_favorable": 37.12313156220579,
    "maturity_t": 0.5068628731009465,
    "early_diff_very_fast": 0.8993149108335015,
    "a_early_diff_stim": 19.173339918861434,
    "diff_time": 829.340795590683,
    "a_Qiao_2021_ALP": 69.64468637377628
}