{
    "ALP_M_n": 2.172437510052447,
    "ALP_0": 0.039745436447272214,
    "IL1b_ineffective": 104.85421822327794,
    "IL1b_stim": 12.144374276169938,
    "IL8_favorable": 20.855246702131176,
    "maturity_t": 0.5253519978093831,
    "early_diff_very_fast": 0.9003259590740448,
    "a_early_diff_stim": 10.276193737748091,
    "diff_time": 821.2985804087576,
    "a_Qiao_2021_ALP": 147.4772243566946
}