{
    "ALP_M_n": 6.853719178437697,
    "ALP_0": 0.4575827304122768,
    "IL1b_ineffective": 102.02203790405629,
    "IL1b_stim": 25.572328737780815,
    "IL8_favorable": 40.728857552050606,
    "maturity_t": 0.4682174330569397,
    "early_diff_very_fast": 0.8011802407971084,
    "a_early_diff_stim": 16.73306361746973,
    "diff_time": 716.7352030482336,
    "a_Qiao_2021_ALP": 73.13853888009876
}