{
    "ALP_M_n": 3.464543247618407,
    "ALP_0": 0.18587291082193885,
    "IL1b_ineffective": 105.55335881627077,
    "IL1b_stim": 11.170518047324357,
    "IL8_favorable": 18.28469858238519,
    "maturity_t": 0.6786025854789608,
    "early_diff_very_fast": 0.8594244165325045,
    "a_early_diff_stim": 7.529300515135476,
    "diff_time": 531.4882255082026,
    "a_Qiao_2021_ALP": 67.93385493077687
}