{
    "ALP_M_n": 1.6354493325038721,
    "ALP_0": 0.13002731159856093,
    "IL1b_ineffective": 123.68826522846052,
    "IL1b_stim": 3.174880437860553,
    "IL8_favorable": 5.517000775775884,
    "maturity_t": 0.6230892825617699,
    "early_diff_very_fast": 0.9221787766724066,
    "a_early_diff_stim": 5.171151695969186,
    "diff_time": 1044.1952969585798,
    "a_Qiao_2021_ALP": 65.18866950500608
}