{
    "ALP_M_n": 6.481886667032862,
    "ALP_0": 0.3670322511779212,
    "IL1b_ineffective": 104.04298444132755,
    "IL1b_stim": 14.850515767853366,
    "IL8_favorable": 23.68850533769089,
    "maturity_t": 0.49440159578693854,
    "early_diff_very_fast": 0.9355918395010903,
    "a_early_diff_stim": 6.037649878047979,
    "diff_time": 655.2421602267838,
    "a_Qiao_2021_ALP": 114.50573173023102
}