{
    "ALP_M_n": 4.002815736812216,
    "ALP_0": 0.3703483276182144,
    "IL1b_ineffective": 106.95647520198457,
    "IL1b_stim": 9.173372942843129,
    "IL8_favorable": 15.017328735034567,
    "maturity_t": 0.43937672854272536,
    "early_diff_very_fast": 0.8089162434557419,
    "a_early_diff_stim": 11.732846814895861,
    "diff_time": 1024.3120363864136,
    "a_Qiao_2021_ALP": 96.5360099747978
}