{
    "ALP_M_n": 2.866466345843005,
    "ALP_0": 0.07044479056305306,
    "IL1b_ineffective": 101.9527084235206,
    "IL1b_stim": 25.674466543166332,
    "IL8_favorable": 42.66866012837024,
    "maturity_t": 0.6693115441872666,
    "early_diff_very_fast": 0.8520070072523304,
    "a_early_diff_stim": 18.037159493965262,
    "diff_time": 551.7644987603396,
    "a_Qiao_2021_ALP": 100.672561926425
}