{
    "ALP_M_n": 3.2933311063183437,
    "ALP_0": 0.3322879642576817,
    "IL1b_ineffective": 104.30353926221056,
    "IL1b_stim": 13.710866946884614,
    "IL8_favorable": 22.696088285357902,
    "maturity_t": 0.48080811663713663,
    "early_diff_very_fast": 0.9003687479515077,
    "a_early_diff_stim": 15.51926337203282,
    "diff_time": 1010.6416675050116,
    "a_Qiao_2021_ALP": 81.20108978838167
}