{
    "ALP_M_n": 6.439955189643435,
    "ALP_0": 0.34896364780912686,
    "IL1b_ineffective": 101.90185382907971,
    "IL1b_stim": 26.591690538272502,
    "IL8_favorable": 42.57808328237448,
    "maturity_t": 0.43947898137139507,
    "early_diff_very_fast": 0.7470793299982739,
    "a_early_diff_stim": 19.86924308355946,
    "diff_time": 734.9710187809361,
    "a_Qiao_2021_ALP": 189.48716598037646
}