{
    "ALP_M_n": 3.765648654055171,
    "ALP_0": 0.3422896001320135,
    "IL1b_ineffective": 103.75082875240989,
    "IL1b_stim": 15.560154087783207,
    "IL8_favorable": 25.253247661501074,
    "maturity_t": 0.5717399979577048,
    "early_diff_very_fast": 0.7625983683314534,
    "a_early_diff_stim": 19.276606154002284,
    "diff_time": 716.862008976275,
    "a_Qiao_2021_ALP": 57.818961655075235
}