{
    "ALP_M_n": 6.69082002293481,
    "ALP_0": 0.5292467087723131,
    "IL1b_ineffective": 102.82605304048155,
    "IL1b_stim": 19.854614076094613,
    "IL8_favorable": 31.58607902902991,
    "maturity_t": 0.44775486870093156,
    "early_diff_very_fast": 0.8049891778412969,
    "a_early_diff_stim": 15.308552452389684,
    "diff_time": 788.8576289260963,
    "a_Qiao_2021_ALP": 47.90632102085823
}