{
    "ALP_M_n": 5.368677082058519,
    "ALP_0": 0.46431140984933084,
    "IL1b_ineffective": 103.92655479814076,
    "IL1b_stim": 15.043901748026391,
    "IL8_favorable": 23.860840235655623,
    "maturity_t": 0.5635350735598337,
    "early_diff_very_fast": 0.7892642061882769,
    "a_early_diff_stim": 12.699421130197532,
    "diff_time": 635.9318642004448,
    "a_Qiao_2021_ALP": 35.49180535435492
}