{
    "ALP_M_n": 2.6337455125065614,
    "ALP_0": 0.5240542442231888,
    "IL1b_ineffective": 111.9720156160669,
    "IL1b_stim": 5.8126826096737645,
    "IL8_favorable": 9.368886544097997,
    "maturity_t": 0.711355075220809,
    "early_diff_very_fast": 0.9171574027101519,
    "a_early_diff_stim": 10.767098420819508,
    "diff_time": 960.2763501339675,
    "a_Qiao_2021_ALP": 23.550041655110444
}