{
    "ALP_M_n": 2.262162171721978,
    "ALP_0": 0.16603313216857207,
    "IL1b_ineffective": 106.09581839105554,
    "IL1b_stim": 10.163257016539731,
    "IL8_favorable": 17.13846152317796,
    "maturity_t": 0.499913082447476,
    "early_diff_very_fast": 0.8504448075013712,
    "a_early_diff_stim": 14.650333470378744,
    "diff_time": 1047.3263656629645,
    "a_Qiao_2021_ALP": 102.84735315092175
}