{
    "ALP_M_n": 2.359058658621696,
    "ALP_0": 0.1381521400791337,
    "IL1b_ineffective": 112.05757904372328,
    "IL1b_stim": 5.625712116440203,
    "IL8_favorable": 9.417827335888965,
    "maturity_t": 0.6173572585172128,
    "early_diff_very_fast": 0.8113939560012942,
    "a_early_diff_stim": 6.999984219570476,
    "diff_time": 733.2784563652858,
    "a_Qiao_2021_ALP": 79.43705643039637
}