{
    "ALP_M_n": 5.2079765338741835,
    "ALP_0": 0.39790867875310665,
    "IL1b_ineffective": 104.50566731084065,
    "IL1b_stim": 13.584759873851208,
    "IL8_favorable": 21.667037814689184,
    "maturity_t": 0.41084083335465615,
    "early_diff_very_fast": 0.7987708318980877,
    "a_early_diff_stim": 13.127541618321608,
    "diff_time": 937.870538635763,
    "a_Qiao_2021_ALP": 123.84720670934823
}