{
    "ALP_M_n": 5.403762727107051,
    "ALP_0": 0.5227439743050879,
    "IL1b_ineffective": 102.94064566402837,
    "IL1b_stim": 19.07344018285164,
    "IL8_favorable": 30.667492638067475,
    "maturity_t": 0.4339983213069863,
    "early_diff_very_fast": 0.8854162230660928,
    "a_early_diff_stim": 16.66315357547428,
    "diff_time": 950.2152647348238,
    "a_Qiao_2021_ALP": 52.067084388783115
}