{
    "ALP_M_n": 1.807091407158631,
    "ALP_0": 0.13084390248954683,
    "IL1b_ineffective": 108.72890952392669,
    "IL1b_stim": 7.357098722106588,
    "IL8_favorable": 12.603101203691814,
    "maturity_t": 0.7122713478588553,
    "early_diff_very_fast": 0.749271368906594,
    "a_early_diff_stim": 16.107606798534192,
    "diff_time": 789.6852685120805,
    "a_Qiao_2021_ALP": 56.49082921641899
}