{
    "ALP_M_n": 3.5390909282869365,
    "ALP_0": 0.3882419182218631,
    "IL1b_ineffective": 106.00418251602477,
    "IL1b_stim": 10.385741870168916,
    "IL8_favorable": 17.022500045601262,
    "maturity_t": 0.58601762542396,
    "early_diff_very_fast": 0.7774779600818903,
    "a_early_diff_stim": 14.76054305258895,
    "diff_time": 782.1972949226162,
    "a_Qiao_2021_ALP": 46.75846843530855
}