{
    "ALP_M_n": 2.9364426808020108,
    "ALP_0": 0.1866440558185384,
    "IL1b_ineffective": 103.52664067579664,
    "IL1b_stim": 16.15952145353342,
    "IL8_favorable": 26.986014461072457,
    "maturity_t": 0.5136688445269446,
    "early_diff_very_fast": 0.836802627168236,
    "a_early_diff_stim": 16.805770775277818,
    "diff_time": 829.8557272697144,
    "a_Qiao_2021_ALP": 117.0694481864517
}