{
    "ALP_M_n": 4.978529053948754,
    "ALP_0": 0.5327084916977282,
    "IL1b_ineffective": 109.10948413125999,
    "IL1b_stim": 7.532878568501145,
    "IL8_favorable": 12.109735666414167,
    "maturity_t": 0.4334841964734907,
    "early_diff_very_fast": 0.8581899325048776,
    "a_early_diff_stim": 8.299536407237573,
    "diff_time": 1032.9916870768382,
    "a_Qiao_2021_ALP": 48.656925740732405
}