{
    "ALP_M_n": 1.553533679452645,
    "ALP_0": 0.025773676573358,
    "IL1b_ineffective": 107.10090150149887,
    "IL1b_stim": 8.589987535077402,
    "IL8_favorable": 15.14178208442955,
    "maturity_t": 0.7077551838107188,
    "early_diff_very_fast": 0.8293506365650598,
    "a_early_diff_stim": 12.767557693926813,
    "diff_time": 745.757811082415,
    "a_Qiao_2021_ALP": 66.42717792012468
}