{
    "ALP_M_n": 5.693052516556166,
    "ALP_0": 0.49582803203236353,
    "IL1b_ineffective": 104.62126520923665,
    "IL1b_stim": 13.145939747139876,
    "IL8_favorable": 21.103795047854753,
    "maturity_t": 0.38720184062115304,
    "early_diff_very_fast": 0.9433353624898583,
    "a_early_diff_stim": 9.810900330336358,
    "diff_time": 1058.291436380112,
    "a_Qiao_2021_ALP": 83.84996382953813
}