{
    "ALP_M_n": 1.8132717314511353,
    "ALP_0": 0.07862665036127404,
    "IL1b_ineffective": 104.83988963569288,
    "IL1b_stim": 11.981025622874482,
    "IL8_favorable": 20.745399613659224,
    "maturity_t": 0.5946277251826217,
    "early_diff_very_fast": 0.8146529843467847,
    "a_early_diff_stim": 18.505869472387946,
    "diff_time": 878.368266252029,
    "a_Qiao_2021_ALP": 84.86393464234042
}