{
    "ALP_M_n": 1.9788768846394225,
    "ALP_0": 0.11562253691768674,
    "IL1b_ineffective": 107.01971008286635,
    "IL1b_stim": 8.81769345413835,
    "IL8_favorable": 15.053447396412459,
    "maturity_t": 0.7566040118164508,
    "early_diff_very_fast": 0.7642237639211581,
    "a_early_diff_stim": 14.70629806610096,
    "diff_time": 646.746275763361,
    "a_Qiao_2021_ALP": 53.73672056036139
}