{
    "ALP_M_n": 6.794286649815231,
    "ALP_0": 0.5184118393659883,
    "IL1b_ineffective": 102.95311877406282,
    "IL1b_stim": 19.087988516504623,
    "IL8_favorable": 30.557816421639963,
    "maturity_t": 0.44832460249176725,
    "early_diff_very_fast": 0.7348593748430486,
    "a_early_diff_stim": 18.412553939018363,
    "diff_time": 775.1983410789958,
    "a_Qiao_2021_ALP": 51.594677463802384
}