{
    "ALP_M_n": 3.910365164199773,
    "ALP_0": 0.34707227687011194,
    "IL1b_ineffective": 103.49083630623501,
    "IL1b_stim": 16.51103926716705,
    "IL8_favorable": 26.87817479197613,
    "maturity_t": 0.4403331532739373,
    "early_diff_very_fast": 0.8278156441830435,
    "a_early_diff_stim": 19.175205972949062,
    "diff_time": 1004.2977019555836,
    "a_Qiao_2021_ALP": 104.90980988315694
}