{
    "ALP_M_n": 3.8383037647517706,
    "ALP_0": 0.25311137151890656,
    "IL1b_ineffective": 104.31262243216159,
    "IL1b_stim": 13.907913029344458,
    "IL8_favorable": 22.6420228380511,
    "maturity_t": 0.4218425236534703,
    "early_diff_very_fast": 0.7830858123521498,
    "a_early_diff_stim": 15.532904934762783,
    "diff_time": 955.8143447247377,
    "a_Qiao_2021_ALP": 185.38803014940981
}