{
    "ALP_M_n": 5.7290653749414835,
    "ALP_0": 0.4225863094951211,
    "IL1b_ineffective": 102.04304997401707,
    "IL1b_stim": 25.225621925635036,
    "IL8_favorable": 40.48199539880169,
    "maturity_t": 0.6118995136791493,
    "early_diff_very_fast": 0.8244978861520189,
    "a_early_diff_stim": 15.309126882725662,
    "diff_time": 545.528373207379,
    "a_Qiao_2021_ALP": 34.778332565537724
}