{
    "ALP_M_n": 1.8166924294043119,
    "ALP_0": 0.10173431271378819,
    "IL1b_ineffective": 120.55963119146887,
    "IL1b_stim": 3.6067104756007797,
    "IL8_favorable": 6.203484890409818,
    "maturity_t": 0.6324304162051516,
    "early_diff_very_fast": 0.7193589692535282,
    "a_early_diff_stim": 8.398362723732172,
    "diff_time": 847.8409979289244,
    "a_Qiao_2021_ALP": 71.87796275879295
}