{
    "ALP_M_n": 3.5157332736295777,
    "ALP_0": 0.21890144018156238,
    "IL1b_ineffective": 103.99764951569315,
    "IL1b_stim": 14.594720595319902,
    "IL8_favorable": 23.82174048262554,
    "maturity_t": 0.45479319016906516,
    "early_diff_very_fast": 0.8411934859649137,
    "a_early_diff_stim": 13.309796230265428,
    "diff_time": 882.5759148491752,
    "a_Qiao_2021_ALP": 164.38490380566807
}