{
    "ALP_M_n": 2.8911756372921444,
    "ALP_0": 0.16635661295998905,
    "IL1b_ineffective": 102.0995679660445,
    "IL1b_stim": 24.412761641069814,
    "IL8_favorable": 40.40492265082999,
    "maturity_t": 0.552933332869877,
    "early_diff_very_fast": 0.9561013181644338,
    "a_early_diff_stim": 17.492556815754263,
    "diff_time": 745.3967589828857,
    "a_Qiao_2021_ALP": 106.29174945545826
}