{
    "ALP_M_n": 6.23054498879674,
    "ALP_0": 0.48855797171412507,
    "IL1b_ineffective": 102.26554431116983,
    "IL1b_stim": 23.30589228494882,
    "IL8_favorable": 37.486999005295374,
    "maturity_t": 0.4336453830870445,
    "early_diff_very_fast": 0.7944565884688914,
    "a_early_diff_stim": 19.96477983474239,
    "diff_time": 836.4423607609318,
    "a_Qiao_2021_ALP": 67.90983867132367
}