{
    "ALP_M_n": 5.981700936366256,
    "ALP_0": 0.4573524661183247,
    "IL1b_ineffective": 108.98607152943846,
    "IL1b_stim": 7.644573120219933,
    "IL8_favorable": 12.407717498242398,
    "maturity_t": 0.39802412444394564,
    "early_diff_very_fast": 0.6129380719487733,
    "a_early_diff_stim": 18.515012025785598,
    "diff_time": 951.8115612983148,
    "a_Qiao_2021_ALP": 106.40048994188163
}