{
    "ALP_M_n": 3.1153203575781965,
    "ALP_0": 0.14638348321466402,
    "IL1b_ineffective": 105.27166356651921,
    "IL1b_stim": 11.650086495962046,
    "IL8_favorable": 19.277536672930957,
    "maturity_t": 0.46981610901684007,
    "early_diff_very_fast": 0.8276756469191395,
    "a_early_diff_stim": 10.596352812586614,
    "diff_time": 839.8397014557428,
    "a_Qiao_2021_ALP": 185.80759593660133
}