{
    "ALP_M_n": 3.761820163815303,
    "ALP_0": 0.26455051397274065,
    "IL1b_ineffective": 103.2671907466382,
    "IL1b_stim": 17.577033369792705,
    "IL8_favorable": 28.518383754539002,
    "maturity_t": 0.4168790461848036,
    "early_diff_very_fast": 0.8501199988101247,
    "a_early_diff_stim": 16.952194187921606,
    "diff_time": 1001.9617680075893,
    "a_Qiao_2021_ALP": 173.9295091614376
}