{
    "ALP_M_n": 4.001687574404677,
    "ALP_0": 0.4171511860088661,
    "IL1b_ineffective": 104.52328292058874,
    "IL1b_stim": 13.388759193927852,
    "IL8_favorable": 21.643275437310148,
    "maturity_t": 0.5285241321532826,
    "early_diff_very_fast": 0.7527411551546038,
    "a_early_diff_stim": 19.563401826203123,
    "diff_time": 819.5157198324946,
    "a_Qiao_2021_ALP": 51.26920421668369
}