{
    "ALP_M_n": 1.8670562035136895,
    "ALP_0": 0.09748705258673249,
    "IL1b_ineffective": 116.16438061151598,
    "IL1b_stim": 4.402875240927338,
    "IL8_favorable": 7.517581735774556,
    "maturity_t": 0.5298404997280135,
    "early_diff_very_fast": 0.7802614217544228,
    "a_early_diff_stim": 8.112735723198366,
    "diff_time": 1020.5011139652789,
    "a_Qiao_2021_ALP": 98.46484105221357
}