{
    "ALP_M_n": 1.290759349095502,
    "ALP_0": 0.08118308114390756,
    "IL1b_ineffective": 124.20217260483203,
    "IL1b_stim": 3.0633363890735623,
    "IL8_favorable": 5.52849400806825,
    "maturity_t": 0.763248440562498,
    "early_diff_very_fast": 0.7087932832720452,
    "a_early_diff_stim": 11.800186528152611,
    "diff_time": 1032.6485563554152,
    "a_Qiao_2021_ALP": 54.346070080570215
}