{
    "ALP_M_n": 2.8287695154669406,
    "ALP_0": 0.6163606283386986,
    "IL1b_ineffective": 105.85486578066819,
    "IL1b_stim": 10.63911690550313,
    "IL8_favorable": 17.64956214801385,
    "maturity_t": 0.7042320458588609,
    "early_diff_very_fast": 0.9755761262796815,
    "a_early_diff_stim": 18.794774670798375,
    "diff_time": 1038.3906134473054,
    "a_Qiao_2021_ALP": 19.014852084489206
}