{
    "ALP_M_n": 4.9426296142008015,
    "ALP_0": 0.744378192305804,
    "IL1b_ineffective": 105.2769456838433,
    "IL1b_stim": 11.816689994265761,
    "IL8_favorable": 19.088835420865852,
    "maturity_t": 0.5035677131830089,
    "early_diff_very_fast": 0.8274577167501982,
    "a_early_diff_stim": 18.165545578590873,
    "diff_time": 1014.8531053853441,
    "a_Qiao_2021_ALP": 13.719043728502308
}