{
    "ALP_M_n": 2.976966033111342,
    "ALP_0": 0.3491062824777452,
    "IL1b_ineffective": 102.56728869884785,
    "IL1b_stim": 20.839930777296967,
    "IL8_favorable": 34.64115056411626,
    "maturity_t": 0.7167324145507027,
    "early_diff_very_fast": 0.945981264373036,
    "a_early_diff_stim": 19.069017173980633,
    "diff_time": 644.3487693902227,
    "a_Qiao_2021_ALP": 34.061422446825524
}