{
    "ALP_M_n": 5.686466517404689,
    "ALP_0": 0.4379513385664344,
    "IL1b_ineffective": 102.24854664848016,
    "IL1b_stim": 23.485152737880572,
    "IL8_favorable": 38.07062411726727,
    "maturity_t": 0.4967729662009881,
    "early_diff_very_fast": 0.9488730347220378,
    "a_early_diff_stim": 12.504308798486846,
    "diff_time": 713.233848726326,
    "a_Qiao_2021_ALP": 60.61660504142926
}