{
    "ALP_M_n": 3.3464232800871043,
    "ALP_0": 0.10843125668003022,
    "IL1b_ineffective": 107.17360016681856,
    "IL1b_stim": 8.978759515151483,
    "IL8_favorable": 14.861932281340898,
    "maturity_t": 0.5288601330466427,
    "early_diff_very_fast": 0.7503005707882291,
    "a_early_diff_stim": 8.427043642040207,
    "diff_time": 673.1479721012926,
    "a_Qiao_2021_ALP": 186.33338576711398
}