{
    "ALP_M_n": 7.923354031976688,
    "ALP_0": 0.5167773845709638,
    "IL1b_ineffective": 102.29018480251302,
    "IL1b_stim": 23.1323862652906,
    "IL8_favorable": 36.76558003547838,
    "maturity_t": 0.34791094768785447,
    "early_diff_very_fast": 0.808210629635507,
    "a_early_diff_stim": 17.319463533567298,
    "diff_time": 1008.9724937303871,
    "a_Qiao_2021_ALP": 131.82025223951013
}