{
    "ALP_M_n": 3.5269587476232274,
    "ALP_0": 0.7842468517505954,
    "IL1b_ineffective": 112.51937245248122,
    "IL1b_stim": 5.642393711383297,
    "IL8_favorable": 9.31905650543137,
    "maturity_t": 0.6810837359755193,
    "early_diff_very_fast": 0.7464071940196098,
    "a_early_diff_stim": 16.99147476032497,
    "diff_time": 972.7479359421163,
    "a_Qiao_2021_ALP": 10.781848922856309
}