{
    "ALP_M_n": 4.465119034489264,
    "ALP_0": 0.5350001902069736,
    "IL1b_ineffective": 103.78951900167527,
    "IL1b_stim": 15.40869485033465,
    "IL8_favorable": 25.049913671737276,
    "maturity_t": 0.49868230808423414,
    "early_diff_very_fast": 0.8779782774293875,
    "a_early_diff_stim": 16.934683378701795,
    "diff_time": 921.5832263204677,
    "a_Qiao_2021_ALP": 35.46406569495903
}