{
    "ALP_M_n": 3.6717519335337827,
    "ALP_0": 0.24761422034707659,
    "IL1b_ineffective": 106.46330208012654,
    "IL1b_stim": 9.836589404688866,
    "IL8_favorable": 16.06500398739027,
    "maturity_t": 0.419913312422713,
    "early_diff_very_fast": 0.7482696857232092,
    "a_early_diff_stim": 13.222196615461906,
    "diff_time": 985.4982644331019,
    "a_Qiao_2021_ALP": 180.83790567450487
}