{
    "ALP_M_n": 9.619357317794655,
    "ALP_0": 0.36865075184676765,
    "IL1b_ineffective": 102.64070217937531,
    "IL1b_stim": 21.32296279403862,
    "IL8_favorable": 34.32085723377374,
    "maturity_t": 0.5027749125051889,
    "early_diff_very_fast": 0.6224852365490793,
    "a_early_diff_stim": 18.805024755630733,
    "diff_time": 560.4706522961068,
    "a_Qiao_2021_ALP": 167.0875295919243
}