{
    "ALP_M_n": 2.3437087810510087,
    "ALP_0": 0.16510798281057767,
    "IL1b_ineffective": 106.46687779720718,
    "IL1b_stim": 9.661038641782577,
    "IL8_favorable": 16.41822735516061,
    "maturity_t": 0.5144354292225906,
    "early_diff_very_fast": 0.8323419075237564,
    "a_early_diff_stim": 13.512462481737957,
    "diff_time": 970.6833778671788,
    "a_Qiao_2021_ALP": 101.39539166743192
}