{
    "ALP_M_n": 4.4828553383039065,
    "ALP_0": 0.5047639580011734,
    "IL1b_ineffective": 102.55711559126074,
    "IL1b_stim": 21.340964277647778,
    "IL8_favorable": 35.37115460268155,
    "maturity_t": 0.5572417585424922,
    "early_diff_very_fast": 0.8828357670467276,
    "a_early_diff_stim": 19.213095505207047,
    "diff_time": 752.1931059497786,
    "a_Qiao_2021_ALP": 31.308405177036324
}