{
    "ALP_M_n": 2.1063768538368994,
    "ALP_0": 0.06584895187343637,
    "IL1b_ineffective": 105.08488563627562,
    "IL1b_stim": 11.835122758205987,
    "IL8_favorable": 19.83813653354106,
    "maturity_t": 0.4877387179320599,
    "early_diff_very_fast": 0.7680814656233774,
    "a_early_diff_stim": 17.21503631230047,
    "diff_time": 944.1699787856021,
    "a_Qiao_2021_ALP": 144.3186167057588
}