{
    "ALP_M_n": 3.375029489462969,
    "ALP_0": 0.20152893913368006,
    "IL1b_ineffective": 103.85633434314744,
    "IL1b_stim": 15.084486854702227,
    "IL8_favorable": 24.98600010426795,
    "maturity_t": 0.5353671883531685,
    "early_diff_very_fast": 0.9146976409302809,
    "a_early_diff_stim": 10.605750035411827,
    "diff_time": 725.9485236154502,
    "a_Qiao_2021_ALP": 114.89247444270217
}