{
    "ALP_M_n": 2.2595876768027283,
    "ALP_0": 0.07044590211380036,
    "IL1b_ineffective": 104.10132637434536,
    "IL1b_stim": 13.995930694983606,
    "IL8_favorable": 23.742597389428376,
    "maturity_t": 0.5127082038555354,
    "early_diff_very_fast": 0.8557937810809008,
    "a_early_diff_stim": 14.224326254971826,
    "diff_time": 870.4827283967452,
    "a_Qiao_2021_ALP": 145.84832586059645
}