{
    "ALP_M_n": 4.335512383252319,
    "ALP_0": 0.22736972153936535,
    "IL1b_ineffective": 102.92097322683843,
    "IL1b_stim": 19.03647280264901,
    "IL8_favorable": 30.65598697341719,
    "maturity_t": 0.5579255380581503,
    "early_diff_very_fast": 0.8704324488903765,
    "a_early_diff_stim": 10.980240454496654,
    "diff_time": 613.6126554521098,
    "a_Qiao_2021_ALP": 117.23480682300341
}