{
    "ALP_M_n": 3.73137582983544,
    "ALP_0": 0.28885199335824485,
    "IL1b_ineffective": 103.30050991895229,
    "IL1b_stim": 17.213142666599502,
    "IL8_favorable": 28.024973074708587,
    "maturity_t": 0.637561598011076,
    "early_diff_very_fast": 0.741166391521045,
    "a_early_diff_stim": 19.757447923481788,
    "diff_time": 596.192210639578,
    "a_Qiao_2021_ALP": 54.53049532137942
}