{
    "ALP_M_n": 4.310010475758075,
    "ALP_0": 0.4939213529552304,
    "IL1b_ineffective": 104.30792612685693,
    "IL1b_stim": 13.89424435537009,
    "IL8_favorable": 22.344204731546892,
    "maturity_t": 0.5669301551368958,
    "early_diff_very_fast": 0.8172702042211716,
    "a_early_diff_stim": 15.433769696594528,
    "diff_time": 749.3070173712343,
    "a_Qiao_2021_ALP": 31.78427198783755
}