{
    "ALP_M_n": 6.059719308299817,
    "ALP_0": 0.6471355503450008,
    "IL1b_ineffective": 104.71639194079305,
    "IL1b_stim": 13.037848270715534,
    "IL8_favorable": 20.959007011031186,
    "maturity_t": 0.4310923545731996,
    "early_diff_very_fast": 0.8985342000069223,
    "a_early_diff_stim": 11.54919887741199,
    "diff_time": 977.6888823505211,
    "a_Qiao_2021_ALP": 25.975741420737556
}