{
    "ALP_M_n": 3.7777364654834384,
    "ALP_0": 0.3936890638580963,
    "IL1b_ineffective": 112.0076433583634,
    "IL1b_stim": 5.8471837891700496,
    "IL8_favorable": 9.434480859004445,
    "maturity_t": 0.5639730087406416,
    "early_diff_very_fast": 0.6858049178292298,
    "a_early_diff_stim": 11.533612964469278,
    "diff_time": 776.2898309635608,
    "a_Qiao_2021_ALP": 49.39729608741006
}