{
    "ALP_M_n": 4.865595952234885,
    "ALP_0": 0.1569614987107175,
    "IL1b_ineffective": 103.52685368302132,
    "IL1b_stim": 16.309086284761655,
    "IL8_favorable": 26.308311873288222,
    "maturity_t": 0.6435914383314337,
    "early_diff_very_fast": 0.6494139719928934,
    "a_early_diff_stim": 16.651739276656887,
    "diff_time": 475.0018879401732,
    "a_Qiao_2021_ALP": 121.01767631670737
}