{
    "ALP_M_n": 3.4760547521559477,
    "ALP_0": 0.25447900538137436,
    "IL1b_ineffective": 103.5826856115908,
    "IL1b_stim": 15.916355943123067,
    "IL8_favorable": 25.504778033650002,
    "maturity_t": 0.5051158940136419,
    "early_diff_very_fast": 0.8949255389557274,
    "a_early_diff_stim": 13.121271692047518,
    "diff_time": 820.7114810915916,
    "a_Qiao_2021_ALP": 108.40829904358687
}