{
    "ALP_M_n": 3.024367457795343,
    "ALP_0": 0.15901654146358965,
    "IL1b_ineffective": 103.33260988840804,
    "IL1b_stim": 16.963465148050435,
    "IL8_favorable": 28.11064256611604,
    "maturity_t": 0.5705552678038163,
    "early_diff_very_fast": 0.7868913997013091,
    "a_early_diff_stim": 17.552261189350332,
    "diff_time": 689.6866327922248,
    "a_Qiao_2021_ALP": 106.39382133705593
}