{
    "ALP_M_n": 5.872342786637678,
    "ALP_0": 0.45014948289139123,
    "IL1b_ineffective": 105.28419528519868,
    "IL1b_stim": 11.90895504851119,
    "IL8_favorable": 19.099538305530803,
    "maturity_t": 0.36681954430730473,
    "early_diff_very_fast": 0.7408717069374908,
    "a_early_diff_stim": 14.70607563337827,
    "diff_time": 1062.9696203379672,
    "a_Qiao_2021_ALP": 134.3824983023389
}