{
    "ALP_M_n": 3.8970420578061558,
    "ALP_0": 0.3271827463271901,
    "IL1b_ineffective": 103.79317030122239,
    "IL1b_stim": 15.679640247806855,
    "IL8_favorable": 25.58468352699164,
    "maturity_t": 0.5199097571316308,
    "early_diff_very_fast": 0.8536210692181115,
    "a_early_diff_stim": 14.207529280907584,
    "diff_time": 783.7129577090938,
    "a_Qiao_2021_ALP": 79.08316521412364
}