{
    "ALP_M_n": 3.2918367914421967,
    "ALP_0": 0.45073666698931897,
    "IL1b_ineffective": 106.3646813771152,
    "IL1b_stim": 9.895993443176657,
    "IL8_favorable": 16.162330807941615,
    "maturity_t": 0.7122874304752055,
    "early_diff_very_fast": 0.9956767506932053,
    "a_early_diff_stim": 8.453408707357367,
    "diff_time": 656.4031618541998,
    "a_Qiao_2021_ALP": 24.93885534153005
}