{
    "ALP_M_n": 3.6894244349447263,
    "ALP_0": 0.22567352025232051,
    "IL1b_ineffective": 101.82707317272289,
    "IL1b_stim": 27.07914904426118,
    "IL8_favorable": 44.371816463825525,
    "maturity_t": 0.5309179708599248,
    "early_diff_very_fast": 0.9444013453823148,
    "a_early_diff_stim": 16.48893911931655,
    "diff_time": 712.9250800465614,
    "a_Qiao_2021_ALP": 116.0305793627082
}