{
    "ALP_M_n": 3.953884946391536,
    "ALP_0": 0.22856195660429027,
    "IL1b_ineffective": 102.36757872671774,
    "IL1b_stim": 22.454301578330142,
    "IL8_favorable": 36.37232697575143,
    "maturity_t": 0.7355244318014804,
    "early_diff_very_fast": 0.760865959973136,
    "a_early_diff_stim": 18.57848233657139,
    "diff_time": 466.8910331052761,
    "a_Qiao_2021_ALP": 47.3791819525472
}