{
    "ALP_M_n": 2.7115183115845363,
    "ALP_0": 0.47557203007033544,
    "IL1b_ineffective": 106.23269155537362,
    "IL1b_stim": 10.336187708701347,
    "IL8_favorable": 17.14038932629832,
    "maturity_t": 0.7634328801608737,
    "early_diff_very_fast": 0.9844716359844644,
    "a_early_diff_stim": 12.617179379845995,
    "diff_time": 752.3138367256742,
    "a_Qiao_2021_ALP": 22.930558763985022
}