{
    "ALP_M_n": 8.247773324400693,
    "ALP_0": 0.6006816855069051,
    "IL1b_ineffective": 103.83090734010476,
    "IL1b_stim": 15.627990426556295,
    "IL8_favorable": 24.824327160140093,
    "maturity_t": 0.43693089235932747,
    "early_diff_very_fast": 0.7499651427250462,
    "a_early_diff_stim": 12.61115399629664,
    "diff_time": 767.5313624064655,
    "a_Qiao_2021_ALP": 31.028531594847756
}