{
    "ALP_M_n": 6.357208115611177,
    "ALP_0": 0.4349630299504755,
    "IL1b_ineffective": 106.87724652502784,
    "IL1b_stim": 9.49795144626437,
    "IL8_favorable": 15.246110411681713,
    "maturity_t": 0.3843691600096248,
    "early_diff_very_fast": 0.6594401343080796,
    "a_early_diff_stim": 14.8696907041642,
    "diff_time": 934.2653328847922,
    "a_Qiao_2021_ALP": 145.5249658443238
}