{
    "ALP_M_n": 4.400218777712141,
    "ALP_0": 0.5702506107858474,
    "IL1b_ineffective": 109.71076357472687,
    "IL1b_stim": 7.064649630085325,
    "IL8_favorable": 11.481243571554351,
    "maturity_t": 0.5294215527430062,
    "early_diff_very_fast": 0.7638740665760704,
    "a_early_diff_stim": 11.366545055955843,
    "diff_time": 880.8393395406152,
    "a_Qiao_2021_ALP": 26.990687723276338
}