{
    "ALP_M_n": 5.06388958524187,
    "ALP_0": 0.46510562545633866,
    "IL1b_ineffective": 105.572586107816,
    "IL1b_stim": 11.398115416731514,
    "IL8_favorable": 18.244213288731324,
    "maturity_t": 0.5708183225809478,
    "early_diff_very_fast": 0.7047105404694618,
    "a_early_diff_stim": 14.624663717945614,
    "diff_time": 647.079192969073,
    "a_Qiao_2021_ALP": 34.289819311762415
}