{
    "ALP_M_n": 2.551622345459234,
    "ALP_0": 0.0728668270401524,
    "IL1b_ineffective": 102.67505744507021,
    "IL1b_stim": 19.725613338312442,
    "IL8_favorable": 33.82259671573096,
    "maturity_t": 0.701806516514173,
    "early_diff_very_fast": 0.9596948674954374,
    "a_early_diff_stim": 12.25588635569909,
    "diff_time": 552.8318410994779,
    "a_Qiao_2021_ALP": 78.65227367202792
}