{
    "ALP_M_n": 3.711052154518586,
    "ALP_0": 0.37147952243774274,
    "IL1b_ineffective": 102.44612986802235,
    "IL1b_stim": 21.823539067855357,
    "IL8_favorable": 35.88418516907625,
    "maturity_t": 0.6156917450031991,
    "early_diff_very_fast": 0.9079900830020623,
    "a_early_diff_stim": 17.768677582080706,
    "diff_time": 671.1845607290652,
    "a_Qiao_2021_ALP": 43.012388264367836
}