{
    "ALP_M_n": 3.6627163434780545,
    "ALP_0": 0.3953128666649896,
    "IL1b_ineffective": 105.1079670183082,
    "IL1b_stim": 12.049077760865805,
    "IL8_favorable": 19.69559572492761,
    "maturity_t": 0.4667230183381994,
    "early_diff_very_fast": 0.9766488424443118,
    "a_early_diff_stim": 11.699982879910047,
    "diff_time": 1058.1266737921148,
    "a_Qiao_2021_ALP": 71.6849363217836
}