{
    "ALP_M_n": 9.16256677586376,
    "ALP_0": 0.7318384906927634,
    "IL1b_ineffective": 198.3358850563598,
    "IL1b_stim": 1.3560860356881577,
    "IL8_favorable": 1.9278556946002041,
    "maturity_t": 0.6666675739059189,
    "early_diff_very_fast": 0.7628215730818196,
    "a_early_diff_stim": 1.2973867877653324,
    "diff_time": 1017.0234055408598,
    "a_Qiao_2021_ALP": 18.611167692206283
}