{
    "ALP_M_n": 2.914786964674043,
    "ALP_0": 0.266383364997961,
    "IL1b_ineffective": 103.7087219495278,
    "IL1b_stim": 15.573516281098252,
    "IL8_favorable": 25.882429375004985,
    "maturity_t": 0.6630350984956668,
    "early_diff_very_fast": 0.801327536761263,
    "a_early_diff_stim": 19.25349803880021,
    "diff_time": 663.6849307171769,
    "a_Qiao_2021_ALP": 50.79341991317685
}