{
    "ALP_M_n": 1.4606968594794068,
    "ALP_0": 0.12316940531699405,
    "IL1b_ineffective": 117.16331831367765,
    "IL1b_stim": 4.086086966033518,
    "IL8_favorable": 7.241466792587268,
    "maturity_t": 0.7134998550716989,
    "early_diff_very_fast": 0.7541963562791789,
    "a_early_diff_stim": 12.461900051579205,
    "diff_time": 1015.5670521902309,
    "a_Qiao_2021_ALP": 54.202120367601715
}