{
    "ALP_M_n": 2.222289468420263,
    "ALP_0": 0.11196117927240527,
    "IL1b_ineffective": 104.90439688042524,
    "IL1b_stim": 12.176929965002977,
    "IL8_favorable": 20.611036017790887,
    "maturity_t": 0.6125206265836833,
    "early_diff_very_fast": 0.834572049620471,
    "a_early_diff_stim": 14.318323544110607,
    "diff_time": 747.6490675728118,
    "a_Qiao_2021_ALP": 83.98809919712119
}