{
    "ALP_M_n": 3.04676843014192,
    "ALP_0": 0.10551172291423142,
    "IL1b_ineffective": 102.38538608299673,
    "IL1b_stim": 22.06114269999271,
    "IL8_favorable": 36.54311291056464,
    "maturity_t": 0.6422489534009637,
    "early_diff_very_fast": 0.9250402638883243,
    "a_early_diff_stim": 12.911308035142447,
    "diff_time": 568.2453742193958,
    "a_Qiao_2021_ALP": 99.42629190636617
}