{
    "ALP_M_n": 7.791065840933915,
    "ALP_0": 0.3752344323729249,
    "IL1b_ineffective": 103.01327724640886,
    "IL1b_stim": 18.84697552744479,
    "IL8_favorable": 30.013198496523724,
    "maturity_t": 0.5205271786874558,
    "early_diff_very_fast": 0.9414514716263105,
    "a_early_diff_stim": 5.806191745035519,
    "diff_time": 566.123348253038,
    "a_Qiao_2021_ALP": 96.6619729381655
}