{
    "ALP_M_n": 3.8665048195754896,
    "ALP_0": 0.3504492459087129,
    "IL1b_ineffective": 102.46028986104479,
    "IL1b_stim": 21.687703870603432,
    "IL8_favorable": 35.2514763884776,
    "maturity_t": 0.4756027612613461,
    "early_diff_very_fast": 0.9677602221423919,
    "a_early_diff_stim": 16.98343273547662,
    "diff_time": 909.6074158117781,
    "a_Qiao_2021_ALP": 85.837128279878
}