{
    "ALP_M_n": 3.1487665869742267,
    "ALP_0": 0.10621370688722528,
    "IL1b_ineffective": 102.48046160327603,
    "IL1b_stim": 21.40833665570518,
    "IL8_favorable": 35.324806677449416,
    "maturity_t": 0.7012624620212823,
    "early_diff_very_fast": 0.8645316852322298,
    "a_early_diff_stim": 13.634125993892495,
    "diff_time": 507.17501270470257,
    "a_Qiao_2021_ALP": 80.76586044107448
}