{
    "ALP_M_n": 3.5992076401496362,
    "ALP_0": 0.31687985860399454,
    "IL1b_ineffective": 107.3083580978267,
    "IL1b_stim": 8.938660299036362,
    "IL8_favorable": 14.462434460326861,
    "maturity_t": 0.4420444719000536,
    "early_diff_very_fast": 0.749241495105789,
    "a_early_diff_stim": 14.42979385672107,
    "diff_time": 1030.1649828072484,
    "a_Qiao_2021_ALP": 110.655872212095
}