{
    "ALP_M_n": 7.649556004602543,
    "ALP_0": 0.33074342518513083,
    "IL1b_ineffective": 102.63473103883844,
    "IL1b_stim": 20.959946930962513,
    "IL8_favorable": 33.50325351841139,
    "maturity_t": 0.570617264698562,
    "early_diff_very_fast": 0.9302000852760302,
    "a_early_diff_stim": 6.019313901126451,
    "diff_time": 507.2638768248358,
    "a_Qiao_2021_ALP": 93.46900391371705
}