{
    "ALP_M_n": 6.325686315702396,
    "ALP_0": 0.48213257954069244,
    "IL1b_ineffective": 102.27731434399927,
    "IL1b_stim": 23.350392427782626,
    "IL8_favorable": 37.1995977009555,
    "maturity_t": 0.3683510424555767,
    "early_diff_very_fast": 0.9046889851202247,
    "a_early_diff_stim": 16.379049095701557,
    "diff_time": 1035.071163219175,
    "a_Qiao_2021_ALP": 114.20758932520853
}