{
    "ALP_M_n": 1.793806743530711,
    "ALP_0": 0.03738026578852468,
    "IL1b_ineffective": 106.19356579579295,
    "IL1b_stim": 9.865898222482379,
    "IL8_favorable": 16.746414706082803,
    "maturity_t": 0.6633956612809405,
    "early_diff_very_fast": 0.7633340145573917,
    "a_early_diff_stim": 15.634714299631973,
    "diff_time": 733.027307845624,
    "a_Qiao_2021_ALP": 79.48115747598897
}