{
    "ALP_M_n": 3.844969482571693,
    "ALP_0": 0.04164315402525658,
    "IL1b_ineffective": 108.14876924742413,
    "IL1b_stim": 8.211342449547882,
    "IL8_favorable": 13.404900606831667,
    "maturity_t": 0.6518806404948363,
    "early_diff_very_fast": 0.6239490228862686,
    "a_early_diff_stim": 10.743531199670414,
    "diff_time": 478.9878974752277,
    "a_Qiao_2021_ALP": 167.45497323650773
}