{
    "ALP_M_n": 2.279166306588599,
    "ALP_0": 0.14730759455453252,
    "IL1b_ineffective": 104.59919092730496,
    "IL1b_stim": 12.856726926824333,
    "IL8_favorable": 21.530827635650557,
    "maturity_t": 0.5717837896346725,
    "early_diff_very_fast": 0.7786920427770028,
    "a_early_diff_stim": 19.870435137662326,
    "diff_time": 841.257887375711,
    "a_Qiao_2021_ALP": 86.94298081409632
}