{
    "ALP_M_n": 5.2006754117425205,
    "ALP_0": 0.6290193692929832,
    "IL1b_ineffective": 104.24822127520132,
    "IL1b_stim": 14.159805958825906,
    "IL8_favorable": 22.899087183820306,
    "maturity_t": 0.47886238399931996,
    "early_diff_very_fast": 0.7922567317360338,
    "a_early_diff_stim": 19.230396489765127,
    "diff_time": 935.708423769269,
    "a_Qiao_2021_ALP": 24.121890997842343
}