{
    "ALP_M_n": 6.108073936719078,
    "ALP_0": 0.5150555945869284,
    "IL1b_ineffective": 114.80124272547381,
    "IL1b_stim": 4.948497362437472,
    "IL8_favorable": 7.854511123207828,
    "maturity_t": 0.3831124681745399,
    "early_diff_very_fast": 0.625069708484506,
    "a_early_diff_stim": 12.21910684561578,
    "diff_time": 1038.3477018846281,
    "a_Qiao_2021_ALP": 79.88505972689386
}