{
    "ALP_M_n": 4.058911487312198,
    "ALP_0": 0.3609642879681248,
    "IL1b_ineffective": 103.20387233216442,
    "IL1b_stim": 17.644311675012975,
    "IL8_favorable": 28.567833597912365,
    "maturity_t": 0.580735818722332,
    "early_diff_very_fast": 0.822576795582672,
    "a_early_diff_stim": 16.323429060647634,
    "diff_time": 674.9383190065618,
    "a_Qiao_2021_ALP": 52.32029979037633
}