{
    "ALP_M_n": 2.5156475702828898,
    "ALP_0": 0.1839043753634113,
    "IL1b_ineffective": 106.76915189597912,
    "IL1b_stim": 9.26486613341572,
    "IL8_favorable": 15.505031044782719,
    "maturity_t": 0.5194614330672476,
    "early_diff_very_fast": 0.7770662482655669,
    "a_early_diff_stim": 14.597511792326648,
    "diff_time": 925.3569396776516,
    "a_Qiao_2021_ALP": 99.36237590997767
}