{
    "ALP_M_n": 9.694284656146642,
    "ALP_0": 0.5940363149088458,
    "IL1b_ineffective": 104.71664226271962,
    "IL1b_stim": 13.192172961633522,
    "IL8_favorable": 20.789320533604275,
    "maturity_t": 0.36979756704258493,
    "early_diff_very_fast": 0.9310482338414889,
    "a_early_diff_stim": 5.574565350156453,
    "diff_time": 870.3729498396092,
    "a_Qiao_2021_ALP": 58.59643386989547
}