{
    "ALP_M_n": 5.660846930555806,
    "ALP_0": 0.3977239843468885,
    "IL1b_ineffective": 103.20488597067734,
    "IL1b_stim": 17.82166032024064,
    "IL8_favorable": 28.97345261410484,
    "maturity_t": 0.42509395664133615,
    "early_diff_very_fast": 0.9223621358906937,
    "a_early_diff_stim": 10.528968058264498,
    "diff_time": 854.0566283508131,
    "a_Qiao_2021_ALP": 125.35701457306452
}