{
    "ALP_M_n": 5.720762614392734,
    "ALP_0": 0.5876274645927619,
    "IL1b_ineffective": 102.39941080281437,
    "IL1b_stim": 22.438113217393038,
    "IL8_favorable": 35.98938687712143,
    "maturity_t": 0.5626461320735615,
    "early_diff_very_fast": 0.8805984880673687,
    "a_early_diff_stim": 15.806664531623372,
    "diff_time": 664.1176437422307,
    "a_Qiao_2021_ALP": 18.5465669617135
}