{
    "ALP_M_n": 3.2757085491290643,
    "ALP_0": 0.3713040056992986,
    "IL1b_ineffective": 105.34959325226572,
    "IL1b_stim": 11.542582269058954,
    "IL8_favorable": 18.7929566002604,
    "maturity_t": 0.6916380075066987,
    "early_diff_very_fast": 0.8741674143021109,
    "a_early_diff_stim": 11.572773788443042,
    "diff_time": 638.2725567819316,
    "a_Qiao_2021_ALP": 33.821532664666684
}