{
    "ALP_M_n": 3.8823053655924107,
    "ALP_0": 0.3998891410911966,
    "IL1b_ineffective": 106.55263341348552,
    "IL1b_stim": 9.790142388572498,
    "IL8_favorable": 15.877876391100386,
    "maturity_t": 0.5724313428315454,
    "early_diff_very_fast": 0.7186826113842386,
    "a_early_diff_stim": 15.61672839763306,
    "diff_time": 737.3381809375,
    "a_Qiao_2021_ALP": 45.720539959920956
}