{
    "ALP_M_n": 2.4734091670403435,
    "ALP_0": 0.28226647498745205,
    "IL1b_ineffective": 106.25347654624811,
    "IL1b_stim": 9.906543246128878,
    "IL8_favorable": 16.56521296993241,
    "maturity_t": 0.6777963578628995,
    "early_diff_very_fast": 0.9237852495885891,
    "a_early_diff_stim": 11.717486011286182,
    "diff_time": 768.954599847677,
    "a_Qiao_2021_ALP": 45.51644216461362
}