{
    "ALP_M_n": 6.943956798522833,
    "ALP_0": 0.47495253871203846,
    "IL1b_ineffective": 104.62182595461768,
    "IL1b_stim": 13.37015931240907,
    "IL8_favorable": 21.215241750724743,
    "maturity_t": 0.4262458554486606,
    "early_diff_very_fast": 0.7030005493847011,
    "a_early_diff_stim": 14.091025970367223,
    "diff_time": 798.9619236561678,
    "a_Qiao_2021_ALP": 84.704455714966
}