{
    "ALP_M_n": 4.554826929478874,
    "ALP_0": 0.4341470167718233,
    "IL1b_ineffective": 108.46962454117143,
    "IL1b_stim": 7.862156077507744,
    "IL8_favorable": 12.65536365390954,
    "maturity_t": 0.48312884468893885,
    "early_diff_very_fast": 0.6983745784074366,
    "a_early_diff_stim": 13.15938450404296,
    "diff_time": 854.0138067084586,
    "a_Qiao_2021_ALP": 60.811834639121166
}