{
    "ALP_M_n": 7.256070888056614,
    "ALP_0": 0.5324537373396766,
    "IL1b_ineffective": 108.6411952014869,
    "IL1b_stim": 7.902156797517922,
    "IL8_favorable": 12.404225730416108,
    "maturity_t": 0.5045433740374038,
    "early_diff_very_fast": 0.8430139189182942,
    "a_early_diff_stim": 4.428317783937395,
    "diff_time": 649.4181345302125,
    "a_Qiao_2021_ALP": 31.4992968467919
}