{
    "ALP_M_n": 2.6424935986581897,
    "ALP_0": 0.568942349655537,
    "IL1b_ineffective": 108.1416569370087,
    "IL1b_stim": 7.990741376363609,
    "IL8_favorable": 13.359990669068047,
    "maturity_t": 0.7814421897056149,
    "early_diff_very_fast": 0.9616596914446175,
    "a_early_diff_stim": 12.985542230642173,
    "diff_time": 856.5285308860125,
    "a_Qiao_2021_ALP": 18.53748707635477
}