{
    "ALP_M_n": 3.2326695132999324,
    "ALP_0": 0.19674282051475622,
    "IL1b_ineffective": 103.54173707330055,
    "IL1b_stim": 16.121690422520505,
    "IL8_favorable": 26.538222412482735,
    "maturity_t": 0.6468854649186999,
    "early_diff_very_fast": 0.9411140333928423,
    "a_early_diff_stim": 10.102580862294374,
    "diff_time": 589.5786939133366,
    "a_Qiao_2021_ALP": 71.04161713294587
}