{
    "ALP_M_n": 7.42035172173027,
    "ALP_0": 0.3903053021195269,
    "IL1b_ineffective": 102.9072485960352,
    "IL1b_stim": 19.231130628601516,
    "IL8_favorable": 31.203834682886036,
    "maturity_t": 0.4362014240392635,
    "early_diff_very_fast": 0.9186116185442785,
    "a_early_diff_stim": 7.701866195600053,
    "diff_time": 715.2822236035669,
    "a_Qiao_2021_ALP": 168.59501581579286
}