{
    "ALP_M_n": 3.1287445209190694,
    "ALP_0": 0.26343761900560636,
    "IL1b_ineffective": 107.3941982662225,
    "IL1b_stim": 8.734384855136554,
    "IL8_favorable": 14.431169066565474,
    "maturity_t": 0.6089373249664016,
    "early_diff_very_fast": 0.695687546948065,
    "a_early_diff_stim": 15.571010560779515,
    "diff_time": 701.5943189652162,
    "a_Qiao_2021_ALP": 63.697418692389384
}