{
    "ALP_M_n": 2.559215090095647,
    "ALP_0": 0.13813595617524063,
    "IL1b_ineffective": 105.12965880058485,
    "IL1b_stim": 11.719577282370945,
    "IL8_favorable": 19.56777730048216,
    "maturity_t": 0.5424287531076899,
    "early_diff_very_fast": 0.9523097213221127,
    "a_early_diff_stim": 9.414750862938973,
    "diff_time": 803.2705409060038,
    "a_Qiao_2021_ALP": 109.77588451419814
}