{
    "ALP_M_n": 5.5348720784547645,
    "ALP_0": 0.4892844941213362,
    "IL1b_ineffective": 103.27289492807083,
    "IL1b_stim": 17.377821365183138,
    "IL8_favorable": 27.998679790141768,
    "maturity_t": 0.581933647398086,
    "early_diff_very_fast": 0.9103476377812932,
    "a_early_diff_stim": 9.937046743315065,
    "diff_time": 606.6090627740816,
    "a_Qiao_2021_ALP": 28.01646883096835
}