{
    "ALP_M_n": 4.89927232492644,
    "ALP_0": 0.276916675623408,
    "IL1b_ineffective": 104.09910666811209,
    "IL1b_stim": 14.561181014020645,
    "IL8_favorable": 22.779399942678975,
    "maturity_t": 0.5128365197920213,
    "early_diff_very_fast": 0.7676557517802565,
    "a_early_diff_stim": 11.215194000063171,
    "diff_time": 658.2962152541286,
    "a_Qiao_2021_ALP": 130.31711076842163
}