{
    "ALP_M_n": 3.357480861878676,
    "ALP_0": 0.30277050147480866,
    "IL1b_ineffective": 104.55061005830561,
    "IL1b_stim": 13.052041891827098,
    "IL8_favorable": 21.592176621196675,
    "maturity_t": 0.733978104087578,
    "early_diff_very_fast": 0.7534958891727924,
    "a_early_diff_stim": 15.758459764583419,
    "diff_time": 544.5983632613392,
    "a_Qiao_2021_ALP": 36.64175896706227
}