{
    "ALP_M_n": 2.8098516818746413,
    "ALP_0": 0.1028537960112016,
    "IL1b_ineffective": 106.55916543635627,
    "IL1b_stim": 9.65917903700857,
    "IL8_favorable": 16.030958236725198,
    "maturity_t": 0.5809975441439726,
    "early_diff_very_fast": 0.6617053662892997,
    "a_early_diff_stim": 16.84273453304442,
    "diff_time": 673.2979311531931,
    "a_Qiao_2021_ALP": 123.01477688061414
}