{
    "ALP_M_n": 2.6539907304063766,
    "ALP_0": 0.1559604472238858,
    "IL1b_ineffective": 104.20777623838045,
    "IL1b_stim": 14.004815333540009,
    "IL8_favorable": 23.383947374228196,
    "maturity_t": 0.6308644776239316,
    "early_diff_very_fast": 0.8192148528592323,
    "a_early_diff_stim": 15.057954008906748,
    "diff_time": 677.4636254587293,
    "a_Qiao_2021_ALP": 79.2817354652374
}