{
    "ALP_M_n": 3.6248016435231927,
    "ALP_0": 0.1981447859167172,
    "IL1b_ineffective": 103.93481885113191,
    "IL1b_stim": 14.985205492278777,
    "IL8_favorable": 24.446229884051014,
    "maturity_t": 0.46762081124147276,
    "early_diff_very_fast": 0.984705468327781,
    "a_early_diff_stim": 8.587588613624446,
    "diff_time": 815.1591439726361,
    "a_Qiao_2021_ALP": 179.14604908208347
}