{
    "ALP_M_n": 1.709240364313918,
    "ALP_0": 0.03605496972283184,
    "IL1b_ineffective": 103.71507840915278,
    "IL1b_stim": 14.890757005556857,
    "IL8_favorable": 25.796256172022243,
    "maturity_t": 0.5304373946206701,
    "early_diff_very_fast": 0.9942911326044424,
    "a_early_diff_stim": 13.89318464096689,
    "diff_time": 961.0555200518245,
    "a_Qiao_2021_ALP": 109.687548493693
}