{
    "ALP_M_n": 3.1220097701783653,
    "ALP_0": 0.33366042336459906,
    "IL1b_ineffective": 102.05197959056503,
    "IL1b_stim": 25.02721637362507,
    "IL8_favorable": 41.089096801441585,
    "maturity_t": 0.7814475055300018,
    "early_diff_very_fast": 0.9534582953308136,
    "a_early_diff_stim": 19.208474008283993,
    "diff_time": 542.7369378211217,
    "a_Qiao_2021_ALP": 29.178302380791717
}