{
    "ALP_M_n": 2.24381500621259,
    "ALP_0": 0.10949666626258209,
    "IL1b_ineffective": 106.12299956384626,
    "IL1b_stim": 10.135072321221873,
    "IL8_favorable": 16.97296265475009,
    "maturity_t": 0.6856036569324142,
    "early_diff_very_fast": 0.8679240887380337,
    "a_early_diff_stim": 10.208504551493103,
    "diff_time": 656.3824437008258,
    "a_Qiao_2021_ALP": 70.14312426787514
}