{
    "ALP_M_n": 3.307486817820441,
    "ALP_0": 0.704017331893262,
    "IL1b_ineffective": 121.53349373299326,
    "IL1b_stim": 3.6059505844949804,
    "IL8_favorable": 5.983811965287501,
    "maturity_t": 0.6899765146759848,
    "early_diff_very_fast": 0.6990268410920124,
    "a_early_diff_stim": 12.886123077485433,
    "diff_time": 929.5634285655746,
    "a_Qiao_2021_ALP": 13.697712732985321
}