{
    "ALP_M_n": 4.4234851186174495,
    "ALP_0": 0.4523048552166894,
    "IL1b_ineffective": 104.52219521636528,
    "IL1b_stim": 13.387274192088658,
    "IL8_favorable": 21.768802077469047,
    "maturity_t": 0.4782151264225277,
    "early_diff_very_fast": 0.7933333298446452,
    "a_early_diff_stim": 16.688677091670854,
    "diff_time": 901.5824619260943,
    "a_Qiao_2021_ALP": 56.380022045068046
}