{
    "ALP_M_n": 6.665379806763761,
    "ALP_0": 0.33110667501598046,
    "IL1b_ineffective": 101.74307752243108,
    "IL1b_stim": 28.361443110180367,
    "IL8_favorable": 44.602670857905835,
    "maturity_t": 0.5780644821196947,
    "early_diff_very_fast": 0.7530296368880859,
    "a_early_diff_stim": 16.281693566981243,
    "diff_time": 520.2238575332126,
    "a_Qiao_2021_ALP": 77.34394245454337
}