{
    "ALP_M_n": 5.395156927497379,
    "ALP_0": 0.34458111841205147,
    "IL1b_ineffective": 102.73329940292503,
    "IL1b_stim": 20.224042317101592,
    "IL8_favorable": 32.67294662457246,
    "maturity_t": 0.46049987200370784,
    "early_diff_very_fast": 0.9470321940244667,
    "a_early_diff_stim": 10.068790908781798,
    "diff_time": 752.2375028289381,
    "a_Qiao_2021_ALP": 132.0669445472384
}