{
    "ALP_M_n": 6.414985959885959,
    "ALP_0": 0.25154129701166905,
    "IL1b_ineffective": 103.20386347646986,
    "IL1b_stim": 17.807039438400444,
    "IL8_favorable": 28.54558437945482,
    "maturity_t": 0.6668552723394517,
    "early_diff_very_fast": 0.6395152300644523,
    "a_early_diff_stim": 16.320179746725437,
    "diff_time": 437.2246063055942,
    "a_Qiao_2021_ALP": 72.4371821884437
}