{
    "ALP_M_n": 5.107761921499401,
    "ALP_0": 0.3757020694404312,
    "IL1b_ineffective": 107.21378145979527,
    "IL1b_stim": 9.192269831467534,
    "IL8_favorable": 14.728580261028235,
    "maturity_t": 0.4192484133802511,
    "early_diff_very_fast": 0.8616352086863468,
    "a_early_diff_stim": 7.098083645823297,
    "diff_time": 906.3657595747949,
    "a_Qiao_2021_ALP": 132.83690647601432
}