{
    "ALP_M_n": 2.9348803263393917,
    "ALP_0": 0.27258091960468944,
    "IL1b_ineffective": 106.62361278806567,
    "IL1b_stim": 9.606961429758446,
    "IL8_favorable": 15.983129749094601,
    "maturity_t": 0.6702908690244371,
    "early_diff_very_fast": 0.8055109305206115,
    "a_early_diff_stim": 11.693796855803287,
    "diff_time": 655.2483189816272,
    "a_Qiao_2021_ALP": 48.72705952391474
}