{
    "ALP_M_n": 3.6665001323654867,
    "ALP_0": 0.5424250054431453,
    "IL1b_ineffective": 103.71946519341626,
    "IL1b_stim": 15.575011285997554,
    "IL8_favorable": 25.479974910417734,
    "maturity_t": 0.5734611806994419,
    "early_diff_very_fast": 0.9211330482364555,
    "a_early_diff_stim": 19.219362182002996,
    "diff_time": 917.6006748316963,
    "a_Qiao_2021_ALP": 27.651744952574248
}