{
    "ALP_M_n": 2.188777332736849,
    "ALP_0": 0.24330879434138586,
    "IL1b_ineffective": 106.35729837992514,
    "IL1b_stim": 9.608356313586025,
    "IL8_favorable": 16.500107953603404,
    "maturity_t": 0.6422742778885125,
    "early_diff_very_fast": 0.9125403584933282,
    "a_early_diff_stim": 13.723714999108413,
    "diff_time": 892.0916446245361,
    "a_Qiao_2021_ALP": 53.50312378934748
}