{
    "ALP_M_n": 2.041665840248766,
    "ALP_0": 0.2213399337749593,
    "IL1b_ineffective": 118.12399432509439,
    "IL1b_stim": 3.9759631119631305,
    "IL8_favorable": 6.852913301540006,
    "maturity_t": 0.6516646570337248,
    "early_diff_very_fast": 0.6192672736580109,
    "a_early_diff_stim": 19.71130769414897,
    "diff_time": 897.4694296041756,
    "a_Qiao_2021_ALP": 54.4250099244581
}