{
    "ALP_M_n": 4.336414060459534,
    "ALP_0": 0.41126702483883015,
    "IL1b_ineffective": 104.54066512697756,
    "IL1b_stim": 13.399091616761144,
    "IL8_favorable": 21.528737028154783,
    "maturity_t": 0.6387253434496023,
    "early_diff_very_fast": 0.755836436073742,
    "a_early_diff_stim": 14.491703327355976,
    "diff_time": 595.1327354640642,
    "a_Qiao_2021_ALP": 33.448497927935165
}