{
    "ALP_M_n": 1.861249124938696,
    "ALP_0": 0.03696805874459478,
    "IL1b_ineffective": 103.25379960430156,
    "IL1b_stim": 16.617498589271868,
    "IL8_favorable": 28.778115206177965,
    "maturity_t": 0.7673069614527586,
    "early_diff_very_fast": 0.8998571514139881,
    "a_early_diff_stim": 16.51517937730903,
    "diff_time": 606.3972792239814,
    "a_Qiao_2021_ALP": 62.51427941135385
}