{
    "ALP_M_n": 3.549877006694512,
    "ALP_0": 0.2719182590239336,
    "IL1b_ineffective": 103.48286091816334,
    "IL1b_stim": 16.46148901169029,
    "IL8_favorable": 27.058094658490127,
    "maturity_t": 0.5039150294287541,
    "early_diff_very_fast": 0.9600601203390948,
    "a_early_diff_stim": 11.87783281217567,
    "diff_time": 819.3083075543198,
    "a_Qiao_2021_ALP": 100.94677374090428
}