{
    "ALP_M_n": 2.1412394804109915,
    "ALP_0": 0.3089104708221848,
    "IL1b_ineffective": 105.89335719280481,
    "IL1b_stim": 10.348862279808019,
    "IL8_favorable": 17.480333924107335,
    "maturity_t": 0.776341047065561,
    "early_diff_very_fast": 0.8277384573483424,
    "a_early_diff_stim": 19.955034264313184,
    "diff_time": 785.7506403847455,
    "a_Qiao_2021_ALP": 34.8698638377287
}