{
    "ALP_M_n": 5.6823658868862275,
    "ALP_0": 0.5002377108162355,
    "IL1b_ineffective": 102.7078190678321,
    "IL1b_stim": 20.381711218444323,
    "IL8_favorable": 32.708209560256094,
    "maturity_t": 0.41361982748154613,
    "early_diff_very_fast": 0.9338416844182075,
    "a_early_diff_stim": 15.011521243693348,
    "diff_time": 1007.0996719792105,
    "a_Qiao_2021_ALP": 74.56084305602944
}