{
    "ALP_M_n": 4.41964029997636,
    "ALP_0": 0.34483982200095054,
    "IL1b_ineffective": 102.8077608363341,
    "IL1b_stim": 19.829330041367502,
    "IL8_favorable": 32.097038669658005,
    "maturity_t": 0.4084451797360242,
    "early_diff_very_fast": 0.8409192641204517,
    "a_early_diff_stim": 19.31274782251615,
    "diff_time": 1007.2360027756114,
    "a_Qiao_2021_ALP": 143.46723904376702
}