{
    "ALP_M_n": 2.259348910945898,
    "ALP_0": 0.21986999110776173,
    "IL1b_ineffective": 117.02226510271855,
    "IL1b_stim": 4.228762269221445,
    "IL8_favorable": 7.205546543201976,
    "maturity_t": 0.5540871829969322,
    "early_diff_very_fast": 0.9492398908763808,
    "a_early_diff_stim": 5.394334382860431,
    "diff_time": 1016.6622263733656,
    "a_Qiao_2021_ALP": 73.14946248387719
}