{
    "ALP_M_n": 1.8544877016716763,
    "ALP_0": 0.0021445430157900265,
    "IL1b_ineffective": 104.46486862153868,
    "IL1b_stim": 13.031538418543011,
    "IL8_favorable": 22.461181533872995,
    "maturity_t": 0.5071894766019666,
    "early_diff_very_fast": 0.8832478088211967,
    "a_early_diff_stim": 12.251733240274419,
    "diff_time": 873.6057017950236,
    "a_Qiao_2021_ALP": 144.4956473153764
}