{
    "ALP_M_n": 2.9491872139921487,
    "ALP_0": 0.22127417521292975,
    "IL1b_ineffective": 191.38551389479636,
    "IL1b_stim": 1.376871584729841,
    "IL8_favorable": 2.3858006135007415,
    "maturity_t": 0.7764559676265238,
    "early_diff_very_fast": 0.7309096091712475,
    "a_early_diff_stim": 2.4607770677736505,
    "diff_time": 998.5482904218545,
    "a_Qiao_2021_ALP": 125.85118952313691
}