{
    "ALP_M_n": 3.5148721514997034,
    "ALP_0": 0.7576719544028406,
    "IL1b_ineffective": 104.88841857589108,
    "IL1b_stim": 12.427587910605844,
    "IL8_favorable": 20.445980410290105,
    "maturity_t": 0.7791771815731853,
    "early_diff_very_fast": 0.9257619344145201,
    "a_early_diff_stim": 17.109644668353752,
    "diff_time": 723.62723216575,
    "a_Qiao_2021_ALP": 9.077661792252561
}