{
    "ALP_M_n": 2.529407139411762,
    "ALP_0": 0.312934003247763,
    "IL1b_ineffective": 107.9258790528306,
    "IL1b_stim": 8.282404640175228,
    "IL8_favorable": 13.856078805716763,
    "maturity_t": 0.676700186424412,
    "early_diff_very_fast": 0.7303731056530435,
    "a_early_diff_stim": 18.434427190881987,
    "diff_time": 784.6801321602447,
    "a_Qiao_2021_ALP": 42.10635534405541
}