{
    "ALP_M_n": 5.803334737792096,
    "ALP_0": 0.4248177665477595,
    "IL1b_ineffective": 105.43843861782744,
    "IL1b_stim": 11.672440478972135,
    "IL8_favorable": 19.062968192759627,
    "maturity_t": 0.6671567575244622,
    "early_diff_very_fast": 0.8260939238429901,
    "a_early_diff_stim": 6.561984678362329,
    "diff_time": 486.37273871800227,
    "a_Qiao_2021_ALP": 24.870490070585575
}