{
    "ALP_M_n": 3.695690017308158,
    "ALP_0": 0.15868948152049467,
    "IL1b_ineffective": 103.56467506574124,
    "IL1b_stim": 16.239614349432543,
    "IL8_favorable": 26.3983715588707,
    "maturity_t": 0.6652679066790503,
    "early_diff_very_fast": 0.7179334570145574,
    "a_early_diff_stim": 16.11741384557814,
    "diff_time": 519.0140802549203,
    "a_Qiao_2021_ALP": 85.10749612510756
}