{
    "ALP_M_n": 2.252352266490968,
    "ALP_0": 0.2792927320196983,
    "IL1b_ineffective": 110.81968155651117,
    "IL1b_stim": 6.230614279958132,
    "IL8_favorable": 10.55523665245994,
    "maturity_t": 0.7452055294015104,
    "early_diff_very_fast": 0.6717740178103304,
    "a_early_diff_stim": 19.906329274198395,
    "diff_time": 743.7714300024979,
    "a_Qiao_2021_ALP": 39.06210972726834
}