{
    "ALP_M_n": 2.674639648348026,
    "ALP_0": 0.1475654743517357,
    "IL1b_ineffective": 103.81823659277124,
    "IL1b_stim": 15.05676833532297,
    "IL8_favorable": 25.126315215763604,
    "maturity_t": 0.5079221914379312,
    "early_diff_very_fast": 0.8702433071160744,
    "a_early_diff_stim": 14.70149811346271,
    "diff_time": 852.9502370693007,
    "a_Qiao_2021_ALP": 126.88423058584645
}