{
    "ALP_M_n": 8.877885158994076,
    "ALP_0": 0.3673184462035293,
    "IL1b_ineffective": 103.69901502730481,
    "IL1b_stim": 16.018680498146832,
    "IL8_favorable": 25.778168492773467,
    "maturity_t": 0.7360126458264108,
    "early_diff_very_fast": 0.9021815969467495,
    "a_early_diff_stim": 3.8666549570342674,
    "diff_time": 370.22627207989,
    "a_Qiao_2021_ALP": 17.292194128062338
}