{
    "ALP_M_n": 2.1452223591058237,
    "ALP_0": 0.14066221635449042,
    "IL1b_ineffective": 105.08002620324248,
    "IL1b_stim": 11.742779584153553,
    "IL8_favorable": 19.960593821493834,
    "maturity_t": 0.5366300855596313,
    "early_diff_very_fast": 0.7950023614337561,
    "a_early_diff_stim": 19.133242536130606,
    "diff_time": 952.5338811872152,
    "a_Qiao_2021_ALP": 94.58160161598873
}