{
    "ALP_M_n": 3.861250199932043,
    "ALP_0": 0.5290880712913587,
    "IL1b_ineffective": 105.50956264450036,
    "IL1b_stim": 11.31946579951606,
    "IL8_favorable": 18.606092291379106,
    "maturity_t": 0.5651925105583994,
    "early_diff_very_fast": 0.9253032369068452,
    "a_early_diff_stim": 12.224961492711968,
    "diff_time": 863.5914588140689,
    "a_Qiao_2021_ALP": 28.953308964206105
}