{
    "ALP_M_n": 4.461215451490377,
    "ARS_M_n": 1.4148851523110695,
    "ALP_0": 0.6315794944928586,
    "ARS_0": 0.11537019493812811,
    "maturity_t": 0.9025947028508999,
    "early_diff_slow": 0.39678380012679815,
    "early_diff_fast": 0.745179059942032,
    "early_diff_very_fast": 0.6633156544997625,
    "late_diff_slow": 0.1682675361126894,
    "late_diff_fast": 0.7236430607413881,
    "a_early_diff_stim": 3.486497501051398,
    "a_early_diff_inhib": 0.9303473485505259,
    "a_late_diff_stim": 1.3825235748667797,
    "a_late_diff_inhib": 0.5929952119415703,
    "diff_time": 650.9280152189915,
    "a_Chen_2018_ALP": 7.694108435854506,
    "a_Chen_2018_ARS": 3.9362591582125956
}