{
    "ALP_M_n": 4.6017448438242115,
    "ARS_M_n": 1.3749968387073666,
    "ALP_0": 0.718376103338856,
    "ARS_0": 0.19694184155973687,
    "maturity_t": 0.3739000395342862,
    "early_diff_slow": 0.3256668699655856,
    "early_diff_fast": 0.7461189530249658,
    "early_diff_very_fast": 0.665601660596514,
    "late_diff_slow": 0.18828962107162706,
    "late_diff_fast": 0.7555061945605298,
    "a_early_diff_stim": 4.97196901656438,
    "a_early_diff_inhib": 0.3923501475779101,
    "a_late_diff_stim": 3.2823411285102533,
    "a_late_diff_inhib": 0.45372376969773964,
    "diff_time": 887.7466541570086,
    "a_Chen_2018_ALP": 5.6438705459299,
    "a_Chen_2018_ARS": 3.8069701418695634
}