{
    "ALP_M_n": 2.785646701444231,
    "ARS_M_n": 2.0000566321397004,
    "ALP_0": 0.4988095864968181,
    "ARS_0": 0.4622374593844005,
    "maturity_t": 0.5660159260734127,
    "early_diff_slow": 0.35357840840389176,
    "early_diff_fast": 0.7471394135317455,
    "early_diff_very_fast": 0.6586334255123801,
    "late_diff_slow": 0.30134071337998014,
    "late_diff_fast": 0.7831681648228498,
    "a_early_diff_stim": 4.889142879740143,
    "a_early_diff_inhib": 0.2624484166198959,
    "a_late_diff_stim": 1.6868969593220453,
    "a_late_diff_inhib": 0.5672809696332856,
    "diff_time": 687.6891117957163,
    "a_Chen_2018_ALP": 8.618266103613538,
    "a_Chen_2018_ARS": 1.8734472231208927
}