{
    "ALP_M_n": 8.10081151676128,
    "ARS_M_n": 1.4824003844526037,
    "ALP_0": 0.8308308063701155,
    "ARS_0": 0.037083324865892636,
    "maturity_t": 0.39569827938928187,
    "early_diff_slow": 0.3995019677294709,
    "early_diff_fast": 0.7425438620647176,
    "early_diff_very_fast": 0.6650999559142793,
    "late_diff_slow": 0.249183190676497,
    "late_diff_fast": 0.8195997781788155,
    "a_early_diff_stim": 2.9232831789315656,
    "a_early_diff_inhib": 0.6773107896940395,
    "a_late_diff_stim": 3.141578896241896,
    "a_late_diff_inhib": 0.5512926165977288,
    "diff_time": 830.5685251530398,
    "a_Chen_2018_ALP": 4.0605188044051825,
    "a_Chen_2018_ARS": 7.313795153479803
}