{
    "ALP_M_n": 4.292185714975246,
    "ARS_M_n": 2.971948051675557,
    "ALP_0": 0.8405545519011315,
    "ARS_0": 0.8574913311576294,
    "maturity_t": 0.5827618474857,
    "early_diff_slow": 0.37399812100975155,
    "early_diff_fast": 0.7489902150103165,
    "early_diff_very_fast": 0.6666668537654852,
    "late_diff_slow": 0.24371820925384266,
    "late_diff_fast": 0.626649815472925,
    "a_early_diff_stim": 4.9426435427041975,
    "a_early_diff_inhib": 0.2553332504761367,
    "a_late_diff_stim": 3.190990719294397,
    "a_late_diff_inhib": 0.44362682312031143,
    "diff_time": 690.8149374870608,
    "a_Chen_2018_ALP": 2.554901259982435,
    "a_Chen_2018_ARS": 0.635076630827777
}