{
    "ALP_M_n": 5.06602341817636,
    "ARS_M_n": 1.4880614547228133,
    "ALP_0": 0.8936312436336378,
    "ARS_0": 0.2547936557635113,
    "maturity_t": 0.42831333590588905,
    "early_diff_slow": 0.33700249153964607,
    "early_diff_fast": 0.7452131534820498,
    "early_diff_very_fast": 0.6665667172242233,
    "late_diff_slow": 0.21115780073860027,
    "late_diff_fast": 0.6321536345610973,
    "a_early_diff_stim": 4.99899651269631,
    "a_early_diff_inhib": 0.07829370327421165,
    "a_late_diff_stim": 0.7780981946397545,
    "a_late_diff_inhib": 0.1558166942719995,
    "diff_time": 799.634774232532,
    "a_Chen_2018_ALP": 2.1814301952962802,
    "a_Chen_2018_ARS": 3.114048314815883
}