{
    "ALP_M_n": 4.233434197208076,
    "ARS_M_n": 2.561206772037945,
    "ALP_0": 0.8285859424944206,
    "ARS_0": 0.686548706942374,
    "maturity_t": 0.5101122000965537,
    "early_diff_slow": 0.3247654978265512,
    "early_diff_fast": 0.7495075036270591,
    "early_diff_very_fast": 0.6667617529842936,
    "late_diff_slow": 0.10944532090546691,
    "late_diff_fast": 0.8154166807269045,
    "a_early_diff_stim": 4.905293419500246,
    "a_early_diff_inhib": 0.6068162014282282,
    "a_late_diff_stim": 2.265920434283979,
    "a_late_diff_inhib": 0.7292823464935345,
    "diff_time": 695.1722646737719,
    "a_Chen_2018_ALP": 2.721902348661482,
    "a_Chen_2018_ARS": 1.0489947300058238
}