{"ALP_M_n": 1.9733690562229682, "ARS_M_n": 1.2942040614023231, "ALP_0": 0.6469413572021145, "ARS_0": 0.8260072510468983, "maturity_t": 0.7598148118369986, "early_diff_slow": 0.15686230769205783, "early_diff_fast": 0.6085949823248905, "early_diff_very_fast": 0.8785552136343099, "late_diff_slow": 0.30385637649015823, "late_diff_fast": 0.8233274100371992, "a_early_diff_stim": 3.3509540974556438, "a_early_diff_inhib": 0.417099599316537, "a_late_diff_stim": 3.8212774543984978, "a_late_diff_inhib": 0.7413067444737201, "diff_time": 1053.4073592684815, "a_Valles_2020_ALP": 214.1700996294752, "a_Valles_2020_ARS": 389.9187163415337}