{"ALP_M_n": 3.049855516968037, "ARS_M_n": 0.9798494616167367, "ALP_0": 0.8007254598258521, "ARS_0": 0.1505112813213829, "maturity_t": 0.7193420080529503, "early_diff_slow": 0.337849156290329, "early_diff_fast": 0.661932696277689, "early_diff_very_fast": 0.948876810447205, "late_diff_slow": 0.20187593489256322, "late_diff_fast": 0.7339710779890611, "a_early_diff_stim": 1.4186047435858409, "a_early_diff_inhib": 0.6123299854344086, "a_late_diff_stim": 0.17637785980051346, "a_late_diff_inhib": 0.642758376588308, "diff_time": 861.1375933092285, "a_Valles_2020_ALP": 117.38524533907045, "a_Valles_2020_ARS": 741.7807007546475}