{"ALP_M_n": 2.7753660557118613, "ARS_M_n": 0.9383433396663952, "ALP_0": 1.0051075111364531, "ARS_0": 0.39151548436372596, "maturity_t": 0.7280207943652584, "early_diff_slow": 0.3121861157317094, "early_diff_fast": 0.6032833247325627, "early_diff_very_fast": 0.944222351610205, "late_diff_slow": 0.15527629724738579, "late_diff_fast": 0.8067320192405064, "a_early_diff_stim": 3.5253895519922134, "a_early_diff_inhib": 0.4513350578686961, "a_late_diff_stim": 1.1611568687020069, "a_late_diff_inhib": 0.3914432961349409, "diff_time": 1045.031364160489, "a_Valles_2020_ALP": 91.27572083427862, "a_Valles_2020_ARS": 622.9908715093779}