{"ALP_M_n": 2.8732668537932473, "ARS_M_n": 1.5792979066868789, "ALP_0": 0.6326899074014851, "ARS_0": 0.8822670566260964, "maturity_t": 0.6578556267293943, "early_diff_slow": 0.28033791917405454, "early_diff_fast": 0.5911479168881559, "early_diff_very_fast": 0.877724092117486, "late_diff_slow": 0.16694103703949362, "late_diff_fast": 0.787872137480916, "a_early_diff_stim": 2.5625053011871795, "a_early_diff_inhib": 0.8143030798668096, "a_late_diff_stim": 3.214479490092723, "a_late_diff_inhib": 0.4614016303017564, "diff_time": 922.6343293356065, "a_Valles_2020_ALP": 201.81281091163635, "a_Valles_2020_ARS": 313.12776846306576}