{"ALP_M_n": 1.3899749719729144, "ARS_M_n": 1.226527505202756, "ALP_0": 0.44590131150405654, "ARS_0": 0.7412147139566944, "maturity_t": 0.8538697347912553, "early_diff_slow": 0.15627240051114796, "early_diff_fast": 0.6043822090117381, "early_diff_very_fast": 0.7480568910796178, "late_diff_slow": 0.2126823489810644, "late_diff_fast": 0.7070857620484834, "a_early_diff_stim": 4.178337245612101, "a_early_diff_inhib": 0.447691013622181, "a_late_diff_stim": 1.3648159448757735, "a_late_diff_inhib": 0.5083894342831566, "diff_time": 1060.851523780804, "a_Valles_2020_ALP": 291.4823908880726, "a_Valles_2020_ARS": 430.4120680762877}