{"ALP_M_n": 2.8952207761639817, "ARS_M_n": 1.3562582428440526, "ALP_0": 0.35476502859383763, "ARS_0": 0.3633603225486603, "maturity_t": 0.6420568199111679, "early_diff_slow": 0.2520344071306493, "early_diff_fast": 0.5374736547169122, "early_diff_very_fast": 0.6681288686540483, "late_diff_slow": 0.2800240510527036, "late_diff_fast": 0.8029746756434247, "a_early_diff_stim": 3.8560999533160087, "a_early_diff_inhib": 0.6729895665481114, "a_late_diff_stim": 4.190736498047178, "a_late_diff_inhib": 0.7358175716808435, "diff_time": 806.3105718899346, "a_Valles_2020_ALP": 423.8897764133182, "a_Valles_2020_ARS": 558.7500018274433}