{"ALP_M_n": 3.7474359178267553, "ARS_M_n": 1.0174501317987201, "ALP_0": 0.41088380432353006, "ARS_0": 0.02692833158964569, "maturity_t": 0.5392567791567358, "early_diff_slow": 0.29553653078033154, "early_diff_fast": 0.6236889709401245, "early_diff_very_fast": 0.734895039004799, "late_diff_slow": 0.3704324471591544, "late_diff_fast": 0.6363689525933099, "a_early_diff_stim": 1.215496848570185, "a_early_diff_inhib": 0.5561544868392794, "a_late_diff_stim": 0.2937848954264322, "a_late_diff_inhib": 0.5620729666531856, "diff_time": 910.5624818169911, "a_Valles_2020_ALP": 507.7330258352016, "a_Valles_2020_ARS": 955.2383471591295}