{"ALP_M_n": 1.8284851610385353, "ARS_M_n": 1.370502957599907, "ALP_0": 0.35614630828003546, "ARS_0": 0.5116858426673342, "maturity_t": 0.7677587475884167, "early_diff_slow": 0.25892725027919306, "early_diff_fast": 0.5732548172473201, "early_diff_very_fast": 0.777496711138217, "late_diff_slow": 0.1797794185717991, "late_diff_fast": 0.7231471137778062, "a_early_diff_stim": 3.31108054807852, "a_early_diff_inhib": 0.06396065879917934, "a_late_diff_stim": 4.501262925213542, "a_late_diff_inhib": 0.5799582034590958, "diff_time": 855.3045242676084, "a_Valles_2020_ALP": 339.2659106668576, "a_Valles_2020_ARS": 482.0812775638747}