{"ALP_M_n": 1.4505628521089073, "ARS_M_n": 1.1050412780720271, "ALP_0": 0.22224760315302444, "ARS_0": 0.6068892231025151, "maturity_t": 0.6765125251684739, "early_diff_slow": 0.36650617589183554, "early_diff_fast": 0.5965210042308144, "early_diff_very_fast": 0.8565413852688804, "late_diff_slow": 0.18229521995591375, "late_diff_fast": 0.6461441434241737, "a_early_diff_stim": 3.714037993486459, "a_early_diff_inhib": 0.6798852870802147, "a_late_diff_stim": 0.6630785264040293, "a_late_diff_inhib": 0.5292672462323579, "diff_time": 1060.4771964176496, "a_Valles_2020_ALP": 490.0910103427714, "a_Valles_2020_ARS": 504.01046829055196}