{"ALP_M_n": 3.522455968205822, "ARS_M_n": 1.4442552744840145, "ALP_0": 0.6304704819165071, "ARS_0": 0.24259638333029268, "maturity_t": 0.7209263511951832, "early_diff_slow": 0.11958543894916202, "early_diff_fast": 0.594589064644629, "early_diff_very_fast": 0.6555566343865045, "late_diff_slow": 0.10038334968163332, "late_diff_fast": 0.742446041087896, "a_early_diff_stim": 1.8141641169243288, "a_early_diff_inhib": 0.3367860073746569, "a_late_diff_stim": 0.8386552380337731, "a_late_diff_inhib": 0.3280812553121689, "diff_time": 745.117607252208, "a_Valles_2020_ALP": 151.81197046673444, "a_Valles_2020_ARS": 621.1685913543068}