{"ALP_M_n": 2.9790452383636303, "ARS_M_n": 1.3950783375819253, "ALP_0": 0.832943727875378, "ARS_0": 0.8571324301803429, "maturity_t": 0.8895326703522647, "early_diff_slow": 0.32196879922137356, "early_diff_fast": 0.6551692127246213, "early_diff_very_fast": 0.7389698320210387, "late_diff_slow": 0.2016404380005199, "late_diff_fast": 0.7875767872026344, "a_early_diff_stim": 2.1124743009287013, "a_early_diff_inhib": 0.8770088229038829, "a_late_diff_stim": 2.251388709030068, "a_late_diff_inhib": 0.4640084817204947, "diff_time": 1035.4500169432467, "a_Valles_2020_ALP": 129.42622853526177, "a_Valles_2020_ARS": 364.1328155321462}