{"0": 0.07690388594086799, "1": 0.0763971101692113, "2": 0.07696074755730742, "3": 0.07714323509173394, "4": 0.07742850488041385, "5": 0.07761907843326353, "6": 0.07731092569465808, "7": 0.07732891484967337, "8": 0.07667244537119845, "9": 0.07683821786486515, "10": 0.07710318559490105, "11": 0.07756322501976454, "12": 0.07656565469702871, "13": 0.07625044497108652, "14": 0.07625025797707063, "15": 0.07793555034732597, "16": 0.07665623131717743, "17": 0.07712544337155328, "18": 0.07810554615575649, "19": 0.07595880407954977, "20": 0.07757791855797425, "21": 0.07740078069564307, "22": 0.07743542263702229, "23": 0.07737203772765953, "24": 0.07713370400382762, "25": 0.07610392989405342, "26": 0.07585801525968673, "27": 0.07613549352799803, "28": 0.07729992864173767, "29": 0.0767371253705857, "30": 0.07695334304926899, "31": 0.07724436724811333, "32": 0.07774381375765987, "33": 0.07741230652832934, "34": 0.07716292653442294, "35": 0.07782105693602102, "36": 0.07725985091456834, "37": 0.07699201720374454, "38": 0.07746044891034054, "39": 0.07671295955068279, "40": 0.07725179034486501, "41": 0.07679099387812909, "42": 0.07676040429179691, "43": 0.07686699025081495, "44": 0.07660360367379802, "45": 0.07693726827271552, "46": 0.0769079484871078, "47": 0.07690999842162259, "48": 0.07773693421329349, "49": 0.0767496776438606, "50": 0.07663315553112693, "51": 0.07701273034488453, "52": 0.07673220315233817, "53": 0.0777787862401428, "54": 0.0773577329746696, "55": 0.07703896755873299, "56": 0.07713389270204572, "57": 0.0769606464367029, "58": 0.07669198807338119, "59": 0.0773655742359131, "60": 0.07639076415814781, "61": 0.07725328106772412, "62": 0.07680585056704448, "63": 0.07600381295423499, "64": 0.0774183645165143, "65": 0.07683455077203248, "66": 0.07755927891985268, "67": 0.07752527627647048, "68": 0.07675486552314734, "69": 0.0765168697984017, "70": 0.07709582864752847, "71": 0.07650912093121641, "72": 0.07618470219183206, "73": 0.07670342528147535, "74": 0.076583485140318, "75": 0.07671057710937394, "76": 0.07602282600592215, "77": 0.07710807800760887, "78": 0.07701030380012093, "79": 0.07712882145387374, "80": 0.0771106624771484, "81": 0.0770465356312979, "82": 0.07729276267178987, "83": 0.07678793157773232, "84": 0.0765278677890729, "85": 0.07751412161213755, "86": 0.0773279493940454, "87": 0.0777457538627059, "88": 0.07706229667415762, "89": 0.07762435728409572, "90": 0.07679872971036072, "91": 0.0773730194382158, "92": 0.07639876500008608, "93": 0.07623805080313394, "94": 0.07724897716277486, "95": 0.07750031171197101, "96": 0.07662359712979834, "97": 0.07639204881154993, "98": 0.07738534737485575, "99": 0.07733585297915019, "100": 0.07781382753391206, "101": 0.07738534648201933, "102": 0.07699651292131965, "103": 0.07705224968731098, "104": 0.07660682873955689, "105": 0.07698797536385288, "106": 0.07759277361278581, "107": 0.07724253001572295, "108": 0.07625928515283549, "109": 0.07688001191802434, "110": 0.0769863022165506, "111": 0.07791995599612538, "112": 0.0771327143724251, "113": 0.07720276391589549, "114": 0.0765382599058936, "115": 0.07733136745411555, "116": 0.07652944262738391, "117": 0.07708589932017823, "118": 0.07751025961048334, "119": 0.07637318098889724, "120": 0.07674133863219683, "121": 0.07693260616648175, "122": 0.07691471277633988, "123": 0.07677614290393972, "124": 0.07638881090309958, "125": 0.07727862885606385, "126": 0.07685154918457661, "127": 0.07683204324862515, "128": 0.07691158468545278, "129": 0.07705918587509024, "130": 0.07636094167477396, "131": 0.0763339161185257, "132": 0.07755733089622911, "133": 0.07723670568439382, "134": 0.07746433433294697, "135": 0.07626033616746833, "136": 0.07677285621703663, "137": 0.07627234381307811, "138": 0.07715528786770379, "139": 0.07721725951957707, "140": 0.07638166880310157, "141": 0.07781095988790651, "142": 0.07664811072306527, "143": 0.07699055658340125, "144": 0.0774096931189169, "145": 0.07645829398503406, "146": 0.0761259319010331, "147": 0.07741518451030374, "148": 0.07675782067297264, "149": 0.07676337582317422, "150": 0.07742477737160629, "151": 0.07674542214685882, "152": 0.07658608098233827, "153": 0.07672712724336109, "154": 0.07720853669327866, "155": 0.0778206139653796, "156": 0.07642828235401793, "157": 0.0775479802198762, "158": 0.07730859735920022, "159": 0.07655100087543555, "160": 0.07751010922860738, "161": 0.07728507591086516, "162": 0.07684110772513093, "163": 0.07675274473599167, "164": 0.07701017657981238, "165": 0.07626978894868641, "166": 0.07635508157431838, "167": 0.0767021729341701, "168": 0.07705909773504648, "169": 0.07777747721903902, "170": 0.07658103683881068, "171": 0.07634329469301405, "172": 0.07695886958119903, "173": 0.07644644345390346, "174": 0.07732609710995349, "175": 0.07734012968903564, "176": 0.07607178377292219, "177": 0.07649804569448061, "178": 0.07769103102516264, "179": 0.07708279859919788, "180": 0.07617559201077881, "181": 0.07659586762013472, "182": 0.07757173946695733, "183": 0.07692879777770746, "184": 0.0772472211738141, "185": 0.07714780361165975, "186": 0.07727965743495431, "187": 0.07694887096213751, "188": 0.07645789210282096, "189": 0.07745316168922763, "190": 0.0768765014378272, "191": 0.07720419596035094, "192": 0.07790515026338544, "193": 0.0776595360072314, "194": 0.07755406340528223, "195": 0.07622205114819579, "196": 0.0768920533633665, "197": 0.07690369721699826, "198": 0.07669154554221501, "199": 0.07780506871717953, "200": 0.07686753304730588, "201": 0.0770716454611967, "202": 0.07686665534291391, "203": 0.0766474317124534, "204": 0.07601578439616516, "205": 0.0762842482191906, "206": 0.07717032744338459, "207": 0.07711353701532328, "208": 0.07715802344756716, "209": 0.077459819778732, "210": 0.07740543312284166, "211": 0.07649354628124748, "212": 0.07617938955104249, "213": 0.0769524111249567, "214": 0.07756136799454488, "215": 0.07659316570279358, "216": 0.07698405379580518, "217": 0.07669749573052644, "218": 0.07747271779661878, "219": 0.0764791320133775, "220": 0.07729371761052374}