{"ALP_M_n": 3.529055873562304, "ALP_0": 1.4268171854549005, "Mg_stim": 8.549128095615124, "Mg_dest": 34.17303158237749, "maturity_t": 0.4934510912998223, "early_diff_fast": 0.657936254982039, "a_early_diff_stim": 2.9147195751615276, "diff_time": 489.61779315697254, "a_Valles_2020_ALP": 195.22430150934133}