{"ALP_M_n": 3.2742642677329488, "ALP_0": 1.4686496231789334, "Mg_stim": 2.836299637064881, "Mg_dest": 36.72226480577279, "maturity_t": 0.5516329676735038, "early_diff_fast": 0.5865231522845817, "a_early_diff_stim": 7.084864467259311, "diff_time": 440.3965415768033, "a_Valles_2020_ALP": 898.9385709923313}