{"ALP_M_n": 3.151623374344164, "ALP_0": 1.4885534818744854, "Mg_stim": 6.119155099392841, "Mg_dest": 38.27983292641568, "maturity_t": 0.5877677264013684, "early_diff_fast": 0.6366839201989938, "a_early_diff_stim": 3.5060549506893626, "diff_time": 413.1392675767832, "a_Valles_2020_ALP": 162.09360403497578}