{"ALP_M_n": 4.495739906874335, "ALP_0": 1.3214580751005438, "Mg_stim": 7.188062993175826, "Mg_dest": 35.10026575695389, "maturity_t": 0.34703461943197617, "early_diff_fast": 0.5410329318509152, "a_early_diff_stim": 11.261181953396237, "diff_time": 689.0728390834629, "a_Valles_2020_ALP": 183.810025531321}