{"ALP_M_n": 3.3791034310407975, "ALP_0": 1.45133060644564, "Mg_stim": 4.857642187063144, "Mg_dest": 38.58574788423518, "maturity_t": 0.5250561683264977, "early_diff_fast": 0.6365896658207438, "a_early_diff_stim": 3.8327909698946048, "diff_time": 461.7685672932321, "a_Valles_2020_ALP": 660.4948534610886}