{"ALP_M_n": 2.9404010874075728, "ALP_0": 1.5315979753053022, "Mg_stim": 3.9661593964131057, "Mg_dest": 36.056188294860505, "maturity_t": 0.6566153457709851, "early_diff_fast": 0.6320349715025617, "a_early_diff_stim": 4.267123475979949, "diff_time": 371.13516239437973, "a_Valles_2020_ALP": 782.0831793545285}