{"ALP_M_n": 4.092848246169951, "ALP_0": 1.3586669046253659, "Mg_stim": 4.953227177423987, "Mg_dest": 25.996867250782962, "maturity_t": 0.3965415122221624, "early_diff_fast": 0.5940230471669029, "a_early_diff_stim": 6.446560378999947, "diff_time": 605.8478361916966, "a_Valles_2020_ALP": 108.57099855001644}