{"ALP_M_n": 3.090028698512159, "ALP_0": 1.5012891248341074, "Mg_stim": 4.4552881407651626, "Mg_dest": 26.82473961081751, "maturity_t": 0.6054930886937995, "early_diff_fast": 0.5920050536217509, "a_early_diff_stim": 6.7361370784623364, "diff_time": 401.7086725489185, "a_Valles_2020_ALP": 773.4052045633466}