{"ALP_M_n": 3.4783954758356157, "ALP_0": 1.4335573043765348, "Mg_stim": 8.149176128375764, "Mg_dest": 21.476070988172964, "maturity_t": 0.5050456467323369, "early_diff_fast": 0.527898258416766, "a_early_diff_stim": 15.69604187558213, "diff_time": 479.0899314157588, "a_Valles_2020_ALP": 513.9053403538172}