{"ALP_M_n": 3.031313258834735, "ALP_0": 1.5134511916730196, "Mg_stim": 5.356957407018444, "Mg_dest": 36.06930785519566, "maturity_t": 0.62403007742134, "early_diff_fast": 0.599266526945512, "a_early_diff_stim": 5.238592385101103, "diff_time": 392.83172494695197, "a_Valles_2020_ALP": 12.476602016865513}