{"ALP_M_n": 3.727569595895811, "ALP_0": 1.3998501778529833, "Mg_stim": 5.723312568479686, "Mg_dest": 24.932326294103333, "maturity_t": 0.454959556208704, "early_diff_fast": 0.5356683826904387, "a_early_diff_stim": 15.65211132607111, "diff_time": 530.0391532922945, "a_Valles_2020_ALP": 785.3664869766956}