{"ALP_M_n": 4.2560482338526695, "ALP_0": 1.342809019604864, "Mg_stim": 2.5324725581992995, "Mg_dest": 33.36968945954833, "maturity_t": 0.37494013106069746, "early_diff_fast": 0.5344260481163287, "a_early_diff_stim": 19.42101017911369, "diff_time": 639.7024997532588, "a_Valles_2020_ALP": 635.8320570198762}