{
    "ALP_M_n": 4.754286232273618,
    "ARS_M_n": 3.136226301589588,
    "ALP_0": 0.7108100078762472,
    "ARS_0": 0.8324326718981829,
    "maturity_t": 0.9216219059751568,
    "early_diff_slow": 0.1713592771231288,
    "early_diff_fast": 0.7477955341043856,
    "early_diff_very_fast": 0.6834206484501518,
    "late_diff_slow": 0.2703452587809095,
    "late_diff_fast": 0.7917587042115468,
    "a_early_diff_stim": 4.7601521703269105,
    "a_early_diff_inhib": 0.4274976225309091,
    "a_late_diff_stim": 0.7538785244894755,
    "a_late_diff_inhib": 0.7892002401866064,
    "diff_time": 890.7312234356441,
    "a_Chen_2018_ALP": 6.081173307792887,
    "a_Chen_2018_ARS": 0.8412833143375262
}