{
    "ALP_M_n": 2.9160885829342975,
    "ARS_M_n": 2.028074011349845,
    "ALP_0": 0.5546456299891946,
    "ARS_0": 0.4738711362616796,
    "maturity_t": 0.5260219483922717,
    "early_diff_slow": 0.25548185733417533,
    "early_diff_fast": 0.7415502460537058,
    "early_diff_very_fast": 0.6531807537214495,
    "late_diff_slow": 0.26071603587259823,
    "late_diff_fast": 0.6782197903564156,
    "a_early_diff_stim": 4.962167851319298,
    "a_early_diff_inhib": 0.3012844477423158,
    "a_late_diff_stim": 1.6025517670867089,
    "a_late_diff_inhib": 0.2247588227800496,
    "diff_time": 675.4685293942597,
    "a_Chen_2018_ALP": 7.228481191672513,
    "a_Chen_2018_ARS": 1.819051513234477
}