{
    "ALP_M_n": 3.2405158716706985,
    "ARS_M_n": 2.3492902641625117,
    "ALP_0": 0.5895138607508561,
    "ARS_0": 0.6009128910115271,
    "maturity_t": 0.35811249012306956,
    "early_diff_slow": 0.10667075714046176,
    "early_diff_fast": 0.749447320220088,
    "early_diff_very_fast": 0.6319901939199083,
    "late_diff_slow": 0.29000115654164893,
    "late_diff_fast": 0.7915027341356845,
    "a_early_diff_stim": 4.9847451998960635,
    "a_early_diff_inhib": 0.31995833203341717,
    "a_late_diff_stim": 1.4690143377390692,
    "a_late_diff_inhib": 0.6041815551289893,
    "diff_time": 614.8624153704628,
    "a_Chen_2018_ALP": 6.666461913321556,
    "a_Chen_2018_ARS": 1.3272124563308147
}