{
    "ALP_M_n": 5.244748119294031,
    "ARS_M_n": 2.055611105738829,
    "ALP_0": 1.052904967003617,
    "ARS_0": 0.491009433822394,
    "maturity_t": 0.6016182514684868,
    "early_diff_slow": 0.26595837839813774,
    "early_diff_fast": 0.748436001428421,
    "early_diff_very_fast": 0.6675364861569817,
    "late_diff_slow": 0.11477015793597548,
    "late_diff_fast": 0.7133255434720622,
    "a_early_diff_stim": 4.8821515563441364,
    "a_early_diff_inhib": 0.4140374469533317,
    "a_late_diff_stim": 2.255232876486531,
    "a_late_diff_inhib": 0.5172767641482141,
    "diff_time": 706.9562255443492,
    "a_Chen_2018_ALP": 0.9507475421684943,
    "a_Chen_2018_ARS": 1.7597754749564642
}