{
    "ALP_M_n": 4.24515910612546,
    "ARS_M_n": 2.1894335089411143,
    "ALP_0": 0.8343669796086769,
    "ARS_0": 0.543025620503295,
    "maturity_t": 0.7359502971198032,
    "early_diff_slow": 0.3361438535246377,
    "early_diff_fast": 0.749086120578163,
    "early_diff_very_fast": 0.6665613735338105,
    "late_diff_slow": 0.35455914751531065,
    "late_diff_fast": 0.6996691818249827,
    "a_early_diff_stim": 4.995188952655576,
    "a_early_diff_inhib": 0.7349526054018471,
    "a_late_diff_stim": 3.8743168256109346,
    "a_late_diff_inhib": 0.6945967316685062,
    "diff_time": 710.2494467782765,
    "a_Chen_2018_ALP": 2.689448032002095,
    "a_Chen_2018_ARS": 1.5470612348153605
}