{
    "ALP_M_n": 3.6496499912058984,
    "ARS_M_n": 1.3228661630006653,
    "ALP_0": 0.5969417754195737,
    "ARS_0": 0.1988844858756052,
    "maturity_t": 0.595527694298274,
    "early_diff_slow": 0.26087605055683705,
    "early_diff_fast": 0.7481070238705709,
    "early_diff_very_fast": 0.664477587755795,
    "late_diff_slow": 0.1284823612516771,
    "late_diff_fast": 0.7038153106696464,
    "a_early_diff_stim": 4.980838319997409,
    "a_early_diff_inhib": 0.33041609731338384,
    "a_late_diff_stim": 1.7371339438450464,
    "a_late_diff_inhib": 0.1006614135640097,
    "diff_time": 799.9441317922661,
    "a_Chen_2018_ALP": 7.937805751202233,
    "a_Chen_2018_ARS": 3.390129468091612
}