{
    "ALP_M_n": 7.149036676622559,
    "ARS_M_n": 3.841451380295402,
    "ALP_0": 0.7361168545506587,
    "ARS_0": 0.6135847313055619,
    "maturity_t": 0.18813915778873666,
    "early_diff_slow": 0.38734151962980734,
    "early_diff_fast": 0.7422822888867107,
    "early_diff_very_fast": 0.6611963558016725,
    "late_diff_slow": 0.27881173650926916,
    "late_diff_fast": 0.6218557670741937,
    "a_early_diff_stim": 3.725686064157609,
    "a_early_diff_inhib": 0.7402526400489327,
    "a_late_diff_stim": 2.845474016725716,
    "a_late_diff_inhib": 0.35334488378538476,
    "diff_time": 1067.0328157940155,
    "a_Chen_2018_ALP": 9.841250740525092,
    "a_Chen_2018_ARS": 2.211157270406684
}