{
    "ALP_M_n": 4.429441139318529,
    "ARS_M_n": 1.3846705947042939,
    "ALP_0": 0.7758071179007313,
    "ARS_0": 0.2270330297840865,
    "maturity_t": 0.37207530600584116,
    "early_diff_slow": 0.32780222459653807,
    "early_diff_fast": 0.7493907924494231,
    "early_diff_very_fast": 0.6678448239879103,
    "late_diff_slow": 0.23420774635214703,
    "late_diff_fast": 0.609537609114978,
    "a_early_diff_stim": 4.962157469681667,
    "a_early_diff_inhib": 0.28925403977211006,
    "a_late_diff_stim": 2.003074652391733,
    "a_late_diff_inhib": 0.20226750819216166,
    "diff_time": 789.6364989253133,
    "a_Chen_2018_ALP": 3.774132205599695,
    "a_Chen_2018_ARS": 3.1896894685402484
}