{
    "ALP_M_n": 4.835825594063618,
    "ARS_M_n": 1.4057711996763724,
    "ALP_0": 0.6996763351582419,
    "ARS_0": 0.18958902031830213,
    "maturity_t": 0.8972599495295757,
    "early_diff_slow": 0.3317603132876833,
    "early_diff_fast": 0.7464032544206396,
    "early_diff_very_fast": 0.6665438911781729,
    "late_diff_slow": 0.20585457225026535,
    "late_diff_fast": 0.670102054183413,
    "a_early_diff_stim": 4.997052542107646,
    "a_early_diff_inhib": 0.49485210605097774,
    "a_late_diff_stim": 1.6198954412455002,
    "a_late_diff_inhib": 0.4370756930436923,
    "diff_time": 964.8906568655975,
    "a_Chen_2018_ALP": 6.890578917133357,
    "a_Chen_2018_ARS": 4.196953195703578
}