{
    "ALP_M_n": 1.6680126842811633,
    "ARS_M_n": 1.3555366084173528,
    "ALP_0": 0.32733531989564185,
    "ARS_0": 0.6049517507870367,
    "maturity_t": 0.7452642483896259,
    "early_diff_slow": 0.23106297279732166,
    "early_diff_fast": 0.5312758236085546,
    "early_diff_very_fast": 0.8981463091569859,
    "late_diff_slow": 0.37049256928489155,
    "late_diff_fast": 0.7922469809035092,
    "a_early_diff_stim": 9.292611033438732,
    "a_early_diff_inhib": 6.224670007375641,
    "a_late_diff_stim": 14.668213632347499,
    "a_late_diff_inhib": 1.1193918289775429,
    "diff_time": 871.7415092206927,
    "a_Valles_2020_ALP": 351.8127318133918,
    "a_Valles_2020_ARS": 428.2016951695356
}