{
    "ALP_M_n": 2.1870870029576124,
    "ARS_M_n": 2.114251144058346,
    "ALP_0": 0.2862173361461389,
    "ARS_0": 1.5334077232023202,
    "maturity_t": 0.6103144564979546,
    "early_diff_slow": 0.2820887706773735,
    "early_diff_fast": 0.5158364074027546,
    "early_diff_very_fast": 0.8040128982197488,
    "late_diff_slow": 0.21938356657762623,
    "late_diff_fast": 0.6253491423348461,
    "a_early_diff_stim": 15.143471023410223,
    "a_early_diff_inhib": 14.98823604808428,
    "a_late_diff_stim": 8.724681741585519,
    "a_late_diff_inhib": 5.512627386296818,
    "diff_time": 953.4426995717088,
    "a_Valles_2020_ALP": 533.3264880606747,
    "a_Valles_2020_ARS": 119.08836413037578
}