{
    "ALP_M_n": 1.1897258357645146,
    "ARS_M_n": 1.4348686023173653,
    "ALP_0": 0.4345077192546084,
    "ARS_0": 1.2814012422085754,
    "maturity_t": 0.960768527777771,
    "early_diff_slow": 0.18716166288508912,
    "early_diff_fast": 0.5637624637619247,
    "early_diff_very_fast": 0.8535518807887146,
    "late_diff_slow": 0.2473328887787437,
    "late_diff_fast": 0.7284458341401443,
    "a_early_diff_stim": 9.980114869049599,
    "a_early_diff_inhib": 12.999009092004332,
    "a_late_diff_stim": 11.642678517999984,
    "a_late_diff_inhib": 14.283030274043485,
    "diff_time": 1070.7637732724434,
    "a_Valles_2020_ALP": 282.5812321492427,
    "a_Valles_2020_ARS": 244.83381331786362
}