{
    "ALP_M_n": 1.6405337583172992,
    "ARS_M_n": 0.9745878773488486,
    "ALP_0": 0.4981342344330731,
    "ARS_0": 0.5953726853294844,
    "maturity_t": 0.8013947699461919,
    "early_diff_slow": 0.36839714398669104,
    "early_diff_fast": 0.5381582815327361,
    "early_diff_very_fast": 0.6662817670175163,
    "late_diff_slow": 0.31623288912013237,
    "late_diff_fast": 0.810905760562622,
    "a_early_diff_stim": 10.934430268691797,
    "a_early_diff_inhib": 5.820605693067073,
    "a_late_diff_stim": 5.200722766816616,
    "a_late_diff_inhib": 18.64518176633758,
    "diff_time": 1022.4662747389673,
    "a_Valles_2020_ALP": 273.26187064968036,
    "a_Valles_2020_ARS": 506.241827835967
}