{
    "ALP_M_n": 1.940487486748467,
    "ARS_M_n": 1.64948608184223,
    "ALP_0": 0.26000755919503166,
    "ARS_0": 0.8277141244077157,
    "maturity_t": 0.6773093804651245,
    "early_diff_slow": 0.3276516669425469,
    "early_diff_fast": 0.622375535324004,
    "early_diff_very_fast": 0.986005587561067,
    "late_diff_slow": 0.3041011202383017,
    "late_diff_fast": 0.7226280982455148,
    "a_early_diff_stim": 1.8728739176458449,
    "a_early_diff_inhib": 1.942158940488067,
    "a_late_diff_stim": 10.918087634429703,
    "a_late_diff_inhib": 16.46213133121527,
    "diff_time": 917.6675845152375,
    "a_Valles_2020_ALP": 496.0994186712627,
    "a_Valles_2020_ARS": 316.8469857690846
}