{
    "ALP_M_n": 1.6734578263379092,
    "ARS_M_n": 1.197919477224223,
    "ALP_0": 0.6050669669840681,
    "ARS_0": 0.5396566301983284,
    "maturity_t": 0.8647271302261534,
    "early_diff_slow": 0.23740313442387465,
    "early_diff_fast": 0.5471443543263886,
    "early_diff_very_fast": 0.8506264016245217,
    "late_diff_slow": 0.36675080257869347,
    "late_diff_fast": 0.6941474092561034,
    "a_early_diff_stim": 7.620271474897519,
    "a_early_diff_inhib": 19.52210178970715,
    "a_late_diff_stim": 15.23629596480874,
    "a_late_diff_inhib": 19.762200508844728,
    "diff_time": 958.4339254682654,
    "a_Valles_2020_ALP": 217.5404271587729,
    "a_Valles_2020_ARS": 506.8742302637002
}