{
    "ALP_M_n": 0.987624045668154,
    "ARS_M_n": 1.6313579702924663,
    "ALP_0": 0.3856006271061121,
    "ARS_0": 1.0937380148573288,
    "maturity_t": 0.9893363890076998,
    "early_diff_slow": 0.20444230174751624,
    "early_diff_fast": 0.5330397650042591,
    "early_diff_very_fast": 0.8470497954135886,
    "late_diff_slow": 0.19745791655896616,
    "late_diff_fast": 0.6388708021036376,
    "a_early_diff_stim": 17.07367533145404,
    "a_early_diff_inhib": 14.991590831747077,
    "a_late_diff_stim": 12.66615566420079,
    "a_late_diff_inhib": 19.88013804041698,
    "diff_time": 1031.9503551259652,
    "a_Valles_2020_ALP": 283.06254264834257,
    "a_Valles_2020_ARS": 242.74959784319327
}