{
    "ALP_M_n": 0.665276758150931,
    "ARS_M_n": 1.2907904388030884,
    "ALP_0": 0.018210374059499067,
    "ARS_0": 0.6584196239163815,
    "maturity_t": 0.9246406300781492,
    "early_diff_slow": 0.2669779858446923,
    "early_diff_fast": 0.5423804332757962,
    "early_diff_very_fast": 0.7313513551195301,
    "late_diff_slow": 0.36390262577923493,
    "late_diff_fast": 0.6471782740616654,
    "a_early_diff_stim": 10.445532799195451,
    "a_early_diff_inhib": 1.1427959327470063,
    "a_late_diff_stim": 14.246706131292331,
    "a_late_diff_inhib": 15.403997200949446,
    "diff_time": 1052.0928349967505,
    "a_Valles_2020_ALP": 411.9033212057887,
    "a_Valles_2020_ARS": 452.32983417383406
}