{
    "ALP_M_n": 0.9200998583127343,
    "ARS_M_n": 1.1012752701682387,
    "ALP_0": 0.20993490245980737,
    "ARS_0": 0.8775375412108122,
    "maturity_t": 0.7932946745331151,
    "early_diff_slow": 0.22031065260246907,
    "early_diff_fast": 0.6089765280829501,
    "early_diff_very_fast": 0.8197030269772678,
    "late_diff_slow": 0.26887090640493727,
    "late_diff_fast": 0.7104300293017355,
    "a_early_diff_stim": 13.515606737911611,
    "a_early_diff_inhib": 2.27077339930021,
    "a_late_diff_stim": 1.6808651374939547,
    "a_late_diff_inhib": 15.502096253722966,
    "diff_time": 999.5625325915506,
    "a_Valles_2020_ALP": 348.9627192154565,
    "a_Valles_2020_ARS": 375.1324098475686
}