{
    "ALP_M_n": 3.462069208512659,
    "ARS_M_n": 1.5678755259447836,
    "ALP_0": 0.48588458520712674,
    "ARS_0": 0.25502740397071566,
    "maturity_t": 0.667877652134092,
    "early_diff_slow": 0.18572173236946615,
    "early_diff_fast": 0.6712591282438133,
    "early_diff_very_fast": 0.9226342693961189,
    "late_diff_slow": 0.3234161874804372,
    "late_diff_fast": 0.8782923234065849,
    "a_early_diff_stim": 1.0969061506288682,
    "a_early_diff_inhib": 14.052788858778404,
    "a_late_diff_stim": 12.296992499437977,
    "a_late_diff_inhib": 2.2112749534540024,
    "diff_time": 765.2137146910361,
    "a_Valles_2020_ALP": 256.19537436019607,
    "a_Valles_2020_ARS": 607.4013401426063
}