{
    "ALP_M_n": 2.9247791409292896,
    "ARS_M_n": 1.9571319579719677,
    "ALP_0": 0.5298893994979315,
    "ARS_0": 0.8567465945079354,
    "maturity_t": 0.6386950263682497,
    "early_diff_slow": 0.29040399739256784,
    "early_diff_fast": 0.5330110140438336,
    "early_diff_very_fast": 0.6620664894067589,
    "late_diff_slow": 0.15518751697264224,
    "late_diff_fast": 0.6225852529363166,
    "a_early_diff_stim": 7.318453696830543,
    "a_early_diff_inhib": 6.609960267357828,
    "a_late_diff_stim": 10.712926174661625,
    "a_late_diff_inhib": 14.707193650212995,
    "diff_time": 891.3253093070624,
    "a_Valles_2020_ALP": 265.9449534314869,
    "a_Valles_2020_ARS": 265.96644022780487
}