{
    "ALP_M_n": 1.6641114294391288,
    "ARS_M_n": 1.2992507832647304,
    "ALP_0": 0.47508255531996535,
    "ARS_0": 1.130326085514865,
    "maturity_t": 0.8057369585467855,
    "early_diff_slow": 0.20266716446904057,
    "early_diff_fast": 0.7112741710913432,
    "early_diff_very_fast": 0.9032264357183168,
    "late_diff_slow": 0.1829360251932087,
    "late_diff_fast": 0.8068419773616496,
    "a_early_diff_stim": 1.8070359751228922,
    "a_early_diff_inhib": 8.279349243066397,
    "a_late_diff_stim": 4.681067618006942,
    "a_late_diff_inhib": 17.555568832707372,
    "diff_time": 973.9034597706395,
    "a_Valles_2020_ALP": 278.21313358450334,
    "a_Valles_2020_ARS": 287.4343374196723
}