{
    "ALP_M_n": 3.1686036756934555,
    "ARS_M_n": 0.9781468739060717,
    "ALP_0": 0.6681378265004768,
    "ARS_0": 0.27258706917175374,
    "maturity_t": 0.8336375999072194,
    "early_diff_slow": 0.16342533219650707,
    "early_diff_fast": 0.6234339422444672,
    "early_diff_very_fast": 0.6787804840779501,
    "late_diff_slow": 0.20449906894521447,
    "late_diff_fast": 0.7598984129853669,
    "a_early_diff_stim": 2.335983421386354,
    "a_early_diff_inhib": 8.95739806210251,
    "a_late_diff_stim": 17.554808141520937,
    "a_late_diff_inhib": 5.564772081825113,
    "diff_time": 1028.6960224475097,
    "a_Valles_2020_ALP": 203.3379626543294,
    "a_Valles_2020_ARS": 717.0244590334577
}