{
    "ALP_M_n": 3.0421764519238326,
    "ARS_M_n": 1.2597051805675186,
    "ALP_0": 1.0469598459686693,
    "ARS_0": 0.5504217918331203,
    "maturity_t": 0.7530869002080721,
    "early_diff_slow": 0.2718140033899723,
    "early_diff_fast": 0.5630130617953653,
    "early_diff_very_fast": 0.6738193689907213,
    "late_diff_slow": 0.25472656899303725,
    "late_diff_fast": 0.6428111788632794,
    "a_early_diff_stim": 4.842100619370245,
    "a_early_diff_inhib": 8.719324985391824,
    "a_late_diff_stim": 9.740383297696662,
    "a_late_diff_inhib": 9.897707213645015,
    "diff_time": 924.2990447166648,
    "a_Valles_2020_ALP": 70.24748500417543,
    "a_Valles_2020_ARS": 489.2248177106645
}