{
    "ALP_M_n": 1.6866312358619908,
    "ARS_M_n": 1.2165772921577325,
    "ALP_0": 0.7974314145336125,
    "ARS_0": 0.7629444694618355,
    "maturity_t": 1.0,
    "early_diff_slow": 0.12414000326410532,
    "early_diff_fast": 0.6062470468381934,
    "early_diff_very_fast": 0.9936903226439899,
    "late_diff_slow": 0.3436028500854837,
    "late_diff_fast": 0.7232983994134616,
    "a_early_diff_stim": 4.549683783122599,
    "a_early_diff_inhib": 14.40937824445851,
    "a_late_diff_stim": 12.786972664371838,
    "a_late_diff_inhib": 3.1906439721238247,
    "diff_time": 930.1085448451712,
    "a_Valles_2020_ALP": 156.00819418786222,
    "a_Valles_2020_ARS": 393.4477794937626
}