{
    "ALP_M_n": 2.2440493695075823,
    "ARS_M_n": 1.2119724770817146,
    "ALP_0": 0.7838302258118378,
    "ARS_0": 0.8405458951323226,
    "maturity_t": 0.9706567579193972,
    "early_diff_slow": 0.19946174793752375,
    "early_diff_fast": 0.7046848261038525,
    "early_diff_very_fast": 0.8254241451318365,
    "late_diff_slow": 0.28908461799215496,
    "late_diff_fast": 0.7721503915147603,
    "a_early_diff_stim": 1.876502005193098,
    "a_early_diff_inhib": 11.542895018968856,
    "a_late_diff_stim": 12.047887831823438,
    "a_late_diff_inhib": 12.67227795707409,
    "diff_time": 907.171193653783,
    "a_Valles_2020_ALP": 144.96319732130942,
    "a_Valles_2020_ARS": 367.0279303833677
}