{
    "ALP_M_n": 2.3460569207364115,
    "ARS_M_n": 1.8189183662694641,
    "ALP_0": 0.47255880570740005,
    "ARS_0": 0.3158671921650715,
    "maturity_t": 0.8739589523710092,
    "early_diff_slow": 0.19227323265825946,
    "early_diff_fast": 0.5175254390400142,
    "early_diff_very_fast": 0.7155096143472258,
    "late_diff_slow": 0.18817330830048773,
    "late_diff_fast": 0.8266602721411189,
    "a_early_diff_stim": 11.931725670224324,
    "a_early_diff_inhib": 7.390565034818968,
    "a_late_diff_stim": 17.47995056421071,
    "a_late_diff_inhib": 15.023525071046848,
    "diff_time": 692.0613303574867,
    "a_Valles_2020_ALP": 221.14572234424423,
    "a_Valles_2020_ARS": 496.55177499494675
}