{
    "ALP_M_n": 2.7159028693218947,
    "ARS_M_n": 1.2959106306543553,
    "ALP_0": 0.5429030103126111,
    "ARS_0": 0.3319494839186753,
    "maturity_t": 0.7068325257272249,
    "early_diff_slow": 0.13066057032660777,
    "early_diff_fast": 0.5959279343868245,
    "early_diff_very_fast": 0.826822734832052,
    "late_diff_slow": 0.271778147530235,
    "late_diff_fast": 0.6684092969644987,
    "a_early_diff_stim": 2.4096337110919803,
    "a_early_diff_inhib": 14.447400171787733,
    "a_late_diff_stim": 16.008827111460494,
    "a_late_diff_inhib": 13.840877093232633,
    "diff_time": 823.2003496145139,
    "a_Valles_2020_ALP": 229.2454278462039,
    "a_Valles_2020_ARS": 589.3645403062804
}