{
    "ALP_M_n": 2.494222082957282,
    "ARS_M_n": 1.2583951876646522,
    "ALP_0": 0.5456165819312409,
    "ARS_0": 0.5742513090772182,
    "maturity_t": 0.6734264198820487,
    "early_diff_slow": 0.3803953183488571,
    "early_diff_fast": 0.5293830447120865,
    "early_diff_very_fast": 0.6978605270499814,
    "late_diff_slow": 0.3094593493445297,
    "late_diff_fast": 0.6085145175450288,
    "a_early_diff_stim": 9.574715335371344,
    "a_early_diff_inhib": 7.136966448086401,
    "a_late_diff_stim": 4.969179285174114,
    "a_late_diff_inhib": 12.806477947228165,
    "diff_time": 933.9332783912403,
    "a_Valles_2020_ALP": 256.26951551187506,
    "a_Valles_2020_ARS": 480.1859872483779
}