{
    "ALP_M_n": 1.741843625487224,
    "ARS_M_n": 2.262192773551503,
    "ALP_0": 0.5230444317570415,
    "ARS_0": 1.7115413291605146,
    "maturity_t": 0.8631520322866458,
    "early_diff_slow": 0.20778268045539983,
    "early_diff_fast": 0.5574534416923521,
    "early_diff_very_fast": 0.8404486218571053,
    "late_diff_slow": 0.22290950376311985,
    "late_diff_fast": 0.6495537636628796,
    "a_early_diff_stim": 6.41864272946063,
    "a_early_diff_inhib": 1.8782461248271822,
    "a_late_diff_stim": 12.636531173439005,
    "a_late_diff_inhib": 16.46525092863252,
    "diff_time": 878.7685980507723,
    "a_Valles_2020_ALP": 237.79839073744478,
    "a_Valles_2020_ARS": 84.00950291364278
}