{
    "ALP_M_n": 1.307361849108469,
    "ARS_M_n": 1.288656889964326,
    "ALP_0": 0.342215624000148,
    "ARS_0": 0.6335386363943889,
    "maturity_t": 0.9273904883315116,
    "early_diff_slow": 0.2507695241850729,
    "early_diff_fast": 0.5948117498749884,
    "early_diff_very_fast": 0.6803414510157607,
    "late_diff_slow": 0.19404555634181223,
    "late_diff_fast": 0.7879385645641438,
    "a_early_diff_stim": 5.221839085896642,
    "a_early_diff_inhib": 7.024137210313617,
    "a_late_diff_stim": 14.541864872744688,
    "a_late_diff_inhib": 1.6049034939109745,
    "diff_time": 889.8921340648266,
    "a_Valles_2020_ALP": 307.4088652772974,
    "a_Valles_2020_ARS": 424.9689999589292
}