{
    "ALP_M_n": 3.0729322666260166,
    "ARS_M_n": 2.0973397935594638,
    "ALP_0": 0.6275792841867945,
    "ARS_0": 1.630378234889017,
    "maturity_t": 0.5151464601636575,
    "early_diff_slow": 0.2459076468310721,
    "early_diff_fast": 0.5326155480248504,
    "early_diff_very_fast": 0.9309827439472156,
    "late_diff_slow": 0.13552146113355332,
    "late_diff_fast": 0.71320860746865,
    "a_early_diff_stim": 12.276694946208917,
    "a_early_diff_inhib": 5.191632743927423,
    "a_late_diff_stim": 3.4875771129635424,
    "a_late_diff_inhib": 17.12727429492354,
    "diff_time": 1034.188603162086,
    "a_Valles_2020_ALP": 232.2823240803947,
    "a_Valles_2020_ARS": 113.70247146025847
}