{
    "ALP_M_n": 1.3796777098323687,
    "ARS_M_n": 1.2987929883712717,
    "ALP_0": 0.30378100126964336,
    "ARS_0": 0.8290704909730799,
    "maturity_t": 0.771179290201759,
    "early_diff_slow": 0.22678054975681455,
    "early_diff_fast": 0.5709633121151766,
    "early_diff_very_fast": 0.6977489678344868,
    "late_diff_slow": 0.23149941163104637,
    "late_diff_fast": 0.7421440598816734,
    "a_early_diff_stim": 5.364217601296493,
    "a_early_diff_inhib": 15.339605016916526,
    "a_late_diff_stim": 9.322454375196902,
    "a_late_diff_inhib": 3.562330737642081,
    "diff_time": 1040.159014548905,
    "a_Valles_2020_ALP": 380.13500233421115,
    "a_Valles_2020_ARS": 387.9659572034914
}