{
    "ALP_M_n": 1.9544637389335469,
    "ARS_M_n": 0.8474577921862126,
    "ALP_0": 0.5472625437397054,
    "ARS_0": 0.3655930177574449,
    "maturity_t": 0.7593395124608026,
    "early_diff_slow": 0.22667667156581217,
    "early_diff_fast": 0.5994328922111087,
    "early_diff_very_fast": 0.9198406524313827,
    "late_diff_slow": 0.3485998686341772,
    "late_diff_fast": 0.7540737954888961,
    "a_early_diff_stim": 3.051249057798767,
    "a_early_diff_inhib": 14.076298684334853,
    "a_late_diff_stim": 9.26619155766372,
    "a_late_diff_inhib": 17.25075103277262,
    "diff_time": 1004.2480679932369,
    "a_Valles_2020_ALP": 255.7186935867718,
    "a_Valles_2020_ARS": 619.8896702665564
}