{
    "ALP_M_n": 1.0407662367687784,
    "ARS_M_n": 0.05060798465817662,
    "ALP_0": 0.11264176879751808,
    "ARS_0": 4.022864371586037,
    "maturity_t": 0.8046797495247425,
    "early_diff_slow": 0.18643218628223057,
    "early_diff_fast": 0.6806987343019713,
    "early_diff_very_fast": 0.7866014465550952,
    "late_diff_slow": 0.27419872158813535,
    "late_diff_fast": 0.694099628429229,
    "a_early_diff_stim": 2.6104446772186085,
    "a_early_diff_inhib": 14.588331673081651,
    "a_late_diff_stim": 8.133473698652578,
    "a_late_diff_inhib": 3.0633137593364523,
    "diff_time": 963.3055747588471,
    "a_Valles_2020_ALP": 450.7706005241627,
    "a_Valles_2020_ARS": 503.1929396176169
}