{
    "ALP_M_n": 1.7127690647524378,
    "ARS_M_n": 0.7824210633466606,
    "ALP_0": 0.1744072346709471,
    "ARS_0": 0.14966982967548859,
    "maturity_t": 0.6639165274415296,
    "early_diff_slow": 0.3819690476236185,
    "early_diff_fast": 0.5407469781525241,
    "early_diff_very_fast": 0.7095037396721245,
    "late_diff_slow": 0.20933474236581462,
    "late_diff_fast": 0.7004195790915544,
    "a_early_diff_stim": 5.457583292910904,
    "a_early_diff_inhib": 2.6104248149629328,
    "a_late_diff_stim": 13.009420269305734,
    "a_late_diff_inhib": 12.905301923925558,
    "diff_time": 892.4417940465282,
    "a_Valles_2020_ALP": 552.953519387726,
    "a_Valles_2020_ARS": 718.4597576117146
}