{
    "ALP_M_n": 2.7003043575276964,
    "ARS_M_n": 1.6250603423992132,
    "ALP_0": 0.39122767699564254,
    "ARS_0": 0.6363611587884017,
    "maturity_t": 0.7471871151022954,
    "early_diff_slow": 0.25757853275782533,
    "early_diff_fast": 0.5791932379881642,
    "early_diff_very_fast": 0.8039401871643211,
    "late_diff_slow": 0.27992782526403853,
    "late_diff_fast": 0.8560333986991625,
    "a_early_diff_stim": 2.5905392764449333,
    "a_early_diff_inhib": 4.377854059001207,
    "a_late_diff_stim": 4.201512249081444,
    "a_late_diff_inhib": 1.8857320512478566,
    "diff_time": 709.2892770629416,
    "a_Valles_2020_ALP": 295.9520497586246,
    "a_Valles_2020_ARS": 338.97554995539997
}