{
    "ALP_M_n": 1.1666174101162714,
    "ARS_M_n": 1.5042914365884328,
    "ALP_0": 0.31087067675330676,
    "ARS_0": 1.091788834346698,
    "maturity_t": 1.0,
    "early_diff_slow": 0.12102796730192777,
    "early_diff_fast": 0.5471415930109845,
    "early_diff_very_fast": 0.867326355299874,
    "late_diff_slow": 0.16984067796910365,
    "late_diff_fast": 0.6810743854218873,
    "a_early_diff_stim": 8.18837633303994,
    "a_early_diff_inhib": 7.2868392354617475,
    "a_late_diff_stim": 9.007319031907741,
    "a_late_diff_inhib": 15.10935947930486,
    "diff_time": 876.9682386325325,
    "a_Valles_2020_ALP": 306.26818455612016,
    "a_Valles_2020_ARS": 255.09643200548473
}