{
    "ALP_M_n": 2.3750585067648986,
    "ARS_M_n": 1.7645342330270122,
    "ALP_0": 0.9077648787109776,
    "ARS_0": 0.975587066007093,
    "maturity_t": 0.8786365335333653,
    "early_diff_slow": 0.27618557002930294,
    "early_diff_fast": 0.5422893057190834,
    "early_diff_very_fast": 0.8936020551053203,
    "late_diff_slow": 0.2408954333634896,
    "late_diff_fast": 0.7399238990284577,
    "a_early_diff_stim": 10.287548466273646,
    "a_early_diff_inhib": 15.855877460900816,
    "a_late_diff_stim": 12.912711724882273,
    "a_late_diff_inhib": 5.042748247507358,
    "diff_time": 841.5879671552412,
    "a_Valles_2020_ALP": 105.86243612592541,
    "a_Valles_2020_ARS": 241.59064365810755
}