{
    "ALP_M_n": 1.7679402506311952,
    "ARS_M_n": 1.088421356339449,
    "ALP_0": 0.40671563987868353,
    "ARS_0": 0.5009656444742081,
    "maturity_t": 0.6944902662710862,
    "early_diff_slow": 0.20687389065536171,
    "early_diff_fast": 0.5680779925416082,
    "early_diff_very_fast": 0.6922723425097388,
    "late_diff_slow": 0.29190695128664157,
    "late_diff_fast": 0.6785107166849349,
    "a_early_diff_stim": 3.647163683901889,
    "a_early_diff_inhib": 4.516448951000664,
    "a_late_diff_stim": 12.531249473703072,
    "a_late_diff_inhib": 18.837047892568265,
    "diff_time": 1019.1509408450809,
    "a_Valles_2020_ALP": 343.95861695617805,
    "a_Valles_2020_ARS": 553.9631393615338
}