{
    "ALP_M_n": 0.7285137915699824,
    "ARS_M_n": 1.008992257398565,
    "ALP_0": 0.09843068992937391,
    "ARS_0": 0.6486037023254367,
    "maturity_t": 0.9549926756231637,
    "early_diff_slow": 0.23691767553869547,
    "early_diff_fast": 0.5837788085280247,
    "early_diff_very_fast": 0.9439993382617751,
    "late_diff_slow": 0.37519769686594545,
    "late_diff_fast": 0.6007436112792635,
    "a_early_diff_stim": 6.708324875744362,
    "a_early_diff_inhib": 14.444789779434418,
    "a_late_diff_stim": 13.070618378257294,
    "a_late_diff_inhib": 10.212905937042754,
    "diff_time": 988.7806862346235,
    "a_Valles_2020_ALP": 364.7921285521429,
    "a_Valles_2020_ARS": 469.9524888966614
}