{
    "ALP_M_n": 1.717355660596655,
    "ARS_M_n": 1.5654705642715339,
    "ALP_0": 0.7246817465597863,
    "ARS_0": 1.1992485712047636,
    "maturity_t": 0.9171140946296275,
    "early_diff_slow": 0.11695693219448133,
    "early_diff_fast": 0.5770360101000193,
    "early_diff_very_fast": 0.6948631234851089,
    "late_diff_slow": 0.1687704881503275,
    "late_diff_fast": 0.7677654677778997,
    "a_early_diff_stim": 5.997428795393088,
    "a_early_diff_inhib": 12.066478686386926,
    "a_late_diff_stim": 4.8211103983549926,
    "a_late_diff_inhib": 17.401216295233517,
    "diff_time": 984.8666383219131,
    "a_Valles_2020_ALP": 179.254362439127,
    "a_Valles_2020_ARS": 235.53037413480342
}