{
    "ALP_M_n": 1.4676696583658195,
    "ARS_M_n": 1.4869011609385137,
    "ALP_0": 0.494139558904451,
    "ARS_0": 0.878448120784678,
    "maturity_t": 0.9288954484936582,
    "early_diff_slow": 0.3626879798288811,
    "early_diff_fast": 0.561754710001924,
    "early_diff_very_fast": 0.8628084553080367,
    "late_diff_slow": 0.3963825797577917,
    "late_diff_fast": 0.8006847588522105,
    "a_early_diff_stim": 7.005625901861545,
    "a_early_diff_inhib": 13.580189513671261,
    "a_late_diff_stim": 6.432700263858653,
    "a_late_diff_inhib": 17.554457264832088,
    "diff_time": 979.0996298745098,
    "a_Valles_2020_ALP": 259.5572659837706,
    "a_Valles_2020_ARS": 323.4603496600456
}