{
    "ALP_M_n": 2.6931784052867256,
    "ARS_M_n": 1.311146624149923,
    "ALP_0": 0.5003155274751993,
    "ARS_0": 0.8724851087393882,
    "maturity_t": 0.582916647512601,
    "early_diff_slow": 0.37174153211822664,
    "early_diff_fast": 0.5405094808318522,
    "early_diff_very_fast": 0.8961742366364613,
    "late_diff_slow": 0.2785283451230439,
    "late_diff_fast": 0.6122784367237982,
    "a_early_diff_stim": 7.278721008378513,
    "a_early_diff_inhib": 17.812545435348493,
    "a_late_diff_stim": 9.49048696893922,
    "a_late_diff_inhib": 7.39277099738795,
    "diff_time": 1043.210536272712,
    "a_Valles_2020_ALP": 338.6327521403554,
    "a_Valles_2020_ARS": 369.0770582527275
}