{
    "ALP_M_n": 2.059894256428,
    "ARS_M_n": 1.9434467239464681,
    "ALP_0": 0.5250378515089695,
    "ARS_0": 1.3563229987369954,
    "maturity_t": 0.8575166133473243,
    "early_diff_slow": 0.14478308866068548,
    "early_diff_fast": 0.5251109162204892,
    "early_diff_very_fast": 0.7696892337212985,
    "late_diff_slow": 0.12402714945533397,
    "late_diff_fast": 0.7102515494978437,
    "a_early_diff_stim": 11.38703580364,
    "a_early_diff_inhib": 5.301407059986363,
    "a_late_diff_stim": 15.767693749814109,
    "a_late_diff_inhib": 4.047148398839888,
    "diff_time": 765.5298607705599,
    "a_Valles_2020_ALP": 215.62820672465463,
    "a_Valles_2020_ARS": 140.9775559742665
}