{
    "ALP_M_n": 1.1217833607359022,
    "ARS_M_n": 0.9815809463261913,
    "ALP_0": 0.19219149618826104,
    "ARS_0": 0.25993048346492853,
    "maturity_t": 0.8101256416751204,
    "early_diff_slow": 0.10958890340605382,
    "early_diff_fast": 0.6168573019234285,
    "early_diff_very_fast": 0.8370358030498406,
    "late_diff_slow": 0.23476603632747728,
    "late_diff_fast": 0.7924287142846389,
    "a_early_diff_stim": 3.7950490866324764,
    "a_early_diff_inhib": 14.851745206364393,
    "a_late_diff_stim": 1.3890482413384948,
    "a_late_diff_inhib": 11.914509787343508,
    "diff_time": 1011.4234552482525,
    "a_Valles_2020_ALP": 412.58260269871346,
    "a_Valles_2020_ARS": 682.7574050728263
}