{
    "ALP_M_n": 2.781257264007681,
    "ARS_M_n": 1.4657921333100028,
    "ALP_0": 0.6735466783459224,
    "ARS_0": 0.7884094481020172,
    "maturity_t": 0.7215434322969366,
    "early_diff_slow": 0.24881687233843863,
    "early_diff_fast": 0.5232038680393589,
    "early_diff_very_fast": 0.8089450772053643,
    "late_diff_slow": 0.34426887530584105,
    "late_diff_fast": 0.7411560407690608,
    "a_early_diff_stim": 10.270489123524067,
    "a_early_diff_inhib": 11.508818930616444,
    "a_late_diff_stim": 14.01864236286386,
    "a_late_diff_inhib": 12.666645402458563,
    "diff_time": 851.7652006513022,
    "a_Valles_2020_ALP": 166.35606795439037,
    "a_Valles_2020_ARS": 342.98318964707465
}