{
    "ALP_M_n": 3.1062406575779127,
    "ARS_M_n": 1.6747015290376144,
    "ALP_0": 1.3713305101118567,
    "ARS_0": 1.2374397107984598,
    "maturity_t": 0.6658196233486906,
    "early_diff_slow": 0.26867441166218153,
    "early_diff_fast": 0.6183649821181543,
    "early_diff_very_fast": 0.9452695526568755,
    "late_diff_slow": 0.1059086708598175,
    "late_diff_fast": 0.8222278863590857,
    "a_early_diff_stim": 17.40346585412977,
    "a_early_diff_inhib": 9.631013377146074,
    "a_late_diff_stim": 10.15243293228114,
    "a_late_diff_inhib": 16.00810331132672,
    "diff_time": 1018.3368078540462,
    "a_Valles_2020_ALP": 38.38539658670772,
    "a_Valles_2020_ARS": 207.18286652031713
}