{
    "ALP_M_n": 0.9939700328158418,
    "ARS_M_n": 1.649554651377759,
    "ALP_0": 0.10922497289727609,
    "ARS_0": 1.3071046191008107,
    "maturity_t": 0.8226792148483075,
    "early_diff_slow": 0.22977009947807978,
    "early_diff_fast": 0.5449425543140755,
    "early_diff_very_fast": 0.8575647249114695,
    "late_diff_slow": 0.2679775966776359,
    "late_diff_fast": 0.6958752707654261,
    "a_early_diff_stim": 8.807510542107078,
    "a_early_diff_inhib": 2.6110447414167037,
    "a_late_diff_stim": 3.3564175174294233,
    "a_late_diff_inhib": 12.750492027852902,
    "diff_time": 1010.5068695812978,
    "a_Valles_2020_ALP": 450.51810832736305,
    "a_Valles_2020_ARS": 207.46583981354735
}