{
    "ALP_M_n": 2.308571145760571,
    "ARS_M_n": 1.382074673626986,
    "ALP_0": 0.24724339461729278,
    "ARS_0": 0.31166633927093634,
    "maturity_t": 0.9498064878194462,
    "early_diff_slow": 0.25098181168820544,
    "early_diff_fast": 0.6560952794660153,
    "early_diff_very_fast": 0.661276523346734,
    "late_diff_slow": 0.22571393712466695,
    "late_diff_fast": 0.7497236765363687,
    "a_early_diff_stim": 1.39287588418909,
    "a_early_diff_inhib": 4.5943075447231845,
    "a_late_diff_stim": 2.2228766921194367,
    "a_late_diff_inhib": 11.063086748008203,
    "diff_time": 758.2772473655479,
    "a_Valles_2020_ALP": 470.4845987860582,
    "a_Valles_2020_ARS": 566.185527399458
}