{
    "ALP_M_n": 2.583975112201783,
    "ARS_M_n": 1.6428572357375375,
    "ALP_0": 0.35736621575026783,
    "ARS_0": 0.7405748141824101,
    "maturity_t": 0.6891331609112258,
    "early_diff_slow": 0.1367096497833657,
    "early_diff_fast": 0.5515296378795342,
    "early_diff_very_fast": 0.7558750484701066,
    "late_diff_slow": 0.24901189299148907,
    "late_diff_fast": 0.6241739118369984,
    "a_early_diff_stim": 3.1349119477769496,
    "a_early_diff_inhib": 9.501798022001456,
    "a_late_diff_stim": 2.886680181749048,
    "a_late_diff_inhib": 17.067615710269312,
    "diff_time": 785.1540047980991,
    "a_Valles_2020_ALP": 373.4601759954463,
    "a_Valles_2020_ARS": 323.05507920719015
}