{
    "ALP_M_n": 2.1825319045501717,
    "ARS_M_n": 0.8861172962159,
    "ALP_0": 0.7415649660854875,
    "ARS_0": 0.20204568063533548,
    "maturity_t": 0.9253509166311135,
    "early_diff_slow": 0.2981786179650604,
    "early_diff_fast": 0.6317168070311372,
    "early_diff_very_fast": 0.7880846151086711,
    "late_diff_slow": 0.21549368503385136,
    "late_diff_fast": 0.7491830807516138,
    "a_early_diff_stim": 2.252686354674966,
    "a_early_diff_inhib": 14.242407263644159,
    "a_late_diff_stim": 13.728203351989418,
    "a_late_diff_inhib": 2.7864330714489753,
    "diff_time": 955.6190591530121,
    "a_Valles_2020_ALP": 164.74302843121365,
    "a_Valles_2020_ARS": 726.2867645005637
}