{
    "ALP_M_n": 2.879475082091934,
    "ARS_M_n": 2.438583682855424,
    "ALP_0": 0.5932938292449742,
    "ARS_0": 2.090805069501312,
    "maturity_t": 0.5516696707590252,
    "early_diff_slow": 0.30577646430320915,
    "early_diff_fast": 0.5650668882168944,
    "early_diff_very_fast": 0.8556004298473594,
    "late_diff_slow": 0.1685392368344072,
    "late_diff_fast": 0.7001647034201519,
    "a_early_diff_stim": 15.126688816760495,
    "a_early_diff_inhib": 0.9530012536838974,
    "a_late_diff_stim": 6.39141818678,
    "a_late_diff_inhib": 14.71417420687673,
    "diff_time": 961.546562940565,
    "a_Valles_2020_ALP": 237.0172056759588,
    "a_Valles_2020_ARS": 50.603544426413976
}