{
    "ALP_M_n": 2.107012522034693,
    "ARS_M_n": 1.2684121707062292,
    "ALP_0": 0.3591959877109958,
    "ARS_0": 0.7542207039171813,
    "maturity_t": 0.6167393339052359,
    "early_diff_slow": 0.2548823465430915,
    "early_diff_fast": 0.5610324043614251,
    "early_diff_very_fast": 0.8218010251123242,
    "late_diff_slow": 0.26406450537266485,
    "late_diff_fast": 0.7732280226935209,
    "a_early_diff_stim": 4.253135064403492,
    "a_early_diff_inhib": 10.828250398825908,
    "a_late_diff_stim": 16.31447250677449,
    "a_late_diff_inhib": 6.473254525895786,
    "diff_time": 1027.4815450346125,
    "a_Valles_2020_ALP": 442.1191207286191,
    "a_Valles_2020_ARS": 416.65807614501915
}