{
    "ALP_M_n": 1.710947488895971,
    "ARS_M_n": 1.6578121267119814,
    "ALP_0": 0.6172944202985199,
    "ARS_0": 1.0266850749439849,
    "maturity_t": 0.7388881256647369,
    "early_diff_slow": 0.19295185946259563,
    "early_diff_fast": 0.6231440706538919,
    "early_diff_very_fast": 0.6070861796673668,
    "late_diff_slow": 0.21491871219722253,
    "late_diff_fast": 0.6586022174377599,
    "a_early_diff_stim": 10.912476346807903,
    "a_early_diff_inhib": 14.225200505261075,
    "a_late_diff_stim": 16.00729601621415,
    "a_late_diff_inhib": 7.772494978437159,
    "diff_time": 930.4145868423275,
    "a_Valles_2020_ALP": 207.73019018604765,
    "a_Valles_2020_ARS": 248.0253029575414
}