{
    "ALP_M_n": 3.9349048411777643,
    "ARS_M_n": 1.0580392471565307,
    "ALP_0": 0.984483687523432,
    "ARS_0": 0.38399958997454525,
    "maturity_t": 0.604721809083744,
    "early_diff_slow": 0.1727959188843965,
    "early_diff_fast": 0.5548869400879585,
    "early_diff_very_fast": 0.7575570330405345,
    "late_diff_slow": 0.2858776673565031,
    "late_diff_fast": 0.8348317245316169,
    "a_early_diff_stim": 4.4006699723182106,
    "a_early_diff_inhib": 12.908359772768783,
    "a_late_diff_stim": 7.788310932466331,
    "a_late_diff_inhib": 12.649144530790181,
    "diff_time": 1013.1846664935396,
    "a_Valles_2020_ALP": 67.86172622647858,
    "a_Valles_2020_ARS": 628.5651722475747
}