{
    "ALP_M_n": 2.843233617655086,
    "ARS_M_n": 0.37765221254052683,
    "ALP_0": 2.066881946238708,
    "ARS_0": 0.18470483499360313,
    "maturity_t": 0.7986627026417574,
    "early_diff_slow": 0.1934247794570612,
    "early_diff_fast": 0.5484785510329289,
    "early_diff_very_fast": 0.8858830376276794,
    "late_diff_slow": 0.35205598650302794,
    "late_diff_fast": 0.8364890541374448,
    "a_early_diff_stim": 14.363405418921136,
    "a_early_diff_inhib": 1.996319805541349,
    "a_late_diff_stim": 3.4499214350046596,
    "a_late_diff_inhib": 9.57026046747758,
    "diff_time": 1006.8070706631731,
    "a_Valles_2020_ALP": 16.426926502484434,
    "a_Valles_2020_ARS": 625.4337698855422
}