{
    "ALP_M_n": 2.0836747162901696,
    "ARS_M_n": 1.1557683322971064,
    "ALP_0": 0.8046741376313336,
    "ARS_0": 0.5865192033033629,
    "maturity_t": 0.8254803855632696,
    "early_diff_slow": 0.213719654532177,
    "early_diff_fast": 0.5729095910781047,
    "early_diff_very_fast": 0.8269456174287676,
    "late_diff_slow": 0.29326664094706945,
    "late_diff_fast": 0.742449968564813,
    "a_early_diff_stim": 4.65330730328961,
    "a_early_diff_inhib": 7.317632833214747,
    "a_late_diff_stim": 17.689780572191836,
    "a_late_diff_inhib": 2.969170445416993,
    "diff_time": 996.1658915165867,
    "a_Valles_2020_ALP": 151.67114095641423,
    "a_Valles_2020_ARS": 498.59802793057844
}