{
    "ALP_M_n": 3.338400608571799,
    "ARS_M_n": 1.4757234414381581,
    "ALP_0": 0.6722312704921857,
    "ARS_0": 0.8861196297132349,
    "maturity_t": 0.6183652065677429,
    "early_diff_slow": 0.20087182427682626,
    "early_diff_fast": 0.526389308828992,
    "early_diff_very_fast": 0.9433019816739835,
    "late_diff_slow": 0.1668019722946817,
    "late_diff_fast": 0.8928950026299542,
    "a_early_diff_stim": 9.788518981940273,
    "a_early_diff_inhib": 8.284905875174497,
    "a_late_diff_stim": 13.748234812859597,
    "a_late_diff_inhib": 3.1344359774935038,
    "diff_time": 930.2949706237571,
    "a_Valles_2020_ALP": 179.21992562761497,
    "a_Valles_2020_ARS": 325.14645975659283
}