{
    "ALP_M_n": 1.8974450621944061,
    "ARS_M_n": 1.0728470195281414,
    "ALP_0": 0.5600416020557145,
    "ARS_0": 0.3029374493958941,
    "maturity_t": 0.7374018055202404,
    "early_diff_slow": 0.2772739496089146,
    "early_diff_fast": 0.6344533499749426,
    "early_diff_very_fast": 0.7835867894651731,
    "late_diff_slow": 0.14627865415295974,
    "late_diff_fast": 0.7742008295633462,
    "a_early_diff_stim": 9.244872764595405,
    "a_early_diff_inhib": 5.891553189589307,
    "a_late_diff_stim": 16.565219246894195,
    "a_late_diff_inhib": 9.694354384812666,
    "diff_time": 825.7930701437891,
    "a_Valles_2020_ALP": 213.4693897791332,
    "a_Valles_2020_ARS": 573.1648835009399
}