{
    "ALP_M_n": 1.238739155103224,
    "ARS_M_n": 1.216535689871635,
    "ALP_0": 0.2022612439886038,
    "ARS_0": 1.3425613630017514,
    "maturity_t": 0.7937182481695728,
    "early_diff_slow": 0.2021830247690667,
    "early_diff_fast": 0.5514607996764119,
    "early_diff_very_fast": 0.9493526807930166,
    "late_diff_slow": 0.1054166233212484,
    "late_diff_fast": 0.7919115109165538,
    "a_early_diff_stim": 7.575107651484427,
    "a_early_diff_inhib": 13.3866521839477,
    "a_late_diff_stim": 11.31093010652223,
    "a_late_diff_inhib": 9.969217464261327,
    "diff_time": 972.7959205260534,
    "a_Valles_2020_ALP": 422.10120584973055,
    "a_Valles_2020_ARS": 258.40698645967586
}