{
    "ALP_M_n": 1.1318541031860114,
    "ARS_M_n": 0.8662127260382587,
    "ALP_0": 0.18287165205070213,
    "ARS_0": 0.574499111248835,
    "maturity_t": 0.9424787936816479,
    "early_diff_slow": 0.2455737652677616,
    "early_diff_fast": 0.7357196743987222,
    "early_diff_very_fast": 0.8932628589431388,
    "late_diff_slow": 0.10157469475140074,
    "late_diff_fast": 0.6228317199134058,
    "a_early_diff_stim": 1.858640940028376,
    "a_early_diff_inhib": 0.9684122895993656,
    "a_late_diff_stim": 14.310466454944432,
    "a_late_diff_inhib": 14.523348667180267,
    "diff_time": 1046.5777705380629,
    "a_Valles_2020_ALP": 434.42535971155485,
    "a_Valles_2020_ARS": 524.3328762946182
}