{
    "ALP_M_n": 2.3653610697502043,
    "ARS_M_n": 1.4049985879683782,
    "ALP_0": 0.6118238640806929,
    "ARS_0": 0.6933075798760038,
    "maturity_t": 0.8406096549788131,
    "early_diff_slow": 0.2536870006780343,
    "early_diff_fast": 0.6444026057327905,
    "early_diff_very_fast": 0.7274339858492685,
    "late_diff_slow": 0.38413061814209803,
    "late_diff_fast": 0.8015668183395835,
    "a_early_diff_stim": 2.0931591821577724,
    "a_early_diff_inhib": 0.038661601927591605,
    "a_late_diff_stim": 2.3718925873035523,
    "a_late_diff_inhib": 10.380142914306084,
    "diff_time": 873.0551137210914,
    "a_Valles_2020_ALP": 201.8549247007954,
    "a_Valles_2020_ARS": 392.0224546959725
}