{
    "ALP_M_n": 1.4173448280030145,
    "ARS_M_n": 1.123812009408256,
    "ALP_0": 0.4400161397548495,
    "ARS_0": 0.44824775670919803,
    "maturity_t": 0.9379669254244356,
    "early_diff_slow": 0.3034710475343393,
    "early_diff_fast": 0.5750854210088966,
    "early_diff_very_fast": 0.695631194632941,
    "late_diff_slow": 0.21842303308980823,
    "late_diff_fast": 0.7465999680662926,
    "a_early_diff_stim": 6.876167054894528,
    "a_early_diff_inhib": 4.056739357693127,
    "a_late_diff_stim": 3.259811477004585,
    "a_late_diff_inhib": 4.992399742409187,
    "diff_time": 892.7019512447465,
    "a_Valles_2020_ALP": 266.61995567129657,
    "a_Valles_2020_ARS": 527.6336775442718
}