{
    "ALP_M_n": 0.9272895736918463,
    "ARS_M_n": 0.8725386335481421,
    "ALP_0": 0.1375232030546841,
    "ARS_0": 0.4106697299254065,
    "maturity_t": 0.8314740684541023,
    "early_diff_slow": 0.11681055182300376,
    "early_diff_fast": 0.5916845100824855,
    "early_diff_very_fast": 0.7355339768731735,
    "late_diff_slow": 0.12388864163561383,
    "late_diff_fast": 0.7750246398440442,
    "a_early_diff_stim": 4.980146128070605,
    "a_early_diff_inhib": 16.795548527982948,
    "a_late_diff_stim": 5.866423370890848,
    "a_late_diff_inhib": 11.283379731248038,
    "diff_time": 1055.6543785383844,
    "a_Valles_2020_ALP": 414.4163554666316,
    "a_Valles_2020_ARS": 607.958522683149
}