{
    "ALP_M_n": 1.7330655713389316,
    "ARS_M_n": 1.2712328093993648,
    "ALP_0": 0.4610816976726877,
    "ARS_0": 0.60848088399469,
    "maturity_t": 0.802667310196657,
    "early_diff_slow": 0.2041309807877577,
    "early_diff_fast": 0.6098054341320625,
    "early_diff_very_fast": 0.9752853182072041,
    "late_diff_slow": 0.3326060067160109,
    "late_diff_fast": 0.7832636668367942,
    "a_early_diff_stim": 2.9521914186997673,
    "a_early_diff_inhib": 9.301632578840504,
    "a_late_diff_stim": 6.57841279814701,
    "a_late_diff_inhib": 5.845968001570522,
    "diff_time": 959.7415247716617,
    "a_Valles_2020_ALP": 286.52641595407107,
    "a_Valles_2020_ARS": 469.31812349618934
}