{
    "ALP_M_n": 5.35272147710909,
    "ARS_M_n": 0.9644856207523088,
    "ALP_0": 0.548970564978576,
    "ARS_0": 0.7340038113290701,
    "maturity_t": 0.49230803993685335,
    "early_diff_slow": 0.22725546269606897,
    "early_diff_fast": 0.522289743503868,
    "early_diff_very_fast": 0.6947826074654531,
    "late_diff_slow": 0.1800697105702832,
    "late_diff_fast": 0.7318692087411991,
    "a_early_diff_stim": 16.395614979147357,
    "a_early_diff_inhib": 7.4268300355614585,
    "a_late_diff_stim": 11.604214683918332,
    "a_late_diff_inhib": 17.83893928194404,
    "diff_time": 863.8819436441543,
    "a_Valles_2020_ALP": 281.8623559102093,
    "a_Valles_2020_ARS": 411.3502608668174
}