{
    "ALP_M_n": 1.7423629623820984,
    "ARS_M_n": 0.9747471361664022,
    "ALP_0": 0.5423467030728878,
    "ARS_0": 0.228114518682331,
    "maturity_t": 0.8937180303255824,
    "early_diff_slow": 0.3277013969418694,
    "early_diff_fast": 0.543544641518857,
    "early_diff_very_fast": 0.8477094609664344,
    "late_diff_slow": 0.26424536818567756,
    "late_diff_fast": 0.776959370194487,
    "a_early_diff_stim": 7.175826606027347,
    "a_early_diff_inhib": 14.383727849696333,
    "a_late_diff_stim": 5.285636097046761,
    "a_late_diff_inhib": 15.26664896760915,
    "diff_time": 879.3180025036452,
    "a_Valles_2020_ALP": 229.33187561693305,
    "a_Valles_2020_ARS": 678.3551066378782
}