{
    "ALP_M_n": 1.670484139856261,
    "ARS_M_n": 1.8396686646096998,
    "ALP_0": 0.5949219671926957,
    "ARS_0": 1.3006804040035351,
    "maturity_t": 0.8781998220039896,
    "early_diff_slow": 0.20408767293884772,
    "early_diff_fast": 0.5432311706354535,
    "early_diff_very_fast": 0.7642810101189726,
    "late_diff_slow": 0.3723849602280969,
    "late_diff_fast": 0.8191378134399511,
    "a_early_diff_stim": 8.057624439680197,
    "a_early_diff_inhib": 12.795557684713419,
    "a_late_diff_stim": 2.3802501188675755,
    "a_late_diff_inhib": 16.57732005721966,
    "diff_time": 923.6751287573122,
    "a_Valles_2020_ALP": 214.60465111747345,
    "a_Valles_2020_ARS": 177.67584697796528
}