{
    "ALP_M_n": 1.3872266714782862,
    "ARS_M_n": 1.144719848109505,
    "ALP_0": 0.16534803104354542,
    "ARS_0": 1.1362103931465475,
    "maturity_t": 0.515059600498071,
    "early_diff_slow": 0.21628653549405313,
    "early_diff_fast": 0.6107033180796951,
    "early_diff_very_fast": 0.985888088560586,
    "late_diff_slow": 0.25689583636148816,
    "late_diff_fast": 0.7770738796834932,
    "a_early_diff_stim": 5.703224233712972,
    "a_early_diff_inhib": 10.964381056795315,
    "a_late_diff_stim": 10.213951927015138,
    "a_late_diff_inhib": 9.416852894471603,
    "diff_time": 1062.1276293435437,
    "a_Valles_2020_ALP": 550.9319431748337,
    "a_Valles_2020_ARS": 316.7502613820326
}