{
    "ALP_M_n": 2.035898099854009,
    "ARS_M_n": 0.9710920413152436,
    "ALP_0": 0.5428594289892775,
    "ARS_0": 0.002049917944853522,
    "maturity_t": 0.8195966153112286,
    "early_diff_slow": 0.21719377814975044,
    "early_diff_fast": 0.5169465399720992,
    "early_diff_very_fast": 0.6746623082100395,
    "late_diff_slow": 0.2767108055312203,
    "late_diff_fast": 0.6537082340028681,
    "a_early_diff_stim": 13.836760043164185,
    "a_early_diff_inhib": 4.345777262042008,
    "a_late_diff_stim": 16.163406236522462,
    "a_late_diff_inhib": 17.043850258988037,
    "diff_time": 830.0157066961845,
    "a_Valles_2020_ALP": 223.74990192025953,
    "a_Valles_2020_ARS": 882.2281104835815
}