{
    "ALP_M_n": 1.4303382943120615,
    "ARS_M_n": 1.4152968946825477,
    "ALP_0": 0.4242127430109037,
    "ARS_0": 1.6016319203857243,
    "maturity_t": 0.8685547359780407,
    "early_diff_slow": 0.22473739929636766,
    "early_diff_fast": 0.5293846839711257,
    "early_diff_very_fast": 0.7534482795698594,
    "late_diff_slow": 0.11857262436186494,
    "late_diff_fast": 0.8367171288152526,
    "a_early_diff_stim": 13.532317498304982,
    "a_early_diff_inhib": 15.849935007347632,
    "a_late_diff_stim": 11.139319412311501,
    "a_late_diff_inhib": 9.77232170463186,
    "diff_time": 972.9185544868759,
    "a_Valles_2020_ALP": 290.8957411491699,
    "a_Valles_2020_ARS": 189.93232526956947
}