{
    "ALP_M_n": 2.787267741781048,
    "ARS_M_n": 0.9103684367762825,
    "ALP_0": 0.5860753855638642,
    "ARS_0": 0.30929392854276494,
    "maturity_t": 0.6157859560098515,
    "early_diff_slow": 0.17675164088527118,
    "early_diff_fast": 0.6186954211012542,
    "early_diff_very_fast": 0.7773261913262118,
    "late_diff_slow": 0.28900874968916646,
    "late_diff_fast": 0.8716494298018022,
    "a_early_diff_stim": 2.2305682388279124,
    "a_early_diff_inhib": 11.263206205758294,
    "a_late_diff_stim": 10.270783156573529,
    "a_late_diff_inhib": 7.109653652685014,
    "diff_time": 1003.2695826695349,
    "a_Valles_2020_ALP": 251.5786366925195,
    "a_Valles_2020_ARS": 665.0737116684708
}