{
    "ALP_M_n": 1.5233362934395722,
    "ARS_M_n": 1.3928410542157448,
    "ALP_0": 0.5042883906561707,
    "ARS_0": 0.768875113395566,
    "maturity_t": 0.9286905411614546,
    "early_diff_slow": 0.3338843933252768,
    "early_diff_fast": 0.532491740490127,
    "early_diff_very_fast": 0.7927377672842257,
    "late_diff_slow": 0.2321713494491648,
    "late_diff_fast": 0.7323368530041118,
    "a_early_diff_stim": 9.904293432862746,
    "a_early_diff_inhib": 19.012924945954563,
    "a_late_diff_stim": 7.259967494601823,
    "a_late_diff_inhib": 10.821862765182118,
    "diff_time": 893.1541288081979,
    "a_Valles_2020_ALP": 242.7977229956416,
    "a_Valles_2020_ARS": 367.8508754556288
}