{
    "ALP_M_n": 1.9953762301008926,
    "ARS_M_n": 1.3329556060193637,
    "ALP_0": 0.4527532533675301,
    "ARS_0": 0.8892995212900894,
    "maturity_t": 0.6618613076048069,
    "early_diff_slow": 0.1880256595206702,
    "early_diff_fast": 0.5143316889520413,
    "early_diff_very_fast": 0.8812893498652961,
    "late_diff_slow": 0.18014388671065779,
    "late_diff_fast": 0.7201017559119016,
    "a_early_diff_stim": 19.132914202203473,
    "a_early_diff_inhib": 17.92465459717615,
    "a_late_diff_stim": 0.9973780090352022,
    "a_late_diff_inhib": 7.7173658797468185,
    "diff_time": 1064.1562005428093,
    "a_Valles_2020_ALP": 338.23425089109423,
    "a_Valles_2020_ARS": 364.0174092637305
}