{
    "ALP_M_n": 1.6725751907368327,
    "ARS_M_n": 1.289846482170047,
    "ALP_0": 0.308436675641513,
    "ARS_0": 0.7014160863324351,
    "maturity_t": 0.7142340177361494,
    "early_diff_slow": 0.1508117246425686,
    "early_diff_fast": 0.5430705606511496,
    "early_diff_very_fast": 0.7068318320416186,
    "late_diff_slow": 0.3996426286501309,
    "late_diff_fast": 0.7202210111042598,
    "a_early_diff_stim": 6.156965827417886,
    "a_early_diff_inhib": 8.720786067559311,
    "a_late_diff_stim": 18.60899948974879,
    "a_late_diff_inhib": 1.5534927124722202,
    "diff_time": 966.1261945606055,
    "a_Valles_2020_ALP": 404.7773988655245,
    "a_Valles_2020_ARS": 424.18578534152005
}