{
    "ALP_M_n": 0.9498814451306223,
    "ARS_M_n": 0.6889052895060036,
    "ALP_0": 0.2380603489598457,
    "ARS_0": 0.1769820306159304,
    "maturity_t": 0.9886170787711295,
    "early_diff_slow": 0.15318683471658207,
    "early_diff_fast": 0.6378495174169071,
    "early_diff_very_fast": 0.8724618661522769,
    "late_diff_slow": 0.16685710438403714,
    "late_diff_fast": 0.7099960977631596,
    "a_early_diff_stim": 4.233790009649158,
    "a_early_diff_inhib": 12.764176833390161,
    "a_late_diff_stim": 3.101294335259923,
    "a_late_diff_inhib": 7.275671286519378,
    "diff_time": 1037.9210805586583,
    "a_Valles_2020_ALP": 345.912260138546,
    "a_Valles_2020_ARS": 715.1551522962679
}