{
    "ALP_M_n": 2.214853695996693,
    "ARS_M_n": 1.4957348908142314,
    "ALP_0": 0.4011478498316672,
    "ARS_0": 1.1002555091647106,
    "maturity_t": 0.7083586828129225,
    "early_diff_slow": 0.19055295020593405,
    "early_diff_fast": 0.521607132833319,
    "early_diff_very_fast": 0.9602002511679207,
    "late_diff_slow": 0.1919405128153202,
    "late_diff_fast": 0.8780822963100378,
    "a_early_diff_stim": 11.87734874445762,
    "a_early_diff_inhib": 7.282666441844981,
    "a_late_diff_stim": 8.691822935998267,
    "a_late_diff_inhib": 2.0800949245420703,
    "diff_time": 855.9672098190424,
    "a_Valles_2020_ALP": 333.65151586460627,
    "a_Valles_2020_ARS": 251.11203326706635
}