{
    "ALP_M_n": 3.8358465821562766,
    "ARS_M_n": 1.6168313415337845,
    "ALP_0": 0.39753173823579663,
    "ARS_0": 1.065786045792909,
    "maturity_t": 0.6243417084026363,
    "early_diff_slow": 0.2849643055271706,
    "early_diff_fast": 0.5941897675721715,
    "early_diff_very_fast": 0.9221327008683515,
    "late_diff_slow": 0.2160445958809294,
    "late_diff_fast": 0.8844760148716121,
    "a_early_diff_stim": 1.5207553892147414,
    "a_early_diff_inhib": 13.573400836284577,
    "a_late_diff_stim": 5.413131968642485,
    "a_late_diff_inhib": 12.432132475984591,
    "diff_time": 749.2556691182855,
    "a_Valles_2020_ALP": 386.53589958756345,
    "a_Valles_2020_ARS": 224.93749715261282
}