{
    "ALP_M_n": 2.733265360975845,
    "ARS_M_n": 1.3407904177250416,
    "ALP_0": 0.40143077300405333,
    "ARS_0": 0.48652302679824616,
    "maturity_t": 0.5915100238547832,
    "early_diff_slow": 0.30661824345158795,
    "early_diff_fast": 0.5571399733884677,
    "early_diff_very_fast": 0.6005078869122862,
    "late_diff_slow": 0.14246633659576577,
    "late_diff_fast": 0.7054883537113708,
    "a_early_diff_stim": 3.6118469807905087,
    "a_early_diff_inhib": 11.020630763177813,
    "a_late_diff_stim": 4.147198933751164,
    "a_late_diff_inhib": 8.161369912315413,
    "diff_time": 945.2442741841459,
    "a_Valles_2020_ALP": 428.2117397072375,
    "a_Valles_2020_ARS": 535.7871252380971
}