{
    "ALP_M_n": 1.3379522081860606,
    "ARS_M_n": 0.6955362165567576,
    "ALP_0": 0.2280845941512916,
    "ARS_0": 0.14774196943897905,
    "maturity_t": 0.7682142728486312,
    "early_diff_slow": 0.3123242029496704,
    "early_diff_fast": 0.6699834953838728,
    "early_diff_very_fast": 0.8933792606580045,
    "late_diff_slow": 0.3783435955138658,
    "late_diff_fast": 0.6908258080012664,
    "a_early_diff_stim": 2.5079642253934873,
    "a_early_diff_inhib": 3.6629939724868255,
    "a_late_diff_stim": 2.848702276851764,
    "a_late_diff_inhib": 7.612304942295745,
    "diff_time": 968.9881043765703,
    "a_Valles_2020_ALP": 419.5141249562656,
    "a_Valles_2020_ARS": 726.3285042275952
}