{
    "ALP_M_n": 1.9432619630321866,
    "ARS_M_n": 0.7807765726686395,
    "ALP_0": 0.1888007730582563,
    "ARS_0": 0.1484596293977271,
    "maturity_t": 0.5849856539105481,
    "early_diff_slow": 0.296580871493206,
    "early_diff_fast": 0.5191337949377202,
    "early_diff_very_fast": 0.7915964806924732,
    "late_diff_slow": 0.32241994152523984,
    "late_diff_fast": 0.7865679717256754,
    "a_early_diff_stim": 12.642052357469442,
    "a_early_diff_inhib": 4.129768960858557,
    "a_late_diff_stim": 13.970205681451436,
    "a_late_diff_inhib": 4.767422346796076,
    "diff_time": 989.9930061542149,
    "a_Valles_2020_ALP": 691.3690549034333,
    "a_Valles_2020_ARS": 762.9870952103902
}