{
    "ALP_M_n": 2.4557986313753104,
    "ARS_M_n": 2.3054473763184755,
    "ALP_0": 0.6331328298500569,
    "ARS_0": 0.4969046091012903,
    "maturity_t": 0.910822368779966,
    "early_diff_slow": 0.26928593338314216,
    "early_diff_fast": 0.5337817679027473,
    "early_diff_very_fast": 0.9278238036601851,
    "late_diff_slow": 0.14090443818559673,
    "late_diff_fast": 0.8187832521149928,
    "a_early_diff_stim": 6.42063700841469,
    "a_early_diff_inhib": 13.531475313105831,
    "a_late_diff_stim": 15.200971441473275,
    "a_late_diff_inhib": 0.8284359774434655,
    "diff_time": 661.0989313751437,
    "a_Valles_2020_ALP": 144.5414134398709,
    "a_Valles_2020_ARS": 315.63790309873366
}