{
    "ALP_M_n": 1.146591990263964,
    "ARS_M_n": 0.9707609135848454,
    "ALP_0": 0.31499702043703426,
    "ARS_0": 0.3028426666196449,
    "maturity_t": 0.7906041629826736,
    "early_diff_slow": 0.17296189671877044,
    "early_diff_fast": 0.5378624734395419,
    "early_diff_very_fast": 0.7533105281407114,
    "late_diff_slow": 0.1728739701567547,
    "late_diff_fast": 0.723782525452829,
    "a_early_diff_stim": 10.527907994918227,
    "a_early_diff_inhib": 18.407692054865077,
    "a_late_diff_stim": 9.101190683072282,
    "a_late_diff_inhib": 11.96847223804356,
    "diff_time": 994.265982954879,
    "a_Valles_2020_ALP": 326.1010040203279,
    "a_Valles_2020_ARS": 654.7978771494261
}