{
    "ALP_M_n": 2.2404806292772736,
    "ARS_M_n": 1.2169127672097608,
    "ALP_0": 0.8086502960862646,
    "ARS_0": 0.03927030707447169,
    "maturity_t": 0.9612738758140031,
    "early_diff_slow": 0.12922308784246034,
    "early_diff_fast": 0.5691255804373182,
    "early_diff_very_fast": 0.8002131908444713,
    "late_diff_slow": 0.15790797528577866,
    "late_diff_fast": 0.6603548686156374,
    "a_early_diff_stim": 5.615464035336725,
    "a_early_diff_inhib": 2.5121927194898657,
    "a_late_diff_stim": 15.348173926160577,
    "a_late_diff_inhib": 17.064674641273967,
    "diff_time": 726.7593191820785,
    "a_Valles_2020_ALP": 116.87235821756752,
    "a_Valles_2020_ARS": 763.366039965402
}