{
    "ALP_M_n": 1.9491588817062335,
    "ARS_M_n": 1.5743358371117413,
    "ALP_0": 0.4505531947821965,
    "ARS_0": 1.054824791245809,
    "maturity_t": 0.6357436415276541,
    "early_diff_slow": 0.2587116225987964,
    "early_diff_fast": 0.6276143455607996,
    "early_diff_very_fast": 0.932531933626592,
    "late_diff_slow": 0.2716157935642015,
    "late_diff_fast": 0.8608115547568653,
    "a_early_diff_stim": 6.343240084140027,
    "a_early_diff_inhib": 3.60159142335248,
    "a_late_diff_stim": 2.0736799442197142,
    "a_late_diff_inhib": 4.208499558623991,
    "diff_time": 921.4602491070889,
    "a_Valles_2020_ALP": 297.85076263596,
    "a_Valles_2020_ARS": 256.4803155512397
}