{
    "ALP_M_n": 1.9284538409200473,
    "ARS_M_n": 1.2274673322104426,
    "ALP_0": 0.49335835620102775,
    "ARS_0": 1.0013108583069756,
    "maturity_t": 0.7830166814757403,
    "early_diff_slow": 0.23977215107193328,
    "early_diff_fast": 0.5147217688424239,
    "early_diff_very_fast": 0.7678085871016913,
    "late_diff_slow": 0.10317018102702277,
    "late_diff_fast": 0.6950946938487278,
    "a_early_diff_stim": 19.34342440129973,
    "a_early_diff_inhib": 2.3319528415664914,
    "a_late_diff_stim": 2.9155966752203994,
    "a_late_diff_inhib": 0.9069086910978488,
    "diff_time": 895.025645612519,
    "a_Valles_2020_ALP": 262.33275501178525,
    "a_Valles_2020_ARS": 317.53802469970447
}