{"ALP_M_n": 5.260299326971343, "ARS_M_n": 1.4003745974568242, "ALP_0": 0.7099093728054403, "ARS_0": 0.17391739812607085, "maturity_t": 0.9525406684506554, "early_diff_slow": 0.25788433866383376, "early_diff_fast": 0.7487362498933321, "early_diff_very_fast": 0.6677086965655131, "late_diff_slow": 0.28284129969951, "late_diff_fast": 0.6898380558620898, "a_early_diff_stim": 4.887048421405286, "a_early_diff_inhib": 0.6447644829095996, "a_late_diff_stim": 3.2974488906813315, "a_late_diff_inhib": 0.026869306736409637, "diff_time": 1056.8968940515797, "a_Chen_2018_ALP": 7.581796604790479, "a_Chen_2018_ARS": 4.816754424804947}