{"ALP_M_n": 3.4927849899501293, "ARS_M_n": 2.3111314084035564, "ALP_0": 0.6755444200389027, "ARS_0": 0.5854126877171637, "maturity_t": 0.6245655895752953, "early_diff_slow": 0.3000007655719703, "early_diff_fast": 0.7356394055682585, "early_diff_very_fast": 0.6517412445921669, "late_diff_slow": 0.24642903449000447, "late_diff_fast": 0.7941096235646703, "a_early_diff_stim": 4.853371217729997, "a_early_diff_inhib": 0.05144239245443821, "a_late_diff_stim": 2.7811064818252698, "a_late_diff_inhib": 0.3131117262625656, "diff_time": 655.1217355436969, "a_Chen_2018_ALP": 4.939520119966689, "a_Chen_2018_ARS": 1.3787512662073629}