{"ALP_M_n": 2.7112001998863176, "ARS_M_n": 2.1924794321786227, "ALP_0": 0.47108508247999653, "ARS_0": 0.5419978182677823, "maturity_t": 0.9181321713220605, "early_diff_slow": 0.27522597002558047, "early_diff_fast": 0.7493086551313008, "early_diff_very_fast": 0.6617756880261785, "late_diff_slow": 0.3848512001242173, "late_diff_fast": 0.6583489016358477, "a_early_diff_stim": 4.960928899850567, "a_early_diff_inhib": 0.44047366845426783, "a_late_diff_stim": 3.3014179538221224, "a_late_diff_inhib": 0.5126513263245613, "diff_time": 695.9447568636333, "a_Chen_2018_ALP": 9.254791632665297, "a_Chen_2018_ARS": 1.548519615053893}