{"ALP_M_n": 5.677517484735252, "ARS_M_n": 1.428293929674144, "ALP_0": 0.7925978636627574, "ARS_0": 0.18614152152271274, "maturity_t": 0.44550169172285226, "early_diff_slow": 0.2960449704357827, "early_diff_fast": 0.7487996551970577, "early_diff_very_fast": 0.6680680106205521, "late_diff_slow": 0.3603188629398819, "late_diff_fast": 0.7453919172640727, "a_early_diff_stim": 4.970298279663757, "a_early_diff_inhib": 0.4195150226360278, "a_late_diff_stim": 2.3640117137710406, "a_late_diff_inhib": 0.8339966193153228, "diff_time": 1040.681297149162, "a_Chen_2018_ALP": 4.668969843967382, "a_Chen_2018_ARS": 4.598514131357452}