{"ALP_M_n": 5.142248805008242, "ARS_M_n": 2.0757233201122105, "ALP_0": 1.0330849174399581, "ARS_0": 0.4922114223401778, "maturity_t": 0.8692686583595524, "early_diff_slow": 0.3487312870268467, "early_diff_fast": 0.7496834284385238, "early_diff_very_fast": 0.6684218483754526, "late_diff_slow": 0.3628777795899528, "late_diff_fast": 0.7219945562146054, "a_early_diff_stim": 4.98901270614482, "a_early_diff_inhib": 0.6330130453911749, "a_late_diff_stim": 4.415577477003373, "a_late_diff_inhib": 0.7670036475329626, "diff_time": 716.1284139224726, "a_Chen_2018_ALP": 1.05274644258256, "a_Chen_2018_ARS": 1.74207926465782}