{"ALP_M_n": 4.945916640998242, "ARS_M_n": 1.4358543709872762, "ALP_0": 0.8754164144756127, "ARS_0": 0.24899987434978646, "maturity_t": 0.6112247281182767, "early_diff_slow": 0.26421368425739555, "early_diff_fast": 0.7469277925657232, "early_diff_very_fast": 0.6664084432455608, "late_diff_slow": 0.1809243403393864, "late_diff_fast": 0.6700359655994548, "a_early_diff_stim": 4.849342617861619, "a_early_diff_inhib": 0.6273669861209488, "a_late_diff_stim": 0.6240460855531735, "a_late_diff_inhib": 0.863372293944236, "diff_time": 773.8849187742372, "a_Chen_2018_ALP": 2.355173896882455, "a_Chen_2018_ARS": 3.0943955305223168}