{"ALP_M_n": 6.050633446091497, "ARS_M_n": 1.4651742998256472, "ALP_0": 0.8885134474502963, "ARS_0": 0.204848593554701, "maturity_t": 0.7818048592851967, "early_diff_slow": 0.29839698010125076, "early_diff_fast": 0.747724751901381, "early_diff_very_fast": 0.6671661580950851, "late_diff_slow": 0.33186475408352295, "late_diff_fast": 0.6649432055814387, "a_early_diff_stim": 4.835743670052341, "a_early_diff_inhib": 0.47242469117781716, "a_late_diff_stim": 1.4543024278946777, "a_late_diff_inhib": 0.9379179827482246, "diff_time": 965.8191832997799, "a_Chen_2018_ALP": 2.5225286509561156, "a_Chen_2018_ARS": 4.22618566225818}