{"ALP_M_n": 5.951572410059474, "ARS_M_n": 1.4794613649826043, "ALP_0": 0.9021367929480428, "ARS_0": 0.2144091302655891, "maturity_t": 0.7185978352876369, "early_diff_slow": 0.2645893003398332, "early_diff_fast": 0.7434162438181651, "early_diff_very_fast": 0.6646285532104262, "late_diff_slow": 0.28326198487844856, "late_diff_fast": 0.6575605996243172, "a_early_diff_stim": 4.968764794297898, "a_early_diff_inhib": 0.8193210106153003, "a_late_diff_stim": 1.227576691437195, "a_late_diff_inhib": 0.4119462062976515, "diff_time": 949.284932246844, "a_Chen_2018_ALP": 2.299198821613981, "a_Chen_2018_ARS": 4.051556486111125}