{"ALP_M_n": 4.017927113500891, "ARS_M_n": 1.4222449413353435, "ALP_0": 0.7543568043813211, "ARS_0": 0.24764015277956022, "maturity_t": 0.4724636494450424, "early_diff_slow": 0.21162448847135207, "early_diff_fast": 0.7479445446644921, "early_diff_very_fast": 0.663612798688453, "late_diff_slow": 0.34181534639315797, "late_diff_fast": 0.8608034171724027, "a_early_diff_stim": 4.846519574290483, "a_early_diff_inhib": 0.4340998380941362, "a_late_diff_stim": 1.3744328807998107, "a_late_diff_inhib": 0.8528651855052566, "diff_time": 723.6373596966827, "a_Chen_2018_ALP": 3.913603515758237, "a_Chen_2018_ARS": 2.918670075524959}