{"ALP_M_n": 4.778895776052469, "ARS_M_n": 1.4440118089436464, "ALP_0": 0.6338620666949151, "ARS_0": 0.08044320599990973, "maturity_t": 0.7916962114671127, "early_diff_slow": 0.3962350199885589, "early_diff_fast": 0.7474842025254592, "early_diff_very_fast": 0.6666335234022771, "late_diff_slow": 0.2948661281654287, "late_diff_fast": 0.7683007353494644, "a_early_diff_stim": 3.1499298154412343, "a_early_diff_inhib": 0.7995833685128448, "a_late_diff_stim": 2.3757388933798103, "a_late_diff_inhib": 0.6813732576932124, "diff_time": 622.0275972162012, "a_Chen_2018_ALP": 7.931998325506267, "a_Chen_2018_ARS": 4.196623064729742}