{"ALP_M_n": 7.292375667091655, "ARS_M_n": 1.5188252325855913, "ALP_0": 1.0460912829536686, "ARS_0": 0.20911956447150287, "maturity_t": 0.4204414437604953, "early_diff_slow": 0.22424877713784447, "early_diff_fast": 0.73966647828827, "early_diff_very_fast": 0.663238531316854, "late_diff_slow": 0.35181845688554514, "late_diff_fast": 0.7588964899904657, "a_early_diff_stim": 4.7935829872474995, "a_early_diff_inhib": 0.32619089854816813, "a_late_diff_stim": 1.2322454993464467, "a_late_diff_inhib": 0.18843887217060729, "diff_time": 983.9583988902377, "a_Chen_2018_ALP": 0.8863892251823488, "a_Chen_2018_ARS": 4.442707745899973}