{"ALP_M_n": 5.260011114990075, "ARS_M_n": 1.4420994130579643, "ALP_0": 0.6802165404650468, "ARS_0": 0.1763194890107975, "maturity_t": 0.5981667605877141, "early_diff_slow": 0.2504687729612302, "early_diff_fast": 0.748991011365377, "early_diff_very_fast": 0.667406532264123, "late_diff_slow": 0.322585583853191, "late_diff_fast": 0.692010602188797, "a_early_diff_stim": 4.681275290193588, "a_early_diff_inhib": 0.12784279086528683, "a_late_diff_stim": 2.3436141195865177, "a_late_diff_inhib": 0.4805608917720434, "diff_time": 1056.6890935124939, "a_Chen_2018_ALP": 9.337796572872719, "a_Chen_2018_ARS": 5.001978867817395}