{"ALP_M_n": 5.515156988550964, "ARS_M_n": 1.3430245480043863, "ALP_0": 0.8144587270305136, "ARS_0": 0.16646548235399614, "maturity_t": 0.6825019826853986, "early_diff_slow": 0.11254742566429751, "early_diff_fast": 0.749248316929586, "early_diff_very_fast": 0.6669114152579827, "late_diff_slow": 0.16022951892762777, "late_diff_fast": 0.8251512543588174, "a_early_diff_stim": 4.9416456608188195, "a_early_diff_inhib": 0.6286904166763287, "a_late_diff_stim": 1.1424511122620873, "a_late_diff_inhib": 0.49696994050337545, "diff_time": 989.1577336469768, "a_Chen_2018_ALP": 3.933735719294584, "a_Chen_2018_ARS": 4.45422082633487}