{"ALP_M_n": 5.363808938478303, "ARS_M_n": 1.42179485377194, "ALP_0": 0.742876526336667, "ARS_0": 0.182115613200822, "maturity_t": 0.4602296473400154, "early_diff_slow": 0.24559553982561794, "early_diff_fast": 0.7460345467729007, "early_diff_very_fast": 0.6666357672205623, "late_diff_slow": 0.1954938898381146, "late_diff_fast": 0.6616159086898521, "a_early_diff_stim": 4.894601557462546, "a_early_diff_inhib": 0.06098916248186648, "a_late_diff_stim": 4.500834636405616, "a_late_diff_inhib": 0.7301759608946407, "diff_time": 1008.7037038469274, "a_Chen_2018_ALP": 6.027071979894976, "a_Chen_2018_ARS": 4.554349361471502}