{"ALP_M_n": 3.813005419979152, "ARS_M_n": 1.3420122562699888, "ALP_0": 0.6002893236210699, "ARS_0": 0.19939543060705475, "maturity_t": 0.5577809933726683, "early_diff_slow": 0.1434587304865431, "early_diff_fast": 0.748612418428606, "early_diff_very_fast": 0.6659750246714989, "late_diff_slow": 0.35172099761139375, "late_diff_fast": 0.7625993467329603, "a_early_diff_stim": 4.95088266334834, "a_early_diff_inhib": 0.7974582690090887, "a_late_diff_stim": 2.2288477477342346, "a_late_diff_inhib": 0.5204099562913446, "diff_time": 842.1295892645209, "a_Chen_2018_ALP": 8.486785719629605, "a_Chen_2018_ARS": 3.5752949462317924}