{
    "a_Ber_2016_ALP": 0.8852971011735072,
    "a_Ber_2016_OC": 0.3301134051392533,
    "a_Valles_2020_ALP": 410.17379986408815,
    "a_Valles_2020_ARS": 816.3903382507691,
    "a_Chen_2018_ALP": 9.631440557228677,
    "a_Chen_2018_ARS": 3.5605100106130276,
    "a_Qiao_2021_ALP": 44.75812568089062,
    "a_early_diff_stim": 9.102684090977672,
    "a_early_diff_inhib": 14.757777574117439,
    "a_late_diff_stim": 0.9886165859875824,
    "a_late_diff_inhib": 9.772400614535886,
    "early_diff_slow": 0.19245332647420033,
    "early_diff_fast": 0.5483421072162766,
    "early_diff_very_fast": 0.7746841904110903,
    "late_diff_slow": 0.16339204034700383,
    "late_diff_fast": 0.7375443902890416,
    "Mg_stim": 8.215085949601498,
    "Mg_dest": 22.501852784558046,
    "IL1b_ineffective": 112.42918827541449,
    "IL1b_stim": 3.8363026685983996,
    "IL8_favorable": 10.990200168774528,
    "ALP_M_n": 1.3018993681780704,
    "ARS_M_n": 0.7419099124985951,
    "OC_M_n": 0.43678413323058124,
    "ALP_0": 0.2404795985477533,
    "ARS_0": 0.05466855621192209,
    "OC_0": 5.999267817004878,
    "diff_time": 1014.3716726141419,
    "maturity_t": 0.760229744604146
}