{
    "a_Ber_2016_ALP": 0.929175342117815,
    "a_Ber_2016_OC": 0.45326222332661653,
    "a_Valles_2020_ALP": 398.64183631504,
    "a_Valles_2020_ARS": 802.3034576000456,
    "a_Chen_2018_ALP": 9.20859344284695,
    "a_Chen_2018_ARS": 3.663350100196397,
    "a_Qiao_2021_ALP": 41.28112040708681,
    "a_early_diff_stim": 8.539204168334132,
    "a_early_diff_inhib": 8.391868812757954,
    "a_late_diff_stim": 6.068110472066889,
    "a_late_diff_inhib": 9.133263572244077,
    "early_diff_slow": 0.38795258058099463,
    "early_diff_fast": 0.5478611662287718,
    "early_diff_very_fast": 0.777605091347821,
    "late_diff_slow": 0.2892125243727173,
    "late_diff_fast": 0.683717535538552,
    "Mg_stim": 7.8825338343354385,
    "Mg_dest": 35.941566368263814,
    "IL1b_ineffective": 115.1563446529058,
    "IL1b_stim": 3.413311287882882,
    "IL8_favorable": 8.66725787019417,
    "ALP_M_n": 1.4759984785332776,
    "ARS_M_n": 0.8178636090556781,
    "OC_M_n": 0.37775468117260946,
    "ALP_0": 0.29294880910256876,
    "ARS_0": 0.08757826101885444,
    "OC_0": 3.9928593233814516,
    "diff_time": 1006.7771912466229,
    "maturity_t": 0.7430773895038076
}