{
    "a_Ber_2016_ALP": 0.4197939954643371,
    "a_Ber_2016_OC": 0.6976235751530964,
    "a_Valles_2020_ALP": 205.48392986234174,
    "a_Valles_2020_ARS": 726.5048658546714,
    "a_Chen_2018_ALP": 4.694328491635365,
    "a_Chen_2018_ARS": 3.4862504022564824,
    "a_Qiao_2021_ALP": 22.36625145287445,
    "a_early_diff_stim": 7.922309505477774,
    "a_early_diff_inhib": 14.40225803088322,
    "a_late_diff_stim": 8.89013431367685,
    "a_late_diff_inhib": 3.437235926185279,
    "early_diff_slow": 0.39478364857084564,
    "early_diff_fast": 0.5850417781075415,
    "early_diff_very_fast": 0.8056429176267915,
    "late_diff_slow": 0.21053852136231527,
    "late_diff_fast": 0.7926972958890642,
    "Mg_stim": 9.923809224771611,
    "Mg_dest": 25.265584017898863,
    "IL1b_ineffective": 113.14471953140702,
    "IL1b_stim": 3.8781553887656077,
    "IL8_favorable": 9.585816978799869,
    "ALP_M_n": 2.1743332378618283,
    "ARS_M_n": 1.0072373060452073,
    "OC_M_n": 0.072623218636137,
    "ALP_0": 0.5912812972555763,
    "ARS_0": 0.11653536500010679,
    "OC_0": 6.14209982291176,
    "diff_time": 850.5457627609294,
    "maturity_t": 0.7299774055523662
}