{
    "a_Ber_2016_ALP": 0.8403365233343867,
    "a_Ber_2016_OC": 0.15242543200263972,
    "a_Valles_2020_ALP": 386.7176387084823,
    "a_Valles_2020_ARS": 817.5407747544334,
    "a_Chen_2018_ALP": 8.263933287325806,
    "a_Chen_2018_ARS": 3.637253927915863,
    "a_Qiao_2021_ALP": 37.5079172913124,
    "a_early_diff_stim": 7.337055328372821,
    "a_early_diff_inhib": 16.36451474565697,
    "a_late_diff_stim": 9.174023307381017,
    "a_late_diff_inhib": 11.974138280698858,
    "early_diff_slow": 0.19941193318898226,
    "early_diff_fast": 0.5556514705979387,
    "early_diff_very_fast": 0.8868827530473364,
    "late_diff_slow": 0.3007660708477693,
    "late_diff_fast": 0.7882179779512999,
    "Mg_stim": 9.072177614849785,
    "Mg_dest": 39.94690605590152,
    "IL1b_ineffective": 116.31981933957492,
    "IL1b_stim": 4.424856579810466,
    "IL8_favorable": 8.010564438080827,
    "ALP_M_n": 1.482358071417909,
    "ARS_M_n": 0.8099931239825594,
    "OC_M_n": 0.3842946338842711,
    "ALP_0": 0.31651769835021026,
    "ARS_0": 0.08631227541545836,
    "OC_0": 4.17822333594353,
    "diff_time": 1035.5777298401997,
    "maturity_t": 0.7439429398120471
}