{
    "a_Ber_2016_ALP": 0.5861262859934002,
    "a_Ber_2016_OC": 0.27999999931524816,
    "a_Valles_2020_ALP": 290.54534964430025,
    "a_Valles_2020_ARS": 633.2465322512428,
    "a_Chen_2018_ALP": 7.341774471382358,
    "a_Chen_2018_ARS": 3.0749013811246604,
    "a_Qiao_2021_ALP": 33.95689233174671,
    "a_early_diff_stim": 7.676987374912558,
    "a_early_diff_inhib": 19.461864883662493,
    "a_late_diff_stim": 14.352505864077663,
    "a_late_diff_inhib": 9.848883260671165,
    "early_diff_slow": 0.25438087330288645,
    "early_diff_fast": 0.6022014586542547,
    "early_diff_very_fast": 0.8041279324013243,
    "late_diff_slow": 0.24877564366259955,
    "late_diff_fast": 0.833252765609823,
    "Mg_stim": 2.2475223163752656,
    "Mg_dest": 23.380627381942297,
    "IL1b_ineffective": 109.72245517784047,
    "IL1b_stim": 4.392803745827566,
    "IL8_favorable": 16.751635611876885,
    "ALP_M_n": 1.5061494766317536,
    "ARS_M_n": 1.2465921379849356,
    "OC_M_n": 0.0,
    "ALP_0": 0.348464570829465,
    "ARS_0": 0.20727595803491286,
    "OC_0": 4.973584792109414,
    "diff_time": 777.9840750787154,
    "maturity_t": 0.7859022452710052
}