{
    "a_Ber_2016_ALP": 0.8528499481457449,
    "a_Ber_2016_OC": 0.32061412535713957,
    "a_Valles_2020_ALP": 375.48353281824075,
    "a_Valles_2020_ARS": 795.3840242124185,
    "a_Chen_2018_ALP": 8.421978879411947,
    "a_Chen_2018_ARS": 3.62684707393455,
    "a_Qiao_2021_ALP": 38.214328505011416,
    "a_early_diff_stim": 7.51751718488199,
    "a_early_diff_inhib": 8.2706004868936,
    "a_late_diff_stim": 11.032809907127238,
    "a_late_diff_inhib": 10.280582637534671,
    "early_diff_slow": 0.31251882788576935,
    "early_diff_fast": 0.5625746418141475,
    "early_diff_very_fast": 0.8449548471351169,
    "late_diff_slow": 0.29281440670630415,
    "late_diff_fast": 0.749955666065228,
    "Mg_stim": 8.538674348641026,
    "Mg_dest": 23.929037316854235,
    "IL1b_ineffective": 117.94594109226239,
    "IL1b_stim": 3.8525696084034458,
    "IL8_favorable": 8.240226413463965,
    "ALP_M_n": 1.3251056517524913,
    "ARS_M_n": 0.8224533933226612,
    "OC_M_n": 0.4038571802934331,
    "ALP_0": 0.2718501428698915,
    "ARS_0": 0.0735354618435797,
    "OC_0": 9.099862307349332,
    "diff_time": 964.3963894972152,
    "maturity_t": 0.8
}