{
    "a_Ber_2016_ALP": 0.7181134485989795,
    "a_Ber_2016_OC": 0.45670652138934026,
    "a_Valles_2020_ALP": 299.53206933757707,
    "a_Valles_2020_ARS": 635.0654145694937,
    "a_Chen_2018_ALP": 7.369889464823691,
    "a_Chen_2018_ARS": 3.1030218513179992,
    "a_Qiao_2021_ALP": 33.15365402522824,
    "a_early_diff_stim": 13.68812295898183,
    "a_early_diff_inhib": 3.4079569381633217,
    "a_late_diff_stim": 3.8038876108504294,
    "a_late_diff_inhib": 8.248186123649186,
    "early_diff_slow": 0.21658270300381044,
    "early_diff_fast": 0.5543566082995632,
    "early_diff_very_fast": 0.6670016383822253,
    "late_diff_slow": 0.27723546923360537,
    "late_diff_fast": 0.8664718529678244,
    "Mg_stim": 9.67684898850895,
    "Mg_dest": 35.817260976108784,
    "IL1b_ineffective": 112.62053011572138,
    "IL1b_stim": 3.9576512862529434,
    "IL8_favorable": 11.182881422209825,
    "ALP_M_n": 1.533813328432301,
    "ARS_M_n": 1.2624954586665669,
    "OC_M_n": 0.25759175051180383,
    "ALP_0": 0.35352170569390295,
    "ARS_0": 0.22609844428620055,
    "OC_0": 5.727834911320782,
    "diff_time": 810.0695548680674,
    "maturity_t": 0.7927741905907001
}