{
    "a_Ber_2016_ALP": 0.5708914469934325,
    "a_Ber_2016_OC": 0.42837332179229864,
    "a_Valles_2020_ALP": 306.51481019161787,
    "a_Valles_2020_ARS": 660.1089714762223,
    "a_Chen_2018_ALP": 7.849807547197325,
    "a_Chen_2018_ARS": 3.320274319299077,
    "a_Qiao_2021_ALP": 37.58938974900478,
    "a_early_diff_stim": 4.336206797310767,
    "a_early_diff_inhib": 6.899072474082921,
    "a_late_diff_stim": 8.413396792534446,
    "a_late_diff_inhib": 19.032905966850368,
    "early_diff_slow": 0.2488835259431297,
    "early_diff_fast": 0.691750360796677,
    "early_diff_very_fast": 0.9850473133894648,
    "late_diff_slow": 0.2598436457552461,
    "late_diff_fast": 0.7364713189456994,
    "Mg_stim": 2.3383059541116276,
    "Mg_dest": 22.387918978296025,
    "IL1b_ineffective": 108.95828560137456,
    "IL1b_stim": 4.528842221075479,
    "IL8_favorable": 15.418041540183744,
    "ALP_M_n": 1.4719514316061963,
    "ARS_M_n": 1.1827742996322057,
    "OC_M_n": 0.038742033204769155,
    "ALP_0": 0.3201120566489836,
    "ARS_0": 0.17645425831329128,
    "OC_0": 4.5128492784235315,
    "diff_time": 784.8388845897178,
    "maturity_t": 0.7731688517649398
}