{
    "a_Ber_2016_ALP": 0.73063061318721,
    "a_Ber_2016_OC": 0.5336272099576118,
    "a_Valles_2020_ALP": 369.231397739231,
    "a_Valles_2020_ARS": 773.0546425253209,
    "a_Chen_2018_ALP": 8.273208236708957,
    "a_Chen_2018_ARS": 3.6139272865155707,
    "a_Qiao_2021_ALP": 36.400644337482156,
    "a_early_diff_stim": 9.67474319037036,
    "a_early_diff_inhib": 12.847175030920697,
    "a_late_diff_stim": 12.901878020772317,
    "a_late_diff_inhib": 14.936638531237335,
    "early_diff_slow": 0.3362466810631957,
    "early_diff_fast": 0.5882936548194757,
    "early_diff_very_fast": 0.7762664771389177,
    "late_diff_slow": 0.16595808704621734,
    "late_diff_fast": 0.7616281793041221,
    "Mg_stim": 9.46529464568092,
    "Mg_dest": 24.967617921065894,
    "IL1b_ineffective": 116.74147972483918,
    "IL1b_stim": 3.3422057693933116,
    "IL8_favorable": 9.016863834414018,
    "ALP_M_n": 1.3783655825942505,
    "ARS_M_n": 0.9501716626070427,
    "OC_M_n": 0.1941263767834595,
    "ALP_0": 0.2869717010769897,
    "ARS_0": 0.10429366825909778,
    "OC_0": 6.716954772192335,
    "diff_time": 948.9465742394034,
    "maturity_t": 0.7695644553468184
}