{
    "a_Ber_2016_ALP": 0.7940438569608855,
    "a_Ber_2016_OC": 0.31846490855215476,
    "a_Valles_2020_ALP": 352.61151387611653,
    "a_Valles_2020_ARS": 794.431319386535,
    "a_Chen_2018_ALP": 8.06196655330002,
    "a_Chen_2018_ARS": 3.59065619208361,
    "a_Qiao_2021_ALP": 37.49353515450095,
    "a_early_diff_stim": 10.15778078353403,
    "a_early_diff_inhib": 6.508374948337306,
    "a_late_diff_stim": 14.335308219224094,
    "a_late_diff_inhib": 10.534326284402267,
    "early_diff_slow": 0.2964934577938774,
    "early_diff_fast": 0.5443480808730616,
    "early_diff_very_fast": 0.7544283297585698,
    "late_diff_slow": 0.11731001745493702,
    "late_diff_fast": 0.8333724926731305,
    "Mg_stim": 7.885838327712559,
    "Mg_dest": 24.223435462944746,
    "IL1b_ineffective": 113.85869689837759,
    "IL1b_stim": 3.2596478469672228,
    "IL8_favorable": 8.606334921827674,
    "ALP_M_n": 1.280314837306009,
    "ARS_M_n": 0.8756837781107191,
    "OC_M_n": 0.2137517543385672,
    "ALP_0": 0.2695579632748923,
    "ARS_0": 0.08157885134016207,
    "OC_0": 4.001904709848999,
    "diff_time": 916.9036258484199,
    "maturity_t": 0.8
}