{
    "a_Ber_2016_ALP": 0.628856239642931,
    "a_Ber_2016_OC": 0.5331894989292565,
    "a_Valles_2020_ALP": 309.2461855151359,
    "a_Valles_2020_ARS": 662.4702936205643,
    "a_Chen_2018_ALP": 7.2188987258853485,
    "a_Chen_2018_ARS": 3.144031702247818,
    "a_Qiao_2021_ALP": 33.67122549637386,
    "a_early_diff_stim": 8.203817308964638,
    "a_early_diff_inhib": 9.681860505052342,
    "a_late_diff_stim": 4.688616680106614,
    "a_late_diff_inhib": 16.93140955573756,
    "early_diff_slow": 0.19507444880990235,
    "early_diff_fast": 0.5841205875588414,
    "early_diff_very_fast": 0.7911185051331778,
    "late_diff_slow": 0.3869615809935283,
    "late_diff_fast": 0.7036953274495417,
    "Mg_stim": 9.866085533132223,
    "Mg_dest": 34.341190673290455,
    "IL1b_ineffective": 113.74848605959546,
    "IL1b_stim": 3.815520868233401,
    "IL8_favorable": 10.369052199988147,
    "ALP_M_n": 1.5000254774140436,
    "ARS_M_n": 1.2143772543536882,
    "OC_M_n": 0.17974383535769184,
    "ALP_0": 0.34719238015216974,
    "ARS_0": 0.21823107015721038,
    "OC_0": 8.956006214248609,
    "diff_time": 838.6041763786843,
    "maturity_t": 0.7930880868094934
}