{
    "a_Ber_2016_ALP": 0.6336492121661534,
    "a_Ber_2016_OC": 0.5572731954103461,
    "a_Valles_2020_ALP": 279.30507368725733,
    "a_Valles_2020_ARS": 666.2143430115175,
    "a_Chen_2018_ALP": 6.572413047681444,
    "a_Chen_2018_ARS": 3.1950220638244264,
    "a_Qiao_2021_ALP": 30.173519262889737,
    "a_early_diff_stim": 7.909493162693649,
    "a_early_diff_inhib": 14.573568647514097,
    "a_late_diff_stim": 10.569399202409965,
    "a_late_diff_inhib": 8.382577937422266,
    "early_diff_slow": 0.37960108886680033,
    "early_diff_fast": 0.5683204030846037,
    "early_diff_very_fast": 0.7928190268518096,
    "late_diff_slow": 0.3020023392178526,
    "late_diff_fast": 0.8978268055593567,
    "Mg_stim": 9.151346485491022,
    "Mg_dest": 27.021945597337343,
    "IL1b_ineffective": 111.7160527758497,
    "IL1b_stim": 4.254761635770748,
    "IL8_favorable": 12.170987710776785,
    "ALP_M_n": 1.6753989610718416,
    "ARS_M_n": 1.2008006868952112,
    "OC_M_n": 0.10833491231465951,
    "ALP_0": 0.4140031251757316,
    "ARS_0": 0.2017443962611165,
    "OC_0": 6.894226094832568,
    "diff_time": 819.0779806714334,
    "maturity_t": 0.7868179857649782
}