{
    "a_Ber_2016_ALP": 0.5728204648576789,
    "a_Ber_2016_OC": 0.32278947890471654,
    "a_Valles_2020_ALP": 254.6036532047053,
    "a_Valles_2020_ARS": 704.7776719323738,
    "a_Chen_2018_ALP": 5.743100669893814,
    "a_Chen_2018_ARS": 3.1922949764656394,
    "a_Qiao_2021_ALP": 27.110100738386766,
    "a_early_diff_stim": 8.561056066173867,
    "a_early_diff_inhib": 12.761000287350319,
    "a_late_diff_stim": 9.111337723402784,
    "a_late_diff_inhib": 5.8819657417693,
    "early_diff_slow": 0.3742646825806024,
    "early_diff_fast": 0.5745232287578131,
    "early_diff_very_fast": 0.7879847142236944,
    "late_diff_slow": 0.23865697918485818,
    "late_diff_fast": 0.8692861136259707,
    "Mg_stim": 9.43685759310289,
    "Mg_dest": 30.03204924266833,
    "IL1b_ineffective": 113.70073063267289,
    "IL1b_stim": 4.1454594838686045,
    "IL8_favorable": 10.0624708787605,
    "ALP_M_n": 1.8501937264671282,
    "ARS_M_n": 1.0104155867235824,
    "OC_M_n": 0.32380203236716537,
    "ALP_0": 0.47975654083289887,
    "ARS_0": 0.1417636497160401,
    "OC_0": 7.6223474217746485,
    "diff_time": 840.7750030719815,
    "maturity_t": 0.7661945985798106
}