{
    "a_Ber_2016_ALP": 0.6316275491024245,
    "a_Ber_2016_OC": 0.4409525029989275,
    "a_Valles_2020_ALP": 264.3639174374427,
    "a_Valles_2020_ARS": 638.3783037826148,
    "a_Chen_2018_ALP": 6.233890650752018,
    "a_Chen_2018_ARS": 3.14381898785208,
    "a_Qiao_2021_ALP": 29.670343667991833,
    "a_early_diff_stim": 8.896859128845152,
    "a_early_diff_inhib": 15.120122992195668,
    "a_late_diff_stim": 4.246924979437855,
    "a_late_diff_inhib": 10.113958154407463,
    "early_diff_slow": 0.300689519454038,
    "early_diff_fast": 0.5637254365903277,
    "early_diff_very_fast": 0.7671887588986122,
    "late_diff_slow": 0.21915603046070428,
    "late_diff_fast": 0.660572995086893,
    "Mg_stim": 9.766815325293246,
    "Mg_dest": 34.06688532012615,
    "IL1b_ineffective": 110.93934000513369,
    "IL1b_stim": 4.509422942383159,
    "IL8_favorable": 12.969110424541398,
    "ALP_M_n": 1.644746542749866,
    "ARS_M_n": 1.2371360704097656,
    "OC_M_n": 0.20820091338641533,
    "ALP_0": 0.4194203440325136,
    "ARS_0": 0.20661915283902252,
    "OC_0": 6.04252561841834,
    "diff_time": 790.9819411415186,
    "maturity_t": 0.7978861936166022
}