{
    "a_Ber_2016_ALP": 0.6921984271023854,
    "a_Ber_2016_OC": 0.12004829990393147,
    "a_Valles_2020_ALP": 314.6079209475844,
    "a_Valles_2020_ARS": 766.165932809092,
    "a_Chen_2018_ALP": 7.062922377420187,
    "a_Chen_2018_ARS": 3.6282669046282328,
    "a_Qiao_2021_ALP": 33.71394716051857,
    "a_early_diff_stim": 8.216358858572478,
    "a_early_diff_inhib": 13.246759338354908,
    "a_late_diff_stim": 6.843346083532559,
    "a_late_diff_inhib": 14.506530982394597,
    "early_diff_slow": 0.15678195578748094,
    "early_diff_fast": 0.5853138433474245,
    "early_diff_very_fast": 0.8083799360760734,
    "late_diff_slow": 0.25423897228350933,
    "late_diff_fast": 0.6735964290205078,
    "Mg_stim": 9.540295293022309,
    "Mg_dest": 28.008738073411124,
    "IL1b_ineffective": 112.12923083169075,
    "IL1b_stim": 4.0861031921441615,
    "IL8_favorable": 9.89378492441201,
    "ALP_M_n": 1.642893084366425,
    "ARS_M_n": 0.9318341258782767,
    "OC_M_n": 0.5383309177972195,
    "ALP_0": 0.3892332312075471,
    "ARS_0": 0.09382254020605825,
    "OC_0": 4.081342743557116,
    "diff_time": 908.6754290690417,
    "maturity_t": 0.7346799405465781
}