{
    "a_Ber_2016_ALP": 0.6107613386224189,
    "a_Ber_2016_OC": 0.5214261723431257,
    "a_Valles_2020_ALP": 248.6548130218387,
    "a_Valles_2020_ARS": 582.3830457206618,
    "a_Chen_2018_ALP": 6.636241581412181,
    "a_Chen_2018_ARS": 2.927715998578675,
    "a_Qiao_2021_ALP": 29.477755430931378,
    "a_early_diff_stim": 6.476037240289273,
    "a_early_diff_inhib": 12.340371400868364,
    "a_late_diff_stim": 11.84546799264206,
    "a_late_diff_inhib": 7.171462235236844,
    "early_diff_slow": 0.23273998300377705,
    "early_diff_fast": 0.5950568289223674,
    "early_diff_very_fast": 0.8630721276150606,
    "late_diff_slow": 0.28165343659196745,
    "late_diff_fast": 0.63350274112378,
    "Mg_stim": 9.997345914940558,
    "Mg_dest": 25.360744289064463,
    "IL1b_ineffective": 109.96141020434223,
    "IL1b_stim": 5.340389159811055,
    "IL8_favorable": 11.841519615484287,
    "ALP_M_n": 1.8941243187765548,
    "ARS_M_n": 1.3797892261587996,
    "OC_M_n": 0.21206906246711138,
    "ALP_0": 0.45643508611224565,
    "ARS_0": 0.2624951501437816,
    "OC_0": 6.8748202292798455,
    "diff_time": 773.4937884678053,
    "maturity_t": 0.7414016480806964
}