{
    "a_Ber_2016_ALP": 0.8277265798541341,
    "a_Ber_2016_OC": 0.4051191492480591,
    "a_Valles_2020_ALP": 414.20019195491005,
    "a_Valles_2020_ARS": 835.9677768418621,
    "a_Chen_2018_ALP": 8.794290260875924,
    "a_Chen_2018_ARS": 3.7775847819364774,
    "a_Qiao_2021_ALP": 40.77235631401394,
    "a_early_diff_stim": 12.27421324768938,
    "a_early_diff_inhib": 9.583417762767407,
    "a_late_diff_stim": 5.567844641240834,
    "a_late_diff_inhib": 1.4562791163663764,
    "early_diff_slow": 0.21500315676584847,
    "early_diff_fast": 0.5404974965195307,
    "early_diff_very_fast": 0.7361818736803485,
    "late_diff_slow": 0.20582667978720945,
    "late_diff_fast": 0.790342776028983,
    "Mg_stim": 8.128184397935739,
    "Mg_dest": 35.58580423707915,
    "IL1b_ineffective": 115.11865947865769,
    "IL1b_stim": 3.537863728622648,
    "IL8_favorable": 8.540462162061353,
    "ALP_M_n": 1.243499645949024,
    "ARS_M_n": 0.7048218060867192,
    "OC_M_n": 0.26656770385101436,
    "ALP_0": 0.24242383168516454,
    "ARS_0": 0.041347838015830994,
    "OC_0": 8.294231496544624,
    "diff_time": 1068.6340425150565,
    "maturity_t": 0.7638334056034902
}