{
    "a_Ber_2016_ALP": 0.5383126063168664,
    "a_Ber_2016_OC": 0.38978085224335957,
    "a_Valles_2020_ALP": 222.27243703503385,
    "a_Valles_2020_ARS": 661.3313488802604,
    "a_Chen_2018_ALP": 5.8085772069570005,
    "a_Chen_2018_ARS": 3.3131545009004193,
    "a_Qiao_2021_ALP": 27.118512181246654,
    "a_early_diff_stim": 8.194604733576922,
    "a_early_diff_inhib": 6.529226210173171,
    "a_late_diff_stim": 2.725715596919052,
    "a_late_diff_inhib": 10.894156257777329,
    "early_diff_slow": 0.28758169158534785,
    "early_diff_fast": 0.582858785621102,
    "early_diff_very_fast": 0.7568941246219253,
    "late_diff_slow": 0.24214385312512887,
    "late_diff_fast": 0.8133202147672356,
    "Mg_stim": 9.99211177329563,
    "Mg_dest": 27.073702191,
    "IL1b_ineffective": 111.69607716351045,
    "IL1b_stim": 4.66559799615885,
    "IL8_favorable": 12.618720889875881,
    "ALP_M_n": 2.080252707031333,
    "ARS_M_n": 1.16756630435141,
    "OC_M_n": 0.31305216368537836,
    "ALP_0": 0.5206804637200084,
    "ARS_0": 0.17707519958041856,
    "OC_0": 9.304944814403541,
    "diff_time": 792.1424101093672,
    "maturity_t": 0.7232264888499289
}