{"0": 0.05617337359780025, "1": 0.05623689051709165, "2": 0.056101821131799734, "3": 0.056131181035523246, "4": 0.05629293176333529, "5": 0.056396345311975335, "6": 0.05611322839727141, "7": 0.056132577768505824, "8": 0.05610593598769758, "9": 0.056350605081005076, "10": 0.056266511615218805, "11": 0.056064486828121256, "12": 0.05619816282726332, "13": 0.05626033254745513, "14": 0.05608044775887681, "15": 0.05605366015598778, "16": 0.056211345760380026, "17": 0.056251964112546064, "18": 0.05608398423123715, "19": 0.05611606440933451, "20": 0.056171485896159105, "21": 0.05610491754645397, "22": 0.0561710242660939, "23": 0.05620621404389781, "24": 0.05626087147502809, "25": 0.05626125802512364, "26": 0.056500661553061944, "27": 0.056050399418814324, "28": 0.05618095889446269, "29": 0.05612150937688453, "30": 0.05621690716253075, "31": 0.05636711202278183, "32": 0.05637338588514569, "33": 0.056337967624772486, "34": 0.05606832548705215, "35": 0.05642248326781297, "36": 0.056264282455054174, "37": 0.05616018988184891, "38": 0.05623006892638967, "39": 0.05612089880885014, "40": 0.05608947512733279, "41": 0.05615015008808172, "42": 0.05627128315718855, "43": 0.05632394707142303, "44": 0.0560341563138941, "45": 0.05605475035706986, "46": 0.056184337878754105, "47": 0.056439589265793455, "48": 0.0561619042115519, "49": 0.056306130714594935, "50": 0.05605000989090718, "51": 0.056067828979778404, "52": 0.05628044313732769, "53": 0.056061292371622815, "54": 0.056234343695303286, "55": 0.05604087327144411, "56": 0.0562602264557484, "57": 0.05643227104635881, "58": 0.0562508485296741, "59": 0.05613387937912307, "60": 0.0560532008094866, "61": 0.05648447798444545, "62": 0.05624627688463224, "63": 0.0561446414694957, "64": 0.056157390934041755, "65": 0.05623284628568076, "66": 0.056358613895275994, "67": 0.05627095489379891, "68": 0.056047608666388284, "69": 0.056115036666336424, "70": 0.05614783371888134, "71": 0.05638823594056483, "72": 0.056150186799502316, "73": 0.056421278877932086, "74": 0.056133113046204636, "75": 0.05607435199504476, "76": 0.056083015224827726, "77": 0.056296383304933556, "78": 0.05613517163442486, "79": 0.05609756702450719, "80": 0.05617164776634993, "81": 0.05630440412107191, "82": 0.056065823048735454, "83": 0.05608083109305016, "84": 0.05628969819394292, "85": 0.056086075835666035, "86": 0.05616822057489125, "87": 0.056168815182968755, "88": 0.05621377557022481, "89": 0.056045295877632274, "90": 0.05619686131889223, "91": 0.056210646318554325, "92": 0.05607077379879855, "93": 0.05605924102926608, "94": 0.0561082496244289, "95": 0.056066975690984046, "96": 0.056250537920046736, "97": 0.0562006675063815, "98": 0.056215630211891, "99": 0.05630370164153008, "100": 0.05634127570554328, "101": 0.056098857051793925, "102": 0.05638308240089304, "103": 0.05618743117558513, "104": 0.056153223226924974, "105": 0.05628403823038959, "106": 0.056185565956902335, "107": 0.0560454943706457, "108": 0.05611787879371838, "109": 0.05605818065336233, "110": 0.056182947587608056, "111": 0.05620032655373136, "112": 0.05633516760039808, "113": 0.05616930307819633, "114": 0.05645209498932908, "115": 0.05646890489412243, "116": 0.05606164881725908, "117": 0.056043940731983474, "118": 0.056200502157161394, "119": 0.05622312928103455, "120": 0.05604852448872269, "121": 0.05643963843132641, "122": 0.05617162911549352, "123": 0.05623835202175541, "124": 0.056180772395827874, "125": 0.056376743996085346, "126": 0.05603937993905892, "127": 0.05632091624353552, "128": 0.05612417499071877, "129": 0.05626722986481522, "130": 0.056361418094840736, "131": 0.05639719877277914, "132": 0.05629258982093451, "133": 0.05630597038470092, "134": 0.0561520371247624, "135": 0.05613581733489459, "136": 0.05607616570907656, "137": 0.05612675816925471, "138": 0.05607373307774647, "139": 0.056205872117278594, "140": 0.0561427712341782, "141": 0.05604862770616599, "142": 0.05621698705518692, "143": 0.05621147632597311, "144": 0.056066077151283165, "145": 0.056183099825636365, "146": 0.05633730441592863, "147": 0.05616815433257821, "148": 0.05613129666780295, "149": 0.05607257855010114, "150": 0.05620236477693483, "151": 0.05602775853816487, "152": 0.05615640385302734, "153": 0.05620361063362893, "154": 0.056305863825275956, "155": 0.05643308642493443, "156": 0.05631668083676658, "157": 0.056238028371617274, "158": 0.05614706843436576, "159": 0.05630589901796655, "160": 0.05628739042937064, "161": 0.05619261678435393, "162": 0.05607967646897242, "163": 0.05617088996452217, "164": 0.05614470090931416, "165": 0.05620426292575942, "166": 0.056472082047514964, "167": 0.056219274229542295, "168": 0.0561461523197572, "169": 0.05608727500229385, "170": 0.056059802066700186, "171": 0.05611404194402647, "172": 0.05619080622205213, "173": 0.05656298718542269, "174": 0.05631542070247422, "175": 0.056085931721265025, "176": 0.056039178346175646, "177": 0.05606074535457428, "178": 0.056191662503080775, "179": 0.05616019851442043, "180": 0.056138697608662906, "181": 0.05624056039139745, "182": 0.05631295983356392, "183": 0.056170391340356354, "184": 0.05622740111687475, "185": 0.056184770430933784, "186": 0.05630423684602494, "187": 0.0562644850669803, "188": 0.056140391919391866, "189": 0.05622654057688278, "190": 0.05605279973588105, "191": 0.05629173351965292, "192": 0.056296527982668265, "193": 0.0562125015270123, "194": 0.05626531887398027, "195": 0.05629340730588042, "196": 0.0560754674626634, "197": 0.05606343666748917, "198": 0.0563667614704447, "199": 0.05632358976006626}