{"ALP_M_n": 4.862585273435703, "ARS_M_n": 1.386486464894533, "ALP_0": 0.661022058840608, "ARS_0": 0.16983046171663638, "maturity_t": 0.5094638031640207, "early_diff_slow": 0.17307743817565663, "early_diff_fast": 0.7454576319909813, "early_diff_very_fast": 0.664348819934044, "late_diff_slow": 0.25982315148978213, "late_diff_fast": 0.83607601953982, "a_early_diff_stim": 4.966580358351767, "a_early_diff_inhib": 0.6056794276988576, "a_late_diff_stim": 4.332782612144732, "a_late_diff_inhib": 0.3425948832192855, "diff_time": 1033.4474372622935, "a_Chen_2018_ALP": 9.329958219858781, "a_Chen_2018_ARS": 4.729035997045618}