{"ALP_M_n": 10.155751692124426, "ARS_M_n": 5.4403463761891695, "ALP_0": 0.9484514429756781, "ARS_0": 0.8383853645374016, "maturity_t": 0.1988253819129782, "early_diff_slow": 0.3994077086291763, "early_diff_fast": 0.7270396257512142, "early_diff_very_fast": 0.6547737819682884, "late_diff_slow": 0.3130030369167861, "late_diff_fast": 0.7997740345296658, "a_early_diff_stim": 3.0962314656585206, "a_early_diff_inhib": 0.16917726118063853, "a_late_diff_stim": 1.4136282165142258, "a_late_diff_inhib": 0.2798896540498187, "diff_time": 935.7998764606394, "a_Chen_2018_ALP": 1.568789527353853, "a_Chen_2018_ARS": 0.7049797727899741}