{"ALP_M_n": 2.9481953935202556, "ARS_M_n": 1.2544519877657008, "ALP_0": 0.6511325025362662, "ARS_0": 0.7088952649970668, "maturity_t": 0.6111713774304253, "early_diff_slow": 0.3969447901600387, "early_diff_fast": 0.5597876903871537, "early_diff_very_fast": 0.9151739777106108, "late_diff_slow": 0.30394439413646107, "late_diff_fast": 0.6677068981835619, "a_early_diff_stim": 4.410362100087099, "a_early_diff_inhib": 0.11050084488120959, "a_late_diff_stim": 4.157067279428089, "a_late_diff_inhib": 0.9497290809396272, "diff_time": 1016.3683039912981, "a_Valles_2020_ALP": 211.17878753082076, "a_Valles_2020_ARS": 434.7853557311157}