{"ALP_M_n": 2.159653702023164, "ARS_M_n": 1.4873035550346634, "ALP_0": 0.09490721327504832, "ARS_0": 0.2632778395056258, "maturity_t": 0.6770298670886432, "early_diff_slow": 0.31748936682079937, "early_diff_fast": 0.578314612750493, "early_diff_very_fast": 0.7061786424537413, "late_diff_slow": 0.13043448385227605, "late_diff_fast": 0.7723315308053419, "a_early_diff_stim": 1.8110557005373398, "a_early_diff_inhib": 0.25807327621679044, "a_late_diff_stim": 2.4428668939586338, "a_late_diff_inhib": 0.8091033308450225, "diff_time": 742.3925013355602, "a_Valles_2020_ALP": 734.5704419823431, "a_Valles_2020_ARS": 600.5426577174125}