{"ALP_M_n": 5.970360493834552, "ARS_M_n": 1.4967643824550816, "ALP_0": 0.7891336575676453, "ARS_0": 0.18780908409615005, "maturity_t": 0.7831495574397249, "early_diff_slow": 0.14420634502494795, "early_diff_fast": 0.7497960284453122, "early_diff_very_fast": 0.6695360939390893, "late_diff_slow": 0.23475067914977815, "late_diff_fast": 0.7158586690517256, "a_early_diff_stim": 4.793471397642611, "a_early_diff_inhib": 0.32635722523260186, "a_late_diff_stim": 2.892599527534492, "a_late_diff_inhib": 0.6844528181536063, "diff_time": 1069.6779685142806, "a_Chen_2018_ALP": 5.050933840132781, "a_Chen_2018_ARS": 4.90950043910113}