{"ALP_M_n": 3.777061802553883, "ARS_M_n": 1.3820368543817414, "ALP_0": 0.6666239639221955, "ARS_0": 0.23635715329900692, "maturity_t": 0.972490415200196, "early_diff_slow": 0.28845629180504684, "early_diff_fast": 0.7499921644068599, "early_diff_very_fast": 0.6665143857848321, "late_diff_slow": 0.2804717775802613, "late_diff_fast": 0.8102897152644144, "a_early_diff_stim": 4.993758732674844, "a_early_diff_inhib": 0.4900575151513171, "a_late_diff_stim": 4.503607709879537, "a_late_diff_inhib": 0.7913208849244978, "diff_time": 751.2462006061261, "a_Chen_2018_ALP": 5.575151848268407, "a_Chen_2018_ARS": 2.9846544894755533}