{"ALP_M_n": 4.598738369772271, "ARS_M_n": 1.4183809523483228, "ALP_0": 0.6489950274364293, "ARS_0": 0.1930636730976174, "maturity_t": 0.3201284592650333, "early_diff_slow": 0.22488547536895886, "early_diff_fast": 0.7497060332619405, "early_diff_very_fast": 0.6675952802357885, "late_diff_slow": 0.3188272620973781, "late_diff_fast": 0.8564328200448892, "a_early_diff_stim": 4.788162016014031, "a_early_diff_inhib": 0.8168632100906088, "a_late_diff_stim": 3.0532139215646907, "a_late_diff_inhib": 0.531460717056044, "diff_time": 947.9315926954829, "a_Chen_2018_ALP": 8.792348384912623, "a_Chen_2018_ARS": 4.2130498884826295}