{"ALP_M_n": 2.642706975837198, "ARS_M_n": 0.8137081829691244, "ALP_0": 0.5247788190448787, "ARS_0": 0.07568590466877881, "maturity_t": 0.6567939398591198, "early_diff_slow": 0.1276797249799158, "early_diff_fast": 0.684870158108698, "early_diff_very_fast": 0.8318715695316716, "late_diff_slow": 0.15697349750065454, "late_diff_fast": 0.6875250682714045, "a_early_diff_stim": 1.26814746518001, "a_early_diff_inhib": 0.9859382615432463, "a_late_diff_stim": 2.2926725821671763, "a_late_diff_inhib": 0.799020508802591, "diff_time": 913.8883250342466, "a_Valles_2020_ALP": 270.16987198650315, "a_Valles_2020_ARS": 801.449073047261}