{"ALP_M_n": 2.3009788728939684, "ARS_M_n": 1.3832350196008205, "ALP_0": 0.15324283653174753, "ARS_0": 0.4264927886885381, "maturity_t": 0.622270506080783, "early_diff_slow": 0.16301376327618755, "early_diff_fast": 0.577984272824397, "early_diff_very_fast": 0.794944163007996, "late_diff_slow": 0.3049518494914803, "late_diff_fast": 0.7689521047428365, "a_early_diff_stim": 2.040295380350034, "a_early_diff_inhib": 0.7448905131065959, "a_late_diff_stim": 2.766681533336655, "a_late_diff_inhib": 0.7249114767037924, "diff_time": 821.9371580709574, "a_Valles_2020_ALP": 753.0679807515938, "a_Valles_2020_ARS": 520.2917333971873}