{"ALP_M_n": 2.8106783781608318, "ALP_0": 0.10842664314829463, "IL1b_ineffective": 187.07841883695528, "IL1b_stim": 1.3903387172281612, "IL8_favorable": 2.3057393153721293, "maturity_t": 0.8672742130013831, "early_diff_very_fast": 0.7285370086360781, "a_early_diff_stim": 1.7614144126879183, "diff_time": 697.1587424111498, "a_Qiao_2021_ALP": 127.47370988809301}