{"ALP_M_n": 3.4226724393704373, "ARS_M_n": 0.7331312787551092, "ALP_0": 1.0080449457967466, "ARS_0": 0.028273428874681022, "maturity_t": 0.6889380830425453, "early_diff_slow": 0.2490144874278421, "early_diff_fast": 0.5813523205301124, "early_diff_very_fast": 0.7656305624552208, "late_diff_slow": 0.25065816559451004, "late_diff_fast": 0.8170884524533979, "a_early_diff_stim": 3.3946672183476974, "a_early_diff_inhib": 0.7770932536799733, "a_late_diff_stim": 2.1300953189394143, "a_late_diff_inhib": 0.42321449591630483, "diff_time": 937.9710312798309, "a_Valles_2020_ALP": 68.72873242228702, "a_Valles_2020_ARS": 833.7440622528428}