{"ALP_M_n": 5.539739163624227, "ARS_M_n": 1.7142107902810675, "ALP_0": 1.0847441960872906, "ARS_0": 0.3583643493117524, "maturity_t": 0.907567071448104, "early_diff_slow": 0.2585275222969371, "early_diff_fast": 0.7401859096820622, "early_diff_very_fast": 0.6619860675846343, "late_diff_slow": 0.11949530890197166, "late_diff_fast": 0.7187516612320758, "a_early_diff_stim": 4.984281453899938, "a_early_diff_inhib": 0.5972905374790024, "a_late_diff_stim": 0.2374285296206824, "a_late_diff_inhib": 0.3803505757344569, "diff_time": 715.4524057292931, "a_Chen_2018_ALP": 0.784007322002534, "a_Chen_2018_ARS": 2.366148824451854}