{"ALP_M_n": 3.0738744109189744, "ARS_M_n": 0.8717464370878298, "ALP_0": 0.48499777541441513, "ARS_0": 0.10711134660346697, "maturity_t": 0.6111940780360701, "early_diff_slow": 0.30082329519164713, "early_diff_fast": 0.6736083201666065, "early_diff_very_fast": 0.866738919133665, "late_diff_slow": 0.21517245391352333, "late_diff_fast": 0.8361221751321655, "a_early_diff_stim": 1.0560242006702418, "a_early_diff_inhib": 0.20171933690389643, "a_late_diff_stim": 1.2647511376012694, "a_late_diff_inhib": 0.3386057736766439, "diff_time": 893.3617461541214, "a_Valles_2020_ALP": 316.6979903802155, "a_Valles_2020_ARS": 778.5078408461305}