{"ALP_M_n": 2.7330607435775893, "ARS_M_n": 1.577529176721384, "ALP_0": 0.6756096470478691, "ARS_0": 0.8853953366035208, "maturity_t": 0.7114873464746129, "early_diff_slow": 0.3202162724164229, "early_diff_fast": 0.6328211263029395, "early_diff_very_fast": 0.7437900602836026, "late_diff_slow": 0.1925390373868217, "late_diff_fast": 0.7934792695703525, "a_early_diff_stim": 1.8292242198526945, "a_early_diff_inhib": 0.3401723985533054, "a_late_diff_stim": 2.0205179803050948, "a_late_diff_inhib": 0.511891304626855, "diff_time": 925.9935358934817, "a_Valles_2020_ALP": 180.39818413569532, "a_Valles_2020_ARS": 312.75669175574745}