{"ALP_M_n": 1.4152899560173877, "ARS_M_n": 1.7018701677628507, "ALP_0": 0.0843957251039966, "ARS_0": 0.6606588339002823, "maturity_t": 0.7640182297101601, "early_diff_slow": 0.24751501357105188, "early_diff_fast": 0.5883083946975285, "early_diff_very_fast": 0.9856837712553118, "late_diff_slow": 0.18354917705376766, "late_diff_fast": 0.7864355545217832, "a_early_diff_stim": 2.3420477394047365, "a_early_diff_inhib": 0.4664911174820447, "a_late_diff_stim": 2.4630194673522166, "a_late_diff_inhib": 0.20265511949181503, "diff_time": 804.0601345877918, "a_Valles_2020_ALP": 530.0085056133104, "a_Valles_2020_ARS": 357.7667656693961}