{"ALP_M_n": 2.334927391831497, "ARS_M_n": 1.195600513219991, "ALP_0": 0.6824592343511473, "ARS_0": 0.6974790020395077, "maturity_t": 0.6967607027371785, "early_diff_slow": 0.21856396774161352, "early_diff_fast": 0.5780407030587928, "early_diff_very_fast": 0.924528706801722, "late_diff_slow": 0.19862842297887756, "late_diff_fast": 0.7706673270067544, "a_early_diff_stim": 4.159924196591877, "a_early_diff_inhib": 0.05473487380986242, "a_late_diff_stim": 4.486119310969326, "a_late_diff_inhib": 0.4541169861834826, "diff_time": 1045.7150942822689, "a_Valles_2020_ALP": 198.25028983825177, "a_Valles_2020_ARS": 451.5071721630453}