{"ALP_M_n": 3.160845491616153, "ALP_0": 0.16429562446396495, "IL1b_ineffective": 189.12487683826646, "IL1b_stim": 1.3817067037094937, "IL8_favorable": 2.2743764579079766, "maturity_t": 0.9568929252927973, "early_diff_very_fast": 0.7343134647825207, "a_early_diff_stim": 1.677388067160754, "diff_time": 688.3074769785039, "a_Qiao_2021_ALP": 113.37751393780576}