{
    "ALP_M_n": 9.315194747295667,
    "ARS_M_n": 1.2776421898057122,
    "ALP_0": 0.5344962476342231,
    "ARS_0": 0.8116647766136894,
    "maturity_t": 0.3830637947927828,
    "early_diff_L": 0.3325361540893257,
    "early_diff_H": 0.6519384903538074,
    "early_diff_VH": 0.8857252966017569,
    "late_diff_L": 0.28902098053515946,
    "late_diff_H": 0.7651658634230295,
    "a_early_diff_u": 3.5928057296023415,
    "a_early_diff_d": 0.03574317661295967,
    "a_late_diff_u": 4.663333705993541,
    "a_late_diff_d": 0.4436707485713516,
    "diff_time": 1058.685880516023,
    "a_Valles_2020_ALP": 890.4591978020147,
    "a_Valles_2020_ARS": 397.7863141775754
}