{
    "ALP_M_n": 9.78985943587171,
    "ARS_M_n": 1.5299191926961293,
    "ALP_0": 0.5484025303517752,
    "ARS_0": 0.9882585280527212,
    "maturity_t": 0.39267973816943685,
    "early_diff_L": 0.3181346604934366,
    "early_diff_H": 0.7173824504930105,
    "early_diff_VH": 0.9696862824072618,
    "late_diff_L": 0.20744893467669984,
    "late_diff_H": 0.8825086857018567,
    "a_early_diff_u": 2.335570883477943,
    "a_early_diff_d": 0.6286091994299942,
    "a_late_diff_u": 3.502144258122481,
    "a_late_diff_d": 0.21739666311573339,
    "diff_time": 997.4676267265785,
    "a_Valles_2020_ALP": 659.5083664265516,
    "a_Valles_2020_ARS": 297.0184367940589
}