{
    "ALP_M_n": 9.950455043612598,
    "ARS_M_n": 0.9979852843012748,
    "ALP_0": 0.5954811222070988,
    "ARS_0": 0.43069215912266745,
    "maturity_t": 0.38957906946913673,
    "early_diff_L": 0.2153914498211798,
    "early_diff_H": 0.6559383754813389,
    "early_diff_VH": 0.7835987667979304,
    "late_diff_L": 0.20328297824484545,
    "late_diff_H": 0.6906998651079378,
    "a_early_diff_u": 3.4622831473968207,
    "a_early_diff_d": 0.3721284099635119,
    "a_late_diff_u": 1.3984112599609317,
    "a_late_diff_d": 0.23814040608658063,
    "diff_time": 1037.047388229153,
    "a_Valles_2020_ALP": 461.11655217097086,
    "a_Valles_2020_ARS": 594.6094746464285
}