{
    "ALP_M_n": 1.234197742952425,
    "ARS_M_n": 1.2251604609438953,
    "ALP_0": 0.16041377962739536,
    "ARS_0": 0.6701352461124713,
    "maturity_t": 0.7349113194959265,
    "early_diff_L": 0.3372342749951711,
    "early_diff_H": 0.5981836389279841,
    "early_diff_VH": 0.7181871104744005,
    "late_diff_L": 0.17105514188344606,
    "late_diff_H": 0.845256513390928,
    "a_early_diff_u": 4.339463104753091,
    "a_early_diff_d": 0.5054011599326199,
    "a_late_diff_u": 1.8639084707468478,
    "a_late_diff_d": 0.7137355621497325,
    "diff_time": 1016.929637904241,
    "a_Valles_2020_ALP": 481.4093617640371,
    "a_Valles_2020_ARS": 453.512807692648
}