{
    "ALP_M_n": 9.834834626005609,
    "ARS_M_n": 1.0843747072401921,
    "ALP_0": 0.5751051182026929,
    "ARS_0": 0.5236153972588421,
    "maturity_t": 0.3899264844812658,
    "early_diff_L": 0.13191201289772342,
    "early_diff_H": 0.6390018599996777,
    "early_diff_VH": 0.9005381531627203,
    "late_diff_L": 0.38278352673559496,
    "late_diff_H": 0.72866899865639,
    "a_early_diff_u": 3.7935155750640717,
    "a_early_diff_d": 0.13385349888130715,
    "a_late_diff_u": 4.061821247740324,
    "a_late_diff_d": 0.21063188760470286,
    "diff_time": 1016.6582236263232,
    "a_Valles_2020_ALP": 530.3405573122053,
    "a_Valles_2020_ARS": 538.410494997156
}