{
    "ALP_M_n": 9.707704825939375,
    "ARS_M_n": 1.409061959122863,
    "ALP_0": 0.5578334720581463,
    "ARS_0": 0.8949948552318905,
    "maturity_t": 0.3945038607880764,
    "early_diff_L": 0.2784679804431615,
    "early_diff_H": 0.6456083003198334,
    "early_diff_VH": 0.9225885771780354,
    "late_diff_L": 0.25970947230588354,
    "late_diff_H": 0.7285287355411197,
    "a_early_diff_u": 3.5908638279887093,
    "a_early_diff_d": 0.4945135447463884,
    "a_late_diff_u": 3.7120372773641104,
    "a_late_diff_d": 0.2547530881492124,
    "diff_time": 1016.1552374903999,
    "a_Valles_2020_ALP": 630.2143561939994,
    "a_Valles_2020_ARS": 345.3427367942938
}