{
    "ALP_M_n": 1.9372958169701076,
    "ARS_M_n": 1.0015362373442824,
    "ALP_0": 0.5021270169732869,
    "ARS_0": 0.4042859459846825,
    "maturity_t": 0.890235514535541,
    "early_diff_L": 0.31803831167453844,
    "early_diff_H": 0.7149912734098025,
    "early_diff_VH": 0.7994580731599362,
    "late_diff_L": 0.28099668153123825,
    "late_diff_H": 0.6059706976301289,
    "a_early_diff_u": 1.9545288970190287,
    "a_early_diff_d": 0.8744873111384297,
    "a_late_diff_u": 0.13458774498651227,
    "a_late_diff_d": 0.6915906024815042,
    "diff_time": 1010.9649091538115,
    "a_Valles_2020_ALP": 284.04647732122436,
    "a_Valles_2020_ARS": 604.9879424200694
}