{
    "ALP_M_n": 2.241566269932847,
    "ARS_M_n": 0.8151087658947566,
    "ALP_0": 0.5932048494466611,
    "ARS_0": 0.15993454435133997,
    "maturity_t": 0.7126614242623834,
    "early_diff_L": 0.29741329729306093,
    "early_diff_H": 0.5887836923019143,
    "early_diff_VH": 0.6965609192195891,
    "late_diff_L": 0.1374260364680008,
    "late_diff_H": 0.7591890020058245,
    "a_early_diff_u": 4.321360880917979,
    "a_early_diff_d": 0.11493872577597364,
    "a_late_diff_u": 4.388403231606211,
    "a_late_diff_d": 0.6968653882474629,
    "diff_time": 972.4223767194,
    "a_Valles_2020_ALP": 230.91072866021244,
    "a_Valles_2020_ARS": 753.1767604506929
}