{
    "ALP_M_n": 2.993306116950658,
    "ARS_M_n": 1.4354635073943605,
    "ALP_0": 0.4050299872422785,
    "ARS_0": 0.35877503440508696,
    "maturity_t": 0.59910654688437,
    "early_diff_L": 0.10820613701407636,
    "early_diff_H": 0.6832150277766678,
    "early_diff_VH": 0.7507724357768499,
    "late_diff_L": 0.23247478192268378,
    "late_diff_H": 0.812219941688968,
    "a_early_diff_u": 1.1776926108144636,
    "a_early_diff_d": 0.8777407900715352,
    "a_late_diff_u": 2.3005049898421355,
    "a_late_diff_d": 0.2588293506363729,
    "diff_time": 924.3521485054995,
    "a_Valles_2020_ALP": 441.43310624221954,
    "a_Valles_2020_ARS": 635.6668682008961
}