{"0": 0.008880990856773697, "1": 0.009780100832291078, "2": 0.008983741527699303, "3": 0.009592971947173439, "4": 0.00895913677097241, "5": 0.009812943873043694, "6": 0.009013744294685624, "7": 0.008960855905038832, "8": 0.009107035716473266, "9": 0.0089410082909256, "10": 0.008833993552610886, "11": 0.00889460963016763, "12": 0.009159718416194906, "13": 0.009252140091544675, "14": 0.008981632942141769, "15": 0.009201151637492872, "16": 0.009049372120518992, "17": 0.008845689298785306, "18": 0.00930202412153927, "19": 0.008985100977420172, "20": 0.00884565824065373, "21": 0.009680063086249408, "22": 0.008847416616960688, "23": 0.008940648847159099, "24": 0.008936847372910004, "25": 0.008833171612071106, "26": 0.008931692309204629, "27": 0.00932322125161522, "28": 0.010344807875176812, "29": 0.009076067134405957, "30": 0.00890534027083081, "31": 0.008860171783453384, "32": 0.008933200178435633, "33": 0.009051729727090849, "34": 0.00899978889249766, "35": 0.009232514942084923, "36": 0.009318184055435476, "37": 0.010375388726000485, "38": 0.010631192616005208, "39": 0.008865602620444838, "40": 0.00896967886114972, "41": 0.008969716437203621, "42": 0.008819973610358836, "43": 0.009016213895750353, "44": 0.00911823138398705, "45": 0.00906984405030236, "46": 0.009078852971122153, "47": 0.008952135549485384, "48": 0.00913642150537873, "49": 0.009208108169967314, "50": 0.009191542321319838, "51": 0.008885312331008312, "52": 0.0095453872666377, "53": 0.009241721965432373, "54": 0.00893897186140048, "55": 0.009426669014392866, "56": 0.008888507262919431, "57": 0.008914550922655744, "58": 0.010071199258097203, "59": 0.008970667562877236, "60": 0.009528702941097804, "61": 0.009010794126141038, "62": 0.009134891718398302, "63": 0.009116958205670303, "64": 0.008920304087587323, "65": 0.00923725503859352, "66": 0.008943586908029098, "67": 0.008908455505694956, "68": 0.009160334336136958, "69": 0.008843607970904084, "70": 0.009153773925014132, "71": 0.009199978677744223, "72": 0.00892808728204213, "73": 0.008962035227544338, "74": 0.009149508542038524, "75": 0.009285766317958367, "76": 0.010093612600029962, "77": 0.009032624768931869, "78": 0.008920756385723648, "79": 0.008955821641858337, "80": 0.00884980665092092, "81": 0.008876697407146564, "82": 0.009201541921125515, "83": 0.0092006697154732, "84": 0.009212627033678268, "85": 0.009969047076492215, "86": 0.009153594500966453, "87": 0.009121434045797681, "88": 0.009088575083815144, "89": 0.009402902363612277, "90": 0.00926612481582471, "91": 0.008886386312918989, "92": 0.009173296313785769, "93": 0.009159652945862228, "94": 0.009328814379080473, "95": 0.008943424223829207, "96": 0.009548475752162156, "97": 0.009507672080694165, "98": 0.009153270934330573, "99": 0.009206184594974257, "100": 0.009423436195650904, "101": 0.009068185365534796, "102": 0.009401582759515595, "103": 0.009352123669724568, "104": 0.00896419606168099, "105": 0.009149450665147477, "106": 0.009617339178413285, "107": 0.009452067468469268, "108": 0.008940246640808214, "109": 0.008934907136054795, "110": 0.00908454669522592, "111": 0.008910829874558159, "112": 0.009076702120479762, "113": 0.008854503118482892, "114": 0.008988781938591308, "115": 0.009127980166278398, "116": 0.009088525582776763, "117": 0.00894753857871654, "118": 0.008983434709738027, "119": 0.009351495050231794, "120": 0.00920948557143833, "121": 0.00888513284128108, "122": 0.0091160003268917, "123": 0.008826812158647796, "124": 0.008879861107339621, "125": 0.008984381249041423, "126": 0.008972137762055295, "127": 0.009105307451859682, "128": 0.008844174924931088, "129": 0.009074123446072516, "130": 0.00906525652022945, "131": 0.010831598323031572, "132": 0.009313968296854682, "133": 0.008949400269187956, "134": 0.008798987371226485, "135": 0.008871656160202562, "136": 0.009137024566439285, "137": 0.009161115713635471, "138": 0.008855183343320954, "139": 0.009689938359886734, "140": 0.009181901421902032, "141": 0.008899746436012651, "142": 0.00924968200721428, "143": 0.009155015403801127, "144": 0.009091446549668947, "145": 0.008970934188658259, "146": 0.01066298444183604, "147": 0.009132801100026408, "148": 0.011610926452687695, "149": 0.008911218900016064, "150": 0.008912656288772022, "151": 0.009063256843105924, "152": 0.008867552498223878, "153": 0.009015549760374043, "154": 0.008796746729721708, "155": 0.009743210290210367, "156": 0.008929282368278965, "157": 0.008867654813643168, "158": 0.009022942713335202, "159": 0.008905350123823109, "160": 0.009143733574306688, "161": 0.009233487010727452, "162": 0.00892616633470479, "163": 0.008964646333344812, "164": 0.00895237361521777, "165": 0.008969607344048107, "166": 0.009254710655721437, "167": 0.008882491642532627, "168": 0.008971349688750076, "169": 0.008791264888408392, "170": 0.009024557113794811, "171": 0.009225163412063342, "172": 0.008874274185163828, "173": 0.009344524431198563, "174": 0.009169317142949664, "175": 0.00897233622401615, "176": 0.008940132925195826, "177": 0.008852074655923633, "178": 0.00920937582841821, "179": 0.008861177587153695, "180": 0.00889673850720425, "181": 0.008867595837509758, "182": 0.009486458626671688, "183": 0.00951820518029791, "184": 0.009080433746526098, "185": 0.008914076805694145, "186": 0.009025980711582181, "187": 0.008889556123855167, "188": 0.00946363935712244, "189": 0.009866089915636572, "190": 0.008837254366684533, "191": 0.0091521374905208, "192": 0.009079945310679021, "193": 0.00916393044443844, "194": 0.00909178300644839, "195": 0.008942827635401256, "196": 0.009382188845490181, "197": 0.008970921911923405, "198": 0.009038643339027373, "199": 0.008827345945782071, "200": 0.008989502894727126, "201": 0.009766504988186857, "202": 0.008859956151870966, "203": 0.009150619200781144, "204": 0.009175860129059143, "205": 0.008890966085761124, "206": 0.008878310526152578, "207": 0.008833095420788825, "208": 0.008926551212016848, "209": 0.010490753448416445, "210": 0.009057721940516185, "211": 0.008968673254221439, "212": 0.008954594276622888, "213": 0.009087105482402876, "214": 0.008826702949889752, "215": 0.00886399422077343, "216": 0.009276948139808897, "217": 0.010437536806674228, "218": 0.009126625100880126, "219": 0.009539383540489435, "220": 0.008884716104472433, "221": 0.00904375882048749, "222": 0.00905752187294041, "223": 0.008826437758514131, "224": 0.009778735735505582, "225": 0.008858668585135208, "226": 0.009062761507492209, "227": 0.009058850910536272, "228": 0.009180635428356074, "229": 0.009001716697140564, "230": 0.009069644145805704, "231": 0.00907883597739292, "232": 0.009441475248476385, "233": 0.009007609161448497, "234": 0.008871240662729103, "235": 0.009460383767570293, "236": 0.008981540360202527, "237": 0.009017631505302165, "238": 0.008830108513554286, "239": 0.009006954640867655, "240": 0.009040277495426408, "241": 0.009595298661014929, "242": 0.008898556236380091, "243": 0.009123413015344941, "244": 0.009027457463983554, "245": 0.008964642408511619, "246": 0.010035731198817548, "247": 0.009122490392969845, "248": 0.008869984992262329, "249": 0.008962921995343865, "250": 0.00900720175579899, "251": 0.00895831802812112, "252": 0.00893104295861736, "253": 0.00879904843739263, "254": 0.009128675879319008, "255": 0.009098972773568501, "256": 0.008874512210290706, "257": 0.00958066478671293, "258": 0.009036575734437476, "259": 0.009205662348199094, "260": 0.00925145402833581, "261": 0.008981133604368896, "262": 0.00888462002594466, "263": 0.010000275145483888, "264": 0.009237193929627498, "265": 0.00920016370463174, "266": 0.009010027978382896, "267": 0.008995870042591123, "268": 0.009232176395198414, "269": 0.009040381272034603, "270": 0.008902467921611184, "271": 0.009324560945846185, "272": 0.008926281372014278, "273": 0.008888870904532952, "274": 0.008861324803794481, "275": 0.008874784422765826, "276": 0.009589661152389396, "277": 0.00882944036372359, "278": 0.009140917926863197, "279": 0.00912726851908635, "280": 0.008811807075546022,