{"ALP_M_n": 5.1728157805507085, "ALP_0": 0.43161308615958516, "IL1b_ineffective": 196.44945736617683, "IL1b_stim": 1.3556589777174697, "IL8_favorable": 2.1790205845843786, "maturity_t": 0.9223052857142082, "early_diff_very_fast": 0.7526784010408374, "a_early_diff_stim": 1.4481913512492284, "diff_time": 762.0669217092229, "a_Qiao_2021_ALP": 62.355522785172134}