{"ALP_M_n": 3.1678614825019182, "ALP_0": 0.34660103201669906, "IL1b_ineffective": 189.23935995920837, "IL1b_stim": 1.3817702132810545, "IL8_favorable": 2.2741158535890307, "maturity_t": 0.9063139573900459, "early_diff_very_fast": 0.734464389964574, "a_early_diff_stim": 2.6310489875931347, "diff_time": 870.5400686640783, "a_Qiao_2021_ALP": 57.069834688878835}