{"ALP_M_n": 4.187924863340929, "ALP_0": 0.48019829458681595, "IL1b_ineffective": 193.78010517639393, "IL1b_stim": 1.3648490759115504, "IL8_favorable": 2.2126048750498413, "maturity_t": 0.9274277651951893, "early_diff_very_fast": 0.7457584652147885, "a_early_diff_stim": 2.274231681630502, "diff_time": 911.6328378241918, "a_Qiao_2021_ALP": 44.27827445473396}