{"ALP_M_n": 3.679501693615224, "ALP_0": 0.4361396366068114, "IL1b_ineffective": 191.9955452672977, "IL1b_stim": 1.3709832715970922, "IL8_favorable": 2.236951916153309, "maturity_t": 0.8228105586508716, "early_diff_very_fast": 0.7408039677255677, "a_early_diff_stim": 2.629682530576401, "diff_time": 964.0844218626988, "a_Qiao_2021_ALP": 50.69087760047181}