{"ALP_M_n": 2.4319315016127416, "ALP_0": 0.15264404311784355, "IL1b_ineffective": 184.1152394347585, "IL1b_stim": 1.403290884900228, "IL8_favorable": 2.3518656912583253, "maturity_t": 0.9878360637750663, "early_diff_very_fast": 0.7204694716996126, "a_early_diff_stim": 2.6309349351084363, "diff_time": 875.9251060571213, "a_Qiao_2021_ALP": 102.60317966301619}