{"ALP_M_n": 4.891316488525194, "ALP_0": 0.4383642443153027, "IL1b_ineffective": 195.72559259652672, "IL1b_stim": 1.358050479941138, "IL8_favorable": 2.187363221063187, "maturity_t": 0.7793360403477729, "early_diff_very_fast": 0.7509738896945015, "a_early_diff_stim": 1.6391632410696162, "diff_time": 818.9879093923048, "a_Qiao_2021_ALP": 62.04964919434704}