{"ALP_M_n": 6.7154473914001365, "ALP_0": 0.5857903681139481, "IL1b_ineffective": 198.9967680372022, "IL1b_stim": 1.3460438887771282, "IL8_favorable": 2.145925721323266, "maturity_t": 0.9126973302619036, "early_diff_very_fast": 0.7592321452927344, "a_early_diff_stim": 1.382006906012257, "diff_time": 849.3248337768312, "a_Qiao_2021_ALP": 35.4412618207137}