{"ALP_M_n": 4.676518806210142, "ALP_0": 0.3250299645301027, "IL1b_ineffective": 195.11069356852119, "IL1b_stim": 1.3589889609580936, "IL8_favorable": 2.193130570759834, "maturity_t": 0.6670497053968004, "early_diff_very_fast": 0.749503089927665, "a_early_diff_stim": 1.587951733614569, "diff_time": 954.4598087039604, "a_Qiao_2021_ALP": 178.1044587303731}