{"ALP_M_n": 6.210710642271837, "ALP_0": 0.6551549382707289, "IL1b_ineffective": 198.49851892105113, "IL1b_stim": 1.3488870327274576, "IL8_favorable": 2.153159938999721, "maturity_t": 0.6977486274252229, "early_diff_very_fast": 0.7574222217045767, "a_early_diff_stim": 1.9559898991891393, "diff_time": 1074.6803034649945, "a_Qiao_2021_ALP": 28.861700047750436}