{"ALP_M_n": 7.407976127379215, "ALP_0": 0.38839732683723405, "IL1b_ineffective": 198.97220976940076, "IL1b_stim": 1.343674239118302, "IL8_favorable": 2.1356388739460215, "maturity_t": 0.852444258708285, "early_diff_very_fast": 0.7613226212646415, "a_early_diff_stim": 0.7453196130530213, "diff_time": 555.6646141343507, "a_Qiao_2021_ALP": 71.22765405787965}