{"ALP_M_n": 2.4624051776069464, "ALP_0": 0.14143105491528354, "IL1b_ineffective": 184.22345663184458, "IL1b_stim": 1.402579732278248, "IL8_favorable": 2.3492399575230394, "maturity_t": 0.9609852933912298, "early_diff_very_fast": 0.7212482065094996, "a_early_diff_stim": 2.4134942166299362, "diff_time": 785.7262377613791, "a_Qiao_2021_ALP": 95.18661043865592}