{"ALP_M_n": 3.817623187888462, "ALP_0": 0.31895171870625955, "IL1b_ineffective": 192.43517559743856, "IL1b_stim": 1.3690088743900724, "IL8_favorable": 2.2287265576945074, "maturity_t": 0.8400489953578468, "early_diff_very_fast": 0.7422721213872104, "a_early_diff_stim": 2.0142795462414465, "diff_time": 929.092213538968, "a_Qiao_2021_ALP": 106.72676009457771}