{"ALP_M_n": 2.5341860952897726, "ALP_0": 0.04958258005272184, "IL1b_ineffective": 184.93782784658737, "IL1b_stim": 1.3993075258327963, "IL8_favorable": 2.339999240731629, "maturity_t": 0.9878937255061941, "early_diff_very_fast": 0.7228137064233673, "a_early_diff_stim": 1.7891205321376284, "diff_time": 756.8003924915106, "a_Qiao_2021_ALP": 175.8873160695985}