{"ALP_M_n": 7.543510309540761, "ALP_0": 0.5792722490205915, "IL1b_ineffective": 198.96646407452283, "IL1b_stim": 1.3441778423221642, "IL8_favorable": 2.1358033303611776, "maturity_t": 0.7738409502150477, "early_diff_very_fast": 0.7617694541733007, "a_early_diff_stim": 1.0405892626291, "diff_time": 690.3439839773015, "a_Qiao_2021_ALP": 26.023288584984922}