{"ALP_M_n": 4.656817484122486, "ALP_0": 0.531041320217389, "IL1b_ineffective": 195.1608806575567, "IL1b_stim": 1.359495496722218, "IL8_favorable": 2.195513154436995, "maturity_t": 0.6985820045609715, "early_diff_very_fast": 0.7494321292114872, "a_early_diff_stim": 2.2984116514281756, "diff_time": 1019.9193904664079, "a_Qiao_2021_ALP": 43.919432253089276}