{
    "ALP_M_n": 2.5079198829439613,
    "ARS_M_n": 1.2214656439426606,
    "ALP_0": 0.887535228014875,
    "ARS_0": 0.6078534415597376,
    "Mg_stim": 6.632605237722225,
    "Mg_dest": 27.68100410536048,
    "IL1b_ineffective": 124.54591554916828,
    "IL1b_stim": 22.083117741888657,
    "IL8_favorable": 46.37692615040366,
    "maturity_t": 0.7685509850674502,
    "early_diff_slow": 0.19432923366520613,
    "early_diff_fast": 0.6740562946067314,
    "early_diff_very_fast": 0.9091877875007638,
    "late_diff_slow": 0.32472530142179,
    "late_diff_fast": 0.8296081231432092,
    "a_early_diff_stim": 1.8562709626650091,
    "a_early_diff_inhib": 0.6207819498264324,
    "a_late_diff_stim": 4.14070938164385,
    "a_late_diff_inhib": 0.14225881056189282,
    "diff_time": 974.5318989145262,
    "a_Valles_2020_ALP": 118.52017759557434,
    "a_Valles_2020_ARS": 475.8783640721809
}