{
    "ALP_M_n": 2.6872356899977,
    "ARS_M_n": 1.135715079632952,
    "ALP_0": 0.38130731686488684,
    "ARS_0": 0.3910184723367928,
    "Mg_stim": 8.042436024995105,
    "Mg_dest": 30.86015645244355,
    "IL1b_ineffective": 91.69549513876771,
    "IL1b_stim": 20.968486264725154,
    "IL8_favorable": 30.930941605037628,
    "maturity_t": 0.6099348064670391,
    "early_diff_slow": 0.19668385338695246,
    "early_diff_fast": 0.5947673030127146,
    "early_diff_very_fast": 0.8449499179451734,
    "late_diff_slow": 0.11255135192361984,
    "late_diff_fast": 0.6732373689568563,
    "a_early_diff_stim": 2.4135312873899144,
    "a_early_diff_inhib": 0.039931376536233854,
    "a_late_diff_stim": 0.46381556913207866,
    "a_late_diff_inhib": 0.4194874734685347,
    "diff_time": 905.1701890050153,
    "a_Valles_2020_ALP": 429.08797753321863,
    "a_Valles_2020_ARS": 584.434019375726
}