{
    "ALP_M_n": 3.584305027174524,
    "ARS_M_n": 1.8378920621145096,
    "ALP_0": 0.6711589514269463,
    "ARS_0": 0.3996517965594161,
    "maturity_t": 0.8220127155055669,
    "early_diff_slow": 0.14561013195299877,
    "early_diff_fast": 0.7460004506561044,
    "early_diff_very_fast": 0.6604322553839146,
    "late_diff_slow": 0.15539834179904127,
    "late_diff_fast": 0.6661112818253523,
    "a_early_diff_stim": 4.9862277087421525,
    "a_early_diff_inhib": 0.4735788094475124,
    "a_late_diff_stim": 1.8223360846164574,
    "a_late_diff_inhib": 0.6424661787098824,
    "diff_time": 706.2018757937656,
    "a_Chen_2018_ALP": 5.192289857067892,
    "a_Chen_2018_ARS": 2.1584704010540006
}