{
    "ALP_M_n": 7.40527715208365,
    "ARS_M_n": 7.305945885261259,
    "ALP_0": 0.6973756943619626,
    "ARS_0": 0.7621068399454853,
    "maturity_t": 0.8062429599263523,
    "early_diff_slow": 0.20084503928062714,
    "early_diff_fast": 0.651633216706766,
    "early_diff_very_fast": 0.8418932919340069,
    "late_diff_slow": 0.31088307318982134,
    "late_diff_fast": 0.7763790493341358,
    "a_early_diff_stim": 4.747491922548861,
    "a_early_diff_inhib": 0.4412477788284947,
    "a_late_diff_stim": 2.00709462062203,
    "a_late_diff_inhib": 0.6425448594779455,
    "diff_time": 384.4992212896975,
    "a_Valles_2020_ALP": 544.9373074892449,
    "a_Valles_2020_ARS": 788.5359349173058
}