{
    "ALP_M_n": 5.670673609236084,
    "ALP_0": 0.4118317809924562,
    "IL1b_ineffective": 197.48642313915138,
    "IL1b_stim": 1.351827642036465,
    "IL8_favorable": 2.166047104861576,
    "maturity_t": 0.5853735675419997,
    "early_diff_very_fast": 0.7551490998612294,
    "a_early_diff_stim": 1.3900453777585302,
    "diff_time": 897.5633297298978,
    "a_Qiao_2021_ALP": 123.85370486596693
}