{
    "ALP_M_n": 2.4117179946536655,
    "ARS_M_n": 1.462396337646379,
    "ALP_0": 0.5762875707613357,
    "ARS_0": 0.5350060368063191,
    "Mg_stim": 9.337571821389389,
    "Mg_dest": 35.37829405278961,
    "IL1b_ineffective": 109.1754723412583,
    "IL1b_stim": 23.68910219488022,
    "IL8_favorable": 30.03115383465276,
    "maturity_t": 0.7568883728991951,
    "early_diff_slow": 0.28183038596025073,
    "early_diff_fast": 0.5700577472111606,
    "early_diff_very_fast": 0.7084721198567971,
    "late_diff_slow": 0.22045037724673092,
    "late_diff_fast": 0.8563652373101617,
    "a_early_diff_stim": 3.318137105082262,
    "a_early_diff_inhib": 0.4352476098521081,
    "a_late_diff_stim": 2.24648141206787,
    "a_late_diff_inhib": 0.2814455026660919,
    "diff_time": 831.2273352209406,
    "a_Valles_2020_ALP": 209.72308438095868,
    "a_Valles_2020_ARS": 453.31127940842134
}