{
    "ALP_M_n": 2.1779255724134137,
    "ARS_M_n": 1.665596760928703,
    "ALP_0": 0.3903762855127656,
    "ARS_0": 0.8795770411332259,
    "Mg_stim": 8.114622292642565,
    "Mg_dest": 32.33575164415775,
    "IL1b_ineffective": 80.47631020815338,
    "IL1b_stim": 15.389135133278469,
    "IL8_favorable": 41.39024081175306,
    "maturity_t": 0.7287953185232964,
    "early_diff_slow": 0.17762412262734784,
    "early_diff_fast": 0.6401695373970396,
    "early_diff_very_fast": 0.7326255708189063,
    "late_diff_slow": 0.26367345772807094,
    "late_diff_fast": 0.7463261469106098,
    "a_early_diff_stim": 1.7745483027556164,
    "a_early_diff_inhib": 0.945224421589014,
    "a_late_diff_stim": 1.7588144049596302,
    "a_late_diff_inhib": 0.3569931435511215,
    "diff_time": 890.0828072436544,
    "a_Valles_2020_ALP": 355.5210303773776,
    "a_Valles_2020_ARS": 297.20019156339504
}