{
    "ALP_M_n": 9.094755930882094,
    "ALP_0": 0.35630554081662585,
    "IL1b_ineffective": 103.18487155138641,
    "IL1b_stim": 18.1335648267205,
    "IL8_favorable": 28.25201242042376,
    "maturity_t": 0.4923621841797434,
    "early_diff_very_fast": 0.9590825688150726,
    "a_early_diff_stim": 4.46299939725789,
    "diff_time": 571.4828827625503,
    "a_Qiao_2021_ALP": 182.55916557667445
}