{
    "ALP_M_n": 1.2151599347036561,
    "ARS_M_n": 1.1683417835296606,
    "ALP_0": 0.1946321986336268,
    "ARS_0": 0.5732674001668772,
    "Mg_stim": 7.800742869843927,
    "Mg_dest": 20.15129698211448,
    "IL1b_ineffective": 37.287601584445,
    "IL1b_stim": 17.427176631285896,
    "IL8_favorable": 66.8986952188488,
    "maturity_t": 0.7854640301522003,
    "early_diff_slow": 0.38063313677366106,
    "early_diff_fast": 0.6028602211360226,
    "early_diff_very_fast": 0.8271098371053949,
    "late_diff_slow": 0.2042613599348652,
    "late_diff_fast": 0.7064927565430205,
    "a_early_diff_stim": 3.2953269170090143,
    "a_early_diff_inhib": 0.5864086991914589,
    "a_late_diff_stim": 3.8586748338382506,
    "a_late_diff_inhib": 0.5665928721312464,
    "diff_time": 995.069311928908,
    "a_Valles_2020_ALP": 430.32496480540027,
    "a_Valles_2020_ARS": 500.7375809338986
}