{
    "ALP_M_n": 3.651276438763213,
    "ARS_M_n": 1.4721922674327907,
    "ALP_0": 0.5896862715136015,
    "ARS_0": 0.5149959863067203,
    "Mg_stim": 4.592233565191864,
    "Mg_dest": 29.9945818653141,
    "IL1b_ineffective": 162.81123612533037,
    "IL1b_stim": 20.068754664621324,
    "IL8_favorable": 63.41427827471944,
    "maturity_t": 0.63240932333925,
    "early_diff_slow": 0.30217828294799914,
    "early_diff_fast": 0.5824499427890247,
    "early_diff_very_fast": 0.9440372203157953,
    "late_diff_slow": 0.3806834178740526,
    "late_diff_fast": 0.80906551448176,
    "a_early_diff_stim": 1.8793881658286489,
    "a_early_diff_inhib": 0.12356222798117394,
    "a_late_diff_stim": 4.708722218043022,
    "a_late_diff_inhib": 0.5189857537153848,
    "diff_time": 824.1660795205461,
    "a_Valles_2020_ALP": 201.93156594654525,
    "a_Valles_2020_ARS": 461.44015147764674
}