{
    "ALP_M_n": 2.415687447477865,
    "ARS_M_n": 1.415847891885952,
    "ALP_0": 0.6180670477140804,
    "ARS_0": 0.6290610578399234,
    "Mg_stim": 3.1822641296799064,
    "Mg_dest": 26.57781385992673,
    "IL1b_ineffective": 192.24648658928584,
    "IL1b_stim": 11.23688352842546,
    "IL8_favorable": 60.77247999232462,
    "maturity_t": 0.7413695412795575,
    "early_diff_slow": 0.13916322961814426,
    "early_diff_fast": 0.5743210720759422,
    "early_diff_very_fast": 0.8855235537946762,
    "late_diff_slow": 0.23678559026560492,
    "late_diff_fast": 0.8207800797026741,
    "a_early_diff_stim": 3.420817983335856,
    "a_early_diff_inhib": 0.6730093137454507,
    "a_late_diff_stim": 2.3186181091915024,
    "a_late_diff_inhib": 0.592238070988719,
    "diff_time": 879.956469712103,
    "a_Valles_2020_ALP": 200.04633132961973,
    "a_Valles_2020_ARS": 423.959050260936
}