{
    "ALP_M_n": 2.166292155468229,
    "ARS_M_n": 1.3905485963309063,
    "ALP_0": 0.871102892837475,
    "ARS_0": 0.9142932277597434,
    "Mg_stim": 2.560536871740579,
    "Mg_dest": 27.64953033004298,
    "IL1b_ineffective": 191.2308979845409,
    "IL1b_stim": 11.544331856519326,
    "IL8_favorable": 40.129090690952225,
    "maturity_t": 0.816562134914594,
    "early_diff_slow": 0.2397600068995645,
    "early_diff_fast": 0.7026785672905851,
    "early_diff_very_fast": 0.8836822817249594,
    "late_diff_slow": 0.1855753840400105,
    "late_diff_fast": 0.8439962559016871,
    "a_early_diff_stim": 1.9667059473378756,
    "a_early_diff_inhib": 0.37619820431975054,
    "a_late_diff_stim": 1.4439125509322805,
    "a_late_diff_inhib": 0.7742892380374138,
    "diff_time": 1039.0985140351984,
    "a_Valles_2020_ALP": 136.083685655884,
    "a_Valles_2020_ARS": 343.9574578426579
}