{
    "ALP_M_n": 5.337542912080347,
    "ARS_M_n": 1.167558642208905,
    "ALP_0": 0.3767244521311415,
    "ARS_0": 0.27227324499586947,
    "Mg_stim": 5.880751848711578,
    "Mg_dest": 31.069647087163386,
    "IL1b_ineffective": 170.50518476115755,
    "IL1b_stim": 19.725296360811598,
    "IL8_favorable": 33.46152280729997,
    "maturity_t": 0.5179669337739875,
    "early_diff_slow": 0.36762890467559434,
    "early_diff_fast": 0.6301784945478468,
    "early_diff_very_fast": 0.7832165721449084,
    "late_diff_slow": 0.3719802061461218,
    "late_diff_fast": 0.7622606608638823,
    "a_early_diff_stim": 0.68500649853154,
    "a_early_diff_inhib": 0.4533693869330691,
    "a_late_diff_stim": 3.6963152122951377,
    "a_late_diff_inhib": 0.3873688448991416,
    "diff_time": 836.1143311229628,
    "a_Valles_2020_ALP": 760.665228329409,
    "a_Valles_2020_ARS": 642.1127832000582
}