{
    "ALP_M_n": 2.2134260679409548,
    "ARS_M_n": 1.0312084343470604,
    "ALP_0": 0.4960068613070343,
    "ARS_0": 0.3270975606459592,
    "Mg_stim": 2.688416200251573,
    "Mg_dest": 24.391765686313178,
    "IL1b_ineffective": 158.87932204918496,
    "IL1b_stim": 12.991045656930659,
    "IL8_favorable": 80.38182484925213,
    "maturity_t": 0.7041213379881797,
    "early_diff_slow": 0.2028233584827757,
    "early_diff_fast": 0.5592183983665386,
    "early_diff_very_fast": 0.9260869937872233,
    "late_diff_slow": 0.262818937327247,
    "late_diff_fast": 0.7680091084292063,
    "a_early_diff_stim": 4.564942696629847,
    "a_early_diff_inhib": 0.17031720564994002,
    "a_late_diff_stim": 0.7146539555896934,
    "a_late_diff_inhib": 0.3814117277695137,
    "diff_time": 927.3449520310231,
    "a_Valles_2020_ALP": 280.46893474783377,
    "a_Valles_2020_ARS": 634.5074920625264
}