{
    "ALP_M_n": 7.2288992838348545,
    "ALP_0": 0.6654260944235043,
    "IL1b_ineffective": 198.94770293155636,
    "IL1b_stim": 1.343292447054657,
    "IL8_favorable": 2.138621487287068,
    "maturity_t": 0.8760271318858706,
    "early_diff_very_fast": 0.7608364440827511,
    "a_early_diff_stim": 1.3744743924981944,
    "diff_time": 838.6769351468955,
    "a_Qiao_2021_ALP": 19.637310918003696
}