{
    "ALP_M_n": 1.9376374696976917,
    "ARS_M_n": 1.4933243377994543,
    "ALP_0": 0.22884454375667945,
    "ARS_0": 0.8023477044399443,
    "Mg_stim": 7.567990170253785,
    "Mg_dest": 32.59886339741496,
    "IL1b_ineffective": 164.81367548823712,
    "IL1b_stim": 8.101785839784704,
    "IL8_favorable": 86.87143367281136,
    "maturity_t": 0.6363547251945909,
    "early_diff_slow": 0.12848707290020733,
    "early_diff_fast": 0.6468599206723988,
    "early_diff_very_fast": 0.7855180314646331,
    "late_diff_slow": 0.27539411197592817,
    "late_diff_fast": 0.6642633808445604,
    "a_early_diff_stim": 1.4711765049752064,
    "a_early_diff_inhib": 0.3545005271841851,
    "a_late_diff_stim": 4.388365104330189,
    "a_late_diff_inhib": 0.800518402867764,
    "diff_time": 930.4942256646269,
    "a_Valles_2020_ALP": 556.0271776785021,
    "a_Valles_2020_ARS": 353.6418002831202
}