{
    "ALP_M_n": 2.8454150002572685,
    "ALP_0": 0.2618840458366086,
    "IL1b_ineffective": 187.33009030457714,
    "IL1b_stim": 1.3893935313823178,
    "IL8_favorable": 2.3017651234463727,
    "maturity_t": 0.9389856391700283,
    "early_diff_very_fast": 0.7291322133402177,
    "a_early_diff_stim": 2.673018994362124,
    "diff_time": 895.27567693891,
    "a_Qiao_2021_ALP": 77.65794570110245
}