{
    "ALP_M_n": 6.10295003309551,
    "ARS_M_n": 1.503976227678784,
    "ALP_0": 0.7583926964819374,
    "ARS_0": 0.04777890814853642,
    "maturity_t": 0.4497382158965503,
    "early_diff_slow": 0.39550363830468394,
    "early_diff_fast": 0.7268763589618638,
    "early_diff_very_fast": 0.6519309203667827,
    "late_diff_slow": 0.2819537001448388,
    "late_diff_fast": 0.6815112656638815,
    "a_early_diff_stim": 2.8264140871807326,
    "a_early_diff_inhib": 0.37668979617392334,
    "a_late_diff_stim": 4.509621478779407,
    "a_late_diff_inhib": 0.2697672081004103,
    "diff_time": 597.3519511571114,
    "a_Chen_2018_ALP": 4.568079529521517,
    "a_Chen_2018_ARS": 4.917355283017127
}