{
    "ALP_M_n": 2.9659494798323416,
    "ARS_M_n": 1.387923673106137,
    "ALP_0": 0.6722871158325647,
    "ARS_0": 0.692681996066671,
    "Mg_stim": 7.831334980620804,
    "Mg_dest": 35.16668992059603,
    "IL1b_ineffective": 33.15126528506073,
    "IL1b_stim": 7.945978680104908,
    "IL8_favorable": 91.09884790503872,
    "maturity_t": 0.6554438365984174,
    "early_diff_slow": 0.22161716978449164,
    "early_diff_fast": 0.6164265019590492,
    "early_diff_very_fast": 0.8506208817123067,
    "late_diff_slow": 0.2877308750664932,
    "late_diff_fast": 0.8169996708903381,
    "a_early_diff_stim": 2.0583828523444287,
    "a_early_diff_inhib": 0.5611391251085031,
    "a_late_diff_stim": 4.166838610352672,
    "a_late_diff_inhib": 0.38980327908289275,
    "diff_time": 929.2191494030591,
    "a_Valles_2020_ALP": 181.18031433417255,
    "a_Valles_2020_ARS": 410.2237008380515
}