{
    "ALP_M_n": 1.882694396708262,
    "ARS_M_n": 1.150803672896841,
    "ALP_0": 0.4312799106290081,
    "ARS_0": 0.3578423501767812,
    "Mg_stim": 2.03038935510664,
    "Mg_dest": 37.35704583871847,
    "IL1b_ineffective": 91.09541544022863,
    "IL1b_stim": 14.792710019471231,
    "IL8_favorable": 28.92887379722682,
    "maturity_t": 0.7718279838969392,
    "early_diff_slow": 0.16124242122663562,
    "early_diff_fast": 0.6486128093810869,
    "early_diff_very_fast": 0.8011854524225217,
    "late_diff_slow": 0.23000683599117827,
    "late_diff_fast": 0.7737450622586665,
    "a_early_diff_stim": 1.937978552827188,
    "a_early_diff_inhib": 0.49328875430931496,
    "a_late_diff_stim": 2.3921945874854065,
    "a_late_diff_inhib": 0.051363919546972725,
    "diff_time": 884.2521403788419,
    "a_Valles_2020_ALP": 296.51849261091877,
    "a_Valles_2020_ARS": 597.7522327131024
}