{
    "ALP_M_n": 1.7495316727055843,
    "ARS_M_n": 1.4923097564376957,
    "ALP_0": 0.48258144822684484,
    "ARS_0": 0.904056696457079,
    "maturity_t": 0.7813249252976462,
    "early_diff_slow": 0.30427618421251945,
    "early_diff_fast": 0.5954699621620244,
    "early_diff_very_fast": 0.7501212633720145,
    "late_diff_slow": 0.24861691922404364,
    "late_diff_fast": 0.655545103322131,
    "a_early_diff_stim": 3.3099335086587893,
    "a_early_diff_inhib": 0.5495119838028126,
    "a_late_diff_stim": 1.5057009599790776,
    "a_late_diff_inhib": 0.3047479007481941,
    "diff_time": 974.4682973003655,
    "a_Valles_2020_ALP": 278.6141688086148,
    "a_Valles_2020_ARS": 325.17629587530115
}