{
    "ALP_M_n": 7.86200137770763,
    "ARS_M_n": 3.102236149821433,
    "ALP_0": 0.7807552817534152,
    "ARS_0": 0.405136850355389,
    "maturity_t": 0.20666483955339837,
    "early_diff_slow": 0.39249727444592103,
    "early_diff_fast": 0.7465908883492531,
    "early_diff_very_fast": 0.6682749693777889,
    "late_diff_slow": 0.17071595559653274,
    "late_diff_fast": 0.6983246614273992,
    "a_early_diff_stim": 3.290514506160632,
    "a_early_diff_inhib": 0.6817567518140853,
    "a_late_diff_stim": 3.1806343964571857,
    "a_late_diff_inhib": 0.27720724762845717,
    "diff_time": 993.8441597386065,
    "a_Chen_2018_ALP": 7.0668305975945,
    "a_Chen_2018_ARS": 4.378029321279749
}