{
    "ALP_M_n": 3.891858347063547,
    "ARS_M_n": 1.3268702467666853,
    "ALP_0": 0.6240133228824218,
    "ARS_0": 0.19382929951560463,
    "maturity_t": 0.5101888199536329,
    "early_diff_slow": 0.3418578615481824,
    "early_diff_fast": 0.7488672761633566,
    "early_diff_very_fast": 0.6657471582792988,
    "late_diff_slow": 0.3303689388408402,
    "late_diff_fast": 0.8407153649808279,
    "a_early_diff_stim": 4.9893712042517215,
    "a_early_diff_inhib": 0.6310025941906207,
    "a_late_diff_stim": 4.428831740077486,
    "a_late_diff_inhib": 0.1730388547584688,
    "diff_time": 836.8796754295616,
    "a_Chen_2018_ALP": 7.634516657336136,
    "a_Chen_2018_ARS": 3.5552562674509853
}