{
    "ALP_M_n": 4.464009822198513,
    "ARS_M_n": 1.7416919750663045,
    "ALP_0": 0.8354248483688389,
    "ARS_0": 0.369792498591914,
    "maturity_t": 0.3437090867873957,
    "early_diff_slow": 0.15100261160150574,
    "early_diff_fast": 0.7451462588094433,
    "early_diff_very_fast": 0.6335064869808524,
    "late_diff_slow": 0.38130104448693164,
    "late_diff_fast": 0.6739483179461062,
    "a_early_diff_stim": 4.989799456136528,
    "a_early_diff_inhib": 0.4460812733142926,
    "a_late_diff_stim": 1.3923146710877365,
    "a_late_diff_inhib": 0.05886100839554814,
    "diff_time": 636.7436675351819,
    "a_Chen_2018_ALP": 2.6846504533172757,
    "a_Chen_2018_ARS": 2.3117567443164178
}