{
    "ALP_M_n": 2.9697789222124147,
    "ARS_M_n": 1.316557225083868,
    "ALP_0": 0.51336031677066,
    "ARS_0": 0.11911197592996531,
    "Mg_stim": 4.087886798069329,
    "Mg_dest": 35.74500720812158,
    "IL1b_ineffective": 75.17911502931574,
    "IL1b_stim": 2.0361138734461406,
    "IL8_favorable": 6.722069188436322,
    "maturity_t": 0.7292492944648246,
    "early_diff_slow": 0.395251049754016,
    "early_diff_fast": 0.6090452766478947,
    "early_diff_very_fast": 0.9012051108640811,
    "late_diff_slow": 0.3151848087432375,
    "late_diff_fast": 0.7764680968471687,
    "a_early_diff_stim": 1.480866861337247,
    "a_early_diff_inhib": 0.3177376927956763,
    "a_late_diff_stim": 2.8889630339160495,
    "a_late_diff_inhib": 0.6607127553277243,
    "diff_time": 738.5719751623728,
    "a_Valles_2020_ALP": 220.23474720431244,
    "a_Valles_2020_ARS": 734.8524203675365
}