{
    "ALP_M_n": 3.57997379568619,
    "ALP_0": 0.2931105123028601,
    "IL1b_ineffective": 191.5520492290683,
    "IL1b_stim": 1.3729373060245287,
    "IL8_favorable": 2.243444441639973,
    "maturity_t": 0.7445459809109902,
    "early_diff_very_fast": 0.7396848051015177,
    "a_early_diff_stim": 2.084363201131416,
    "diff_time": 921.5636834020838,
    "a_Qiao_2021_ALP": 108.62545296265293
}