{
    "ALP_M_n": 2.705808769719457,
    "ARS_M_n": 1.055989066585132,
    "ALP_0": 1.1647863057583414,
    "ARS_0": 0.5271222439896778,
    "Mg_stim": 5.840665427651231,
    "Mg_dest": 30.007408426529544,
    "IL1b_ineffective": 177.75998051299325,
    "IL1b_stim": 10.82588272336573,
    "IL8_favorable": 29.525831864733235,
    "maturity_t": 0.7904549055158165,
    "early_diff_slow": 0.28635689159654865,
    "early_diff_fast": 0.6201311692144611,
    "early_diff_very_fast": 0.7862174549123474,
    "late_diff_slow": 0.15623009836643797,
    "late_diff_fast": 0.770268248412009,
    "a_early_diff_stim": 3.298674025728462,
    "a_early_diff_inhib": 0.266444035422982,
    "a_late_diff_stim": 0.7383166276435427,
    "a_late_diff_inhib": 0.09419698170215962,
    "diff_time": 1044.9507215342971,
    "a_Valles_2020_ALP": 68.44107684768991,
    "a_Valles_2020_ARS": 542.727337000483
}