{
    "ALP_M_n": 5.90896056515489,
    "ARS_M_n": 1.4086311503816225,
    "ALP_0": 0.8828036724644341,
    "ARS_0": 0.187052472320056,
    "maturity_t": 0.3515915109514317,
    "early_diff_slow": 0.1300631581099605,
    "early_diff_fast": 0.7493492549194863,
    "early_diff_very_fast": 0.6683538899529423,
    "late_diff_slow": 0.3059002332995981,
    "late_diff_fast": 0.6624478356880371,
    "a_early_diff_stim": 4.914489926888695,
    "a_early_diff_inhib": 0.4038354803005584,
    "a_late_diff_stim": 1.3281867047347098,
    "a_late_diff_inhib": 0.3806004938881678,
    "diff_time": 968.3379565774195,
    "a_Chen_2018_ALP": 2.594147550129479,
    "a_Chen_2018_ARS": 4.256679043996948
}