{
    "ALP_M_n": 3.310148785918228,
    "ARS_M_n": 1.8206765723078568,
    "ALP_0": 0.29703217822089645,
    "ARS_0": 0.37256421324989425,
    "Mg_stim": 4.319614817577483,
    "Mg_dest": 22.8569934644166,
    "IL1b_ineffective": 133.0999954939047,
    "IL1b_stim": 27.82615012433739,
    "IL8_favorable": 63.69485925227014,
    "maturity_t": 0.7801513458014294,
    "early_diff_slow": 0.3504737142268397,
    "early_diff_fast": 0.6565350579166482,
    "early_diff_very_fast": 0.7478808361734838,
    "late_diff_slow": 0.2776540465187484,
    "late_diff_fast": 0.7514382344824234,
    "a_early_diff_stim": 0.8285491621463512,
    "a_early_diff_inhib": 0.48301513753520664,
    "a_late_diff_stim": 1.6563241500525285,
    "a_late_diff_inhib": 0.5161600931280071,
    "diff_time": 720.9461160625244,
    "a_Valles_2020_ALP": 489.7616785870419,
    "a_Valles_2020_ARS": 484.92416212130996
}