{
    "ALP_M_n": 4.252256902192221,
    "ARS_M_n": 2.5085995316457135,
    "ALP_0": 0.5148770008069439,
    "ARS_0": 0.7813224588774198,
    "maturity_t": 0.555520312635203,
    "early_diff_slow": 0.17835990911533492,
    "early_diff_fast": 0.6717492099195708,
    "early_diff_very_fast": 0.8251078739059724,
    "late_diff_slow": 0.14714117504602114,
    "late_diff_fast": 0.838337275340392,
    "a_early_diff_stim": 0.7693111091541794,
    "a_early_diff_inhib": 0.29662270498423393,
    "a_late_diff_stim": 4.019522786556778,
    "a_late_diff_inhib": 0.8862614062912079,
    "diff_time": 1058.0939402019374,
    "a_Valles_2020_ALP": 436.2446870633581,
    "a_Valles_2020_ARS": 309.4613684972071
}