{
    "ALP_M_n": 1.613138819066595,
    "ARS_M_n": 1.5447353553457943,
    "ALP_0": 0.07973880392546322,
    "ARS_0": 0.6232585872631722,
    "maturity_t": 0.6504889435631157,
    "early_diff_slow": 0.2113710150440879,
    "early_diff_fast": 0.6100023326055011,
    "early_diff_very_fast": 0.663077994911887,
    "late_diff_slow": 0.1269316194379293,
    "late_diff_fast": 0.8203109989469345,
    "a_early_diff_stim": 2.2142001457937046,
    "a_early_diff_inhib": 0.7156722791852747,
    "a_late_diff_stim": 3.290474704871516,
    "a_late_diff_inhib": 0.6734479380011544,
    "diff_time": 990.8056166443815,
    "a_Valles_2020_ALP": 814.1151491448607,
    "a_Valles_2020_ARS": 454.17413455872025
}