{
    "ALP_M_n": 5.900778653440002,
    "ALP_0": 0.6257030430200715,
    "IL1b_ineffective": 197.68228533970262,
    "IL1b_stim": 1.3502753703269441,
    "IL8_favorable": 2.1619381884568085,
    "maturity_t": 0.9359771536650081,
    "early_diff_very_fast": 0.7560924990620026,
    "a_early_diff_stim": 1.8750698719649352,
    "diff_time": 980.2048085389183,
    "a_Qiao_2021_ALP": 29.512397233333807
}