{
    "ALP_M_n": 5.815738404222033,
    "ARS_M_n": 9.32924403198315,
    "ALP_0": 0.7766975444438846,
    "ARS_0": 0.05449211399285403,
    "maturity_t": 0.9039307419646775,
    "early_diff_slow": 0.23229650533244095,
    "early_diff_fast": 0.5303878821945832,
    "early_diff_very_fast": 0.9708331716648628,
    "late_diff_slow": 0.24713711712735842,
    "late_diff_fast": 0.7352590247910452,
    "a_early_diff_stim": 4.749818809921988,
    "a_early_diff_inhib": 0.20882312138711429,
    "a_late_diff_stim": 2.9704148134640675,
    "a_late_diff_inhib": 0.4765024133794059,
    "diff_time": 382.21557525631323,
    "a_Valles_2020_ALP": 691.6638642303847,
    "a_Valles_2020_ARS": 988.902122077164
}