{
    "ALP_M_n": 2.2857803036340743,
    "ARS_M_n": 1.0159518185531402,
    "ALP_0": 0.8228642839404571,
    "ARS_0": 0.5096499216135271,
    "Mg_stim": 9.148950302645524,
    "Mg_dest": 31.441833652570704,
    "IL1b_ineffective": 162.17476664707348,
    "IL1b_stim": 8.741401834558673,
    "IL8_favorable": 62.99763867246477,
    "maturity_t": 0.8754130300111375,
    "early_diff_slow": 0.3351855723160505,
    "early_diff_fast": 0.7217440503837302,
    "early_diff_very_fast": 0.8867054998823234,
    "late_diff_slow": 0.28935646243228536,
    "late_diff_fast": 0.7444739983324572,
    "a_early_diff_stim": 1.7964255315887792,
    "a_early_diff_inhib": 0.9221213687027772,
    "a_late_diff_stim": 1.3549812849842011,
    "a_late_diff_inhib": 0.7406027406641095,
    "diff_time": 1071.152567500061,
    "a_Valles_2020_ALP": 149.26953536006698,
    "a_Valles_2020_ARS": 559.9516470105367
}