{
    "ALP_M_n": 3.6565524357571806,
    "ARS_M_n": 1.6838949896190407,
    "ALP_0": 0.4641130577228733,
    "ARS_0": 0.35934844186980247,
    "maturity_t": 0.6678221795172462,
    "early_diff_slow": 0.10931540781698526,
    "early_diff_fast": 0.5417193255699891,
    "early_diff_very_fast": 0.9562945931550717,
    "late_diff_slow": 0.36572012627045375,
    "late_diff_fast": 0.8654007093681785,
    "a_early_diff_stim": 2.972064791654261,
    "a_early_diff_inhib": 0.5534316457945022,
    "a_late_diff_stim": 4.545651383682165,
    "a_late_diff_inhib": 0.7353118348392147,
    "diff_time": 730.5178703509321,
    "a_Valles_2020_ALP": 266.9610234049324,
    "a_Valles_2020_ARS": 506.5112889193069
}