{
    "ALP_M_n": 3.2383708837610383,
    "ALP_0": 0.32556327642644,
    "IL1b_ineffective": 189.72620048694264,
    "IL1b_stim": 1.3801514778271198,
    "IL8_favorable": 2.267249705699925,
    "maturity_t": 0.9490795252358024,
    "early_diff_very_fast": 0.7354310837771658,
    "a_early_diff_stim": 2.5760532297226097,
    "diff_time": 942.5213066768379,
    "a_Qiao_2021_ALP": 74.154321010872
}