{
    "ALP_M_n": 4.341814891889865,
    "ARS_M_n": 2.553111899920001,
    "ALP_0": 0.8752450133480937,
    "ARS_0": 0.6871077707957802,
    "maturity_t": 0.4803646216825699,
    "early_diff_slow": 0.27472228845687646,
    "early_diff_fast": 0.746717204904081,
    "early_diff_very_fast": 0.6629633412157011,
    "late_diff_slow": 0.2071226896094066,
    "late_diff_fast": 0.7939225389302789,
    "a_early_diff_stim": 4.856058859967823,
    "a_early_diff_inhib": 0.6154638225367243,
    "a_late_diff_stim": 3.2388486818458566,
    "a_late_diff_inhib": 0.8722318095007464,
    "diff_time": 679.8108748010702,
    "a_Chen_2018_ALP": 2.2421116415892977,
    "a_Chen_2018_ARS": 1.051578890118638
}