{
    "ALP_M_n": 4.586942628545836,
    "ARS_M_n": 2.0990812349617807,
    "ALP_0": 0.6882086407942651,
    "ARS_0": 0.663823592257768,
    "Mg_stim": 7.023517480167367,
    "Mg_dest": 27.253851367098964,
    "IL1b_ineffective": 106.53103779715627,
    "IL1b_stim": 22.512520066637727,
    "IL8_favorable": 81.9207150324005,
    "maturity_t": 0.7359994781791627,
    "early_diff_slow": 0.18214450427860102,
    "early_diff_fast": 0.6072312672732044,
    "early_diff_very_fast": 0.692838830204077,
    "late_diff_slow": 0.216969223647722,
    "late_diff_fast": 0.8661141623674076,
    "a_early_diff_stim": 1.4056632012550383,
    "a_early_diff_inhib": 0.7625065832407066,
    "a_late_diff_stim": 2.965050553660876,
    "a_late_diff_inhib": 0.23040154682988,
    "diff_time": 1020.3387295540006,
    "a_Valles_2020_ALP": 184.70109809647255,
    "a_Valles_2020_ARS": 404.38520941492663
}