{
    "ALP_M_n": 2.617494418114055,
    "ARS_M_n": 1.1997307195365245,
    "ALP_0": 0.9042325977792518,
    "ARS_0": 0.684780929554809,
    "maturity_t": 0.7214880311786026,
    "early_diff_L": 0.24776508140152442,
    "early_diff_H": 0.6908983200972106,
    "early_diff_VH": 0.8173102521896288,
    "late_diff_L": 0.1278903498224548,
    "late_diff_H": 0.7851892769627802,
    "a_early_diff_u": 2.311131488332686,
    "a_early_diff_d": 0.5346227037647274,
    "a_late_diff_u": 3.8758755275309715,
    "a_late_diff_d": 0.5737100820490967,
    "diff_time": 1033.2920734494571,
    "a_Valles_2020_ALP": 117.71663029562056,
    "a_Valles_2020_ARS": 454.3182981832966
}