{
    "ALP_M_n": 6.267527170291744,
    "ARS_M_n": 6.532069197221032,
    "ALP_0": 0.7404850583615922,
    "ARS_0": 0.9436784373027407,
    "maturity_t": 0.8786895532857649,
    "early_diff_slow": 0.3548141137885596,
    "early_diff_fast": 0.5472970509226783,
    "early_diff_very_fast": 0.9773955597538717,
    "late_diff_slow": 0.16811113539369998,
    "late_diff_fast": 0.6253313350659366,
    "a_early_diff_stim": 4.155176764405302,
    "a_early_diff_inhib": 0.3005957185161933,
    "a_late_diff_stim": 0.6853847807618241,
    "a_late_diff_inhib": 0.7255811015895876,
    "diff_time": 377.1329324421763,
    "a_Valles_2020_ALP": 179.51696796934777,
    "a_Valles_2020_ARS": 609.1634978757946
}