{
    "ALP_M_n": 2.969731232573813,
    "ARS_M_n": 1.2572146455433149,
    "ALP_0": 0.542048548351401,
    "ARS_0": 0.39812119646202143,
    "Mg_stim": 5.241512892767664,
    "Mg_dest": 34.586497591076466,
    "IL1b_ineffective": 168.0654709671021,
    "IL1b_stim": 27.277505087106398,
    "IL8_favorable": 23.597312519367836,
    "maturity_t": 0.6585569783033257,
    "early_diff_slow": 0.2655644845189534,
    "early_diff_fast": 0.6305903034182323,
    "early_diff_very_fast": 0.8689104940119329,
    "late_diff_slow": 0.34111285442206923,
    "late_diff_fast": 0.7166463145000391,
    "a_early_diff_stim": 1.6921088807683826,
    "a_early_diff_inhib": 0.8088504456480801,
    "a_late_diff_stim": 3.0166911200078617,
    "a_late_diff_inhib": 0.6588830534042158,
    "diff_time": 854.6549637567102,
    "a_Valles_2020_ALP": 244.033854982883,
    "a_Valles_2020_ARS": 558.3599413742148
}