{
    "ALP_M_n": 2.0387707649501596,
    "ARS_M_n": 1.11624978778077,
    "ALP_0": 0.6260377048249448,
    "ARS_0": 0.5386612908878374,
    "Mg_stim": 2.3834003920450524,
    "Mg_dest": 33.32784212139731,
    "IL1b_ineffective": 123.2008133406489,
    "IL1b_stim": 6.268024115531917,
    "IL8_favorable": 49.094091336586814,
    "maturity_t": 0.7586215889065943,
    "early_diff_slow": 0.3001243536442848,
    "early_diff_fast": 0.5985961557534516,
    "early_diff_very_fast": 0.6962232382270791,
    "late_diff_slow": 0.19860638036364853,
    "late_diff_fast": 0.6618059984119192,
    "a_early_diff_stim": 3.3144649978131313,
    "a_early_diff_inhib": 0.30885536481776593,
    "a_late_diff_stim": 3.6825465358325453,
    "a_late_diff_inhib": 0.6149628791837086,
    "diff_time": 999.3653566323094,
    "a_Valles_2020_ALP": 216.31342104381093,
    "a_Valles_2020_ARS": 524.7975542511526
}