{
    "ALP_M_n": 7.673414239559366,
    "ARS_M_n": 7.944101002054045,
    "ALP_0": 0.8060418734053104,
    "ARS_0": 0.39927481584025937,
    "maturity_t": 0.6762982874781248,
    "early_diff_slow": 0.10047309504002971,
    "early_diff_fast": 0.5731475721461854,
    "early_diff_very_fast": 0.9932012235456474,
    "late_diff_slow": 0.24914622506325387,
    "late_diff_fast": 0.7638892128042317,
    "a_early_diff_stim": 3.9541110387285237,
    "a_early_diff_inhib": 0.9461779435389304,
    "a_late_diff_stim": 2.148128051033049,
    "a_late_diff_inhib": 0.23709244449028005,
    "diff_time": 486.49385697209505,
    "a_Valles_2020_ALP": 540.6249338470344,
    "a_Valles_2020_ARS": 585.1868527175596
}