{
    "ALP_M_n": 2.1503134981553407,
    "ARS_M_n": 1.2442875088054213,
    "ALP_0": 0.35768589653272986,
    "ARS_0": 0.4663009129847431,
    "Mg_stim": 6.696880265690693,
    "Mg_dest": 39.8467370681014,
    "IL1b_ineffective": 127.84262059251391,
    "IL1b_stim": 18.56644249687622,
    "IL8_favorable": 31.92345777905439,
    "maturity_t": 0.680502941796844,
    "early_diff_slow": 0.10772104640729022,
    "early_diff_fast": 0.6837256035346857,
    "early_diff_very_fast": 0.8727839396455037,
    "late_diff_slow": 0.3890990930861204,
    "late_diff_fast": 0.6698959526696803,
    "a_early_diff_stim": 1.4320925913199136,
    "a_early_diff_inhib": 0.7089901291856482,
    "a_late_diff_stim": 4.655835702626013,
    "a_late_diff_inhib": 0.6944935549964242,
    "diff_time": 889.9718074016553,
    "a_Valles_2020_ALP": 387.5584242260202,
    "a_Valles_2020_ARS": 528.1250708410253
}