{
    "ALP_M_n": 3.594980587400043,
    "ARS_M_n": 0.590343906046415,
    "ALP_0": 0.6924006855748237,
    "ARS_0": 0.01970155640128964,
    "maturity_t": 0.543627560819948,
    "early_diff_slow": 0.27315009730730033,
    "early_diff_fast": 0.5591338940965087,
    "early_diff_very_fast": 0.8877379123228317,
    "late_diff_slow": 0.23350977943535056,
    "late_diff_fast": 0.8871057735787156,
    "a_early_diff_stim": 3.4941968281520115,
    "a_early_diff_inhib": 0.13488559827709368,
    "a_late_diff_stim": 3.334735317029897,
    "a_late_diff_inhib": 0.2353870234155454,
    "diff_time": 1073.955565490778,
    "a_Valles_2020_ALP": 196.26133905604718,
    "a_Valles_2020_ARS": 839.0439506274301
}