{
    "ALP_M_n": 2.856096567897315,
    "ARS_M_n": 1.4099496178566095,
    "ALP_0": 0.7415561132094622,
    "ARS_0": 0.6357478885673291,
    "Mg_stim": 5.633277574082505,
    "Mg_dest": 38.72966099906843,
    "IL1b_ineffective": 53.09016090164649,
    "IL1b_stim": 16.430873289091263,
    "IL8_favorable": 11.711680054619215,
    "maturity_t": 0.707662796590725,
    "early_diff_slow": 0.15908686250890608,
    "early_diff_fast": 0.5753054920605599,
    "early_diff_very_fast": 0.8117731981847954,
    "late_diff_slow": 0.14057333380842407,
    "late_diff_fast": 0.8171603421077597,
    "a_early_diff_stim": 3.3247492412436594,
    "a_early_diff_inhib": 0.20152153506441706,
    "a_late_diff_stim": 4.0821940663907235,
    "a_late_diff_inhib": 0.5086452511045965,
    "diff_time": 893.3322721024183,
    "a_Valles_2020_ALP": 145.55765517383213,
    "a_Valles_2020_ARS": 425.3398211506328
}