{
    "ALP_M_n": 3.360598790499388,
    "ALP_0": 0.17940646249510636,
    "IL1b_ineffective": 190.44853318677778,
    "IL1b_stim": 1.377148554711784,
    "IL8_favorable": 2.257822954792843,
    "maturity_t": 0.8014898413090089,
    "early_diff_very_fast": 0.7370597422349028,
    "a_early_diff_stim": 1.6692520075235593,
    "diff_time": 785.0297026997803,
    "a_Qiao_2021_ALP": 155.63484972792045
}