{
    "ALP_M_n": 2.593452682919282,
    "ARS_M_n": 1.217255411367858,
    "ALP_0": 0.3074749228404112,
    "ARS_0": 0.5966903091912396,
    "Mg_stim": 7.627529035254124,
    "Mg_dest": 31.665519276579055,
    "IL1b_ineffective": 64.77373711034656,
    "IL1b_stim": 13.39718899992464,
    "IL8_favorable": 34.61978941638269,
    "maturity_t": 0.561373371450085,
    "early_diff_slow": 0.12909132111083824,
    "early_diff_fast": 0.5765361209945922,
    "early_diff_very_fast": 0.8299906575884222,
    "late_diff_slow": 0.15518350149821986,
    "late_diff_fast": 0.7341428741283903,
    "a_early_diff_stim": 2.495180843591362,
    "a_early_diff_inhib": 0.2555872300507609,
    "a_late_diff_stim": 3.7284827222233483,
    "a_late_diff_inhib": 0.3714496798769389,
    "diff_time": 973.909797761713,
    "a_Valles_2020_ALP": 605.2683390944982,
    "a_Valles_2020_ARS": 481.94125836870376
}