{
    "ALP_M_n": 15.981914326139435,
    "ALP_0": 0.5917150790818518,
    "IL1b_ineffective": 103.50213852575718,
    "IL1b_stim": 16.743476991097346,
    "IL8_favorable": 26.3159255399422,
    "maturity_t": 0.367208609260638,
    "early_diff_very_fast": 0.9300868973130302,
    "a_early_diff_stim": 3.805259918744207,
    "diff_time": 740.6842180682762,
    "a_Qiao_2021_ALP": 80.1511304102917
}