{
    "ALP_M_n": 2.9621958138072597,
    "ARS_M_n": 1.475165283297907,
    "ALP_0": 0.552397864560562,
    "ARS_0": 0.3626630446624589,
    "Mg_stim": 6.443993688308739,
    "Mg_dest": 34.74859568074054,
    "IL1b_ineffective": 129.52206245249107,
    "IL1b_stim": 18.85739358093965,
    "IL8_favorable": 73.99984775809419,
    "maturity_t": 0.715330069567026,
    "early_diff_slow": 0.24174919093595146,
    "early_diff_fast": 0.558852465367943,
    "early_diff_very_fast": 0.6411593944350888,
    "late_diff_slow": 0.24232395778858,
    "late_diff_fast": 0.6418562954788917,
    "a_early_diff_stim": 2.9882568028109064,
    "a_early_diff_inhib": 0.432830920420996,
    "a_late_diff_stim": 1.3096065652699296,
    "a_late_diff_inhib": 0.813250987613018,
    "diff_time": 773.197641115681,
    "a_Valles_2020_ALP": 207.99869817430198,
    "a_Valles_2020_ARS": 538.4851207002442
}