{
    "ALP_M_n": 1.7934760436401016,
    "ARS_M_n": 1.4270099908480087,
    "ALP_0": 0.20089431225326926,
    "ARS_0": 0.5626047033410636,
    "Mg_stim": 8.074562445252887,
    "Mg_dest": 28.370998039289788,
    "IL1b_ineffective": 56.68648284743696,
    "IL1b_stim": 15.387907719075493,
    "IL8_favorable": 14.300399331469599,
    "maturity_t": 0.6974068952763142,
    "early_diff_slow": 0.1732802973639365,
    "early_diff_fast": 0.5568209281556967,
    "early_diff_very_fast": 0.6297506715022797,
    "late_diff_slow": 0.2639072568162674,
    "late_diff_fast": 0.7841958445131103,
    "a_early_diff_stim": 3.685997787493385,
    "a_early_diff_inhib": 0.6664139359832848,
    "a_late_diff_stim": 2.6218764490416446,
    "a_late_diff_inhib": 0.5818702307423768,
    "diff_time": 854.7940256560053,
    "a_Valles_2020_ALP": 509.07977746063665,
    "a_Valles_2020_ARS": 449.3390569836657
}