{
    "ALP_M_n": 1.881115354451108,
    "ARS_M_n": 1.3245853859776249,
    "ALP_0": 0.14434856734717982,
    "ARS_0": 0.5355018628116682,
    "maturity_t": 0.6317602161648315,
    "early_diff_slow": 0.3327412258462632,
    "early_diff_fast": 0.6021262280494905,
    "early_diff_very_fast": 0.8323549847475118,
    "late_diff_slow": 0.2932033021719355,
    "late_diff_fast": 0.784544204756477,
    "a_early_diff_stim": 2.3048779057614737,
    "a_early_diff_inhib": 0.5576177176739165,
    "a_late_diff_stim": 2.290372638424824,
    "a_late_diff_inhib": 0.41907508642057556,
    "diff_time": 886.9978008867457,
    "a_Valles_2020_ALP": 676.4953997901763,
    "a_Valles_2020_ARS": 481.3100705733165
}