{
    "ALP_M_n": 2.050861968829625,
    "ARS_M_n": 0.894668331490385,
    "ALP_0": 0.32219838221652475,
    "ARS_0": 0.10043882466531757,
    "Mg_stim": 2.3736476969835194,
    "Mg_dest": 21.63653875134918,
    "IL1b_ineffective": 66.76781415206352,
    "IL1b_stim": 4.4943520003028965,
    "IL8_favorable": 52.03380484514411,
    "maturity_t": 0.694899759358706,
    "early_diff_slow": 0.18836896980632167,
    "early_diff_fast": 0.6812432879678725,
    "early_diff_very_fast": 0.8150402043453453,
    "late_diff_slow": 0.15114084057548818,
    "late_diff_fast": 0.7585948909904394,
    "a_early_diff_stim": 1.3008607085693895,
    "a_early_diff_inhib": 0.09537559648557598,
    "a_late_diff_stim": 2.1003656768055063,
    "a_late_diff_inhib": 0.2719476094284714,
    "diff_time": 869.8881939066639,
    "a_Valles_2020_ALP": 405.52661063607,
    "a_Valles_2020_ARS": 776.805782426616
}