{
    "ALP_M_n": 2.9603598655018803,
    "ARS_M_n": 1.8841142149697072,
    "ALP_0": 0.357109113634296,
    "ARS_0": 0.7422271986172716,
    "Mg_stim": 2.0656492853403203,
    "Mg_dest": 35.17322864025672,
    "IL1b_ineffective": 61.655174217672446,
    "IL1b_stim": 24.478846553459725,
    "IL8_favorable": 6.139294770249258,
    "maturity_t": 0.6465931849572691,
    "early_diff_slow": 0.3361708014076217,
    "early_diff_fast": 0.6804394549654956,
    "early_diff_very_fast": 0.8679438322864894,
    "late_diff_slow": 0.3151069665660169,
    "late_diff_fast": 0.8629818805362649,
    "a_early_diff_stim": 0.7655052923631208,
    "a_early_diff_inhib": 0.5827682196572076,
    "a_late_diff_stim": 2.688439039079373,
    "a_late_diff_inhib": 0.3614566593097635,
    "diff_time": 792.2895596595359,
    "a_Valles_2020_ALP": 415.4302759532463,
    "a_Valles_2020_ARS": 300.4612061702181
}