{
    "ALP_M_n": 2.6981603783904333,
    "ALP_0": 0.3001248994525758,
    "IL1b_ineffective": 186.2585656470646,
    "IL1b_stim": 1.3937135313036517,
    "IL8_favorable": 2.319323100759597,
    "maturity_t": 0.9951255949273818,
    "early_diff_very_fast": 0.726412749571099,
    "a_early_diff_stim": 3.137034444107323,
    "diff_time": 909.3069508888007,
    "a_Qiao_2021_ALP": 58.6956866084309
}