{
    "ALP_M_n": 6.9286686181175146,
    "ARS_M_n": 3.58673124271467,
    "ALP_0": 0.7472637185284091,
    "ARS_0": 0.935114797639541,
    "maturity_t": 0.7991391320269828,
    "early_diff_slow": 0.23887603924772946,
    "early_diff_fast": 0.6075719891441795,
    "early_diff_very_fast": 0.954715566969018,
    "late_diff_slow": 0.173585311245264,
    "late_diff_fast": 0.7846953720319755,
    "a_early_diff_stim": 4.1324607314147315,
    "a_early_diff_inhib": 0.9267995292126601,
    "a_late_diff_stim": 2.024209802708912,
    "a_late_diff_inhib": 0.6181518659166457,
    "diff_time": 406.25144749806555,
    "a_Valles_2020_ALP": 341.69711779010225,
    "a_Valles_2020_ARS": 172.36488923634732
}