{
    "ALP_M_n": 0.9367558119831082,
    "ARS_M_n": 0.9069830514659851,
    "ALP_0": 0.014157638867410182,
    "ARS_0": 0.30569460038173263,
    "maturity_t": 0.8530927568349042,
    "early_diff_L": 0.3604035880398522,
    "early_diff_H": 0.6246860767102184,
    "early_diff_VH": 0.6846800479770065,
    "late_diff_L": 0.20669464773208465,
    "late_diff_H": 0.6585595881597457,
    "a_early_diff_u": 3.4057151984109644,
    "a_early_diff_d": 0.7717216037344965,
    "a_late_diff_u": 3.783756706041463,
    "a_late_diff_d": 0.7962836178774036,
    "diff_time": 1019.0909409639297,
    "a_Valles_2020_ALP": 544.5138372664907,
    "a_Valles_2020_ARS": 667.6700350050381
}