{
    "ALP_M_n": 1.8938931173943905,
    "ARS_M_n": 0.9837861295565216,
    "ALP_0": 0.18327058145130398,
    "ARS_0": 0.32496509256681877,
    "Mg_stim": 3.6104361433179943,
    "Mg_dest": 38.13554805946262,
    "IL1b_ineffective": 135.92062808107062,
    "IL1b_stim": 2.740404021113708,
    "IL8_favorable": 33.83598426626736,
    "maturity_t": 0.6076473605238009,
    "early_diff_slow": 0.18174950499424405,
    "early_diff_fast": 0.6738640477285619,
    "early_diff_very_fast": 0.8482574145876058,
    "late_diff_slow": 0.35137652855164647,
    "late_diff_fast": 0.7802434222443927,
    "a_early_diff_stim": 1.3454407656690817,
    "a_early_diff_inhib": 0.3579831283661561,
    "a_late_diff_stim": 0.7432929670688482,
    "a_late_diff_inhib": 0.6771932440831886,
    "diff_time": 956.4787290996842,
    "a_Valles_2020_ALP": 654.9030286216106,
    "a_Valles_2020_ARS": 643.9417413840416
}