{
    "ALP_M_n": 2.0516993919225888,
    "ARS_M_n": 0.8217236933519042,
    "ALP_0": 0.5429382570052114,
    "ARS_0": 0.2778869297074048,
    "Mg_stim": 6.728351690945383,
    "Mg_dest": 29.899706620972005,
    "IL1b_ineffective": 148.28768417872504,
    "IL1b_stim": 27.160163052759685,
    "IL8_favorable": 44.55920397916043,
    "maturity_t": 0.6906497876000041,
    "early_diff_slow": 0.15109675757477967,
    "early_diff_fast": 0.5699456107949722,
    "early_diff_very_fast": 0.7061298977362079,
    "late_diff_slow": 0.2736294282347683,
    "late_diff_fast": 0.8117422661885897,
    "a_early_diff_stim": 4.340762056051658,
    "a_early_diff_inhib": 0.1940665575898779,
    "a_late_diff_stim": 2.3552189770465333,
    "a_late_diff_inhib": 0.49684083778662336,
    "diff_time": 1062.2404610131714,
    "a_Valles_2020_ALP": 273.0204360307537,
    "a_Valles_2020_ARS": 694.8828187331379
}