{
    "ALP_M_n": 0.9232369902479524,
    "ARS_M_n": 0.701339231874729,
    "ALP_0": 0.029620723101208144,
    "ARS_0": 0.12635247370855093,
    "maturity_t": 0.7426114560796071,
    "early_diff_L": 0.3307573605352366,
    "early_diff_H": 0.6447463414897803,
    "early_diff_VH": 0.7235506317824899,
    "late_diff_L": 0.31074839114425196,
    "late_diff_H": 0.6231606474890974,
    "a_early_diff_u": 3.0788292892914204,
    "a_early_diff_d": 0.39197232425046724,
    "a_late_diff_u": 1.7034800864823618,
    "a_late_diff_d": 0.108911330060667,
    "diff_time": 1051.8785153064305,
    "a_Valles_2020_ALP": 533.1931803911183,
    "a_Valles_2020_ARS": 781.9469998771158
}