{
    "ALP_M_n": 6.642858235869932,
    "ALP_0": 0.39399522303435086,
    "IL1b_ineffective": 198.90711562778733,
    "IL1b_stim": 1.3467932890802565,
    "IL8_favorable": 2.1476460809624527,
    "maturity_t": 0.5507644516536214,
    "early_diff_very_fast": 0.7589199523208924,
    "a_early_diff_stim": 1.042881087184999,
    "diff_time": 801.1551291632298,
    "a_Qiao_2021_ALP": 167.73921209692696
}