{
    "ALP_M_n": 2.1170565324802024,
    "ARS_M_n": 1.1361410474306277,
    "ALP_0": 0.19379810116761864,
    "ARS_0": 0.4804457478153075,
    "maturity_t": 0.5825984742220033,
    "early_diff_slow": 0.3533572559808917,
    "early_diff_fast": 0.6387249995367953,
    "early_diff_very_fast": 0.8742772860024037,
    "late_diff_slow": 0.24549706169209295,
    "late_diff_fast": 0.7470450701923883,
    "a_early_diff_stim": 1.65396326093573,
    "a_early_diff_inhib": 0.4658525290147821,
    "a_late_diff_stim": 2.0334541315761814,
    "a_late_diff_inhib": 0.2501836213977725,
    "diff_time": 952.3356786166329,
    "a_Valles_2020_ALP": 718.4129519788837,
    "a_Valles_2020_ARS": 544.0186627169367
}