{
    "ALP_M_n": 5.0717030767068785,
    "ARS_M_n": 1.404590545277757,
    "ALP_0": 0.8171039235148907,
    "ARS_0": 0.2136510128006788,
    "maturity_t": 0.8929386023487078,
    "early_diff_slow": 0.21011698165845785,
    "early_diff_fast": 0.7478454577382654,
    "early_diff_very_fast": 0.6670819099345385,
    "late_diff_slow": 0.28849387943045257,
    "late_diff_fast": 0.6818598411395277,
    "a_early_diff_stim": 4.9656977665149435,
    "a_early_diff_inhib": 0.25321527897751434,
    "a_late_diff_stim": 0.6233173631649751,
    "a_late_diff_inhib": 0.2871679568372665,
    "diff_time": 880.7329366636184,
    "a_Chen_2018_ALP": 3.451923830914519,
    "a_Chen_2018_ARS": 3.672674470694769
}