{
    "ALP_M_n": 8.473765509697202,
    "ARS_M_n": 5.466408236643363,
    "ALP_0": 0.800298272348726,
    "ARS_0": 0.254813486738772,
    "maturity_t": 0.6279436117948064,
    "early_diff_slow": 0.18258972044251032,
    "early_diff_fast": 0.7224879151940736,
    "early_diff_very_fast": 0.8699730279795912,
    "late_diff_slow": 0.14303650360786624,
    "late_diff_fast": 0.8496866462398764,
    "a_early_diff_stim": 4.920213480451262,
    "a_early_diff_inhib": 0.9613861929352202,
    "a_late_diff_stim": 2.7586960471435917,
    "a_late_diff_inhib": 0.5324987856359196,
    "diff_time": 511.18693947353285,
    "a_Valles_2020_ALP": 397.57635782378657,
    "a_Valles_2020_ARS": 369.79549262379487
}