{
    "ALP_M_n": 2.263954806206486,
    "ARS_M_n": 1.7113698890688689,
    "ALP_0": 0.24577431467732172,
    "ARS_0": 0.6754845978479485,
    "Mg_stim": 3.6772111375240035,
    "Mg_dest": 20.150409398282815,
    "IL1b_ineffective": 133.15172710888615,
    "IL1b_stim": 4.302555921938437,
    "IL8_favorable": 33.29425995442014,
    "maturity_t": 0.67165831199438,
    "early_diff_slow": 0.1620553810544183,
    "early_diff_fast": 0.5501385221060108,
    "early_diff_very_fast": 0.7454351345622048,
    "late_diff_slow": 0.35071043006844027,
    "late_diff_fast": 0.7705560042542177,
    "a_early_diff_stim": 4.452315093233957,
    "a_early_diff_inhib": 0.47258533155611215,
    "a_late_diff_stim": 0.8379402361722148,
    "a_late_diff_inhib": 0.6108836757419331,
    "diff_time": 809.251399465787,
    "a_Valles_2020_ALP": 510.65328757603004,
    "a_Valles_2020_ARS": 351.59073817493254
}