{
    "ALP_M_n": 7.232130634490727,
    "ARS_M_n": 6.396289768836626,
    "ALP_0": 0.830232242502686,
    "ARS_0": 0.5815920823189225,
    "maturity_t": 0.6881412666731,
    "early_diff_slow": 0.26036857956235143,
    "early_diff_fast": 0.5361423626476349,
    "early_diff_very_fast": 0.953910514985572,
    "late_diff_slow": 0.30571366501741853,
    "late_diff_fast": 0.7378986542211512,
    "a_early_diff_stim": 4.776099568581837,
    "a_early_diff_inhib": 0.3418323447131698,
    "a_late_diff_stim": 4.547253878150286,
    "a_late_diff_inhib": 0.8537729211152318,
    "diff_time": 495.88379737027293,
    "a_Valles_2020_ALP": 312.51285360766803,
    "a_Valles_2020_ARS": 826.4218334896336
}