{
    "ALP_M_n": 4.637199105977849,
    "ARS_M_n": 2.0030808879880384,
    "ALP_0": 0.3568785835253737,
    "ARS_0": 0.1844826744686349,
    "Mg_stim": 7.052808888450322,
    "Mg_dest": 39.06658329509966,
    "IL1b_ineffective": 118.11786697905553,
    "IL1b_stim": 7.680105430402299,
    "IL8_favorable": 9.627358287546507,
    "maturity_t": 0.8476861470136556,
    "early_diff_slow": 0.22077199062203026,
    "early_diff_fast": 0.6437936226991245,
    "early_diff_very_fast": 0.7712052214027633,
    "late_diff_slow": 0.12834566231614236,
    "late_diff_fast": 0.6746560653994893,
    "a_early_diff_stim": 0.5812716503472258,
    "a_early_diff_inhib": 0.22258852058415013,
    "a_late_diff_stim": 3.1964990849472303,
    "a_late_diff_inhib": 0.6358892756113828,
    "diff_time": 768.8644628437578,
    "a_Valles_2020_ALP": 583.2700907291219,
    "a_Valles_2020_ARS": 777.5550823097439
}