{
    "ALP_M_n": 6.682827169397663,
    "ARS_M_n": 4.553551651871674,
    "ALP_0": 0.8309924150238165,
    "ARS_0": 0.5178579576876056,
    "maturity_t": 0.7404094492094876,
    "early_diff_slow": 0.26435528747154513,
    "early_diff_fast": 0.741745632844815,
    "early_diff_very_fast": 0.9554528725123185,
    "late_diff_slow": 0.2314303176667735,
    "late_diff_fast": 0.8818470717186153,
    "a_early_diff_stim": 4.977572398160004,
    "a_early_diff_inhib": 0.5629782312237239,
    "a_late_diff_stim": 1.6799055366854088,
    "a_late_diff_inhib": 0.3989410078743574,
    "diff_time": 469.50954248082655,
    "a_Valles_2020_ALP": 549.4578757433263,
    "a_Valles_2020_ARS": 421.8377964896342
}