{
    "ALP_M_n": 7.872993379003478,
    "ARS_M_n": 7.53233770065731,
    "ALP_0": 0.741770691894732,
    "ARS_0": 0.2754517518155783,
    "maturity_t": 0.7258518450919414,
    "early_diff_slow": 0.2004025405368983,
    "early_diff_fast": 0.7132748837905574,
    "early_diff_very_fast": 0.8673102779209926,
    "late_diff_slow": 0.1213161455589325,
    "late_diff_fast": 0.8750073183137865,
    "a_early_diff_stim": 4.587289444086524,
    "a_early_diff_inhib": 0.47683195864570127,
    "a_late_diff_stim": 2.1588291587591586,
    "a_late_diff_inhib": 0.3478967887594761,
    "diff_time": 431.8283708685494,
    "a_Valles_2020_ALP": 389.26521235685897,
    "a_Valles_2020_ARS": 669.9023000929607
}