{
    "ALP_M_n": 1.325536817099192,
    "ARS_M_n": 1.0676607713351516,
    "ALP_0": 0.18973671745807277,
    "ARS_0": 0.5230910842172726,
    "Mg_stim": 3.2445922759064434,
    "Mg_dest": 30.73264465115031,
    "IL1b_ineffective": 65.30827837583439,
    "IL1b_stim": 9.588443637110181,
    "IL8_favorable": 72.57418229285258,
    "maturity_t": 0.7143178081941253,
    "early_diff_slow": 0.2323506120990386,
    "early_diff_fast": 0.5790785124686085,
    "early_diff_very_fast": 0.7055083163027668,
    "late_diff_slow": 0.15450653362474231,
    "late_diff_fast": 0.6746230175704647,
    "a_early_diff_stim": 3.9242141807932898,
    "a_early_diff_inhib": 0.48462214710343154,
    "a_late_diff_stim": 4.537015519647108,
    "a_late_diff_inhib": 0.7378790832490518,
    "diff_time": 1028.122117452795,
    "a_Valles_2020_ALP": 480.08086201436527,
    "a_Valles_2020_ARS": 542.2930289338937
}