{
    "ALP_M_n": 2.1364196116879137,
    "ARS_M_n": 1.16555213848811,
    "ALP_0": 0.48138501505215914,
    "ARS_0": 0.37883185159186084,
    "Mg_stim": 9.420905538578232,
    "Mg_dest": 37.49368704798108,
    "IL1b_ineffective": 120.68236579250676,
    "IL1b_stim": 12.83151303731882,
    "IL8_favorable": 61.044579174256924,
    "maturity_t": 0.7370500334674088,
    "early_diff_slow": 0.23852108453740847,
    "early_diff_fast": 0.5701814675035939,
    "early_diff_very_fast": 0.8037417833862734,
    "late_diff_slow": 0.23230058791528804,
    "late_diff_fast": 0.7653928706552612,
    "a_early_diff_stim": 3.8962187417216434,
    "a_early_diff_inhib": 0.3690587322550195,
    "a_late_diff_stim": 1.4804897315704968,
    "a_late_diff_inhib": 0.873918793523246,
    "diff_time": 885.213024697195,
    "a_Valles_2020_ALP": 275.384431211553,
    "a_Valles_2020_ARS": 584.0866071143352
}