{
    "ALP_M_n": 6.90857817594529,
    "ALP_0": 0.30655900143404724,
    "IL1b_ineffective": 106.07314030792598,
    "IL1b_stim": 10.56099026108894,
    "IL8_favorable": 16.87900338635812,
    "maturity_t": 0.6036810340246992,
    "early_diff_very_fast": 0.7950180331723461,
    "a_early_diff_stim": 4.732908944918484,
    "diff_time": 484.4688942517375,
    "a_Qiao_2021_ALP": 78.51602085450736
}