{
    "ALP_M_n": 1.43865620797776,
    "ARS_M_n": 1.8268104710466888,
    "ALP_0": 0.09757912951226451,
    "ARS_0": 0.8688565496081909,
    "maturity_t": 0.7372377109572358,
    "early_diff_slow": 0.34713772623871053,
    "early_diff_fast": 0.6926521798588656,
    "early_diff_very_fast": 0.881902748909632,
    "late_diff_slow": 0.10726233626787685,
    "late_diff_fast": 0.8090380037237369,
    "a_early_diff_stim": 1.2656533099209808,
    "a_early_diff_inhib": 0.07516202292962287,
    "a_late_diff_stim": 2.6649248190393244,
    "a_late_diff_inhib": 0.49243956855130666,
    "diff_time": 838.18551517226,
    "a_Valles_2020_ALP": 544.5685982972738,
    "a_Valles_2020_ARS": 271.91297891936694
}