{
    "ALP_M_n": 5.116236132469237,
    "ARS_M_n": 1.8698130409080511,
    "ALP_0": 0.770337870891951,
    "ARS_0": 0.33100822937995583,
    "maturity_t": 0.6022454720223032,
    "early_diff_slow": 0.2776813964059653,
    "early_diff_fast": 0.7448423231849489,
    "early_diff_very_fast": 0.6641649849004928,
    "late_diff_slow": 0.27000198179660534,
    "late_diff_fast": 0.7494451395535653,
    "a_early_diff_stim": 4.635933887035652,
    "a_early_diff_inhib": 0.46463851651087523,
    "a_late_diff_stim": 2.6275688660468752,
    "a_late_diff_inhib": 0.4980495227589667,
    "diff_time": 832.3586808443432,
    "a_Chen_2018_ALP": 4.864636454041987,
    "a_Chen_2018_ARS": 3.2980964650902655
}