{
    "ALP_M_n": 3.890401732370483,
    "ARS_M_n": 1.8580359578060044,
    "ALP_0": 0.40195347226870193,
    "ARS_0": 0.3450924024819547,
    "Mg_stim": 4.790086704173161,
    "Mg_dest": 34.71537946878865,
    "IL1b_ineffective": 143.9386504401768,
    "IL1b_stim": 21.799528388656913,
    "IL8_favorable": 86.74673208184579,
    "maturity_t": 0.7668373129347973,
    "early_diff_slow": 0.2380815284296834,
    "early_diff_fast": 0.6801984694225585,
    "early_diff_very_fast": 0.7684765483986216,
    "late_diff_slow": 0.22829955194714047,
    "late_diff_fast": 0.7274791284540083,
    "a_early_diff_stim": 0.7501646354948015,
    "a_early_diff_inhib": 0.8121915534717429,
    "a_late_diff_stim": 1.111877223795486,
    "a_late_diff_inhib": 0.2616322471107337,
    "diff_time": 766.6833880941489,
    "a_Valles_2020_ALP": 393.73434395791156,
    "a_Valles_2020_ARS": 547.4853684583029
}