{
    "ALP_M_n": 4.101907899405758,
    "ARS_M_n": 1.3472547852524834,
    "ALP_0": 0.6544241662384563,
    "ARS_0": 0.19644172756459335,
    "maturity_t": 0.5523964749726947,
    "early_diff_slow": 0.19814125705788246,
    "early_diff_fast": 0.7438930037816336,
    "early_diff_very_fast": 0.6623047461158206,
    "late_diff_slow": 0.21470053567336767,
    "late_diff_fast": 0.8501609345141485,
    "a_early_diff_stim": 4.894996275677532,
    "a_early_diff_inhib": 0.7676558918964029,
    "a_late_diff_stim": 1.6803289089934625,
    "a_late_diff_inhib": 0.4849438065235649,
    "diff_time": 824.9208509113845,
    "a_Chen_2018_ALP": 6.9138211920159245,
    "a_Chen_2018_ARS": 3.5934369666971704
}