{
    "ALP_M_n": [
        8.074593345269658,
        3.14647544801685,
        4.464953593092584,
        2.800752462460116,
        5.246202125532435,
        4.858380695369365,
        2.5341860952897726,
        1.6823388280794946,
        5.138434846210264,
        3.260256241295842,
        4.713820749785681,
        4.472822745919676,
        3.430548435109789,
        3.57997379568619,
        2.6193117932982592,
        6.314875211759807,
        2.7410783692935627,
        8.384736974895496,
        2.7475955219537695,
        5.593392639225016,
        11.669006574199678,
        5.402363006842229,
        7.032662795021403,
        2.5564266496032206,
        10.188499611749602,
        3.563889285536122,
        6.16094967551299,
        12.582026577352126,
        6.436182910974154,
        2.431117463141116,
        5.143542248908753,
        3.3038834647317383,
        7.313063028413496,
        2.2940870464219483,
        4.1270177189137724,
        5.543611249198828,
        2.763643265122082,
        2.6585276922558294,
        2.3091475606303185,
        5.096850174488223,
        2.376240593605763,
        2.4601437837956732,
        3.1405299716922936,
        6.424471689706852,
        2.083840409734923,
        2.296957771187389,
        4.624054139786883,
        4.401185841398955,
        5.282040809578705,
        3.289321547880309
    ],
    "ALP_0": [
        0.49585151416189827,
        0.25499745523217493,
        0.6548508300091566,
        0.2285477937779333,
        0.5265203548746014,
        0.3845074940173338,
        0.04958258005272184,
        0.057670587443082205,
        0.3487398770718631,
        0.27550233225396425,
        0.3491923224296921,
        0.3061525686300011,
        0.18119097496777137,
        0.2931105123028601,
        0.12149429862767787,
        0.4597572814353338,
        0.2052497852623834,
        0.6135225786639626,
        0.15193568347480113,
        0.3775899309112791,
        0.5920536915565968,
        0.36427129108617345,
        0.4366152077911959,
        0.15212914223446064,
        0.4306115688278639,
        0.47248483651957823,
        0.5456122733926412,
        0.2542667148270612,
        0.7055708526424819,
        0.13311470386274663,
        0.23951466298619414,
        0.2461504637544838,
        0.6257517496822169,
        0.10103851148481979,
        0.5721234798371846,
        0.2030329831704239,
        0.058919121579150135,
        0.24755701938250188,
        0.07830142340000555,
        0.48372710329829116,
        0.11720356572143649,
        0.17258442702833593,
        0.24703693313455602,
        0.5958274711864426,
        0.08374184041504736,
        0.2032645367604455,
        0.28256629598582766,
        0.47968781812122185,
        0.40086324390624956,
        0.3137949756532073
    ],
    "IL1b_ineffective": [
        109.58316608913759,
        189.1681324475672,
        194.5631250869317,
        186.9179439935047,
        109.37319346921284,
        106.48090208404106,
        184.93782784658737,
        174.90671626670314,
        196.38353965181346,
        189.6925501423496,
        195.23882906970806,
        110.36377275199311,
        190.6423917939277,
        191.5520492290683,
        185.6017194680839,
        198.58821445563763,
        186.63701361855317,
        198.99414125212232,
        186.49602686920656,
        197.29340349921438,
        110.38088281318743,
        197.09156533175758,
        198.9667887750943,
        185.08346260920808,
        109.06266026706561,
        191.4125551974813,
        198.32273335216087,
        102.38870476532706,
        198.74952735742153,
        183.99933184873896,
        105.87841384198182,
        190.13712562240354,
        198.9982523323077,
        182.7186141815219,
        112.93677725214873,
        106.822254141625,
        186.63243227143423,
        185.9982347189951,
        182.81177157267297,
        196.15382887036583,
        183.72086544577536,
        184.36729756832082,
        189.06781345253984,
        198.70926237599312,
        180.50496293012998,
        182.8237993809944,
        195.05849652637684,
        194.52172795888106,
        196.63129822413356,
        189.96247922589538
    ],
    "IL1b_stim": [
        7.220888805420262,
        1.38174519565227,
        1.3624118292395444,
        1.3905509934946174,
        7.311152072658383,
        9.970229051705985,
        1.3993075258327963,
        1.4472775165656344,
        1.355327885961806,
        1.379451384740376,
        1.3593744114434045,
        6.659654445642191,
        1.3763304078426657,
        1.3729373060245287,
        1.3959597638929928,
        1.3484342902954474,
        1.3916905512322195,
        1.3414429658918792,
        1.3926372118090011,
        1.3521076497765971,
        6.801692793897567,
        1.35327093681145,
        1.3450806077836965,
        1.397702300707154,
        7.625879393272517,
        1.3736084550728034,
        1.348378154412302,
        22.690792704426876,
        1.3473422480441695,
        1.403101389208521,
        10.822220299457573,
        1.3780534449224948,
        1.3438814187693602,
        1.4085486923743922,
        5.5156535955098605,
        9.557180784694758,
        1.391950447862353,
        1.3946003617832439,
        1.408700464122301,
        1.356018602352572,
        1.4053481272066133,
        1.40234720159056,
        1.3828274671536445,
        1.3473333841268254,
        1.419493251716883,
        1.408617096088637,
        1.3603402778604092,
        1.3616132902010847,
        1.3551439262210483,
        1.378808769328078
    ],
    "IL8_favorable": [
        11.489884493716943,
        2.2751980514175116,
        2.2029398501823962,
        2.3089681025805007,
        11.77796658395534,
        16.161566358876406,
        2.339999240731629,
        2.5181003698134177,
        2.1804389166297824,
        2.266043903943796,
        2.1926554097978013,
        10.777761978012322,
        2.2541361172989554,
        2.243444441639973,
        2.327134529227145,
        2.151893576785369,
        2.311539338127936,
        2.1267266514477257,
        2.3137391903724094,
        2.166539151087264,
        10.703086591556222,
        2.172973540016436,
        2.1418743227708177,
        2.334969487792236,
        12.079379528727415,
        2.243090709146607,
        2.1565013904229318,
        35.87851806421504,
        2.1504795530937244,
        2.3533633398330096,
        17.541950383351136,
        2.2610982126965737,
        2.1384391107212437,
        2.373804604798572,
        8.970665123554845,
        15.359985368370793,
        2.312573620597874,
        2.3229945317382317,
        2.372351238423306,
        2.1810053747077163,
        2.361046982853779,
        2.350223815654566,
        2.276044877651117,
        2.151147372948479,
        2.4132242596224955,
        2.3739275531941146,
        2.1958591339361178,
        2.203602091921347,
        2.17554661963279,
        2.2631255163979844
    ],