{
    "ALP_M_n": 2.261945356303986,
    "ARS_M_n": 1.110037207375386,
    "ALP_0": 0.4205011842778404,
    "ARS_0": 0.3492053178434589,
    "Mg_stim": 3.5258287826252444,
    "Mg_dest": 32.643674772865594,
    "IL1b_ineffective": 30.236453570347237,
    "IL1b_stim": 10.832804453629155,
    "IL8_favorable": 72.08093419644007,
    "maturity_t": 0.6837066710643918,
    "early_diff_slow": 0.37610849816278435,
    "early_diff_fast": 0.5992604898846575,
    "early_diff_very_fast": 0.7528211606213069,
    "late_diff_slow": 0.22469256127596893,
    "late_diff_fast": 0.7238366969895271,
    "a_early_diff_stim": 2.1777465379075647,
    "a_early_diff_inhib": 0.3446437093192191,
    "a_late_diff_stim": 0.7067358957063026,
    "a_late_diff_inhib": 0.7581313917314517,
    "diff_time": 896.1887025553877,
    "a_Valles_2020_ALP": 335.63867942101353,
    "a_Valles_2020_ARS": 609.5205410197102
}