{
    "ALP_M_n": 1.4223861945243366,
    "ARS_M_n": 1.0032777908133836,
    "ALP_0": 0.07473918348375998,
    "ARS_0": 0.4304008322415446,
    "Mg_stim": 2.9295988753116644,
    "Mg_dest": 23.872424528289645,
    "IL1b_ineffective": 81.64512533970557,
    "IL1b_stim": 13.068848883089244,
    "IL8_favorable": 34.448804974879614,
    "maturity_t": 0.6087815677955605,
    "early_diff_slow": 0.11395432308874104,
    "early_diff_fast": 0.6540360486198841,
    "early_diff_very_fast": 0.9274836481014097,
    "late_diff_slow": 0.2754875426338044,
    "late_diff_fast": 0.7480471710901446,
    "a_early_diff_stim": 1.3185372277421992,
    "a_early_diff_inhib": 0.46399212325482975,
    "a_late_diff_stim": 1.0326881947367115,
    "a_late_diff_inhib": 0.5490135105039319,
    "diff_time": 1015.1656366224889,
    "a_Valles_2020_ALP": 721.5994332996486,
    "a_Valles_2020_ARS": 593.5422309252695
}