{
    "ALP_M_n": 1.3497972045203421,
    "ARS_M_n": 1.0299070340565843,
    "ALP_0": 0.07380310035703884,
    "ARS_0": 0.18851208796320573,
    "Mg_stim": 5.780156647915265,
    "Mg_dest": 24.745663940737188,
    "IL1b_ineffective": 148.24189710438037,
    "IL1b_stim": 1.9868345037297495,
    "IL8_favorable": 75.16633148590505,
    "maturity_t": 0.7337674178658493,
    "early_diff_slow": 0.3868864767787447,
    "early_diff_fast": 0.5684851515174301,
    "early_diff_very_fast": 0.8396823715763948,
    "late_diff_slow": 0.11586474650344084,
    "late_diff_fast": 0.7946726392059649,
    "a_early_diff_stim": 3.4484191128704866,
    "a_early_diff_inhib": 0.7387381770804308,
    "a_late_diff_stim": 2.7167373173286085,
    "a_late_diff_inhib": 0.6850422047918764,
    "diff_time": 856.5579001292542,
    "a_Valles_2020_ALP": 560.4704203683965,
    "a_Valles_2020_ARS": 711.6746656024189
}