{
    "ALP_M_n": 1.8397537624728402,
    "ARS_M_n": 1.1678299331493223,
    "ALP_0": 0.25838786872167196,
    "ARS_0": 0.24815797903541142,
    "maturity_t": 0.7368395450293292,
    "early_diff_slow": 0.18886322277446588,
    "early_diff_fast": 0.6440516889672183,
    "early_diff_very_fast": 0.9043697152360763,
    "late_diff_slow": 0.2483834216947453,
    "late_diff_fast": 0.7802081941337428,
    "a_early_diff_stim": 1.401440938704561,
    "a_early_diff_inhib": 0.5962714503790076,
    "a_late_diff_stim": 2.082105902217782,
    "a_late_diff_inhib": 0.14615216622863952,
    "diff_time": 826.4735562630078,
    "a_Valles_2020_ALP": 423.7135238233191,
    "a_Valles_2020_ARS": 657.7355442110428
}