{
    "ALP_M_n": 1.9543936977547942,
    "ARS_M_n": 1.1470227632823373,
    "ALP_0": 0.1962472745800699,
    "ARS_0": 0.23333527526740358,
    "Mg_stim": 5.652201235954529,
    "Mg_dest": 22.42139938412902,
    "IL1b_ineffective": 59.82828908713268,
    "IL1b_stim": 8.235732263862852,
    "IL8_favorable": 74.0573761164955,
    "maturity_t": 0.8779824913872851,
    "early_diff_slow": 0.20625057264602314,
    "early_diff_fast": 0.6567395115298948,
    "early_diff_very_fast": 0.7728251184262181,
    "late_diff_slow": 0.19657395030856115,
    "late_diff_fast": 0.7176617315582189,
    "a_early_diff_stim": 1.2561286538723055,
    "a_early_diff_inhib": 0.6082400040489218,
    "a_late_diff_stim": 4.346635716123606,
    "a_late_diff_inhib": 0.40608952477550103,
    "diff_time": 826.7243337783912,
    "a_Valles_2020_ALP": 538.0719302302068,
    "a_Valles_2020_ARS": 668.5295169362007
}