{
    "ALP_M_n": 3.683890412662585,
    "ARS_M_n": 2.177327416179138,
    "ALP_0": 0.7885185617180773,
    "ARS_0": 0.5344710155151933,
    "maturity_t": 0.7232773032958962,
    "early_diff_slow": 0.2397346245987224,
    "early_diff_fast": 0.7488635052266941,
    "early_diff_very_fast": 0.6583814323234485,
    "late_diff_slow": 0.22884652232281572,
    "late_diff_fast": 0.8322546430310592,
    "a_early_diff_stim": 4.904155566693472,
    "a_early_diff_inhib": 0.16943479721810922,
    "a_late_diff_stim": 1.195037154758998,
    "a_late_diff_inhib": 0.48041058646120266,
    "diff_time": 680.930323672895,
    "a_Chen_2018_ALP": 3.3250853640606426,
    "a_Chen_2018_ARS": 1.5747100127113738
}