{
    "ALP_M_n": 2.299364725769992,
    "ARS_M_n": 1.2961542905570862,
    "ALP_0": 0.2979810317737785,
    "ARS_0": 0.25660466955785044,
    "maturity_t": 0.7025201064329344,
    "early_diff_slow": 0.22002774062372746,
    "early_diff_fast": 0.5515325845596678,
    "early_diff_very_fast": 0.8985461629821309,
    "late_diff_slow": 0.23270248942615263,
    "late_diff_fast": 0.7319458677822361,
    "a_early_diff_stim": 3.7388592385335637,
    "a_early_diff_inhib": 0.5255691684460602,
    "a_late_diff_stim": 1.093358267269238,
    "a_late_diff_inhib": 0.34152672482309065,
    "diff_time": 787.6336209920544,
    "a_Valles_2020_ALP": 419.5164303899524,
    "a_Valles_2020_ARS": 633.6760182404654
}