{
    "ALP_M_n": 1.0631600109348305,
    "ARS_M_n": 1.2974011976021682,
    "ALP_0": 0.012014797337021524,
    "ARS_0": 0.5825431873791114,
    "Mg_stim": 7.072472681025703,
    "Mg_dest": 39.16607979087262,
    "IL1b_ineffective": 122.91615724437901,
    "IL1b_stim": 20.189721294013214,
    "IL8_favorable": 48.807628160196785,
    "maturity_t": 0.76665896753077,
    "early_diff_slow": 0.12351100849779148,
    "early_diff_fast": 0.5983195269609172,
    "early_diff_very_fast": 0.6766214829004706,
    "late_diff_slow": 0.21017663742749143,
    "late_diff_fast": 0.6905531615611712,
    "a_early_diff_stim": 2.950755071680972,
    "a_early_diff_inhib": 0.4997525985280499,
    "a_late_diff_stim": 2.277027488116292,
    "a_late_diff_inhib": 0.8427454330855962,
    "diff_time": 918.4064252386236,
    "a_Valles_2020_ALP": 562.843500034539,
    "a_Valles_2020_ARS": 468.5514343606572
}