{
    "ALP_M_n": 2.3815307521993887,
    "ARS_M_n": 1.6264109512646567,
    "ALP_0": 0.46119565777389926,
    "ARS_0": 0.9080192991523196,
    "Mg_stim": 3.322614733839766,
    "Mg_dest": 23.313954124581706,
    "IL1b_ineffective": 115.04780822955513,
    "IL1b_stim": 20.607158921517506,
    "IL8_favorable": 2.9571004707586823,
    "maturity_t": 0.9584217219318235,
    "early_diff_slow": 0.21861662433911108,
    "early_diff_fast": 0.6855410127444219,
    "early_diff_very_fast": 0.7981661585589739,
    "late_diff_slow": 0.26148573298265193,
    "late_diff_fast": 0.7841499043323666,
    "a_early_diff_stim": 1.5071443761675285,
    "a_early_diff_inhib": 0.7170438385819264,
    "a_late_diff_stim": 3.511362584242507,
    "a_late_diff_inhib": 0.050644621554181146,
    "diff_time": 1062.305465163963,
    "a_Valles_2020_ALP": 364.2043812141766,
    "a_Valles_2020_ARS": 324.76809622089496
}