{
    "ALP_M_n": 4.479097622877167,
    "ARS_M_n": 1.1807469990698474,
    "ALP_0": 0.9864247308184435,
    "ARS_0": 0.31673087895276114,
    "Mg_stim": 8.457972609080695,
    "Mg_dest": 35.82734037931,
    "IL1b_ineffective": 83.18446276077775,
    "IL1b_stim": 13.196317196342148,
    "IL8_favorable": 63.54745270392158,
    "maturity_t": 0.6452180370688261,
    "early_diff_slow": 0.37255626617675025,
    "early_diff_fast": 0.6739459650267899,
    "early_diff_very_fast": 0.8650744324281939,
    "late_diff_slow": 0.24951352649920722,
    "late_diff_fast": 0.7701821931355861,
    "a_early_diff_stim": 1.0921637934053778,
    "a_early_diff_inhib": 0.6059189016705532,
    "a_late_diff_stim": 2.471263194475518,
    "a_late_diff_inhib": 0.06737667034988348,
    "diff_time": 848.1772078945036,
    "a_Valles_2020_ALP": 46.86847196580955,
    "a_Valles_2020_ARS": 614.0325997782527
}