{
    "ALP_M_n": 1.7603736754759283,
    "ARS_M_n": 1.0034284377091456,
    "ALP_0": 0.4337565464165217,
    "ARS_0": 0.3096367823718411,
    "Mg_stim": 8.941002282059827,
    "Mg_dest": 20.548574211694987,
    "IL1b_ineffective": 31.21171069894976,
    "IL1b_stim": 17.621788046937972,
    "IL8_favorable": 69.00539222834053,
    "maturity_t": 0.7748495580118451,
    "early_diff_slow": 0.2308149455218762,
    "early_diff_fast": 0.6892437903313471,
    "early_diff_very_fast": 0.9224086356103853,
    "late_diff_slow": 0.28367511090853315,
    "late_diff_fast": 0.6604227696556739,
    "a_early_diff_stim": 1.5181786820353176,
    "a_early_diff_inhib": 0.5385721922262982,
    "a_late_diff_stim": 3.1957064168617384,
    "a_late_diff_inhib": 0.7070692489686989,
    "diff_time": 935.3658772301384,
    "a_Valles_2020_ALP": 300.86867063361734,
    "a_Valles_2020_ARS": 648.4349529434292
}