{
    "ALP_M_n": 2.60110105468008,
    "ARS_M_n": 0.988109212883102,
    "ALP_0": 0.6413728827017989,
    "ARS_0": 0.4514739889103948,
    "Mg_stim": 6.757439204585555,
    "Mg_dest": 26.256753125509302,
    "IL1b_ineffective": 128.8434325328771,
    "IL1b_stim": 8.97488661660718,
    "IL8_favorable": 83.67710972981203,
    "maturity_t": 0.6398206420517695,
    "early_diff_slow": 0.3747781556476581,
    "early_diff_fast": 0.5708115054200434,
    "early_diff_very_fast": 0.6469374972983267,
    "late_diff_slow": 0.2155060123942971,
    "late_diff_fast": 0.6420834464794841,
    "a_early_diff_stim": 4.818797018204258,
    "a_early_diff_inhib": 0.7289862489634193,
    "a_late_diff_stim": 2.150303853811608,
    "a_late_diff_inhib": 0.42144370787781454,
    "diff_time": 1043.8933249439367,
    "a_Valles_2020_ALP": 220.46136471061791,
    "a_Valles_2020_ARS": 588.2117704187872
}