{
    "ALP_M_n": 3.019132144517547,
    "ARS_M_n": 1.018256727881666,
    "ALP_0": 0.652342839717875,
    "ARS_0": 0.354335752419862,
    "maturity_t": 0.6317637672916108,
    "early_diff_slow": 0.3268487741900036,
    "early_diff_fast": 0.5841684335707555,
    "early_diff_very_fast": 0.7395198890607052,
    "late_diff_slow": 0.2958521533818561,
    "late_diff_fast": 0.8080129596542316,
    "a_early_diff_stim": 3.3080813978872303,
    "a_early_diff_inhib": 0.09113617949364244,
    "a_late_diff_stim": 2.946718501159472,
    "a_late_diff_inhib": 0.5076031143140208,
    "diff_time": 954.5811812068567,
    "a_Valles_2020_ALP": 197.40960815381834,
    "a_Valles_2020_ARS": 624.3744784577165
}