{
    "ALP_M_n": 3.601930033706191,
    "ARS_M_n": 1.3501640687790433,
    "ALP_0": 0.567382588146076,
    "ARS_0": 0.19940846728732864,
    "maturity_t": 0.36250011656003145,
    "early_diff_slow": 0.1128951986862336,
    "early_diff_fast": 0.7489240594850772,
    "early_diff_very_fast": 0.6662933402770326,
    "late_diff_slow": 0.2603654926641728,
    "late_diff_fast": 0.7801695308212282,
    "a_early_diff_stim": 4.993034832242784,
    "a_early_diff_inhib": 0.2537427896853073,
    "a_late_diff_stim": 1.748447753662792,
    "a_late_diff_inhib": 0.2012812216064898,
    "diff_time": 839.7169967293413,
    "a_Chen_2018_ALP": 9.34645157248768,
    "a_Chen_2018_ARS": 3.5343092532463123
}