{
    "ALP_M_n": 3.4996107336107682,
    "ARS_M_n": 1.6889530208559471,
    "ALP_0": 0.6352713296913653,
    "ARS_0": 0.6598754480203453,
    "Mg_stim": 3.5548988547084344,
    "Mg_dest": 36.9608632638065,
    "IL1b_ineffective": 118.48720145385722,
    "IL1b_stim": 12.720368771902763,
    "IL8_favorable": 65.06178127449427,
    "maturity_t": 0.5871531410490259,
    "early_diff_slow": 0.33919783256156133,
    "early_diff_fast": 0.7181462985951392,
    "early_diff_very_fast": 0.8650508449329727,
    "late_diff_slow": 0.15386313102819837,
    "late_diff_fast": 0.8614234283430591,
    "a_early_diff_stim": 0.9189916197062313,
    "a_early_diff_inhib": 0.9380163936988737,
    "a_late_diff_stim": 0.01405161981838221,
    "a_late_diff_inhib": 0.6181219292517817,
    "diff_time": 974.5339817600967,
    "a_Valles_2020_ALP": 214.61270536699863,
    "a_Valles_2020_ARS": 417.6254171067479
}