{
    "ALP_M_n": 1.0781883962483236,
    "ARS_M_n": 1.388791117472829,
    "ALP_0": 0.04290724020684386,
    "ARS_0": 0.7735471633560017,
    "Mg_stim": 8.732607502251856,
    "Mg_dest": 30.175556165095408,
    "IL1b_ineffective": 112.17732734744943,
    "IL1b_stim": 25.16447421729766,
    "IL8_favorable": 43.971465559829696,
    "maturity_t": 0.883082304211531,
    "early_diff_slow": 0.23351085582549871,
    "early_diff_fast": 0.7378652325067347,
    "early_diff_very_fast": 0.9066390107804168,
    "late_diff_slow": 0.24072135889834204,
    "late_diff_fast": 0.8270884111577111,
    "a_early_diff_stim": 1.36591421684213,
    "a_early_diff_inhib": 0.5224113624885254,
    "a_late_diff_stim": 0.678654962680008,
    "a_late_diff_inhib": 0.7268912495176617,
    "diff_time": 964.8482940411265,
    "a_Valles_2020_ALP": 550.2530521869372,
    "a_Valles_2020_ARS": 383.6103744900683
}