{
    "ALP_M_n": 3.215076788642594,
    "ALP_0": 0.4016908210831996,
    "IL1b_ineffective": 126.14011290954005,
    "IL1b_stim": 3.0917047453683093,
    "IL8_favorable": 5.023306480008635,
    "maturity_t": 0.5401836913362497,
    "early_diff_very_fast": 0.9346915584767026,
    "a_early_diff_stim": 3.64609558858605,
    "diff_time": 969.0131969905544,
    "a_Qiao_2021_ALP": 49.951956251957206
}