{
    "ALP_M_n": 1.7214267647499324,
    "ARS_M_n": 1.0361889645041809,
    "ALP_0": 0.3634300112817004,
    "ARS_0": 0.4817909110516815,
    "Mg_stim": 6.1879743877970315,
    "Mg_dest": 38.14986370099871,
    "IL1b_ineffective": 118.23855391827595,
    "IL1b_stim": 24.266672825641965,
    "IL8_favorable": 23.424578540323758,
    "maturity_t": 0.9298451810438175,
    "early_diff_slow": 0.36234772033162205,
    "early_diff_fast": 0.5853110501751441,
    "early_diff_very_fast": 0.6578990275668847,
    "late_diff_slow": 0.21306678136495966,
    "late_diff_fast": 0.6925896852637456,
    "a_early_diff_stim": 3.6108552995896623,
    "a_early_diff_inhib": 0.656225568866617,
    "a_late_diff_stim": 0.40038786934350723,
    "a_late_diff_inhib": 0.6997936240196148,
    "diff_time": 1025.7809110119654,
    "a_Valles_2020_ALP": 377.8963053449228,
    "a_Valles_2020_ARS": 565.5816717292944
}