{
    "ALP_M_n": 1.9324983081708929,
    "ARS_M_n": 1.028232427907667,
    "ALP_0": 0.5052536607182252,
    "ARS_0": 0.45734863888070637,
    "maturity_t": 0.7214972382253412,
    "early_diff_L": 0.266477608627705,
    "early_diff_H": 0.6993774883920689,
    "early_diff_VH": 0.9102537413814658,
    "late_diff_L": 0.299641570444435,
    "late_diff_H": 0.7608013878163915,
    "a_early_diff_u": 2.1172036738703253,
    "a_early_diff_d": 0.6628642837972081,
    "a_late_diff_u": 0.39345064128214435,
    "a_late_diff_d": 0.3377572452463409,
    "diff_time": 1014.1208251358026,
    "a_Valles_2020_ALP": 282.9617459806173,
    "a_Valles_2020_ARS": 577.0811998637436
}