{
    "ALP_M_n": 2.3544452586070856,
    "ARS_M_n": 0.9229231979626508,
    "ALP_0": 0.6081500446475688,
    "ARS_0": 0.26733960768237064,
    "maturity_t": 0.7034933396022847,
    "early_diff_slow": 0.15431616386208902,
    "early_diff_fast": 0.680970225161926,
    "early_diff_very_fast": 0.9854946678835833,
    "late_diff_slow": 0.10883345520591281,
    "late_diff_fast": 0.6954867145664174,
    "a_early_diff_stim": 1.533417161315032,
    "a_early_diff_inhib": 0.6295884648402907,
    "a_late_diff_stim": 1.4605488968484726,
    "a_late_diff_inhib": 0.2522749132791571,
    "diff_time": 962.9018704712604,
    "a_Valles_2020_ALP": 221.7542253911402,
    "a_Valles_2020_ARS": 683.0564265197148
}