{
    "ALP_M_n": 2.6550020420982436,
    "ARS_M_n": 0.82086863569055,
    "ALP_0": 0.7193750387719009,
    "ARS_0": 0.28469371818779104,
    "Mg_stim": 9.906022168241446,
    "Mg_dest": 27.186303537155737,
    "IL1b_ineffective": 57.78605267468917,
    "IL1b_stim": 15.777820015545204,
    "IL8_favorable": 41.85695599491454,
    "maturity_t": 0.6465943120787503,
    "early_diff_slow": 0.2997416981817562,
    "early_diff_fast": 0.5901103731081654,
    "early_diff_very_fast": 0.7003425989974215,
    "late_diff_slow": 0.3593862099479212,
    "late_diff_fast": 0.6278462666506798,
    "a_early_diff_stim": 3.3245718766349275,
    "a_early_diff_inhib": 0.928165319010835,
    "a_late_diff_stim": 0.2848082648007817,
    "a_late_diff_inhib": 0.871775665658417,
    "diff_time": 1071.5259459885392,
    "a_Valles_2020_ALP": 183.50727182855186,
    "a_Valles_2020_ARS": 692.6726367991876
}