{
    "ALP_M_n": 6.5987959594821435,
    "ARS_M_n": 1.4856955434147787,
    "ALP_0": 0.3785484859877689,
    "ARS_0": 0.22325751990301582,
    "Mg_stim": 5.992404943872845,
    "Mg_dest": 25.48848489822722,
    "IL1b_ineffective": 87.5544160290292,
    "IL1b_stim": 24.438542858092877,
    "IL8_favorable": 94.16985293971177,
    "maturity_t": 0.5592789452380172,
    "early_diff_slow": 0.1818573881357493,
    "early_diff_fast": 0.6603670864568956,
    "early_diff_very_fast": 0.8599873716853538,
    "late_diff_slow": 0.3253079293345391,
    "late_diff_fast": 0.8602106673504665,
    "a_early_diff_stim": 0.46744458081899337,
    "a_early_diff_inhib": 0.9320738221655773,
    "a_late_diff_stim": 1.0276787747285085,
    "a_late_diff_inhib": 0.7275395024601492,
    "diff_time": 731.15631381497,
    "a_Valles_2020_ALP": 641.5101169630582,
    "a_Valles_2020_ARS": 630.0723086984542
}