{
    "ALP_M_n": 2.207380369138585,
    "ARS_M_n": 0.8833167418369174,
    "ALP_0": 0.3099181284545904,
    "ARS_0": 0.06302625683944864,
    "Mg_stim": 4.16164917026241,
    "Mg_dest": 34.7298802174247,
    "IL1b_ineffective": 132.94910681008093,
    "IL1b_stim": 4.540128884558374,
    "IL8_favorable": 58.92885592827236,
    "maturity_t": 0.8291288639894502,
    "early_diff_slow": 0.11922406823830742,
    "early_diff_fast": 0.6617556699163206,
    "early_diff_very_fast": 0.7512201527020255,
    "late_diff_slow": 0.23704176178855643,
    "late_diff_fast": 0.860071529054809,
    "a_early_diff_stim": 1.4259179928501218,
    "a_early_diff_inhib": 0.7662625435347665,
    "a_late_diff_stim": 1.5599679794894195,
    "a_late_diff_inhib": 0.8642878927900655,
    "diff_time": 859.9651899451944,
    "a_Valles_2020_ALP": 438.62452471790476,
    "a_Valles_2020_ARS": 805.3268356614811
}