{
    "ALP_M_n": 1.8268314023183396,
    "ARS_M_n": 1.023859123856666,
    "ALP_0": 0.36092528582819794,
    "ARS_0": 0.25031135160890705,
    "Mg_stim": 6.161092854002965,
    "Mg_dest": 31.095176660234415,
    "IL1b_ineffective": 131.67747639994184,
    "IL1b_stim": 13.751276042777345,
    "IL8_favorable": 67.35489693887692,
    "maturity_t": 0.7481931771995691,
    "early_diff_slow": 0.2621067972231551,
    "early_diff_fast": 0.5779791405749001,
    "early_diff_very_fast": 0.7200216552844445,
    "late_diff_slow": 0.25223364563798706,
    "late_diff_fast": 0.6923692440484228,
    "a_early_diff_stim": 3.25405153520034,
    "a_early_diff_inhib": 0.8438130066791287,
    "a_late_diff_stim": 2.7400541765759474,
    "a_late_diff_inhib": 0.2955074635695552,
    "diff_time": 889.1839123009199,
    "a_Valles_2020_ALP": 347.70380667243995,
    "a_Valles_2020_ARS": 676.2168371805185
}