{
    "ALP_M_n": 1.4664177232476026,
    "ARS_M_n": 1.3628302549981173,
    "ALP_0": 0.23856590197361907,
    "ARS_0": 0.8145994410794614,
    "maturity_t": 0.7434173823980079,
    "early_diff_slow": 0.3456398317513749,
    "early_diff_fast": 0.6199730218170989,
    "early_diff_very_fast": 0.7268299211068675,
    "late_diff_slow": 0.2642502771162524,
    "late_diff_fast": 0.6849362723335765,
    "a_early_diff_stim": 2.4882053314442794,
    "a_early_diff_inhib": 0.4576251388344424,
    "a_late_diff_stim": 2.009559454427567,
    "a_late_diff_inhib": 0.7921884824944918,
    "diff_time": 1005.0456665728917,
    "a_Valles_2020_ALP": 452.7002835875485,
    "a_Valles_2020_ARS": 377.535896227475
}