{
    "ALP_M_n": 4.158116897715746,
    "ARS_M_n": 1.8228866408885187,
    "ALP_0": 0.5981308572510345,
    "ARS_0": 0.511695101349523,
    "Mg_stim": 6.388521520389005,
    "Mg_dest": 34.818461298779596,
    "IL1b_ineffective": 129.3701614357944,
    "IL1b_stim": 15.783194373480367,
    "IL8_favorable": 68.57085596630141,
    "maturity_t": 0.8011433025765932,
    "early_diff_slow": 0.14874871081482188,
    "early_diff_fast": 0.6866181997889579,
    "early_diff_very_fast": 0.766436809892494,
    "late_diff_slow": 0.1683185120461404,
    "late_diff_fast": 0.8723762664440263,
    "a_early_diff_stim": 1.003338211050169,
    "a_early_diff_inhib": 0.11159157377393647,
    "a_late_diff_stim": 2.3482603869113956,
    "a_late_diff_inhib": 0.30508363057527343,
    "diff_time": 975.7059752879372,
    "a_Valles_2020_ALP": 255.8372131593337,
    "a_Valles_2020_ARS": 522.7636046163825
}