{
    "ALP_M_n": 1.9412973028514129,
    "ARS_M_n": 0.8948487032415892,
    "ALP_0": 0.47155158907312394,
    "ARS_0": 0.24660199157823617,
    "maturity_t": 0.7192984227093205,
    "early_diff_L": 0.21238811856100615,
    "early_diff_H": 0.6990729550740372,
    "early_diff_VH": 0.8006414478730179,
    "late_diff_L": 0.12342324414716721,
    "late_diff_H": 0.7858759057175231,
    "a_early_diff_u": 1.9471067336990595,
    "a_early_diff_d": 0.6611698034197853,
    "a_late_diff_u": 1.0034154250038214,
    "a_late_diff_d": 0.47523817142995645,
    "diff_time": 973.7080233087231,
    "a_Valles_2020_ALP": 299.2183153346222,
    "a_Valles_2020_ARS": 697.8335397839526
}