{
    "ALP_M_n": 0.9162537313306632,
    "ARS_M_n": 1.3776512381273256,
    "ALP_0": 0.046001681590460815,
    "ARS_0": 0.9647286958372011,
    "maturity_t": 0.7769772445589108,
    "early_diff_L": 0.24510515785583742,
    "early_diff_H": 0.6382295928931251,
    "early_diff_VH": 0.7051949463326526,
    "late_diff_L": 0.3219645993939428,
    "late_diff_H": 0.7671945026839754,
    "a_early_diff_u": 3.471219338307084,
    "a_early_diff_d": 0.3584865143002183,
    "a_late_diff_u": 3.6318228498983047,
    "a_late_diff_d": 0.7119786050462632,
    "diff_time": 1076.320627426158,
    "a_Valles_2020_ALP": 513.7685204531574,
    "a_Valles_2020_ARS": 334.79316347913624
}