{
    "ALP_M_n": 4.935530668814073,
    "ARS_M_n": 1.4523633301294225,
    "ALP_0": 0.6927107634181756,
    "ARS_0": 0.19745510968964594,
    "maturity_t": 0.5098186045033021,
    "early_diff_slow": 0.22359867023554084,
    "early_diff_fast": 0.7409906486215558,
    "early_diff_very_fast": 0.6631513048161068,
    "late_diff_slow": 0.2206713585365931,
    "late_diff_fast": 0.7742644874826055,
    "a_early_diff_stim": 4.991178237708701,
    "a_early_diff_inhib": 0.4841649750756816,
    "a_late_diff_stim": 0.3613623755665123,
    "a_late_diff_inhib": 0.36891739585365657,
    "diff_time": 974.5322486235295,
    "a_Chen_2018_ALP": 7.426180613174029,
    "a_Chen_2018_ARS": 4.296105137929149
}