{
    "ALP_M_n": 1.958059806751045,
    "ARS_M_n": 1.411350462388402,
    "ALP_0": 0.4216417467599358,
    "ARS_0": 0.8968294964396376,
    "Mg_stim": 9.866491718151684,
    "Mg_dest": 26.55484707786821,
    "IL1b_ineffective": 150.19499821671997,
    "IL1b_stim": 14.35812737954231,
    "IL8_favorable": 66.58885875161803,
    "maturity_t": 0.6774294828065133,
    "early_diff_slow": 0.24339357324595073,
    "early_diff_fast": 0.5695033398311797,
    "early_diff_very_fast": 0.7243322091486342,
    "late_diff_slow": 0.2624243965749408,
    "late_diff_fast": 0.7437941218621346,
    "a_early_diff_stim": 4.434022047468524,
    "a_early_diff_inhib": 0.3182426841662106,
    "a_late_diff_stim": 4.810371699072384,
    "a_late_diff_inhib": 0.0547506890654077,
    "diff_time": 1014.9927725436165,
    "a_Valles_2020_ALP": 348.80791568921995,
    "a_Valles_2020_ARS": 344.3790063102915
}