{
    "ALP_M_n": 6.6207350747776506,
    "ARS_M_n": 5.097647633891219,
    "ALP_0": 0.7885552742740959,
    "ARS_0": 0.5325113408524205,
    "maturity_t": 0.7895231861799018,
    "early_diff_slow": 0.34923060225178126,
    "early_diff_fast": 0.6187016190955066,
    "early_diff_very_fast": 0.9636919069690522,
    "late_diff_slow": 0.1591898803380098,
    "late_diff_fast": 0.8065402512551525,
    "a_early_diff_stim": 4.518864563144523,
    "a_early_diff_inhib": 0.8507053577047716,
    "a_late_diff_stim": 4.132057867865601,
    "a_late_diff_inhib": 0.6728240193712034,
    "diff_time": 427.622244304018,
    "a_Valles_2020_ALP": 555.3473078385456,
    "a_Valles_2020_ARS": 31.64687008780595
}