{
    "ALP_M_n": 5.291311006898415,
    "ARS_M_n": 1.4810891783759565,
    "ALP_0": 0.814906322542071,
    "ARS_0": 0.23231470891459371,
    "maturity_t": 0.5174779542147737,
    "early_diff_slow": 0.2095466688402174,
    "early_diff_fast": 0.746464213479898,
    "early_diff_very_fast": 0.6664470031943942,
    "late_diff_slow": 0.3371204331081094,
    "late_diff_fast": 0.729148003864623,
    "a_early_diff_stim": 4.774631313604033,
    "a_early_diff_inhib": 0.6558775278852289,
    "a_late_diff_stim": 2.01182213623794,
    "a_late_diff_inhib": 0.09899664546245907,
    "diff_time": 883.1978010307777,
    "a_Chen_2018_ALP": 3.5795387163893877,
    "a_Chen_2018_ARS": 3.7027474757623042
}