{
    "ALP_M_n": 2.656746871190904,
    "ARS_M_n": 1.0784015669380274,
    "ALP_0": 0.4678793895479397,
    "ARS_0": 0.255408952264046,
    "maturity_t": 0.6364901190069773,
    "early_diff_L": 0.1987704834818656,
    "early_diff_H": 0.6544406238377114,
    "early_diff_VH": 0.7128396855937833,
    "late_diff_L": 0.18030162687932005,
    "late_diff_H": 0.8425976441979063,
    "a_early_diff_u": 1.7468607111182186,
    "a_early_diff_d": 0.561795834033371,
    "a_late_diff_u": 3.7141043257756308,
    "a_late_diff_d": 0.15144993573116738,
    "diff_time": 956.2209745102621,
    "a_Valles_2020_ALP": 341.8936518980225,
    "a_Valles_2020_ARS": 716.1708342389051
}