{
    "ALP_M_n": 6.380545255841173,
    "ARS_M_n": 3.3306743107618586,
    "ALP_0": 0.7652490850550713,
    "ARS_0": 0.3303592058990682,
    "maturity_t": 0.8401624615315635,
    "early_diff_slow": 0.13517391681902968,
    "early_diff_fast": 0.5452525149042342,
    "early_diff_very_fast": 0.939645599053878,
    "late_diff_slow": 0.3110298098377871,
    "late_diff_fast": 0.689590041727738,
    "a_early_diff_stim": 4.66177188663431,
    "a_early_diff_inhib": 0.14930754122600504,
    "a_late_diff_stim": 2.736647089043962,
    "a_late_diff_inhib": 0.4187761533993505,
    "diff_time": 398.8944929946486,
    "a_Valles_2020_ALP": 406.9828318983457,
    "a_Valles_2020_ARS": 517.9108786018155
}