{
    "ALP_M_n": 2.826808586363753,
    "ARS_M_n": 2.196518596477331,
    "ALP_0": 0.5130609970831143,
    "ARS_0": 0.5495915050943577,
    "maturity_t": 0.8384490835340671,
    "early_diff_slow": 0.38646078137839124,
    "early_diff_fast": 0.7487399752543493,
    "early_diff_very_fast": 0.6606354768617102,
    "late_diff_slow": 0.3215442500421928,
    "late_diff_fast": 0.7390336894178035,
    "a_early_diff_stim": 4.937625504065603,
    "a_early_diff_inhib": 0.5475034921942658,
    "a_late_diff_stim": 1.9558177463865603,
    "a_late_diff_inhib": 0.4744355329065309,
    "diff_time": 691.6009579059967,
    "a_Chen_2018_ALP": 8.206862140028928,
    "a_Chen_2018_ARS": 1.532176831848521
}