{
    "ALP_M_n": 2.3935454326765706,
    "ARS_M_n": 1.0159977644618554,
    "ALP_0": 0.7927625938564344,
    "ARS_0": 0.49698451971700086,
    "maturity_t": 0.7222147023971401,
    "early_diff_slow": 0.261573928024884,
    "early_diff_fast": 0.6061230146922012,
    "early_diff_very_fast": 0.8499282233247599,
    "late_diff_slow": 0.15718263846992592,
    "late_diff_fast": 0.8548188140628783,
    "a_early_diff_stim": 3.4093904238174684,
    "a_early_diff_inhib": 0.47805529214551823,
    "a_late_diff_stim": 3.0807054994200627,
    "a_late_diff_inhib": 0.33168012582130124,
    "diff_time": 1053.688838811221,
    "a_Valles_2020_ALP": 155.24022604769013,
    "a_Valles_2020_ARS": 564.1551158761156
}