{
    "ALP_M_n": 2.0908770671125314,
    "ARS_M_n": 1.1098644879389719,
    "ALP_0": 0.321616449893861,
    "ARS_0": 0.2517623794432185,
    "Mg_stim": 5.176117873266919,
    "Mg_dest": 30.748034849007418,
    "IL1b_ineffective": 104.02109646724635,
    "IL1b_stim": 11.950904875089416,
    "IL8_favorable": 16.573614096870024,
    "maturity_t": 0.7000412685127447,
    "early_diff_slow": 0.2151913978245867,
    "early_diff_fast": 0.5873634385828553,
    "early_diff_very_fast": 0.7327983195142083,
    "late_diff_slow": 0.2567904882799359,
    "late_diff_fast": 0.7282425229346562,
    "a_early_diff_stim": 2.528325594712928,
    "a_early_diff_inhib": 0.19562462554566007,
    "a_late_diff_stim": 1.7545773854022468,
    "a_late_diff_inhib": 0.8457588663195764,
    "diff_time": 850.9477959997944,
    "a_Valles_2020_ALP": 401.59914776270415,
    "a_Valles_2020_ARS": 663.8774709672482
}