{
    "ALP_M_n": 6.424471689706852,
    "ALP_0": 0.5958274711864426,
    "IL1b_ineffective": 198.70926237599312,
    "IL1b_stim": 1.3473333841268254,
    "IL8_favorable": 2.151147372948479,
    "maturity_t": 0.5800855190953133,
    "early_diff_very_fast": 0.7582135758884396,
    "a_early_diff_stim": 1.707930893909664,
    "diff_time": 1041.5555439988482,
    "a_Qiao_2021_ALP": 44.96042944067148
}