{
    "ALP_M_n": 7.99286345913405,
    "ARS_M_n": 5.116396693465352,
    "ALP_0": 0.7787982381398725,
    "ARS_0": 0.578039762101038,
    "maturity_t": 0.6804044912147876,
    "early_diff_slow": 0.3463391930561799,
    "early_diff_fast": 0.581193125327813,
    "early_diff_very_fast": 0.9803171349519935,
    "late_diff_slow": 0.27546539925358576,
    "late_diff_fast": 0.8836406721166737,
    "a_early_diff_stim": 3.7167758553728127,
    "a_early_diff_inhib": 0.18678182944223692,
    "a_late_diff_stim": 1.95486305829836,
    "a_late_diff_inhib": 0.3987891040045951,
    "diff_time": 469.38874050023793,
    "a_Valles_2020_ALP": 167.04504226648316,
    "a_Valles_2020_ARS": 407.8919372435385
}