{
    "ALP_M_n": 1.9726665356426671,
    "ARS_M_n": 1.243396826033686,
    "ALP_0": 0.6180569499312121,
    "ARS_0": 0.5178081094140251,
    "Mg_stim": 3.4297340073675935,
    "Mg_dest": 32.42681544839653,
    "IL1b_ineffective": 40.14663275893356,
    "IL1b_stim": 11.757149911442037,
    "IL8_favorable": 78.54490799902874,
    "maturity_t": 0.8153917063311812,
    "early_diff_slow": 0.26438763085491956,
    "early_diff_fast": 0.5903649430923513,
    "early_diff_very_fast": 0.8521808364640925,
    "late_diff_slow": 0.29095764130712165,
    "late_diff_fast": 0.8064165005770375,
    "a_early_diff_stim": 3.485564787902361,
    "a_early_diff_inhib": 0.5404020768571083,
    "a_late_diff_stim": 2.435469346826284,
    "a_late_diff_inhib": 0.2932373498890072,
    "diff_time": 918.0194049450615,
    "a_Valles_2020_ALP": 206.42168325500987,
    "a_Valles_2020_ARS": 505.49887841914483
}