{
    "ALP_M_n": 9.99862630734628,
    "ARS_M_n": 1.0106915721894787,
    "ALP_0": 0.60365141090274,
    "ARS_0": 0.4428941702486157,
    "maturity_t": 0.39063796384374255,
    "early_diff_L": 0.31737829583755595,
    "early_diff_H": 0.6374357926559083,
    "early_diff_VH": 0.7282707558651451,
    "late_diff_L": 0.3850749190961017,
    "late_diff_H": 0.7819375152626497,
    "a_early_diff_u": 3.9095554680986466,
    "a_early_diff_d": 0.5723564282276724,
    "a_late_diff_u": 0.7752247712266713,
    "a_late_diff_d": 0.059318151940411096,
    "diff_time": 1022.6688587280291,
    "a_Valles_2020_ALP": 403.47917890537866,
    "a_Valles_2020_ARS": 586.7751216031186
}