{
    "ALP_M_n": 2.227089492835745,
    "ARS_M_n": 1.0871345084913124,
    "ALP_0": 0.6224108726363404,
    "ARS_0": 0.47845639065330936,
    "Mg_stim": 4.042559454255111,
    "Mg_dest": 31.533160914558223,
    "IL1b_ineffective": 152.74334702788292,
    "IL1b_stim": 20.73377699377198,
    "IL8_favorable": 21.972171435344272,
    "maturity_t": 0.7196819634656102,
    "early_diff_slow": 0.16349293529879866,
    "early_diff_fast": 0.5757615477448745,
    "early_diff_very_fast": 0.9124324173375403,
    "late_diff_slow": 0.13884764309310121,
    "late_diff_fast": 0.7815433092408423,
    "a_early_diff_stim": 4.21280071241507,
    "a_early_diff_inhib": 0.9377335415538849,
    "a_late_diff_stim": 4.630758572061282,
    "a_late_diff_inhib": 0.964073769233771,
    "diff_time": 989.5982576464448,
    "a_Valles_2020_ALP": 218.05391505892283,
    "a_Valles_2020_ARS": 555.2357425775726
}