{
    "ALP_M_n": 4.305909954322305,
    "ARS_M_n": 1.3564201356683634,
    "ALP_0": 0.6462060049099436,
    "ARS_0": 0.18565470012027674,
    "maturity_t": 0.739718529442165,
    "early_diff_slow": 0.2149885406117633,
    "early_diff_fast": 0.749266566857513,
    "early_diff_very_fast": 0.6672056695774167,
    "late_diff_slow": 0.25540029181037033,
    "late_diff_fast": 0.6856809448494905,
    "a_early_diff_stim": 4.829017778327227,
    "a_early_diff_inhib": 0.5232135256304877,
    "a_late_diff_stim": 3.212290842217977,
    "a_late_diff_inhib": 0.8556945006161324,
    "diff_time": 888.4436260618202,
    "a_Chen_2018_ALP": 7.9236618265577805,
    "a_Chen_2018_ARS": 3.9264589055766925
}