{
    "ALP_M_n": 3.0710452744403263,
    "ARS_M_n": 2.455709247487246,
    "ALP_0": 0.2705229821209732,
    "ARS_0": 0.7970282022504349,
    "Mg_stim": 5.9929881329008206,
    "Mg_dest": 32.105909550314465,
    "IL1b_ineffective": 129.20761901398618,
    "IL1b_stim": 20.669729111096462,
    "IL8_favorable": 3.971816845329471,
    "maturity_t": 0.6733592518543244,
    "early_diff_slow": 0.22027227259122875,
    "early_diff_fast": 0.5345194872592139,
    "early_diff_very_fast": 0.8406668113218496,
    "late_diff_slow": 0.18589733431916655,
    "late_diff_fast": 0.6083470580544164,
    "a_early_diff_stim": 3.355329432618855,
    "a_early_diff_inhib": 0.3031913483147847,
    "a_late_diff_stim": 0.09871471407830268,
    "a_late_diff_inhib": 0.05796141581686404,
    "diff_time": 712.7625571039091,
    "a_Valles_2020_ALP": 500.2124522399852,
    "a_Valles_2020_ARS": 201.55566258027872
}