{
    "ALP_M_n": 3.424314996652839,
    "ARS_M_n": 1.539352375685273,
    "ALP_0": 0.29479678576618046,
    "ARS_0": 0.16767708866374678,
    "Mg_stim": 8.689824062431953,
    "Mg_dest": 36.37759855951724,
    "IL1b_ineffective": 164.44007026588707,
    "IL1b_stim": 12.877092719380746,
    "IL8_favorable": 33.84457442746069,
    "maturity_t": 0.76354625992402,
    "early_diff_slow": 0.3880840698990896,
    "early_diff_fast": 0.6150024407665853,
    "early_diff_very_fast": 0.7077136521729356,
    "late_diff_slow": 0.11320767018791139,
    "late_diff_fast": 0.8501934344537886,
    "a_early_diff_stim": 1.0013942494319192,
    "a_early_diff_inhib": 0.9084950264624848,
    "a_late_diff_stim": 4.025019561180478,
    "a_late_diff_inhib": 0.8200725625730004,
    "diff_time": 817.0640935299098,
    "a_Valles_2020_ALP": 658.744757081022,
    "a_Valles_2020_ARS": 799.1054060380098
}