{
    "ALP_M_n": 1.3399559503476355,
    "ARS_M_n": 1.3724232296466155,
    "ALP_0": 0.32898802660190757,
    "ARS_0": 0.9067311593108872,
    "Mg_stim": 5.423834502175277,
    "Mg_dest": 27.933741630669605,
    "IL1b_ineffective": 133.03469658197545,
    "IL1b_stim": 15.928130300009856,
    "IL8_favorable": 50.43261917844503,
    "maturity_t": 0.8019080612977766,
    "early_diff_slow": 0.22715467296847167,
    "early_diff_fast": 0.5873061996537065,
    "early_diff_very_fast": 0.8393648346317142,
    "late_diff_slow": 0.13436994083217615,
    "late_diff_fast": 0.8564138766670062,
    "a_early_diff_stim": 4.379202935147252,
    "a_early_diff_inhib": 0.6331446208770565,
    "a_late_diff_stim": 4.815054488685756,
    "a_late_diff_inhib": 0.482501776424378,
    "diff_time": 1046.5026050071992,
    "a_Valles_2020_ALP": 356.1776795867095,
    "a_Valles_2020_ARS": 350.51615069246435
}