{
    "ALP_M_n": 3.9808150036785253,
    "ARS_M_n": 2.198400790051843,
    "ALP_0": 0.7865150518934816,
    "ARS_0": 0.5404019728583807,
    "maturity_t": 0.7743302262135723,
    "early_diff_slow": 0.2445443659315178,
    "early_diff_fast": 0.7442469872394838,
    "early_diff_very_fast": 0.6606411159873459,
    "late_diff_slow": 0.2965098866628745,
    "late_diff_fast": 0.8734490060583947,
    "a_early_diff_stim": 4.914469129186549,
    "a_early_diff_inhib": 0.6106574896259191,
    "a_late_diff_stim": 3.6306354016747604,
    "a_late_diff_inhib": 0.7815776407801474,
    "diff_time": 688.5616982603965,
    "a_Chen_2018_ALP": 3.2982414006706926,
    "a_Chen_2018_ARS": 1.5480626417332177
}