{
    "ALP_M_n": 4.252989963919527,
    "ARS_M_n": 1.4489081587332442,
    "ALP_0": 0.782193841193564,
    "ARS_0": 0.2659890457390839,
    "maturity_t": 0.4430953923048389,
    "early_diff_slow": 0.23263835321917925,
    "early_diff_fast": 0.7438186394626085,
    "early_diff_very_fast": 0.6618570714992972,
    "late_diff_slow": 0.25718615779142007,
    "late_diff_fast": 0.7804651708437341,
    "a_early_diff_stim": 4.910648216656209,
    "a_early_diff_inhib": 0.8285129355586278,
    "a_late_diff_stim": 1.7010646251288621,
    "a_late_diff_inhib": 0.6527760747277683,
    "diff_time": 727.0654406241938,
    "a_Chen_2018_ALP": 3.485795243889398,
    "a_Chen_2018_ARS": 2.845171456543331
}