{
    "ALP_M_n": 4.238398649981975,
    "ARS_M_n": 1.3491050840832965,
    "ALP_0": 0.7333019955476714,
    "ARS_0": 0.21180002382727228,
    "maturity_t": 0.7306139601683949,
    "early_diff_slow": 0.31318666067740797,
    "early_diff_fast": 0.7421505280368051,
    "early_diff_very_fast": 0.6623948297020369,
    "late_diff_slow": 0.36258837379843323,
    "late_diff_fast": 0.8969804258866101,
    "a_early_diff_stim": 4.950823933284966,
    "a_early_diff_inhib": 0.5139636975241929,
    "a_late_diff_stim": 4.495322852610512,
    "a_late_diff_inhib": 0.48452396385562513,
    "diff_time": 770.081175047221,
    "a_Chen_2018_ALP": 4.522443207440942,
    "a_Chen_2018_ARS": 3.246808328281801
}