{
    "ALP_M_n": 3.662721633240613,
    "ALP_0": 0.261197852969028,
    "IL1b_ineffective": 117.7704182024324,
    "IL1b_stim": 4.205887181029226,
    "IL8_favorable": 6.867778298649064,
    "maturity_t": 0.5510824681536961,
    "early_diff_very_fast": 0.9696765252067956,
    "a_early_diff_stim": 2.6301557314709174,
    "diff_time": 714.2316230662343,
    "a_Qiao_2021_ALP": 89.81957878053295
}