{
    "ALP_M_n": 6.694404218961619,
    "ARS_M_n": 7.805525289701204,
    "ALP_0": 0.8310612398013852,
    "ARS_0": 0.4732320997031706,
    "maturity_t": 0.7391128522207213,
    "early_diff_slow": 0.20372666781669768,
    "early_diff_fast": 0.6833831751850445,
    "early_diff_very_fast": 0.9739517331953668,
    "late_diff_slow": 0.11891632715244427,
    "late_diff_fast": 0.6281178498871633,
    "a_early_diff_stim": 4.805832218202235,
    "a_early_diff_inhib": 0.5898544191577156,
    "a_late_diff_stim": 2.201592219653522,
    "a_late_diff_inhib": 0.8197203394677556,
    "diff_time": 470.6371681811038,
    "a_Valles_2020_ALP": 242.67788501179075,
    "a_Valles_2020_ARS": 838.2708813220754
}