{
    "ALP_M_n": 4.846000366208948,
    "ARS_M_n": 1.424590800779558,
    "ALP_0": 0.6533413345548756,
    "ARS_0": 0.18024943237127136,
    "maturity_t": 0.5496437090573059,
    "early_diff_slow": 0.35489717757917194,
    "early_diff_fast": 0.7457328353112805,
    "early_diff_very_fast": 0.6664179736743425,
    "late_diff_slow": 0.2841082522956567,
    "late_diff_fast": 0.797238895962701,
    "a_early_diff_stim": 4.9714608733001775,
    "a_early_diff_inhib": 0.7932897231221612,
    "a_late_diff_stim": 1.170989563220595,
    "a_late_diff_inhib": 0.8319330201522119,
    "diff_time": 1029.1771614679108,
    "a_Chen_2018_ALP": 9.611083970436429,
    "a_Chen_2018_ARS": 4.626841508719202
}