{
    "ALP_M_n": 3.7946896631277256,
    "ARS_M_n": 0.9679325062365578,
    "ALP_0": 1.137970329009343,
    "ARS_0": 0.072103600359198,
    "Mg_stim": 9.272166578390275,
    "Mg_dest": 28.84475601794184,
    "IL1b_ineffective": 122.51583878227983,
    "IL1b_stim": 22.309558391965375,
    "IL8_favorable": 55.797777543974405,
    "maturity_t": 0.7392162646114452,
    "early_diff_slow": 0.20956815734259063,
    "early_diff_fast": 0.5859818824682311,
    "early_diff_very_fast": 0.7701813395221236,
    "late_diff_slow": 0.17855887818846275,
    "late_diff_fast": 0.7440583231874638,
    "a_early_diff_stim": 2.5770177652334176,
    "a_early_diff_inhib": 0.24008942785141024,
    "a_late_diff_stim": 1.252023311377794,
    "a_late_diff_inhib": 0.47661783514208456,
    "diff_time": 827.9103315971855,
    "a_Valles_2020_ALP": 38.492260431378156,
    "a_Valles_2020_ARS": 796.2393847667431
}