{
    "ALP_M_n": 5.911783323153772,
    "ARS_M_n": 0.882983967499403,
    "ALP_0": 0.4564417100010828,
    "ARS_0": 0.5274089449310887,
    "maturity_t": 0.3963747788304033,
    "early_diff_L": 0.1298718151844701,
    "early_diff_H": 0.6711011200303536,
    "early_diff_VH": 0.7601067360195739,
    "late_diff_L": 0.3912373808437197,
    "late_diff_H": 0.7125068057490567,
    "a_early_diff_u": 4.682131277567514,
    "a_early_diff_d": 0.2905387294367948,
    "a_late_diff_u": 1.299863056849738,
    "a_late_diff_d": 0.04502914135947042,
    "diff_time": 1079.4214824756534,
    "a_Valles_2020_ALP": 954.3052162046077,
    "a_Valles_2020_ARS": 550.5206506309547
}