{
    "ALP_M_n": 6.460854063706637,
    "ARS_M_n": 4.293583935898078,
    "ALP_0": 0.7543663985230296,
    "ARS_0": 0.27581336880593144,
    "maturity_t": 0.8416267767000876,
    "early_diff_slow": 0.22984329624468888,
    "early_diff_fast": 0.5903347089942022,
    "early_diff_very_fast": 0.9203151639720828,
    "late_diff_slow": 0.3340582080053638,
    "late_diff_fast": 0.7318788673136268,
    "a_early_diff_stim": 4.727162240042177,
    "a_early_diff_inhib": 0.5267666880057612,
    "a_late_diff_stim": 1.1844726875745368,
    "a_late_diff_inhib": 0.05408333798061188,
    "diff_time": 393.88590101399785,
    "a_Valles_2020_ALP": 524.5385923273344,
    "a_Valles_2020_ARS": 448.2647441240355
}