{
    "ALP_M_n": 2.327078691802794,
    "ARS_M_n": 0.9078859559268592,
    "ALP_0": 0.5774434577394859,
    "ARS_0": 0.20810698125769056,
    "Mg_stim": 5.938104492756219,
    "Mg_dest": 32.15435908545993,
    "IL1b_ineffective": 127.93915028083457,
    "IL1b_stim": 16.602598692080115,
    "IL8_favorable": 29.268363663983767,
    "maturity_t": 0.7105630399803283,
    "early_diff_slow": 0.3119883681332338,
    "early_diff_fast": 0.594719305278332,
    "early_diff_very_fast": 0.9399758538807095,
    "late_diff_slow": 0.35067293985015474,
    "late_diff_fast": 0.66785361214583,
    "a_early_diff_stim": 2.819413352766384,
    "a_early_diff_inhib": 0.3410944161498916,
    "a_late_diff_stim": 4.137557680402264,
    "a_late_diff_inhib": 0.6480203220157938,
    "diff_time": 936.1573814343081,
    "a_Valles_2020_ALP": 233.07057998542032,
    "a_Valles_2020_ARS": 717.2144846016157
}