{
    "ALP_M_n": 4.162793482164816,
    "ARS_M_n": 1.75165063738196,
    "ALP_0": 0.7777824617089465,
    "ARS_0": 0.3673872064717532,
    "maturity_t": 0.8632798024017814,
    "early_diff_slow": 0.24999173917937112,
    "early_diff_fast": 0.7496913761986514,
    "early_diff_very_fast": 0.6670301630492192,
    "late_diff_slow": 0.24420284006694246,
    "late_diff_fast": 0.7125032165458909,
    "a_early_diff_stim": 4.944801753549774,
    "a_early_diff_inhib": 0.9264931177127571,
    "a_late_diff_stim": 3.5867992873086383,
    "a_late_diff_inhib": 0.781635346802918,
    "diff_time": 723.879008922735,
    "a_Chen_2018_ALP": 3.46090171580638,
    "a_Chen_2018_ARS": 2.3168548372135094
}