{
    "ALP_M_n": 2.5827426056016525,
    "ARS_M_n": 1.010000355034376,
    "ALP_0": 0.5939284834094594,
    "ARS_0": 0.3198648826709508,
    "Mg_stim": 5.595727263682905,
    "Mg_dest": 29.456950206887868,
    "IL1b_ineffective": 77.13880636371844,
    "IL1b_stim": 9.679046096744688,
    "IL8_favorable": 32.51671518173916,
    "maturity_t": 0.7717737917327365,
    "early_diff_slow": 0.18135025132084243,
    "early_diff_fast": 0.6965165228542645,
    "early_diff_very_fast": 0.8140141819636707,
    "late_diff_slow": 0.2840022231867913,
    "late_diff_fast": 0.8195402771678955,
    "a_early_diff_stim": 1.4065920142185402,
    "a_early_diff_inhib": 0.5009861077956832,
    "a_late_diff_stim": 1.8740199804298163,
    "a_late_diff_inhib": 0.21851096245741775,
    "diff_time": 936.4886215726045,
    "a_Valles_2020_ALP": 226.63207392312194,
    "a_Valles_2020_ARS": 641.973801627421
}