{
    "ALP_M_n": 2.9360068220500635,
    "ARS_M_n": 1.5228065611540353,
    "ALP_0": 0.8607801073011798,
    "ARS_0": 0.6801374589065415,
    "Mg_stim": 7.5295544862261234,
    "Mg_dest": 39.01473412720489,
    "IL1b_ineffective": 157.67523659164237,
    "IL1b_stim": 15.521235195497269,
    "IL8_favorable": 31.39861747103726,
    "maturity_t": 0.7474138276579967,
    "early_diff_slow": 0.1101542598515936,
    "early_diff_fast": 0.646271932749647,
    "early_diff_very_fast": 0.7821937784680281,
    "late_diff_slow": 0.33298337991305194,
    "late_diff_fast": 0.7424874981292762,
    "a_early_diff_stim": 1.6375763331828501,
    "a_early_diff_inhib": 0.6633570220221889,
    "a_late_diff_stim": 3.386186183601003,
    "a_late_diff_inhib": 0.3309876698834905,
    "diff_time": 867.7215512305618,
    "a_Valles_2020_ALP": 104.36195177007835,
    "a_Valles_2020_ARS": 386.2133997629687
}