{
    "ALP_M_n": 2.8367985751717057,
    "ARS_M_n": 1.2074042221256291,
    "ALP_0": 0.5276565931003201,
    "ARS_0": 0.7039820671958338,
    "Mg_stim": 5.754511732487722,
    "Mg_dest": 34.981007918020744,
    "IL1b_ineffective": 96.39893658101101,
    "IL1b_stim": 10.530141355361753,
    "IL8_favorable": 51.398248579391655,
    "maturity_t": 0.5765551633499038,
    "early_diff_slow": 0.16650302580932258,
    "early_diff_fast": 0.564647722652882,
    "early_diff_very_fast": 0.920258458509684,
    "late_diff_slow": 0.27401371140571673,
    "late_diff_fast": 0.6903438149672714,
    "a_early_diff_stim": 4.1566528647377945,
    "a_early_diff_inhib": 0.20891043861647385,
    "a_late_diff_stim": 3.272972690015401,
    "a_late_diff_inhib": 0.8375477323490559,
    "diff_time": 1042.0462905764248,
    "a_Valles_2020_ALP": 317.04316744354406,
    "a_Valles_2020_ARS": 446.67303694362136
}