{
    "ALP_M_n": 3.542935611778576,
    "ARS_M_n": 2.0307441610872696,
    "ALP_0": 0.3657885452819256,
    "ARS_0": 0.21116626375066236,
    "Mg_stim": 5.374806513828071,
    "Mg_dest": 24.552241580507822,
    "IL1b_ineffective": 99.91133746411222,
    "IL1b_stim": 14.066873465087898,
    "IL8_favorable": 72.90527475966519,
    "maturity_t": 0.7148691289385501,
    "early_diff_slow": 0.15258394754379878,
    "early_diff_fast": 0.5398552136001735,
    "early_diff_very_fast": 0.6764735844254863,
    "late_diff_slow": 0.22747785936610576,
    "late_diff_fast": 0.6495717595953671,
    "a_early_diff_stim": 2.7159340240222694,
    "a_early_diff_inhib": 0.9165273937566051,
    "a_late_diff_stim": 0.9869204507598668,
    "a_late_diff_inhib": 0.9541166600713098,
    "diff_time": 657.933673756945,
    "a_Valles_2020_ALP": 319.07612711171777,
    "a_Valles_2020_ARS": 576.3667324712845
}