{
    "ALP_M_n": 2.1558806759428943,
    "ARS_M_n": 1.1956750142177892,
    "ALP_0": 0.4038773802270288,
    "ARS_0": 0.38113656795408135,
    "Mg_stim": 6.8221788178463685,
    "Mg_dest": 28.21784522662595,
    "IL1b_ineffective": 62.86546894148461,
    "IL1b_stim": 9.228537967312189,
    "IL8_favorable": 16.563742616469618,
    "maturity_t": 0.7092714715618206,
    "early_diff_slow": 0.2051522690026589,
    "early_diff_fast": 0.5673156263263227,
    "early_diff_very_fast": 0.8426863597430294,
    "late_diff_slow": 0.1412550906694905,
    "late_diff_fast": 0.6937326526201746,
    "a_early_diff_stim": 3.3764750620935344,
    "a_early_diff_inhib": 0.21854310823838663,
    "a_late_diff_stim": 2.4394605190381062,
    "a_late_diff_inhib": 0.27439238719482517,
    "diff_time": 872.6020785387004,
    "a_Valles_2020_ALP": 333.338941825099,
    "a_Valles_2020_ARS": 577.8925562720464
}