{
    "ALP_M_n": 5.446806450159837,
    "ARS_M_n": 2.8991531741894803,
    "ALP_0": 0.7533508010216897,
    "ARS_0": 0.6055144662063223,
    "maturity_t": 0.26574859091695857,
    "early_diff_slow": 0.39826560246011045,
    "early_diff_fast": 0.7098607980739262,
    "early_diff_very_fast": 0.6380441774545177,
    "late_diff_slow": 0.2485640489865569,
    "late_diff_fast": 0.6478910632015658,
    "a_early_diff_stim": 4.354458256950675,
    "a_early_diff_inhib": 0.35108883561032234,
    "a_late_diff_stim": 4.7633961156757945,
    "a_late_diff_inhib": 0.8989196319382838,
    "diff_time": 781.5710139463481,
    "a_Chen_2018_ALP": 5.217585503371127,
    "a_Chen_2018_ARS": 1.5638919539098555
}