{
    "ALP_M_n": 6.321573059996517,
    "ARS_M_n": 7.880680371250631,
    "ALP_0": 0.79719997711099,
    "ARS_0": 0.6782352806668616,
    "maturity_t": 0.8153171671150938,
    "early_diff_slow": 0.2524943378217948,
    "early_diff_fast": 0.6186564761968543,
    "early_diff_very_fast": 0.9707774105334186,
    "late_diff_slow": 0.16505845114187292,
    "late_diff_fast": 0.6759730923478475,
    "a_early_diff_stim": 4.651718394454383,
    "a_early_diff_inhib": 0.8814928990514892,
    "a_late_diff_stim": 0.15943145016276894,
    "a_late_diff_inhib": 0.3765551708798882,
    "diff_time": 421.117308194031,
    "a_Valles_2020_ALP": 557.0397156106527,
    "a_Valles_2020_ARS": 280.1544134631344
}