{
    "ALP_M_n": 3.1555694519957433,
    "ARS_M_n": 1.8045237509773702,
    "ALP_0": 0.44801229465913794,
    "ARS_0": 0.6361321831601973,
    "Mg_stim": 6.8654451573765485,
    "Mg_dest": 24.741776640895583,
    "IL1b_ineffective": 42.67599398390176,
    "IL1b_stim": 20.783229934131143,
    "IL8_favorable": 77.09012675542158,
    "maturity_t": 0.6833341192174427,
    "early_diff_slow": 0.31042893650605274,
    "early_diff_fast": 0.7371326023498593,
    "early_diff_very_fast": 0.9313342067610106,
    "late_diff_slow": 0.18802450468350793,
    "late_diff_fast": 0.7046452413242893,
    "a_early_diff_stim": 0.6800784855386808,
    "a_early_diff_inhib": 0.4356019416783872,
    "a_late_diff_stim": 1.612752615826634,
    "a_late_diff_inhib": 0.643705754683063,
    "diff_time": 906.5375168976898,
    "a_Valles_2020_ALP": 376.0545303399721,
    "a_Valles_2020_ARS": 400.1033076869629
}