{
    "ALP_M_n": 2.691764304561165,
    "ARS_M_n": 0.7064997220076171,
    "ALP_0": 0.5884094244801222,
    "ARS_0": 0.13632982126550375,
    "maturity_t": 0.6052844661450096,
    "early_diff_slow": 0.2610746331714179,
    "early_diff_fast": 0.6257359492971583,
    "early_diff_very_fast": 0.778565589179502,
    "late_diff_slow": 0.316428610748854,
    "late_diff_fast": 0.8140511880693042,
    "a_early_diff_stim": 2.074544199358759,
    "a_early_diff_inhib": 0.9330508507786621,
    "a_late_diff_stim": 3.114239884494956,
    "a_late_diff_inhib": 0.46549841935741804,
    "diff_time": 1057.687920623151,
    "a_Valles_2020_ALP": 260.80842924518095,
    "a_Valles_2020_ARS": 777.3228931514295
}