{
    "ALP_M_n": 2.325623887417868,
    "ARS_M_n": 1.1987315743381586,
    "ALP_0": 0.4101248518114753,
    "ARS_0": 0.19306327760696199,
    "Mg_stim": 4.186269161525779,
    "Mg_dest": 34.07426844450996,
    "IL1b_ineffective": 53.70239848655675,
    "IL1b_stim": 13.925748919499986,
    "IL8_favorable": 49.32585845424766,
    "maturity_t": 0.7362388003340639,
    "early_diff_slow": 0.1956929337303039,
    "early_diff_fast": 0.6056830119784048,
    "early_diff_very_fast": 0.8501114076303597,
    "late_diff_slow": 0.2750212187420809,
    "late_diff_fast": 0.8210700525582711,
    "a_early_diff_stim": 2.052478236481705,
    "a_early_diff_inhib": 0.5933711500564816,
    "a_late_diff_stim": 1.0185981483640782,
    "a_late_diff_inhib": 0.5907389248465681,
    "diff_time": 793.9139035227269,
    "a_Valles_2020_ALP": 305.6062263217366,
    "a_Valles_2020_ARS": 687.8138091597408
}