{
    "ALP_M_n": 2.3939647504898076,
    "ARS_M_n": 1.2850677505226715,
    "ALP_0": 0.7325502914947416,
    "ARS_0": 0.5655607003295993,
    "Mg_stim": 7.39778433453666,
    "Mg_dest": 31.573821839565916,
    "IL1b_ineffective": 129.55499944120933,
    "IL1b_stim": 28.217572987682587,
    "IL8_favorable": 65.06859711478953,
    "maturity_t": 0.8141864464464982,
    "early_diff_slow": 0.37467058088747357,
    "early_diff_fast": 0.694679115310862,
    "early_diff_very_fast": 0.8634470697813839,
    "late_diff_slow": 0.35411555698404606,
    "late_diff_fast": 0.8790589199583135,
    "a_early_diff_stim": 1.5020268285498537,
    "a_early_diff_inhib": 0.46614040746769453,
    "a_late_diff_stim": 2.985128979943302,
    "a_late_diff_inhib": 0.847100061264836,
    "diff_time": 919.0022249676138,
    "a_Valles_2020_ALP": 159.8357605099365,
    "a_Valles_2020_ARS": 478.2407984836254
}