{
    "ALP_M_n": 2.1347844485941923,
    "ARS_M_n": 1.5096134504977123,
    "ALP_0": 0.5830626341220786,
    "ARS_0": 0.7824426058274822,
    "maturity_t": 0.7635461825863925,
    "early_diff_slow": 0.2803112995735251,
    "early_diff_fast": 0.6183362154232219,
    "early_diff_very_fast": 0.883633406317064,
    "late_diff_slow": 0.29559416924113224,
    "late_diff_fast": 0.655088543500088,
    "a_early_diff_stim": 2.509255772710956,
    "a_early_diff_inhib": 0.6805653607621154,
    "a_late_diff_stim": 0.915624656963085,
    "a_late_diff_inhib": 0.4309463317118001,
    "diff_time": 912.5751797305787,
    "a_Valles_2020_ALP": 222.50857308198235,
    "a_Valles_2020_ARS": 355.2460338186209
}