{
    "ALP_M_n": 9.73616475305222,
    "ARS_M_n": 1.4821987438068804,
    "ALP_0": 0.5181459053140598,
    "ARS_0": 0.8660185772917485,
    "maturity_t": 0.3986924461832749,
    "early_diff_L": 0.3276966407305968,
    "early_diff_H": 0.6330728882072802,
    "early_diff_VH": 0.7928458529342349,
    "late_diff_L": 0.27624693431459985,
    "late_diff_H": 0.6639405489161843,
    "a_early_diff_u": 3.655312761421559,
    "a_early_diff_d": 0.7994995982353116,
    "a_late_diff_u": 0.7911109476563196,
    "a_late_diff_d": 0.43088922691642423,
    "diff_time": 969.5174895137983,
    "a_Valles_2020_ALP": 823.510426075732,
    "a_Valles_2020_ARS": 337.18452023278377
}