{
    "ALP_M_n": 4.277445721430565,
    "ARS_M_n": 2.011423753961639,
    "ALP_0": 0.83406416252688,
    "ARS_0": 0.4672812285357172,
    "maturity_t": 0.49530069380817576,
    "early_diff_slow": 0.34685843559753865,
    "early_diff_fast": 0.7472165525029624,
    "early_diff_very_fast": 0.664660219666708,
    "late_diff_slow": 0.21421468490816442,
    "late_diff_fast": 0.7431966251884031,
    "a_early_diff_stim": 4.9239389899158965,
    "a_early_diff_inhib": 0.5201327483781956,
    "a_late_diff_stim": 3.026603937106194,
    "a_late_diff_inhib": 0.6657910740053069,
    "diff_time": 702.2114753561962,
    "a_Chen_2018_ALP": 2.6971966644739145,
    "a_Chen_2018_ARS": 1.8478979194613565
}