{
    "ALP_M_n": 2.6776147153330965,
    "ARS_M_n": 0.87993592066874,
    "ALP_0": 0.30420725905926005,
    "ARS_0": 0.14247606994319165,
    "Mg_stim": 8.033066141111345,
    "Mg_dest": 23.560860442647087,
    "IL1b_ineffective": 99.09482303753813,
    "IL1b_stim": 7.105535951783915,
    "IL8_favorable": 45.32536468810982,
    "maturity_t": 0.5875743689158364,
    "early_diff_slow": 0.20086556352120633,
    "early_diff_fast": 0.6364193571491028,
    "early_diff_very_fast": 0.9954925195065081,
    "late_diff_slow": 0.18585186595440728,
    "late_diff_fast": 0.6901950196907861,
    "a_early_diff_stim": 1.1640713727258494,
    "a_early_diff_inhib": 0.2886527911456145,
    "a_late_diff_stim": 3.4022137690023166,
    "a_late_diff_inhib": 0.9532092990266201,
    "diff_time": 903.8291022855806,
    "a_Valles_2020_ALP": 570.7393352328536,
    "a_Valles_2020_ARS": 752.6159489575177
}