{
    "ALP_M_n": 0.998076780983219,
    "ARS_M_n": 0.7239795478943521,
    "ALP_0": 0.10697914674599125,
    "ARS_0": 0.12924746931992512,
    "maturity_t": 0.863133709288408,
    "early_diff_slow": 0.33089570154286185,
    "early_diff_fast": 0.6441675997730809,
    "early_diff_very_fast": 0.7897668866489042,
    "late_diff_slow": 0.33643464406937273,
    "late_diff_fast": 0.8482509124912263,
    "a_early_diff_stim": 2.52681358873437,
    "a_early_diff_inhib": 0.23761167291369345,
    "a_late_diff_stim": 1.7067131499573318,
    "a_late_diff_inhib": 0.017729743093444883,
    "diff_time": 1037.8975810181842,
    "a_Valles_2020_ALP": 463.58219347909466,
    "a_Valles_2020_ARS": 778.419326378779
}