{
    "ALP_M_n": 7.084091661609574,
    "ARS_M_n": 2.864822462813103,
    "ALP_0": 0.723073836165929,
    "ARS_0": 0.46568832102120733,
    "maturity_t": 0.808609388199861,
    "early_diff_slow": 0.22813051774445478,
    "early_diff_fast": 0.658419264473731,
    "early_diff_very_fast": 0.9309394752602331,
    "late_diff_slow": 0.1719273085582249,
    "late_diff_fast": 0.7204595267583951,
    "a_early_diff_stim": 4.063125214797328,
    "a_early_diff_inhib": 0.6495927794844427,
    "a_late_diff_stim": 4.153995025764399,
    "a_late_diff_inhib": 0.6270813313491146,
    "diff_time": 392.7879248866504,
    "a_Valles_2020_ALP": 781.1933662339513,
    "a_Valles_2020_ARS": 223.88302746609259
}