{
    "ALP_M_n": 4.200943087662016,
    "ARS_M_n": 1.984708882722434,
    "ALP_0": 0.4039189229856884,
    "ARS_0": 0.9157816215464434,
    "maturity_t": 0.5733015430857646,
    "early_diff_slow": 0.2479390201895939,
    "early_diff_fast": 0.5382470914756936,
    "early_diff_very_fast": 0.8052536218369454,
    "late_diff_slow": 0.2821061641618081,
    "late_diff_fast": 0.7318818503421839,
    "a_early_diff_stim": 2.8299523982000645,
    "a_early_diff_inhib": 0.7573088553734114,
    "a_late_diff_stim": 3.145889221582489,
    "a_late_diff_inhib": 0.6834042805384823,
    "diff_time": 809.46123028974,
    "a_Valles_2020_ALP": 462.6979101347301,
    "a_Valles_2020_ARS": 233.91952195119563
}