{
    "ALP_M_n": 2.8764303142583945,
    "ARS_M_n": 0.7869744618605099,
    "ALP_0": 0.9672221047339333,
    "ARS_0": 0.13769192338593791,
    "Mg_stim": 5.867877601834149,
    "Mg_dest": 29.094448253271487,
    "IL1b_ineffective": 121.3050521012384,
    "IL1b_stim": 14.905205263823014,
    "IL8_favorable": 96.53783149047268,
    "maturity_t": 0.7278447993141189,
    "early_diff_slow": 0.1671513807147002,
    "early_diff_fast": 0.5895031539003602,
    "early_diff_very_fast": 0.797386444364989,
    "late_diff_slow": 0.31822999701423205,
    "late_diff_fast": 0.7020747553667241,
    "a_early_diff_stim": 3.6484673729132586,
    "a_early_diff_inhib": 0.13865803225991902,
    "a_late_diff_stim": 4.923771897003691,
    "a_late_diff_inhib": 0.9708442263944619,
    "diff_time": 981.4700217198252,
    "a_Valles_2020_ALP": 92.07141958411138,
    "a_Valles_2020_ARS": 767.9085251453814
}