{
    "ALP_M_n": 6.769352964545796,
    "ARS_M_n": 4.7920594125186105,
    "ALP_0": 0.7713612875820067,
    "ARS_0": 0.5951294149864899,
    "maturity_t": 0.7906875325294762,
    "early_diff_slow": 0.13669706872006582,
    "early_diff_fast": 0.5724997531172648,
    "early_diff_very_fast": 0.9390042781535834,
    "late_diff_slow": 0.12330451083415986,
    "late_diff_fast": 0.7530738069497298,
    "a_early_diff_stim": 4.547188409853613,
    "a_early_diff_inhib": 0.5073695995773655,
    "a_late_diff_stim": 0.924878042384838,
    "a_late_diff_inhib": 0.699051669770425,
    "diff_time": 419.1624624401284,
    "a_Valles_2020_ALP": 962.4183183696464,
    "a_Valles_2020_ARS": 671.9629190420599
}