{
    "ALP_M_n": 7.9400094995776485,
    "ARS_M_n": 0.27043486274856576,
    "ALP_0": 0.9884214861015006,
    "ARS_0": 0.7587333536743144,
    "maturity_t": 0.47587949053599926,
    "early_diff_slow": 0.37997204795808537,
    "early_diff_fast": 0.6687978041837912,
    "early_diff_very_fast": 0.8512479175070704,
    "late_diff_slow": 0.3074475247967802,
    "late_diff_fast": 0.8077902091721346,
    "a_early_diff_stim": 2.9678202756038967,
    "a_early_diff_inhib": 0.2239418983024637,
    "a_late_diff_stim": 2.098760506958039,
    "a_late_diff_inhib": 0.8508774898014265,
    "diff_time": 818.0301189433192,
    "a_Valles_2020_ALP": 442.5928713966091,
    "a_Valles_2020_ARS": 367.5164601530746
}