{
    "ALP_M_n": 4.472822745919676,
    "ALP_0": 0.3061525686300011,
    "IL1b_ineffective": 110.36377275199311,
    "IL1b_stim": 6.659654445642191,
    "IL8_favorable": 10.777761978012322,
    "maturity_t": 0.43367220454664157,
    "early_diff_very_fast": 0.8844314639483437,
    "a_early_diff_stim": 4.858512364993088,
    "diff_time": 879.0122431641873,
    "a_Qiao_2021_ALP": 157.81461623758665
}