{
    "ALP_M_n": 1.723050875067478,
    "ARS_M_n": 1.0115989449859129,
    "ALP_0": 0.26429599137202375,
    "ARS_0": 0.39505505146644504,
    "Mg_stim": 6.646279856405796,
    "Mg_dest": 27.362393589739693,
    "IL1b_ineffective": 161.6262538934227,
    "IL1b_stim": 14.798009059983386,
    "IL8_favorable": 1.3092009135655545,
    "maturity_t": 0.6930100902005634,
    "early_diff_slow": 0.26660318034692243,
    "early_diff_fast": 0.653503466814702,
    "early_diff_very_fast": 0.7642952259803409,
    "late_diff_slow": 0.37764250308493363,
    "late_diff_fast": 0.7572367432334569,
    "a_early_diff_stim": 1.875968827013885,
    "a_early_diff_inhib": 0.32241169469982345,
    "a_late_diff_stim": 0.6448350452794398,
    "a_late_diff_inhib": 0.8022252606354864,
    "diff_time": 1066.945936200347,
    "a_Valles_2020_ALP": 512.4729782705148,
    "a_Valles_2020_ARS": 635.0548746083135
}