{
    "ALP_M_n": 3.2169347069236256,
    "ARS_M_n": 1.927811517004879,
    "ALP_0": 0.5874687300002167,
    "ARS_0": 0.4352049977508268,
    "maturity_t": 0.5602258909655156,
    "early_diff_slow": 0.11366703995712174,
    "early_diff_fast": 0.7475455923425759,
    "early_diff_very_fast": 0.662312462666224,
    "late_diff_slow": 0.24116145197228359,
    "late_diff_fast": 0.7521111660279804,
    "a_early_diff_stim": 4.985865810822766,
    "a_early_diff_inhib": 0.5336812530382646,
    "a_late_diff_stim": 2.0824665037339245,
    "a_late_diff_inhib": 0.7842352596467198,
    "diff_time": 706.689002197773,
    "a_Chen_2018_ALP": 6.805547107910533,
    "a_Chen_2018_ARS": 1.995299286606984
}