{
    "ALP_M_n": 5.583289302744222,
    "ALP_0": 0.379558851083219,
    "IL1b_ineffective": 132.29964648835048,
    "IL1b_stim": 2.682640551753666,
    "IL8_favorable": 4.316587016862208,
    "maturity_t": 0.5489222907808382,
    "early_diff_very_fast": 0.8023704147401168,
    "a_early_diff_stim": 1.8058299703430616,
    "diff_time": 611.5645461135873,
    "a_Qiao_2021_ALP": 62.61381287035012
}