{
    "ALP_M_n": 1.2617905387653883,
    "ARS_M_n": 1.2525459054907746,
    "ALP_0": 0.17320679197804842,
    "ARS_0": 0.653520678509614,
    "Mg_stim": 4.66451907726648,
    "Mg_dest": 32.507739121722814,
    "IL1b_ineffective": 125.31797891849658,
    "IL1b_stim": 12.857409283914121,
    "IL8_favorable": 65.12471349458906,
    "maturity_t": 0.7556719382733331,
    "early_diff_slow": 0.21885105895305007,
    "early_diff_fast": 0.604683771112413,
    "early_diff_very_fast": 0.7737847855723247,
    "late_diff_slow": 0.34891316968003844,
    "late_diff_fast": 0.8561570270775218,
    "a_early_diff_stim": 2.8166344579002702,
    "a_early_diff_inhib": 0.9433137626649301,
    "a_late_diff_stim": 1.2317471018055555,
    "a_late_diff_inhib": 0.45623262822683214,
    "diff_time": 979.2633657516924,
    "a_Valles_2020_ALP": 460.5511445619905,
    "a_Valles_2020_ARS": 452.7420561429834
}