{
    "ALP_M_n": 3.026509486323703,
    "ARS_M_n": 1.1262406471316988,
    "ALP_0": 0.741970516747176,
    "ARS_0": 0.1332961406053226,
    "Mg_stim": 7.936076049349301,
    "Mg_dest": 25.11923858436585,
    "IL1b_ineffective": 85.32123210895404,
    "IL1b_stim": 15.312880730411976,
    "IL8_favorable": 94.63809135542036,
    "maturity_t": 0.7482984871593186,
    "early_diff_slow": 0.1598445353474479,
    "early_diff_fast": 0.5948206304682141,
    "early_diff_very_fast": 0.7901235216493958,
    "late_diff_slow": 0.3686744511076951,
    "late_diff_fast": 0.8726196942891015,
    "a_early_diff_stim": 2.1074432167946253,
    "a_early_diff_inhib": 0.9592176513818748,
    "a_late_diff_stim": 0.8927066659188287,
    "a_late_diff_inhib": 0.7470407142074522,
    "diff_time": 791.8939077919631,
    "a_Valles_2020_ALP": 125.56312696476326,
    "a_Valles_2020_ARS": 737.8601941246527
}