{
    "ALP_M_n": 1.9814147923757444,
    "ARS_M_n": 1.269531837694544,
    "ALP_0": 0.6395919568581263,
    "ARS_0": 0.7748028090795405,
    "maturity_t": 0.7591199819163617,
    "early_diff_slow": 0.23182784070034224,
    "early_diff_fast": 0.5891228455124796,
    "early_diff_very_fast": 0.8665450912865342,
    "late_diff_slow": 0.3882780697721415,
    "late_diff_fast": 0.7520091192161079,
    "a_early_diff_stim": 3.7972816540588656,
    "a_early_diff_inhib": 0.1171399722503817,
    "a_late_diff_stim": 0.9682856461217626,
    "a_late_diff_inhib": 0.577102006986815,
    "diff_time": 1039.8635658556254,
    "a_Valles_2020_ALP": 215.64090933615302,
    "a_Valles_2020_ARS": 410.3127477990403
}