{
    "ALP_M_n": 8.108608859255138,
    "ARS_M_n": 8.447580277736702,
    "ALP_0": 0.7538209657226188,
    "ARS_0": 0.14322610282557707,
    "maturity_t": 0.6975317955192383,
    "early_diff_slow": 0.29443471863513515,
    "early_diff_fast": 0.6065120116186963,
    "early_diff_very_fast": 0.948834184081521,
    "late_diff_slow": 0.13667321769018975,
    "late_diff_fast": 0.7984547303179047,
    "a_early_diff_stim": 3.7488515335787977,
    "a_early_diff_inhib": 0.20190438260000476,
    "a_late_diff_stim": 2.105917813479098,
    "a_late_diff_inhib": 0.42639589235081454,
    "diff_time": 449.1930123152099,
    "a_Valles_2020_ALP": 474.93713036163064,
    "a_Valles_2020_ARS": 967.643829291311
}