{
    "ALP_M_n": 4.78450456388032,
    "ARS_M_n": 3.03343926507287,
    "ALP_0": 0.5859813883585735,
    "ARS_0": 0.9951825587698214,
    "Mg_stim": 4.936141199701357,
    "Mg_dest": 35.36964797383969,
    "IL1b_ineffective": 52.27723714431425,
    "IL1b_stim": 10.290290350771262,
    "IL8_favorable": 78.06286357351604,
    "maturity_t": 0.56027706393515,
    "early_diff_slow": 0.11440698240833971,
    "early_diff_fast": 0.6608813107925351,
    "early_diff_very_fast": 0.7337910561232884,
    "late_diff_slow": 0.2080583608127775,
    "late_diff_fast": 0.8298452695024887,
    "a_early_diff_stim": 1.0115751997862328,
    "a_early_diff_inhib": 0.2737110067003671,
    "a_late_diff_stim": 2.6726971702165137,
    "a_late_diff_inhib": 0.3691540261834452,
    "diff_time": 1043.4636725292808,
    "a_Valles_2020_ALP": 317.39528680378226,
    "a_Valles_2020_ARS": 168.070129316026
}