{
    "ALP_M_n": 4.052895189830703,
    "ALP_0": 0.20276206189541734,
    "IL1b_ineffective": 108.52264604499594,
    "IL1b_stim": 7.848982666212967,
    "IL8_favorable": 12.702357238568247,
    "maturity_t": 0.4931644015551172,
    "early_diff_very_fast": 0.9367645411533723,
    "a_early_diff_stim": 4.224748926384764,
    "diff_time": 719.3589435078741,
    "a_Qiao_2021_ALP": 178.17964596165245
}