{
    "ALP_M_n": 8.789984185253575,
    "ARS_M_n": 7.262713129009231,
    "ALP_0": 0.8388737994042939,
    "ARS_0": 0.34797207212721737,
    "maturity_t": 0.5711706013184801,
    "early_diff_slow": 0.35891030916908573,
    "early_diff_fast": 0.5563368418458091,
    "early_diff_very_fast": 0.9434095546452338,
    "late_diff_slow": 0.23232101599238508,
    "late_diff_fast": 0.6833592899236467,
    "a_early_diff_stim": 4.368999459051309,
    "a_early_diff_inhib": 0.406787791021711,
    "a_late_diff_stim": 1.4102488445877892,
    "a_late_diff_inhib": 0.491310364163793,
    "diff_time": 574.1827135699737,
    "a_Valles_2020_ALP": 122.1082820878205,
    "a_Valles_2020_ARS": 369.5919892820899
}