{
    "ALP_M_n": 7.4069077048542615,
    "ARS_M_n": 4.997365273953209,
    "ALP_0": 0.9864661032346919,
    "ARS_0": 0.48086691308591695,
    "maturity_t": 0.5170175751977693,
    "early_diff_slow": 0.2515091773352272,
    "early_diff_fast": 0.6257798430279369,
    "early_diff_very_fast": 0.8518961371380193,
    "late_diff_slow": 0.12326802656034874,
    "late_diff_fast": 0.7645457805617776,
    "a_early_diff_stim": 3.0166975216578757,
    "a_early_diff_inhib": 0.17659122961754203,
    "a_late_diff_stim": 0.962926583176088,
    "a_late_diff_inhib": 0.3770156368908921,
    "diff_time": 755.6499015147648,
    "a_Valles_2020_ALP": 762.486644474076,
    "a_Valles_2020_ARS": 794.282718060469
}