{
    "ALP_M_n": 1.4659802682742724,
    "ARS_M_n": 1.0698150473250514,
    "ALP_0": 0.26439263867027685,
    "ARS_0": 0.5236467933277118,
    "maturity_t": 0.7141920403192137,
    "early_diff_slow": 0.28202165841618265,
    "early_diff_fast": 0.6236265768487692,
    "early_diff_very_fast": 0.901778517973785,
    "late_diff_slow": 0.35268495334004446,
    "late_diff_fast": 0.7468181316374751,
    "a_early_diff_stim": 2.81461818800591,
    "a_early_diff_inhib": 0.2642450803210432,
    "a_late_diff_stim": 2.945376313150061,
    "a_late_diff_inhib": 0.9925587884963678,
    "diff_time": 1029.7495456904978,
    "a_Valles_2020_ALP": 432.7300490759032,
    "a_Valles_2020_ARS": 542.2696182809473
}