{
    "ALP_M_n": 2.5390778551230864,
    "ARS_M_n": 0.8750322706204609,
    "ALP_0": 0.4501561244952787,
    "ARS_0": 0.28873682739619577,
    "maturity_t": 0.5923284207317099,
    "early_diff_slow": 0.17825159416101435,
    "early_diff_fast": 0.5496400003489471,
    "early_diff_very_fast": 0.6994381289983684,
    "late_diff_slow": 0.30274630324864343,
    "late_diff_fast": 0.8393940018540182,
    "a_early_diff_stim": 4.255887154973607,
    "a_early_diff_inhib": 0.4512037425714224,
    "a_late_diff_stim": 3.2666139692515017,
    "a_late_diff_inhib": 0.43813233109143207,
    "diff_time": 1022.638631646645,
    "a_Valles_2020_ALP": 377.4193640705146,
    "a_Valles_2020_ARS": 681.6640013872026
}