{
    "ALP_M_n": 4.535079135683936,
    "ARS_M_n": 1.9425268642826428,
    "ALP_0": 0.8767839347912403,
    "ARS_0": 0.4395949725894902,
    "maturity_t": 0.34829073195550003,
    "early_diff_slow": 0.31735989137428533,
    "early_diff_fast": 0.741071992808253,
    "early_diff_very_fast": 0.6561314934733865,
    "late_diff_slow": 0.16705588936921284,
    "late_diff_fast": 0.8057195029782738,
    "a_early_diff_stim": 4.893110540561309,
    "a_early_diff_inhib": 0.3704151850337765,
    "a_late_diff_stim": 0.8486721637853123,
    "a_late_diff_inhib": 0.4285630813361078,
    "diff_time": 681.9499365126018,
    "a_Chen_2018_ALP": 2.2303027790381678,
    "a_Chen_2018_ARS": 1.9744333796306723
}