{
    "ALP_M_n": 1.537058689562414,
    "ARS_M_n": 0.9246462372071673,
    "ALP_0": 0.2335246047617616,
    "ARS_0": 0.23871995576247867,
    "Mg_stim": 3.383131809598729,
    "Mg_dest": 24.010674039470416,
    "IL1b_ineffective": 89.7876389056468,
    "IL1b_stim": 12.57495885641239,
    "IL8_favorable": 25.88336823019962,
    "maturity_t": 0.7235961279771747,
    "early_diff_slow": 0.22767364167158205,
    "early_diff_fast": 0.6033816385591333,
    "early_diff_very_fast": 0.7403168620868352,
    "late_diff_slow": 0.2801098333769625,
    "late_diff_fast": 0.7995475350794723,
    "a_early_diff_stim": 2.5192623365024986,
    "a_early_diff_inhib": 0.473413761749649,
    "a_late_diff_stim": 2.7881248909026324,
    "a_late_diff_inhib": 0.9714350451241547,
    "diff_time": 940.8358661476542,
    "a_Valles_2020_ALP": 449.2670193012231,
    "a_Valles_2020_ARS": 696.6637717095069
}