{
    "ALP_M_n": 2.7951343282061196,
    "ARS_M_n": 1.5142187595270657,
    "ALP_0": 0.5262605670615464,
    "ARS_0": 0.37267823539763795,
    "maturity_t": 0.7297144775212411,
    "early_diff_slow": 0.17974613008737342,
    "early_diff_fast": 0.5531902530348329,
    "early_diff_very_fast": 0.8762758144129775,
    "late_diff_slow": 0.28178717244824336,
    "late_diff_fast": 0.6890270361162032,
    "a_early_diff_stim": 3.812869839542086,
    "a_early_diff_inhib": 0.8400678660041352,
    "a_late_diff_stim": 3.112980026217547,
    "a_late_diff_inhib": 0.1444614497996205,
    "diff_time": 769.0403503303386,
    "a_Valles_2020_ALP": 222.1181505375632,
    "a_Valles_2020_ARS": 525.8986660652271
}