{
    "ALP_M_n": 1.2194107463262174,
    "ARS_M_n": 0.9436685912249433,
    "ALP_0": 0.07636156505806563,
    "ARS_0": 0.19396927969752356,
    "Mg_stim": 5.817254559206854,
    "Mg_dest": 28.736278054731375,
    "IL1b_ineffective": 78.68097794523203,
    "IL1b_stim": 28.044518549524664,
    "IL8_favorable": 88.11858845621316,
    "maturity_t": 0.7477898829196071,
    "early_diff_slow": 0.26958530796081903,
    "early_diff_fast": 0.6285534823188961,
    "early_diff_very_fast": 0.8762696233840741,
    "late_diff_slow": 0.19345775096403944,
    "late_diff_fast": 0.890249732843682,
    "a_early_diff_stim": 1.8807066389880642,
    "a_early_diff_inhib": 0.7284169241760338,
    "a_late_diff_stim": 4.170297803786628,
    "a_late_diff_inhib": 0.7981896168638829,
    "diff_time": 902.9099408684567,
    "a_Valles_2020_ALP": 531.7217320819373,
    "a_Valles_2020_ARS": 719.2819013608928
}