{
    "ALP_M_n": 2.4594437629179575,
    "ARS_M_n": 0.7923407554519405,
    "ALP_0": 0.4946886863959448,
    "ARS_0": 0.14160959502479384,
    "Mg_stim": 7.438148296059498,
    "Mg_dest": 32.45832622422324,
    "IL1b_ineffective": 140.11336807117604,
    "IL1b_stim": 9.221417857177489,
    "IL8_favorable": 58.039461396254715,
    "maturity_t": 0.6406054117677211,
    "early_diff_slow": 0.23555103267610628,
    "early_diff_fast": 0.6117745020775898,
    "early_diff_very_fast": 0.9744189718343347,
    "late_diff_slow": 0.3590846116754467,
    "late_diff_fast": 0.8088162236698994,
    "a_early_diff_stim": 2.533898374268967,
    "a_early_diff_inhib": 0.8735506217843181,
    "a_late_diff_stim": 1.481208272719925,
    "a_late_diff_inhib": 0.4189119067831629,
    "diff_time": 974.0426927957664,
    "a_Valles_2020_ALP": 307.4080106638123,
    "a_Valles_2020_ARS": 765.3111740390125
}