{
    "ALP_M_n": 0.8717646180597374,
    "ARS_M_n": 1.0692247588561186,
    "ALP_0": 0.014933863624306543,
    "ARS_0": 0.5820400664620846,
    "maturity_t": 0.7531275967910758,
    "early_diff_L": 0.25178793868917976,
    "early_diff_H": 0.5968624280289193,
    "early_diff_VH": 0.9362712682905663,
    "late_diff_L": 0.25965885355656276,
    "late_diff_H": 0.7877748174028871,
    "a_early_diff_u": 4.847821626234477,
    "a_early_diff_d": 0.6428360077896325,
    "a_late_diff_u": 1.3354863471763272,
    "a_late_diff_d": 0.37720262201362864,
    "diff_time": 1073.7035671142253,
    "a_Valles_2020_ALP": 529.3055291548584,
    "a_Valles_2020_ARS": 520.3950272255271
}