{
    "ALP_M_n": 2.4664597148113496,
    "ARS_M_n": 1.3782983153686295,
    "ALP_0": 0.3845447524204857,
    "ARS_0": 0.503520019460545,
    "Mg_stim": 6.0661517978108765,
    "Mg_dest": 31.395675546470503,
    "IL1b_ineffective": 166.14609530532346,
    "IL1b_stim": 10.71524582944308,
    "IL8_favorable": 96.37367032166958,
    "maturity_t": 0.8618732363766218,
    "early_diff_slow": 0.18644564545330314,
    "early_diff_fast": 0.6552643706995168,
    "early_diff_very_fast": 0.7905588250173061,
    "late_diff_slow": 0.2310937228123261,
    "late_diff_fast": 0.7515593069570534,
    "a_early_diff_stim": 1.2740683177380292,
    "a_early_diff_inhib": 0.4106630585400347,
    "a_late_diff_stim": 1.8552766296266543,
    "a_late_diff_inhib": 0.14863639906783493,
    "diff_time": 972.3209845228978,
    "a_Valles_2020_ALP": 434.4879817145232,
    "a_Valles_2020_ARS": 532.138056653291
}