{
    "ALP_M_n": 6.687325073909277,
    "ARS_M_n": 1.4674349794005739,
    "ALP_0": 0.9181254321877453,
    "ARS_0": 0.18931320639162014,
    "maturity_t": 0.640517700007953,
    "early_diff_slow": 0.17281442408426356,
    "early_diff_fast": 0.7388267869473681,
    "early_diff_very_fast": 0.6616267274223387,
    "late_diff_slow": 0.193753744560629,
    "late_diff_fast": 0.7477086241711919,
    "a_early_diff_stim": 4.92894251311904,
    "a_early_diff_inhib": 0.4913874744516179,
    "a_late_diff_stim": 2.343410847833181,
    "a_late_diff_inhib": 0.7679503167880463,
    "diff_time": 1036.9836235974476,
    "a_Chen_2018_ALP": 2.19167254988146,
    "a_Chen_2018_ARS": 4.764841585212342
}