{
    "ALP_M_n": 3.5805656162281836,
    "ARS_M_n": 1.0552536216706412,
    "ALP_0": 0.6663358509987863,
    "ARS_0": 0.10560158638093074,
    "Mg_stim": 8.329631896150495,
    "Mg_dest": 28.87762226863626,
    "IL1b_ineffective": 87.59919437761803,
    "IL1b_stim": 18.129358829371583,
    "IL8_favorable": 63.652928305226865,
    "maturity_t": 0.6677326560417882,
    "early_diff_slow": 0.24909648839310652,
    "early_diff_fast": 0.5667586667134326,
    "early_diff_very_fast": 0.7090620047760288,
    "late_diff_slow": 0.18430409404199138,
    "late_diff_fast": 0.7410555980441287,
    "a_early_diff_stim": 2.483837339203834,
    "a_early_diff_inhib": 0.6317426063105546,
    "a_late_diff_stim": 2.398684502922961,
    "a_late_diff_inhib": 0.07497030530585852,
    "diff_time": 803.6313561724393,
    "a_Valles_2020_ALP": 149.6165573594606,
    "a_Valles_2020_ARS": 763.5993076252457
}