{
    "ALP_M_n": 1.3249171323612952,
    "ARS_M_n": 1.153269734277436,
    "ALP_0": 0.2766502517650604,
    "ARS_0": 0.6550698032986352,
    "Mg_stim": 7.086747455428973,
    "Mg_dest": 23.62506199671245,
    "IL1b_ineffective": 84.77124775691343,
    "IL1b_stim": 12.738892549638104,
    "IL8_favorable": 29.18378021089412,
    "maturity_t": 0.7674509652243277,
    "early_diff_slow": 0.308590924327125,
    "early_diff_fast": 0.6801199433457932,
    "early_diff_very_fast": 0.8425318998563232,
    "late_diff_slow": 0.1705016601212247,
    "late_diff_fast": 0.7261025500443361,
    "a_early_diff_stim": 2.106335162341317,
    "a_early_diff_inhib": 0.5949117700504267,
    "a_late_diff_stim": 1.3683878016346893,
    "a_late_diff_inhib": 0.9592835322945451,
    "diff_time": 1050.7856485619106,
    "a_Valles_2020_ALP": 396.6519016712394,
    "a_Valles_2020_ARS": 475.4060358192197
}