{
    "ALP_M_n": 2.4104998728629012,
    "ALP_0": 0.1476090440473696,
    "IL1b_ineffective": 183.8411521822727,
    "IL1b_stim": 1.4036416663408708,
    "IL8_favorable": 2.3557075556523017,
    "maturity_t": 0.9444753178055959,
    "early_diff_very_fast": 0.7199184100438387,
    "a_early_diff_stim": 2.7677597043486433,
    "diff_time": 994.8730696838438,
    "a_Qiao_2021_ALP": 125.11397197123497
}