{
    "ALP_M_n": 2.124869154614756,
    "ARS_M_n": 1.0844107087955654,
    "ALP_0": 0.5013876669134449,
    "ARS_0": 0.5026816220461557,
    "Mg_stim": 2.798742467781463,
    "Mg_dest": 31.419332483251456,
    "IL1b_ineffective": 49.018903556582,
    "IL1b_stim": 9.581085442221294,
    "IL8_favorable": 54.55473793416386,
    "maturity_t": 0.6856659475528365,
    "early_diff_slow": 0.375884843849557,
    "early_diff_fast": 0.6246891132475474,
    "early_diff_very_fast": 0.7435137404504599,
    "late_diff_slow": 0.26099146302542847,
    "late_diff_fast": 0.6919922919490105,
    "a_early_diff_stim": 2.3548032632272133,
    "a_early_diff_inhib": 0.44316113590791995,
    "a_late_diff_stim": 0.7400932218948788,
    "a_late_diff_inhib": 0.16226399949408038,
    "diff_time": 1000.5552313040669,
    "a_Valles_2020_ALP": 291.74913106745765,
    "a_Valles_2020_ARS": 546.2705063678143
}