{
    "ALP_M_n": 0.9314411846515324,
    "ARS_M_n": 1.1506130505689238,
    "ALP_0": 0.04749122306788858,
    "ARS_0": 0.5805806613051917,
    "Mg_stim": 6.6689214971262425,
    "Mg_dest": 32.28475197571441,
    "IL1b_ineffective": 38.828142942036195,
    "IL1b_stim": 21.6896679879017,
    "IL8_favorable": 14.569688168802337,
    "maturity_t": 0.7939952658091495,
    "early_diff_slow": 0.18029450070425168,
    "early_diff_fast": 0.6678344087302146,
    "early_diff_very_fast": 0.913361621795826,
    "late_diff_slow": 0.3424929615271157,
    "late_diff_fast": 0.7053311127861107,
    "a_early_diff_stim": 2.1453709723266674,
    "a_early_diff_inhib": 0.19245094710003935,
    "a_late_diff_stim": 0.25742437612431157,
    "a_late_diff_inhib": 0.5528662076898414,
    "diff_time": 1012.4846886051297,
    "a_Valles_2020_ALP": 493.32307056930193,
    "a_Valles_2020_ARS": 502.4304836415237
}