{
    "ALP_M_n": 1.851490555084969,
    "ALP_0": 0.035476019855464856,
    "IL1b_ineffective": 177.5587062695725,
    "IL1b_stim": 1.4335704691305633,
    "IL8_favorable": 2.4666002250524173,
    "maturity_t": 0.9884442959854446,
    "early_diff_very_fast": 0.7019937347243634,
    "a_early_diff_stim": 2.9470336356447047,
    "diff_time": 941.3470548420369,
    "a_Qiao_2021_ALP": 128.66086963659234
}