{
    "ALP_M_n": 7.926427126778552,
    "ALP_0": 0.32217695722248774,
    "IL1b_ineffective": 105.57148189414774,
    "IL1b_stim": 11.318820276441837,
    "IL8_favorable": 18.02261169982396,
    "maturity_t": 0.5651913868791338,
    "early_diff_very_fast": 0.861399767355868,
    "a_early_diff_stim": 3.7075885142269662,
    "diff_time": 504.3234091145574,
    "a_Qiao_2021_ALP": 107.09443219941275
}