{
    "ALP_M_n": 6.098691470505562,
    "ARS_M_n": 1.180956229774907,
    "ALP_0": 0.5266182396995767,
    "ARS_0": 0.31518941483127677,
    "Mg_stim": 5.935618708358722,
    "Mg_dest": 29.333269608667635,
    "IL1b_ineffective": 111.88100991758418,
    "IL1b_stim": 16.971420200113233,
    "IL8_favorable": 78.74451907107463,
    "maturity_t": 0.5153702777627176,
    "early_diff_slow": 0.13268764996225968,
    "early_diff_fast": 0.6021279323973704,
    "early_diff_very_fast": 0.7951428580534863,
    "late_diff_slow": 0.17176859645717213,
    "late_diff_fast": 0.6789330327493458,
    "a_early_diff_stim": 1.0931812607953753,
    "a_early_diff_inhib": 0.6174288572670246,
    "a_late_diff_stim": 4.07707727548946,
    "a_late_diff_inhib": 0.5687475499780932,
    "diff_time": 848.449906677746,
    "a_Valles_2020_ALP": 326.8070751960776,
    "a_Valles_2020_ARS": 615.4266048598762
}