{
    "ALP_M_n": 3.9487326232029925,
    "ARS_M_n": 1.6758772345421757,
    "OC_M_n": 3.115711224913744,
    "ALP_0": 0.6169349348406683,
    "ARS_0": 0.24611690271120193,
    "OC_0": 0.4749960656575969,
    "Mg_S": 4.800785677191074,
    "Mg_D": 35.020953933722666,
    "IL1b_H": 193.05495718813566,
    "IL1b_S": 1.3714713312822937,
    "IL8_M": 2.273346576301442,
    "maturity_t": 0.7028104539674533,
    "early_diff_L": 0.11151036979905254,
    "early_diff_H": 0.7232497925911273,
    "early_diff_VH": 0.6351801475978174,
    "late_diff_L": 0.3177169887492033,
    "late_diff_H": 0.6195816392872473,
    "a_early_diff_u": 4.279992252654608,
    "a_early_diff_d": 0.9869539437593727,
    "a_late_diff_u": 1.166040744286628,
    "a_late_diff_d": 0.8238962916706412,
    "diff_time": 693.3028321123659,
    "a_Chen_2018_ALP": 7.885831091988339,
    "a_Chen_2018_ARS": 3.3430560874005906,
    "a_Valles_2020_ALP": 136.3650688500596,
    "a_Valles_2020_ARS": 551.779933054122,
    "a_Qiao_2021_ALP": 15.046278935991054,
    "a_Ber_2016_ALP": 0.41945165412290053,
    "a_Ber_2016_OC": 0.6522127239564194,
    "a_Qiao_2021_Mg_ALP": 8.940741316082061,
    "a_Qiao_2021_Mg_OC": 0.3763381870327866
}