{
    "ALP_M_n": 4.44426619257001,
    "ALP_0": 0.36262200160739905,
    "IL1b_ineffective": 192.18736260527712,
    "IL1b_stim": 1.370620850396904,
    "IL8_favorable": 2.2349170257706255,
    "maturity_t": 0.8360801690039651,
    "early_diff_very_fast": 0.7420952298192063,
    "a_early_diff_stim": 2.0157888097682175,
    "diff_time": 876.1138297368985,
    "a_Qiao_2021_ALP": 89.77093123801578
}