{
    "ALP_M_n": 4.382225858628851,
    "ALP_0": 0.36239850556220543,
    "IL1b_ineffective": 192.04806133317913,
    "IL1b_stim": 1.3714237137859027,
    "IL8_favorable": 2.2376302040061917,
    "maturity_t": 0.842661431642839,
    "early_diff_very_fast": 0.7416168539690148,
    "a_early_diff_stim": 2.043297213258501,
    "diff_time": 881.5908350987069,
    "a_Qiao_2021_ALP": 89.14878445651797
}