{
    "ALP_M_n": 7.011591208034466,
    "ARS_M_n": 2.7883515307594022,
    "ALP_0": 0.9299392832732516,
    "ARS_0": 0.598533861424764,
    "maturity_t": 0.4541594235816583,
    "early_diff_slow": 0.17909614915775035,
    "early_diff_fast": 0.7455896509518152,
    "early_diff_very_fast": 0.6803558982493777,
    "late_diff_slow": 0.28989689010988007,
    "late_diff_fast": 0.66491998192968,
    "a_early_diff_stim": 4.587430777981534,
    "a_early_diff_inhib": 0.39813324361258173,
    "a_late_diff_stim": 3.2656962618067182,
    "a_late_diff_inhib": 0.679651219785604,
    "diff_time": 1027.6703884554884,
    "a_Valles_2020_ALP": 757.6907946880743,
    "a_Valles_2020_ARS": 662.027036319308
}