{
    "ALP_M_n": 4.686429736277624,
    "ARS_M_n": 1.9543928470781344,
    "ALP_0": 0.9019339613495824,
    "ARS_0": 0.4371162989644214,
    "maturity_t": 0.5732286307232487,
    "early_diff_slow": 0.25943349818542005,
    "early_diff_fast": 0.7474821423603335,
    "early_diff_very_fast": 0.6615361277508627,
    "late_diff_slow": 0.2566085531134459,
    "late_diff_fast": 0.7549046293885578,
    "a_early_diff_stim": 4.893173908215076,
    "a_early_diff_inhib": 0.5004225461913595,
    "a_late_diff_stim": 2.338926158861669,
    "a_late_diff_inhib": 0.5654732216726785,
    "diff_time": 704.2607391062264,
    "a_Valles_2020_ALP": 576.7263282094871,
    "a_Valles_2020_ARS": 492.8779699315126
}