{
    "ALP_M_n": 4.583936508981668,
    "ARS_M_n": 1.9233287041100036,
    "ALP_0": 0.9024659027301338,
    "ARS_0": 0.4338875891263116,
    "maturity_t": 0.5797356854816541,
    "early_diff_slow": 0.33537093513747135,
    "early_diff_fast": 0.7470509268174221,
    "early_diff_very_fast": 0.6646324747321628,
    "late_diff_slow": 0.15628394437191645,
    "late_diff_fast": 0.798225788280488,
    "a_early_diff_stim": 4.947912016135097,
    "a_early_diff_inhib": 0.49469948107447964,
    "a_late_diff_stim": 2.3860949472644286,
    "a_late_diff_inhib": 0.8044935786035514,
    "diff_time": 709.3703563083611,
    "a_Valles_2020_ALP": 624.2924459160341,
    "a_Valles_2020_ARS": 428.9139087290624
}