{
    "ALP_M_n": 4.634633798228219,
    "ARS_M_n": 1.9108201485900072,
    "ALP_0": 0.9009787152678715,
    "ARS_0": 0.4360828934889983,
    "maturity_t": 0.4610613788502629,
    "early_diff_slow": 0.22393437240885106,
    "early_diff_fast": 0.747475297472483,
    "early_diff_very_fast": 0.666486591810835,
    "late_diff_slow": 0.22064956544965958,
    "late_diff_fast": 0.7047132401025381,
    "a_early_diff_stim": 4.987679097475186,
    "a_early_diff_inhib": 0.4002778606259809,
    "a_late_diff_stim": 2.766749376332279,
    "a_late_diff_inhib": 0.42291521008773864,
    "diff_time": 718.1322489502106,
    "a_Valles_2020_ALP": 951.549162068617,
    "a_Valles_2020_ARS": 761.3870757192128
}