{
    "ALP_M_n": 4.533991925012323,
    "ARS_M_n": 1.9221869590054466,
    "ALP_0": 0.9034607542000969,
    "ARS_0": 0.43459425899344944,
    "maturity_t": 0.5662382672941858,
    "early_diff_slow": 0.20060181324496595,
    "early_diff_fast": 0.7452003979990034,
    "early_diff_very_fast": 0.6629904568751681,
    "late_diff_slow": 0.27654195006748533,
    "late_diff_fast": 0.7615323045878227,
    "a_early_diff_stim": 4.9694088895504445,
    "a_early_diff_inhib": 0.6971476505884762,
    "a_late_diff_stim": 4.001990528971856,
    "a_late_diff_inhib": 0.17960189023306344,
    "diff_time": 704.2938713288212,
    "a_Valles_2020_ALP": 975.756929947281,
    "a_Valles_2020_ARS": 871.3934996338928
}