{
    "ALP_M_n": 4.624423936324873,
    "ARS_M_n": 1.9246307322366698,
    "ALP_0": 0.9009255015914053,
    "ARS_0": 0.43350905400154477,
    "maturity_t": 0.5589197136725638,
    "early_diff_slow": 0.13470340007463946,
    "early_diff_fast": 0.7467077678849183,
    "early_diff_very_fast": 0.6659136189852626,
    "late_diff_slow": 0.138339443128203,
    "late_diff_fast": 0.6461347329589602,
    "a_early_diff_stim": 4.988713944096659,
    "a_early_diff_inhib": 0.5836686265464163,
    "a_late_diff_stim": 2.6354047435929555,
    "a_late_diff_inhib": 0.34797662534328133,
    "diff_time": 716.0642387615858,
    "a_Valles_2020_ALP": 328.5594315957048,
    "a_Valles_2020_ARS": 897.6353187435973
}