{
    "ALP_M_n": 6.695716324872358,
    "ARS_M_n": 2.7525438222043332,
    "ALP_0": 0.886763026738585,
    "ARS_0": 0.437610771187929,
    "maturity_t": 0.3248527887655654,
    "early_diff_slow": 0.3933604960153465,
    "early_diff_fast": 0.747547696888337,
    "early_diff_very_fast": 0.6683302536277417,
    "late_diff_slow": 0.11304092155085008,
    "late_diff_fast": 0.81339092079007,
    "a_early_diff_stim": 2.9300798491971616,
    "a_early_diff_inhib": 0.7842152242726899,
    "a_late_diff_stim": 3.440215049423967,
    "a_late_diff_inhib": 0.4301818096111515,
    "diff_time": 631.7205496431066,
    "a_Valles_2020_ALP": 623.0156919353816,
    "a_Valles_2020_ARS": 262.76853874350337
}