{
    "ALP_M_n": 4.682625421810624,
    "ARS_M_n": 1.9234378118544853,
    "ALP_0": 0.8990890956608868,
    "ARS_0": 0.4345664405276438,
    "maturity_t": 0.5130294569191699,
    "early_diff_slow": 0.34828855647231666,
    "early_diff_fast": 0.7399109085118634,
    "early_diff_very_fast": 0.6619849208992233,
    "late_diff_slow": 0.1962532575385395,
    "late_diff_fast": 0.7297405887966221,
    "a_early_diff_stim": 4.9347140629176165,
    "a_early_diff_inhib": 0.0455372412487397,
    "a_late_diff_stim": 3.552837323472433,
    "a_late_diff_inhib": 0.5291004395396499,
    "diff_time": 701.8665256974006,
    "a_Valles_2020_ALP": 535.9964507863615,
    "a_Valles_2020_ARS": 671.9694652132848
}