{
    "ALP_M_n": 4.606402609677145,
    "ARS_M_n": 1.9157368350296922,
    "ALP_0": 0.9016499741416771,
    "ARS_0": 0.4349182659444854,
    "maturity_t": 0.5779428373120904,
    "early_diff_slow": 0.15366344680546107,
    "early_diff_fast": 0.7484168433516636,
    "early_diff_very_fast": 0.6670331215546267,
    "late_diff_slow": 0.24142885690035065,
    "late_diff_fast": 0.8416868140225662,
    "a_early_diff_stim": 4.981404161670843,
    "a_early_diff_inhib": 0.5887039072860593,
    "a_late_diff_stim": 0.7221881746855958,
    "a_late_diff_inhib": 0.3461271543509964,
    "diff_time": 718.4581324466428,
    "a_Valles_2020_ALP": 48.75878437910063,
    "a_Valles_2020_ARS": 869.9398101460649
}