{
    "ALP_M_n": 4.613402687314533,
    "ARS_M_n": 1.9270709565845086,
    "ALP_0": 0.901855997822771,
    "ARS_0": 0.43441741293960545,
    "maturity_t": 0.8577694387896787,
    "early_diff_slow": 0.2794179880838995,
    "early_diff_fast": 0.7488464432041182,
    "early_diff_very_fast": 0.6668360727296665,
    "late_diff_slow": 0.39036412554328853,
    "late_diff_fast": 0.8859486752155674,
    "a_early_diff_stim": 4.967634031759287,
    "a_early_diff_inhib": 0.14705446584826015,
    "a_late_diff_stim": 3.807614224659904,
    "a_late_diff_inhib": 0.9534808414329045,
    "diff_time": 717.9866906503182,
    "a_Valles_2020_ALP": 895.2875241233706,
    "a_Valles_2020_ARS": 642.5833242348492
}