{
    "ALP_M_n": 4.567033500135758,
    "ARS_M_n": 1.924539680559522,
    "ALP_0": 0.9034569426009187,
    "ARS_0": 0.43358914538522175,
    "maturity_t": 0.663883799970537,
    "early_diff_slow": 0.36781689745349194,
    "early_diff_fast": 0.7498747637945753,
    "early_diff_very_fast": 0.6668937992248859,
    "late_diff_slow": 0.25162097341785356,
    "late_diff_fast": 0.8196401800653117,
    "a_early_diff_stim": 4.968341894888625,
    "a_early_diff_inhib": 0.5904374831591949,
    "a_late_diff_stim": 2.7495512382908105,
    "a_late_diff_inhib": 0.47989684877087013,
    "diff_time": 717.6679499914247,
    "a_Valles_2020_ALP": 735.8906922650992,
    "a_Valles_2020_ARS": 921.6161218501403
}