{
    "ALP_M_n": 4.626019191443533,
    "ARS_M_n": 1.92398706170645,
    "ALP_0": 0.9006088046944163,
    "ARS_0": 0.4335617655475799,
    "maturity_t": 0.44050544019061677,
    "early_diff_slow": 0.3222995507124443,
    "early_diff_fast": 0.7497650395178258,
    "early_diff_very_fast": 0.667578498802271,
    "late_diff_slow": 0.14492756941405657,
    "late_diff_fast": 0.6993017516901772,
    "a_early_diff_stim": 4.965631497266112,
    "a_early_diff_inhib": 0.6335409233804047,
    "a_late_diff_stim": 1.489659889414898,
    "a_late_diff_inhib": 0.8279391850531035,
    "diff_time": 718.4249934676094,
    "a_Valles_2020_ALP": 805.9275084695764,
    "a_Valles_2020_ARS": 642.9666083087149
}