{
    "ALP_M_n": 4.7035933839977755,
    "ARS_M_n": 1.9250043331784068,
    "ALP_0": 0.8980388642355488,
    "ARS_0": 0.43345636466769066,
    "maturity_t": 0.5773949216494305,
    "early_diff_slow": 0.21296080991917987,
    "early_diff_fast": 0.7410726680186874,
    "early_diff_very_fast": 0.6620442569380761,
    "late_diff_slow": 0.1491494703137461,
    "late_diff_fast": 0.7133164863999534,
    "a_early_diff_stim": 4.961249534454909,
    "a_early_diff_inhib": 0.22594767767045565,
    "a_late_diff_stim": 2.3723359802994386,
    "a_late_diff_inhib": 0.3066932711025918,
    "diff_time": 703.6866528851332,
    "a_Valles_2020_ALP": 308.3450440895913,
    "a_Valles_2020_ARS": 562.3007369537927
}