{
    "ALP_M_n": 4.657966331584703,
    "ARS_M_n": 1.9234273395516088,
    "ALP_0": 0.899458151620019,
    "ARS_0": 0.4331940345804225,
    "maturity_t": 0.38522836752724543,
    "early_diff_slow": 0.3426494901897793,
    "early_diff_fast": 0.7488189513069536,
    "early_diff_very_fast": 0.667645167843522,
    "late_diff_slow": 0.38581519348727056,
    "late_diff_fast": 0.6275438732514536,
    "a_early_diff_stim": 4.90860843366686,
    "a_early_diff_inhib": 0.6669822464549819,
    "a_late_diff_stim": 1.9648694016006756,
    "a_late_diff_inhib": 0.5569754131471294,
    "diff_time": 713.0531520525801,
    "a_Valles_2020_ALP": 514.0601460680746,
    "a_Valles_2020_ARS": 437.2091332311312
}