{
    "ALP_M_n": 4.598779971303678,
    "ARS_M_n": 1.9235608997559952,
    "ALP_0": 0.9025042727877578,
    "ARS_0": 0.43382521185135686,
    "maturity_t": 0.586061084177472,
    "early_diff_slow": 0.10373439528200601,
    "early_diff_fast": 0.7483562327825095,
    "early_diff_very_fast": 0.6662399060576516,
    "late_diff_slow": 0.22316824657835127,
    "late_diff_fast": 0.64850162847138,
    "a_early_diff_stim": 4.978570149691405,
    "a_early_diff_inhib": 0.8452406241152128,
    "a_late_diff_stim": 2.2583990750929,
    "a_late_diff_inhib": 0.9619527175866245,
    "diff_time": 717.5744758948465,
    "a_Valles_2020_ALP": 435.4402951406457,
    "a_Valles_2020_ARS": 449.17824480943176
}