{
    "ALP_M_n": 4.138154300006905,
    "ARS_M_n": 1.921355566605762,
    "ALP_0": 0.9226627914882302,
    "ARS_0": 0.4344183725708524,
    "maturity_t": 0.6053261002665202,
    "early_diff_slow": 0.3741723892943966,
    "early_diff_fast": 0.7483916277849728,
    "early_diff_very_fast": 0.6576981860296778,
    "late_diff_slow": 0.27128569145949044,
    "late_diff_fast": 0.6977171919036614,
    "a_early_diff_stim": 4.887767906441463,
    "a_early_diff_inhib": 0.3050707938920182,
    "a_late_diff_stim": 3.8318051086888487,
    "a_late_diff_inhib": 0.4211716050720004,
    "diff_time": 685.9861095233124,
    "a_Valles_2020_ALP": 218.588773627715,
    "a_Valles_2020_ARS": 205.67574041527178
}