{
    "ALP_M_n": 4.600390588368536,
    "ARS_M_n": 1.9256615398138197,
    "ALP_0": 0.9026555253444695,
    "ARS_0": 0.4349560020877082,
    "maturity_t": 0.6208455768211701,
    "early_diff_slow": 0.16561091118673144,
    "early_diff_fast": 0.7493555262499162,
    "early_diff_very_fast": 0.6672843875623836,
    "late_diff_slow": 0.12654153401570245,
    "late_diff_fast": 0.606979652394789,
    "a_early_diff_stim": 4.958989711295582,
    "a_early_diff_inhib": 0.08564985431248728,
    "a_late_diff_stim": 2.145440279855839,
    "a_late_diff_inhib": 0.5574232978882199,
    "diff_time": 719.1782736586903,
    "a_Valles_2020_ALP": 646.7039346432431,
    "a_Valles_2020_ARS": 847.360704584934
}