{
    "ALP_M_n": 5.10127963233095,
    "ARS_M_n": 2.2273233357548,
    "ALP_0": 0.8734295374939618,
    "ARS_0": 0.3660856565633989,
    "maturity_t": 0.7182764203788583,
    "early_diff_slow": 0.39925920911914603,
    "early_diff_fast": 0.7483672545240795,
    "early_diff_very_fast": 0.6666056285769457,
    "late_diff_slow": 0.38873179253320633,
    "late_diff_fast": 0.7382485892403177,
    "a_early_diff_stim": 3.4212540418561344,
    "a_early_diff_inhib": 0.5375667591224544,
    "a_late_diff_stim": 1.8930142218989015,
    "a_late_diff_inhib": 0.3507943996243201,
    "diff_time": 554.9113036835622,
    "a_Valles_2020_ALP": 788.4432304152904,
    "a_Valles_2020_ARS": 490.40155212225886
}