{
    "ALP_M_n": 4.643481288200207,
    "ARS_M_n": 1.9238745761098983,
    "ALP_0": 0.9001475175607547,
    "ARS_0": 0.43326307902069916,
    "maturity_t": 0.7817544536304908,
    "early_diff_slow": 0.14289178479383405,
    "early_diff_fast": 0.7492849175902013,
    "early_diff_very_fast": 0.6679874071105368,
    "late_diff_slow": 0.3252296808348743,
    "late_diff_fast": 0.8039639548169265,
    "a_early_diff_stim": 4.985789686725572,
    "a_early_diff_inhib": 0.8729549561297941,
    "a_late_diff_stim": 3.9749014440695363,
    "a_late_diff_inhib": 0.2686434523188147,
    "diff_time": 721.063684180744,
    "a_Valles_2020_ALP": 639.6117738925785,
    "a_Valles_2020_ARS": 384.58565252904486
}