{
    "ALP_M_n": 4.597459231209302,
    "ARS_M_n": 1.9221100489595926,
    "ALP_0": 0.9017580521434893,
    "ARS_0": 0.43345713931874597,
    "maturity_t": 0.9613752419778508,
    "early_diff_slow": 0.36167847929705177,
    "early_diff_fast": 0.7456688584190079,
    "early_diff_very_fast": 0.6635884377985934,
    "late_diff_slow": 0.3557844255585002,
    "late_diff_fast": 0.6442104540123195,
    "a_early_diff_stim": 4.903265847311316,
    "a_early_diff_inhib": 0.5837123158701003,
    "a_late_diff_stim": 2.0281561504317724,
    "a_late_diff_inhib": 0.3944153364627727,
    "diff_time": 701.923195368478,
    "a_Valles_2020_ALP": 766.6136275561855,
    "a_Valles_2020_ARS": 451.90733986470013
}