{
    "ALP_M_n": 4.5506629567036585,
    "ARS_M_n": 1.9267160751610124,
    "ALP_0": 0.9043652193266984,
    "ARS_0": 0.4342256590904834,
    "maturity_t": 0.7407626003176554,
    "early_diff_slow": 0.2783729412121122,
    "early_diff_fast": 0.7474428143425143,
    "early_diff_very_fast": 0.6645416954937371,
    "late_diff_slow": 0.2921734449915379,
    "late_diff_fast": 0.8738291106034034,
    "a_early_diff_stim": 4.911273021534379,
    "a_early_diff_inhib": 0.39156461972006673,
    "a_late_diff_stim": 2.724501809179216,
    "a_late_diff_inhib": 0.5788779789098504,
    "diff_time": 706.8176132830623,
    "a_Valles_2020_ALP": 436.26747330575904,
    "a_Valles_2020_ARS": 425.3306996321836
}