{
    "ALP_M_n": 4.61984723923507,
    "ARS_M_n": 1.923336162310439,
    "ALP_0": 0.9012969951969579,
    "ARS_0": 0.4339292308764058,
    "maturity_t": 0.34835758830390856,
    "early_diff_slow": 0.3208431884251145,
    "early_diff_fast": 0.7461475879629293,
    "early_diff_very_fast": 0.6575509921138057,
    "late_diff_slow": 0.22171678081186894,
    "late_diff_fast": 0.7848773387559373,
    "a_early_diff_stim": 4.93776631984154,
    "a_early_diff_inhib": 0.828925692447016,
    "a_late_diff_stim": 0.8284871481164744,
    "a_late_diff_inhib": 0.12495029344258701,
    "diff_time": 689.7306240723639,
    "a_Valles_2020_ALP": 558.700695986116,
    "a_Valles_2020_ARS": 24.37819561558507
}