{
    "ALP_M_n": 4.6209131727626245,
    "ARS_M_n": 1.907341630326861,
    "ALP_0": 0.9004551333777937,
    "ARS_0": 0.4372517452947626,
    "maturity_t": 0.70954060356869,
    "early_diff_slow": 0.19327317008137018,
    "early_diff_fast": 0.7495127474290209,
    "early_diff_very_fast": 0.6665139046082451,
    "late_diff_slow": 0.14661813618568076,
    "late_diff_fast": 0.7812560917221981,
    "a_early_diff_stim": 4.965623342471444,
    "a_early_diff_inhib": 0.7046568049293371,
    "a_late_diff_stim": 4.720206423374495,
    "a_late_diff_inhib": 0.2663139030412054,
    "diff_time": 716.8416029065976,
    "a_Valles_2020_ALP": 505.01209881660526,
    "a_Valles_2020_ARS": 815.5986278854584
}