{
    "ALP_M_n": 4.641851637914116,
    "ARS_M_n": 1.9121892493807917,
    "ALP_0": 0.9000922466557378,
    "ARS_0": 0.4347770488756443,
    "maturity_t": 0.6995002001766576,
    "early_diff_slow": 0.12687560123210725,
    "early_diff_fast": 0.7479441062810686,
    "early_diff_very_fast": 0.6658563520163624,
    "late_diff_slow": 0.2952382934528225,
    "late_diff_fast": 0.6377469548680875,
    "a_early_diff_stim": 4.9413517654659325,
    "a_early_diff_inhib": 0.3880490893547234,
    "a_late_diff_stim": 1.9999903094941351,
    "a_late_diff_inhib": 0.6494815920808918,
    "diff_time": 711.2941157043005,
    "a_Valles_2020_ALP": 73.85684719557685,
    "a_Valles_2020_ARS": 443.25156259940434
}