{
    "ALP_M_n": 4.638463111113741,
    "ARS_M_n": 1.924456280409772,
    "ALP_0": 0.9002539799466941,
    "ARS_0": 0.4335848414349011,
    "maturity_t": 0.7141051592166877,
    "early_diff_slow": 0.326609361759325,
    "early_diff_fast": 0.7483927867982095,
    "early_diff_very_fast": 0.6665072997368323,
    "late_diff_slow": 0.3766563023905972,
    "late_diff_fast": 0.7724980682307676,
    "a_early_diff_stim": 4.9609303854874325,
    "a_early_diff_inhib": 0.7121204098171222,
    "a_late_diff_stim": 4.527621204127841,
    "a_late_diff_inhib": 0.3082079583078465,
    "diff_time": 715.2554815621302,
    "a_Valles_2020_ALP": 397.0490503745243,
    "a_Valles_2020_ARS": 328.07587715938104
}