{
    "ALP_M_n": 4.706266026652859,
    "ARS_M_n": 1.9194940311727733,
    "ALP_0": 0.898366272373745,
    "ARS_0": 0.43435503615122,
    "maturity_t": 0.34618633620374506,
    "early_diff_slow": 0.21409494458398728,
    "early_diff_fast": 0.7488553408511389,
    "early_diff_very_fast": 0.628498198202227,
    "late_diff_slow": 0.23406031143872033,
    "late_diff_fast": 0.8287429178459909,
    "a_early_diff_stim": 4.982951703535932,
    "a_early_diff_inhib": 0.5284487949529033,
    "a_late_diff_stim": 1.6612434369325304,
    "a_late_diff_inhib": 0.3960802109960425,
    "diff_time": 616.3567892581185,
    "a_Valles_2020_ALP": 910.3882099363385,
    "a_Valles_2020_ARS": 893.4393031137695
}