{
    "ALP_M_n": 4.563971005231325,
    "ARS_M_n": 1.9259863484779751,
    "ALP_0": 0.903372155769034,
    "ARS_0": 0.43359538669402387,
    "maturity_t": 0.5485099806567031,
    "early_diff_slow": 0.38669069500082776,
    "early_diff_fast": 0.7497674506576654,
    "early_diff_very_fast": 0.666939726699112,
    "late_diff_slow": 0.38519338559924865,
    "late_diff_fast": 0.7705966551682313,
    "a_early_diff_stim": 4.970049423731384,
    "a_early_diff_inhib": 0.6034383325538434,
    "a_late_diff_stim": 2.503083420960448,
    "a_late_diff_inhib": 0.7678349007971284,
    "diff_time": 717.2551347661818,
    "a_Valles_2020_ALP": 172.08987044428227,
    "a_Valles_2020_ARS": 844.9025630385754
}