{
    "ALP_M_n": 4.706308003184116,
    "ARS_M_n": 1.9395372182958306,
    "ALP_0": 0.8976038899281145,
    "ARS_0": 0.4298182327562443,
    "maturity_t": 0.34694650110633224,
    "early_diff_slow": 0.39940078675767005,
    "early_diff_fast": 0.7496025617120828,
    "early_diff_very_fast": 0.6589829879631504,
    "late_diff_slow": 0.2648617337115798,
    "late_diff_fast": 0.6992734236352531,
    "a_early_diff_stim": 4.785963441829599,
    "a_early_diff_inhib": 0.22026945023428468,
    "a_late_diff_stim": 3.985695448306521,
    "a_late_diff_inhib": 0.735709296847289,
    "diff_time": 679.5956457345624,
    "a_Valles_2020_ALP": 271.717467272263,
    "a_Valles_2020_ARS": 160.10595756465784
}