{
    "ALP_M_n": 4.664279049366622,
    "ARS_M_n": 1.9151127146796667,
    "ALP_0": 0.8992678879881499,
    "ARS_0": 0.43559255037642125,
    "maturity_t": 0.8381771906428713,
    "early_diff_slow": 0.2723179084972837,
    "early_diff_fast": 0.748362312251092,
    "early_diff_very_fast": 0.6663451145331818,
    "late_diff_slow": 0.17118321913361698,
    "late_diff_fast": 0.7248655602781858,
    "a_early_diff_stim": 4.881336547758947,
    "a_early_diff_inhib": 0.3809049858555809,
    "a_late_diff_stim": 0.8893135531532392,
    "a_late_diff_inhib": 0.7089058423914467,
    "diff_time": 708.2889049767648,
    "a_Valles_2020_ALP": 886.084511676049,
    "a_Valles_2020_ARS": 414.84526704405334
}