{
    "ALP_M_n": 4.623503110292081,
    "ARS_M_n": 1.9192556852850138,
    "ALP_0": 0.900697692714931,
    "ARS_0": 0.43395558108310767,
    "maturity_t": 0.6756049552358402,
    "early_diff_slow": 0.18137129266768556,
    "early_diff_fast": 0.7497921623132995,
    "early_diff_very_fast": 0.6679432317711566,
    "late_diff_slow": 0.20662093214057525,
    "late_diff_fast": 0.7083439899585464,
    "a_early_diff_stim": 4.934008338918435,
    "a_early_diff_inhib": 0.34500141504185744,
    "a_late_diff_stim": 1.6579529717579475,
    "a_late_diff_inhib": 0.619791682203426,
    "diff_time": 715.8623393261009,
    "a_Valles_2020_ALP": 792.0685304125069,
    "a_Valles_2020_ARS": 691.2792137757912
}