{
    "ALP_M_n": 6.665144588444577,
    "ARS_M_n": 2.6598391626925344,
    "ALP_0": 0.9318463303016495,
    "ARS_0": 0.5939796188282563,
    "maturity_t": 0.9493125400216107,
    "early_diff_slow": 0.3595994602353978,
    "early_diff_fast": 0.7444047388720476,
    "early_diff_very_fast": 0.6766378788679333,
    "late_diff_slow": 0.3480614253258858,
    "late_diff_fast": 0.7348954492404434,
    "a_early_diff_stim": 4.92648767710658,
    "a_early_diff_inhib": 0.021473345684904777,
    "a_late_diff_stim": 4.344836478007652,
    "a_late_diff_inhib": 0.6670616714848792,
    "diff_time": 1043.598486470356,
    "a_Valles_2020_ALP": 334.9609822926475,
    "a_Valles_2020_ARS": 71.61552055773308
}