{
    "ALP_M_n": 4.679485198199636,
    "ARS_M_n": 1.907053524665034,
    "ALP_0": 0.8990045804859913,
    "ARS_0": 0.43764016621552826,
    "maturity_t": 0.8435075567516062,
    "early_diff_slow": 0.1633086766219028,
    "early_diff_fast": 0.7427065429541035,
    "early_diff_very_fast": 0.6626153097480003,
    "late_diff_slow": 0.14449731943412444,
    "late_diff_fast": 0.6481095829282595,
    "a_early_diff_stim": 4.938944739260929,
    "a_early_diff_inhib": 0.2044522313092052,
    "a_late_diff_stim": 4.0688240573909304,
    "a_late_diff_inhib": 0.5800708203198448,
    "diff_time": 704.3459803124919,
    "a_Valles_2020_ALP": 976.4319431908639,
    "a_Valles_2020_ARS": 488.7810663214419
}