{
    "ALP_M_n": 4.669066072309568,
    "ARS_M_n": 1.9166532576875261,
    "ALP_0": 0.8993722799336924,
    "ARS_0": 0.43485183801157284,
    "maturity_t": 0.7812745750984859,
    "early_diff_slow": 0.10053163448699654,
    "early_diff_fast": 0.7493196320442073,
    "early_diff_very_fast": 0.6680041907783857,
    "late_diff_slow": 0.2971701411429642,
    "late_diff_fast": 0.669425577330822,
    "a_early_diff_stim": 4.866337552625108,
    "a_early_diff_inhib": 0.33655271991002006,
    "a_late_diff_stim": 1.9820016398850047,
    "a_late_diff_inhib": 0.9310986148559874,
    "diff_time": 710.8294419185605,
    "a_Valles_2020_ALP": 619.1225549141992,
    "a_Valles_2020_ARS": 371.606867306982
}