{
    "ALP_M_n": 4.67766877753596,
    "ARS_M_n": 1.9241393291477102,
    "ALP_0": 0.8989657321391457,
    "ARS_0": 0.43381544911158837,
    "maturity_t": 0.36789839013974235,
    "early_diff_slow": 0.21769314776812987,
    "early_diff_fast": 0.7427230469074544,
    "early_diff_very_fast": 0.6634078489253036,
    "late_diff_slow": 0.10387219297671349,
    "late_diff_fast": 0.7478880434572381,
    "a_early_diff_stim": 4.990316804134669,
    "a_early_diff_inhib": 0.24908920469394163,
    "a_late_diff_stim": 0.3741514832937547,
    "a_late_diff_inhib": 0.3593566489713308,
    "diff_time": 709.734809966318,
    "a_Valles_2020_ALP": 355.0851370943054,
    "a_Valles_2020_ARS": 116.710160672055
}