{
    "ALP_M_n": 4.4787100471414965,
    "ARS_M_n": 1.9115159161026443,
    "ALP_0": 0.9077319921084942,
    "ARS_0": 0.43714073862707953,
    "maturity_t": 0.6548629050127226,
    "early_diff_slow": 0.36776830056889503,
    "early_diff_fast": 0.7483000283367613,
    "early_diff_very_fast": 0.6629654501008821,
    "late_diff_slow": 0.33636356429378483,
    "late_diff_fast": 0.7900979846026375,
    "a_early_diff_stim": 4.945148241404753,
    "a_early_diff_inhib": 0.44066652461043876,
    "a_late_diff_stim": 2.9315023017255504,
    "a_late_diff_inhib": 0.7090832619140277,
    "diff_time": 706.6669908449018,
    "a_Valles_2020_ALP": 140.96946443065644,
    "a_Valles_2020_ARS": 117.31383317622823
}