{
    "ALP_M_n": 4.675619470836331,
    "ARS_M_n": 1.9234204048048575,
    "ALP_0": 0.899393645704521,
    "ARS_0": 0.43456550597179294,
    "maturity_t": 0.9772809328110506,
    "early_diff_slow": 0.17023260226185433,
    "early_diff_fast": 0.7459859835968548,
    "early_diff_very_fast": 0.6655417997515636,
    "late_diff_slow": 0.21662507706032114,
    "late_diff_fast": 0.8937738478382549,
    "a_early_diff_stim": 4.986093107096171,
    "a_early_diff_inhib": 0.7074500433142117,
    "a_late_diff_stim": 0.07036299736207674,
    "a_late_diff_inhib": 0.5143711609427531,
    "diff_time": 715.6606256591864,
    "a_Valles_2020_ALP": 626.1736023914399,
    "a_Valles_2020_ARS": 427.5468559175989
}