{
    "ALP_M_n": 4.6432342383324325,
    "ARS_M_n": 1.921165066243302,
    "ALP_0": 0.899600560545119,
    "ARS_0": 0.43268704709806777,
    "maturity_t": 0.8786717941982083,
    "early_diff_slow": 0.24767538028588315,
    "early_diff_fast": 0.7493369686910362,
    "early_diff_very_fast": 0.6674037931509608,
    "late_diff_slow": 0.3489712433015361,
    "late_diff_fast": 0.6348725542966549,
    "a_early_diff_stim": 4.924509059527214,
    "a_early_diff_inhib": 0.6730948378775584,
    "a_late_diff_stim": 4.108328997296853,
    "a_late_diff_inhib": 0.8518415285483688,
    "diff_time": 712.7021622986324,
    "a_Valles_2020_ALP": 98.82779836546939,
    "a_Valles_2020_ARS": 319.41209115216964
}