{
    "ALP_M_n": 4.459512783642457,
    "ARS_M_n": 1.909912791638781,
    "ALP_0": 0.9085896383895744,
    "ARS_0": 0.4381640244965946,
    "maturity_t": 0.47051944355407066,
    "early_diff_slow": 0.12713653174883532,
    "early_diff_fast": 0.7492630431244516,
    "early_diff_very_fast": 0.6650095564596245,
    "late_diff_slow": 0.12507605469602195,
    "late_diff_fast": 0.8075885244340627,
    "a_early_diff_stim": 4.990944548592677,
    "a_early_diff_inhib": 0.9840758250382877,
    "a_late_diff_stim": 0.15750064062153735,
    "a_late_diff_inhib": 0.43943458893444687,
    "diff_time": 716.3540290573911,
    "a_Valles_2020_ALP": 643.4403719057032,
    "a_Valles_2020_ARS": 798.8689952637092
}