{
    "ALP_M_n": 4.591727188330022,
    "ARS_M_n": 1.916337977248328,
    "ALP_0": 0.9022844792286936,
    "ARS_0": 0.43588752969281797,
    "maturity_t": 0.861582744255739,
    "early_diff_slow": 0.3537413856585401,
    "early_diff_fast": 0.7484293278010864,
    "early_diff_very_fast": 0.6660805637083794,
    "late_diff_slow": 0.2590151703478114,
    "late_diff_fast": 0.8364551832770266,
    "a_early_diff_stim": 4.9976570726749205,
    "a_early_diff_inhib": 0.6154363989188533,
    "a_late_diff_stim": 2.7247161212451996,
    "a_late_diff_inhib": 0.4649408805696995,
    "diff_time": 718.403098529446,
    "a_Valles_2020_ALP": 33.72772288025743,
    "a_Valles_2020_ARS": 718.0020927386986
}