{
    "ALP_M_n": 4.589607138699864,
    "ARS_M_n": 1.9121436518027348,
    "ALP_0": 0.9027646356049973,
    "ARS_0": 0.43659943706886484,
    "maturity_t": 0.40946372125770797,
    "early_diff_slow": 0.20158501995845252,
    "early_diff_fast": 0.7493699972598729,
    "early_diff_very_fast": 0.6657116483701219,
    "late_diff_slow": 0.26019110746883967,
    "late_diff_fast": 0.7762343905671568,
    "a_early_diff_stim": 4.922918116112358,
    "a_early_diff_inhib": 0.5096408949458002,
    "a_late_diff_stim": 2.19302380211144,
    "a_late_diff_inhib": 0.5218239836038585,
    "diff_time": 710.8729817333367,
    "a_Valles_2020_ALP": 807.0931875821867,
    "a_Valles_2020_ARS": 191.49034954120668
}