{
    "ALP_M_n": 4.53166523638773,
    "ARS_M_n": 1.9238659697278777,
    "ALP_0": 0.9031930686837654,
    "ARS_0": 0.4331962301583036,
    "maturity_t": 0.6400532007056087,
    "early_diff_slow": 0.3413131411626523,
    "early_diff_fast": 0.747451664830219,
    "early_diff_very_fast": 0.6633663661905457,
    "late_diff_slow": 0.35328976331533385,
    "late_diff_fast": 0.7146436594310897,
    "a_early_diff_stim": 4.979796566843921,
    "a_early_diff_inhib": 0.7630847885218609,
    "a_late_diff_stim": 3.221570850849353,
    "a_late_diff_inhib": 0.805079094324481,
    "diff_time": 708.0069304572614,
    "a_Valles_2020_ALP": 373.27558016014143,
    "a_Valles_2020_ARS": 859.7397383068627
}