{
    "ALP_M_n": 4.608593372751712,
    "ARS_M_n": 1.9152289718910205,
    "ALP_0": 0.9006978962534566,
    "ARS_0": 0.4342094951367866,
    "maturity_t": 0.6330668251507147,
    "early_diff_slow": 0.16929641824803512,
    "early_diff_fast": 0.7492729697208709,
    "early_diff_very_fast": 0.6667021603760466,
    "late_diff_slow": 0.23760711086292916,
    "late_diff_fast": 0.7402059515916487,
    "a_early_diff_stim": 4.952155820499738,
    "a_early_diff_inhib": 0.6046152131344762,
    "a_late_diff_stim": 2.0948306781275923,
    "a_late_diff_inhib": 0.29652570493291586,
    "diff_time": 714.2826524050998,
    "a_Valles_2020_ALP": 347.67822914416377,
    "a_Valles_2020_ARS": 314.6626739860784
}