{
    "ALP_M_n": 4.610601043083208,
    "ARS_M_n": 1.9235983795263552,
    "ALP_0": 0.9022044400645646,
    "ARS_0": 0.433815144292002,
    "maturity_t": 0.6815368366953973,
    "early_diff_slow": 0.22356090867321543,
    "early_diff_fast": 0.7495337026843711,
    "early_diff_very_fast": 0.6662833106440963,
    "late_diff_slow": 0.27568188522979087,
    "late_diff_fast": 0.8154302110977565,
    "a_early_diff_stim": 4.9365494028354435,
    "a_early_diff_inhib": 0.4955083634668418,
    "a_late_diff_stim": 1.681777112943891,
    "a_late_diff_inhib": 0.09696600178910131,
    "diff_time": 714.353363972749,
    "a_Valles_2020_ALP": 137.7882093226279,
    "a_Valles_2020_ARS": 251.6898301461129
}