{
    "ALP_M_n": 4.575059521096265,
    "ARS_M_n": 1.9219994739866326,
    "ALP_0": 0.9032814284169522,
    "ARS_0": 0.4345758786394849,
    "maturity_t": 0.8644250683555756,
    "early_diff_slow": 0.3410214084961033,
    "early_diff_fast": 0.7484236077655063,
    "early_diff_very_fast": 0.6660853549661268,
    "late_diff_slow": 0.2058790216888977,
    "late_diff_fast": 0.754286549110628,
    "a_early_diff_stim": 4.948605269755608,
    "a_early_diff_inhib": 0.5445720144574855,
    "a_late_diff_stim": 1.25579669439596,
    "a_late_diff_inhib": 0.5659943140801615,
    "diff_time": 713.9979839096027,
    "a_Valles_2020_ALP": 704.2660868660485,
    "a_Valles_2020_ARS": 56.200613071948965
}