{
    "ALP_M_n": 4.637696494973908,
    "ARS_M_n": 1.9164856581968153,
    "ALP_0": 0.8996243347356203,
    "ARS_0": 0.43227381113097607,
    "maturity_t": 0.9673680554936064,
    "early_diff_slow": 0.29974557593064205,
    "early_diff_fast": 0.7485993244172131,
    "early_diff_very_fast": 0.6671423657075405,
    "late_diff_slow": 0.2973614185193248,
    "late_diff_fast": 0.840169154518939,
    "a_early_diff_stim": 4.979921687597474,
    "a_early_diff_inhib": 0.625260463760575,
    "a_late_diff_stim": 0.3187621407133623,
    "a_late_diff_inhib": 0.16271094481091597,
    "diff_time": 716.4818978705314,
    "a_Valles_2020_ALP": 46.357071618021166,
    "a_Valles_2020_ARS": 793.5372528876678
}