{
    "ALP_M_n": 4.575491497820511,
    "ARS_M_n": 1.9196024757787054,
    "ALP_0": 0.9032349055148481,
    "ARS_0": 0.43529882946508086,
    "maturity_t": 0.6309334397410724,
    "early_diff_slow": 0.13572052888300362,
    "early_diff_fast": 0.7495791654963746,
    "early_diff_very_fast": 0.6674295013040141,
    "late_diff_slow": 0.15798313728042945,
    "late_diff_fast": 0.76882632702023,
    "a_early_diff_stim": 4.986260335379928,
    "a_early_diff_inhib": 0.5985933728439045,
    "a_late_diff_stim": 2.0609355467443367,
    "a_late_diff_inhib": 0.9395232332693534,
    "diff_time": 720.9173839689938,
    "a_Valles_2020_ALP": 858.5035491735046,
    "a_Valles_2020_ARS": 414.1352144951527
}