{
    "ALP_M_n": 4.651941494064132,
    "ARS_M_n": 1.9153244688230522,
    "ALP_0": 0.9000026429674063,
    "ARS_0": 0.436048771106279,
    "maturity_t": 0.7051626058998721,
    "early_diff_slow": 0.27972179684543785,
    "early_diff_fast": 0.742445702016814,
    "early_diff_very_fast": 0.6619068911371626,
    "late_diff_slow": 0.33936470145364483,
    "late_diff_fast": 0.7870725992410472,
    "a_early_diff_stim": 4.91577079073378,
    "a_early_diff_inhib": 0.07147970215840149,
    "a_late_diff_stim": 4.238989735726615,
    "a_late_diff_inhib": 0.18194245211825333,
    "diff_time": 700.1519550723514,
    "a_Valles_2020_ALP": 302.0999756098166,
    "a_Valles_2020_ARS": 595.4118880096056
}