{
    "ALP_M_n": 4.235989538795264,
    "ARS_M_n": 1.9263965175383297,
    "ALP_0": 0.9182424236353689,
    "ARS_0": 0.4343898988608779,
    "maturity_t": 0.411853214882677,
    "early_diff_slow": 0.21883081106014865,
    "early_diff_fast": 0.7468958953630498,
    "early_diff_very_fast": 0.6589435336750586,
    "late_diff_slow": 0.16720637592779675,
    "late_diff_fast": 0.6209893707359104,
    "a_early_diff_stim": 4.917189709764039,
    "a_early_diff_inhib": 0.11084588018658192,
    "a_late_diff_stim": 1.3681941864604974,
    "a_late_diff_inhib": 0.9502939271879104,
    "diff_time": 692.6675632774392,
    "a_Valles_2020_ALP": 552.3637117616051,
    "a_Valles_2020_ARS": 626.8965553111439
}