{
    "ALP_M_n": 4.636019530239756,
    "ARS_M_n": 1.9249741013448582,
    "ALP_0": 0.9003298571903414,
    "ARS_0": 0.4334942870872897,
    "maturity_t": 0.7577556886388067,
    "early_diff_slow": 0.15667549043678197,
    "early_diff_fast": 0.747127476540935,
    "early_diff_very_fast": 0.6656188075369642,
    "late_diff_slow": 0.2886242980884276,
    "late_diff_fast": 0.7695292962254255,
    "a_early_diff_stim": 4.972257739954519,
    "a_early_diff_inhib": 0.8597570403074588,
    "a_late_diff_stim": 4.6542640147107885,
    "a_late_diff_inhib": 0.7042008608929433,
    "diff_time": 713.8437063856367,
    "a_Valles_2020_ALP": 395.6768175308867,
    "a_Valles_2020_ARS": 891.322243867163
}