{
    "ALP_M_n": 4.610415254435444,
    "ARS_M_n": 1.9229871835364387,
    "ALP_0": 0.9013699092833176,
    "ARS_0": 0.4334139289515541,
    "maturity_t": 0.348856797733217,
    "early_diff_slow": 0.34299856285522734,
    "early_diff_fast": 0.7490346619319393,
    "early_diff_very_fast": 0.6648443056245594,
    "late_diff_slow": 0.12761421363044056,
    "late_diff_fast": 0.7868718529196581,
    "a_early_diff_stim": 4.86834436399763,
    "a_early_diff_inhib": 0.3845498075557539,
    "a_late_diff_stim": 2.5744840874619146,
    "a_late_diff_inhib": 0.24862199547224995,
    "diff_time": 702.2057411526564,
    "a_Valles_2020_ALP": 930.3319336465638,
    "a_Valles_2020_ARS": 256.69123844932835
}