{
    "ALP_M_n": 4.193017735186776,
    "ARS_M_n": 1.9174897791903869,
    "ALP_0": 0.9199619052793189,
    "ARS_0": 0.43518145524759233,
    "maturity_t": 0.9219774931835023,
    "early_diff_slow": 0.2483213290958594,
    "early_diff_fast": 0.7488518281498087,
    "early_diff_very_fast": 0.6596347145511534,
    "late_diff_slow": 0.1292872742864469,
    "late_diff_fast": 0.8139688483972164,
    "a_early_diff_stim": 4.9877190731430225,
    "a_early_diff_inhib": 0.10966563055654932,
    "a_late_diff_stim": 3.9679220234241512,
    "a_late_diff_inhib": 0.0656464701058721,
    "diff_time": 699.6975946078483,
    "a_Valles_2020_ALP": 555.7028334164489,
    "a_Valles_2020_ARS": 883.4308951564667
}