{
    "ALP_M_n": 4.479697711990651,
    "ARS_M_n": 1.9217614947105326,
    "ALP_0": 0.9057351954121202,
    "ARS_0": 0.4327995585700057,
    "maturity_t": 0.9932142246778922,
    "early_diff_slow": 0.33227179043929467,
    "early_diff_fast": 0.7485724765832015,
    "early_diff_very_fast": 0.6647069411165032,
    "late_diff_slow": 0.2281958004404434,
    "late_diff_fast": 0.8321389981234225,
    "a_early_diff_stim": 4.97312417064288,
    "a_early_diff_inhib": 0.6365602315138461,
    "a_late_diff_stim": 2.8520816179755974,
    "a_late_diff_inhib": 0.4747668732696953,
    "diff_time": 708.7516596576082,
    "a_Valles_2020_ALP": 734.1767275417903,
    "a_Valles_2020_ARS": 366.62755664933945
}