{
    "ALP_M_n": 4.565437495109435,
    "ARS_M_n": 1.920145746507896,
    "ALP_0": 0.9040718232041126,
    "ARS_0": 0.4350626559204661,
    "maturity_t": 0.5018243659204238,
    "early_diff_slow": 0.39131474324747845,
    "early_diff_fast": 0.7471275930650847,
    "early_diff_very_fast": 0.6644628040072645,
    "late_diff_slow": 0.2752301766085163,
    "late_diff_fast": 0.7202237368386091,
    "a_early_diff_stim": 4.903261909694593,
    "a_early_diff_inhib": 0.5621309533315535,
    "a_late_diff_stim": 1.93042053376531,
    "a_late_diff_inhib": 0.05845346845824606,
    "diff_time": 706.7028556980232,
    "a_Valles_2020_ALP": 165.6714702795956,
    "a_Valles_2020_ARS": 797.4683064657347
}