{
    "ALP_M_n": 4.576046973084053,
    "ARS_M_n": 1.9240006029245866,
    "ALP_0": 0.9027691121030685,
    "ARS_0": 0.4336358362025593,
    "maturity_t": 0.5988081209661398,
    "early_diff_slow": 0.33097009927888876,
    "early_diff_fast": 0.7492118059789044,
    "early_diff_very_fast": 0.6665260974575733,
    "late_diff_slow": 0.1769737080954443,
    "late_diff_fast": 0.8268071345867193,
    "a_early_diff_stim": 4.9306444198712684,
    "a_early_diff_inhib": 0.2713067756197677,
    "a_late_diff_stim": 2.0384508402037187,
    "a_late_diff_inhib": 0.5417678073465608,
    "diff_time": 712.2977490689184,
    "a_Valles_2020_ALP": 354.5052044871413,
    "a_Valles_2020_ARS": 482.68305464766325
}