{
    "ALP_M_n": 4.589587738957956,
    "ARS_M_n": 1.9253055760295454,
    "ALP_0": 0.9021456154653933,
    "ARS_0": 0.4334672818350431,
    "maturity_t": 0.6483062376287001,
    "early_diff_slow": 0.29352465030624636,
    "early_diff_fast": 0.7474317684626026,
    "early_diff_very_fast": 0.6658356310441611,
    "late_diff_slow": 0.26760407490253313,
    "late_diff_fast": 0.8937892115347685,
    "a_early_diff_stim": 4.976418195983903,
    "a_early_diff_inhib": 0.777078292363462,
    "a_late_diff_stim": 1.7825956261271603,
    "a_late_diff_inhib": 0.34645765357951513,
    "diff_time": 714.115680485191,
    "a_Valles_2020_ALP": 188.32494392501667,
    "a_Valles_2020_ARS": 747.7120995451396
}