{
    "ALP_M_n": 4.653171781484039,
    "ARS_M_n": 1.9159722782331967,
    "ALP_0": 0.9002477004834155,
    "ARS_0": 0.4358730671367066,
    "maturity_t": 0.42679309539356575,
    "early_diff_slow": 0.31689947170629973,
    "early_diff_fast": 0.7474584129321205,
    "early_diff_very_fast": 0.6665090345987595,
    "late_diff_slow": 0.2997721076194654,
    "late_diff_fast": 0.7820443950438493,
    "a_early_diff_stim": 4.9850391577440565,
    "a_early_diff_inhib": 0.24607891487684308,
    "a_late_diff_stim": 4.260394516928603,
    "a_late_diff_inhib": 0.40708969014523433,
    "diff_time": 718.5313110800646,
    "a_Valles_2020_ALP": 441.4478925665136,
    "a_Valles_2020_ARS": 385.93552109454424
}