{
    "ALP_M_n": 4.624295585580928,
    "ARS_M_n": 1.9161685605070236,
    "ALP_0": 0.9018498683562686,
    "ARS_0": 0.43672533658802837,
    "maturity_t": 0.941634892006399,
    "early_diff_slow": 0.39862693286057527,
    "early_diff_fast": 0.7435690928734077,
    "early_diff_very_fast": 0.6623920270695683,
    "late_diff_slow": 0.23445466873060056,
    "late_diff_fast": 0.7393087594772855,
    "a_early_diff_stim": 4.936929411660552,
    "a_early_diff_inhib": 0.7249749057646686,
    "a_late_diff_stim": 3.106471040900089,
    "a_late_diff_inhib": 0.5709867080294578,
    "diff_time": 704.4793847025292,
    "a_Valles_2020_ALP": 736.6407678344507,
    "a_Valles_2020_ARS": 241.29557521560173
}