{
    "ALP_M_n": 4.6266379178562875,
    "ARS_M_n": 1.9241785540613174,
    "ALP_0": 0.901167113163103,
    "ARS_0": 0.4336593049961387,
    "maturity_t": 0.6352295216507905,
    "early_diff_slow": 0.24737331164221688,
    "early_diff_fast": 0.7496204510404031,
    "early_diff_very_fast": 0.667845544982182,
    "late_diff_slow": 0.2188190496892173,
    "late_diff_fast": 0.6900437932400609,
    "a_early_diff_stim": 4.982388779861511,
    "a_early_diff_inhib": 0.9877124973567912,
    "a_late_diff_stim": 3.5697595737095855,
    "a_late_diff_inhib": 0.5493561933282776,
    "diff_time": 721.5242941182602,
    "a_Valles_2020_ALP": 402.83478870568604,
    "a_Valles_2020_ARS": 527.3584760733621
}