{
    "ALP_M_n": 4.59205722285333,
    "ARS_M_n": 1.9215811196497927,
    "ALP_0": 0.9024690485977107,
    "ARS_0": 0.4343576322698829,
    "maturity_t": 0.7548840610634875,
    "early_diff_slow": 0.3077017714385399,
    "early_diff_fast": 0.7474368040070392,
    "early_diff_very_fast": 0.6658370978810222,
    "late_diff_slow": 0.22373595618080688,
    "late_diff_fast": 0.6540119737364333,
    "a_early_diff_stim": 4.9681410945006315,
    "a_early_diff_inhib": 0.5884986828139862,
    "a_late_diff_stim": 3.2686742188467175,
    "a_late_diff_inhib": 0.38338876463971083,
    "diff_time": 714.5526438650373,
    "a_Valles_2020_ALP": 714.6002477193382,
    "a_Valles_2020_ARS": 939.0420158045572
}