{
    "ALP_M_n": 4.665021059384532,
    "ARS_M_n": 1.915791406426868,
    "ALP_0": 0.8991599380715639,
    "ARS_0": 0.4359221112307437,
    "maturity_t": 0.5723991191652679,
    "early_diff_slow": 0.1961410874092346,
    "early_diff_fast": 0.7493791496988056,
    "early_diff_very_fast": 0.6671009200471569,
    "late_diff_slow": 0.25404792225990985,
    "late_diff_fast": 0.7143019197132214,
    "a_early_diff_stim": 4.866843105334117,
    "a_early_diff_inhib": 0.39395675290803467,
    "a_late_diff_stim": 1.7245609891160734,
    "a_late_diff_inhib": 0.5753649327981618,
    "diff_time": 709.4241650439458,
    "a_Valles_2020_ALP": 216.40739789305684,
    "a_Valles_2020_ARS": 646.6134030349649
}