{
    "ALP_M_n": 4.621753749930103,
    "ARS_M_n": 1.919581571231142,
    "ALP_0": 0.9008393532425176,
    "ARS_0": 0.4348966839927131,
    "maturity_t": 0.8130299777104275,
    "early_diff_slow": 0.2742624351950423,
    "early_diff_fast": 0.7411520452226474,
    "early_diff_very_fast": 0.6604080044510857,
    "late_diff_slow": 0.20889968467285303,
    "late_diff_fast": 0.6821577981069558,
    "a_early_diff_stim": 4.981984536604021,
    "a_early_diff_inhib": 0.22961203950653875,
    "a_late_diff_stim": 2.2163423959739017,
    "a_late_diff_inhib": 0.3703776524832664,
    "diff_time": 701.3373787877696,
    "a_Valles_2020_ALP": 452.5983369106328,
    "a_Valles_2020_ARS": 946.9666430401802
}