{
    "ALP_M_n": 4.558453588576472,
    "ARS_M_n": 1.9201096478020183,
    "ALP_0": 0.9034578842310245,
    "ARS_0": 0.4338836314296462,
    "maturity_t": 0.35712412263045734,
    "early_diff_slow": 0.1878285252522082,
    "early_diff_fast": 0.7494364275453799,
    "early_diff_very_fast": 0.6666074818481705,
    "late_diff_slow": 0.3042671205859706,
    "late_diff_fast": 0.6486219617817414,
    "a_early_diff_stim": 4.997624015900932,
    "a_early_diff_inhib": 0.8177248153851538,
    "a_late_diff_stim": 2.869725447320591,
    "a_late_diff_inhib": 0.9176956088284984,
    "diff_time": 718.516542527663,
    "a_Valles_2020_ALP": 143.38376716031564,
    "a_Valles_2020_ARS": 426.1527800932136
}