{
    "ALP_M_n": 5.602358563241911,
    "ARS_M_n": 2.156029174435514,
    "ALP_0": 0.9167676735434612,
    "ARS_0": 0.5257206822566939,
    "maturity_t": 0.7083378147474741,
    "early_diff_slow": 0.159657287984308,
    "early_diff_fast": 0.7498440755006094,
    "early_diff_very_fast": 0.6785113813219152,
    "late_diff_slow": 0.2951514047980798,
    "late_diff_fast": 0.8895192804492977,
    "a_early_diff_stim": 4.840097237452101,
    "a_early_diff_inhib": 0.9843012364981005,
    "a_late_diff_stim": 0.9156674772279678,
    "a_late_diff_inhib": 0.18351435767134927,
    "diff_time": 865.048514122932,
    "a_Valles_2020_ALP": 800.887981364817,
    "a_Valles_2020_ARS": 510.56643307390414
}