{
    "ALP_M_n": 4.675651195982802,
    "ARS_M_n": 1.9189714623572907,
    "ALP_0": 0.8986131569050391,
    "ARS_0": 0.4331649211591042,
    "maturity_t": 0.8331345046636558,
    "early_diff_slow": 0.21466823168991417,
    "early_diff_fast": 0.7420989467275166,
    "early_diff_very_fast": 0.6632864321200248,
    "late_diff_slow": 0.3091250781036384,
    "late_diff_fast": 0.7979943397459636,
    "a_early_diff_stim": 4.940787829072308,
    "a_early_diff_inhib": 0.9496122145353827,
    "a_late_diff_stim": 3.509350079776124,
    "a_late_diff_inhib": 0.09794334249219883,
    "diff_time": 703.7968061853093,
    "a_Valles_2020_ALP": 102.07243697750846,
    "a_Valles_2020_ARS": 927.2541153662653
}