{
    "ALP_M_n": 4.695370722262122,
    "ARS_M_n": 1.9354470827228951,
    "ALP_0": 0.8969611516424068,
    "ARS_0": 0.4304357215720566,
    "maturity_t": 0.348223630225336,
    "early_diff_slow": 0.2616238049225651,
    "early_diff_fast": 0.7499706034541677,
    "early_diff_very_fast": 0.6248664582805492,
    "late_diff_slow": 0.3539302611316087,
    "late_diff_fast": 0.7808142184144917,
    "a_early_diff_stim": 4.9812637474781605,
    "a_early_diff_inhib": 0.46431788811948427,
    "a_late_diff_stim": 1.126230413209908,
    "a_late_diff_inhib": 0.7079560434891193,
    "diff_time": 602.3519842757665,
    "a_Valles_2020_ALP": 576.2714798035739,
    "a_Valles_2020_ARS": 756.0889835400532
}