{
    "ALP_M_n": 5.389584727810855,
    "ARS_M_n": 2.4553201816207277,
    "ALP_0": 0.8576695583724688,
    "ARS_0": 0.3252490745819639,
    "maturity_t": 0.5547233680220484,
    "early_diff_slow": 0.39949023876839224,
    "early_diff_fast": 0.7476447648580282,
    "early_diff_very_fast": 0.6645331774687715,
    "late_diff_slow": 0.38081816304202937,
    "late_diff_fast": 0.8288414160001184,
    "a_early_diff_stim": 2.7719034194248136,
    "a_early_diff_inhib": 0.4156430800696854,
    "a_late_diff_stim": 4.600798967153356,
    "a_late_diff_inhib": 0.15982221859718676,
    "diff_time": 483.4594010646048,
    "a_Valles_2020_ALP": 244.21197164465835,
    "a_Valles_2020_ARS": 979.8085070378652
}