{
    "ALP_M_n": 4.651116649252539,
    "ARS_M_n": 1.9218325514124206,
    "ALP_0": 0.9000054164016993,
    "ARS_0": 0.43428994619348515,
    "maturity_t": 0.6664787815523674,
    "early_diff_slow": 0.2878390832956066,
    "early_diff_fast": 0.75,
    "early_diff_very_fast": 0.6679613688157645,
    "late_diff_slow": 0.22148297597653535,
    "late_diff_fast": 0.860988869330473,
    "a_early_diff_stim": 4.921475176842826,
    "a_early_diff_inhib": 0.30781376571072555,
    "a_late_diff_stim": 3.074032650031139,
    "a_late_diff_inhib": 0.662830584205357,
    "diff_time": 716.2016557538362,
    "a_Valles_2020_ALP": 777.4551329969526,
    "a_Valles_2020_ARS": 353.51417568634145
}