{
    "ALP_M_n": 4.378047871450698,
    "ARS_M_n": 1.9191587595559614,
    "ALP_0": 0.9111319077667387,
    "ARS_0": 0.43412148124027405,
    "maturity_t": 0.8447085020944525,
    "early_diff_slow": 0.2359004547801548,
    "early_diff_fast": 0.7495378292251786,
    "early_diff_very_fast": 0.6637675869931297,
    "late_diff_slow": 0.22792296531123807,
    "late_diff_fast": 0.7815575744937923,
    "a_early_diff_stim": 4.9754098716312924,
    "a_early_diff_inhib": 0.612337059036981,
    "a_late_diff_stim": 1.2207410393082396,
    "a_late_diff_inhib": 0.1397885119866107,
    "diff_time": 708.9988613947432,
    "a_Valles_2020_ALP": 132.81192943734845,
    "a_Valles_2020_ARS": 570.9534843782317
}