{
    "ALP_M_n": 4.6582837484864115,
    "ARS_M_n": 1.9237761740225672,
    "ALP_0": 0.8995345291968972,
    "ARS_0": 0.4333467526522061,
    "maturity_t": 0.5074807294863933,
    "early_diff_slow": 0.23677352342000896,
    "early_diff_fast": 0.7451444578312272,
    "early_diff_very_fast": 0.6645204397254227,
    "late_diff_slow": 0.3096402487899107,
    "late_diff_fast": 0.8132109332170289,
    "a_early_diff_stim": 4.9459967005217695,
    "a_early_diff_inhib": 0.27380420002706796,
    "a_late_diff_stim": 2.2081176289707396,
    "a_late_diff_inhib": 0.442733002096416,
    "diff_time": 708.2842264198717,
    "a_Valles_2020_ALP": 994.1875341551151,
    "a_Valles_2020_ARS": 476.12190888503767
}