{
    "ALP_M_n": 4.5638503090968525,
    "ARS_M_n": 1.9186178940577259,
    "ALP_0": 0.9039612920751933,
    "ARS_0": 0.43515695443971275,
    "maturity_t": 0.44996165784984,
    "early_diff_slow": 0.20680686548928998,
    "early_diff_fast": 0.7482680840227459,
    "early_diff_very_fast": 0.6654351221597263,
    "late_diff_slow": 0.2175730811007019,
    "late_diff_fast": 0.6188168111490085,
    "a_early_diff_stim": 4.997102759588186,
    "a_early_diff_inhib": 0.8528909074287412,
    "a_late_diff_stim": 3.1712453398567764,
    "a_late_diff_inhib": 0.7447839064722276,
    "diff_time": 717.2104809677433,
    "a_Valles_2020_ALP": 199.7482978869345,
    "a_Valles_2020_ARS": 33.95589913484156
}