{
    "ALP_M_n": 4.589007924588036,
    "ARS_M_n": 1.924507650041382,
    "ALP_0": 0.9023317095654728,
    "ARS_0": 0.4339887158869828,
    "maturity_t": 0.35304996481488926,
    "early_diff_slow": 0.1435093335089468,
    "early_diff_fast": 0.7465218904391473,
    "early_diff_very_fast": 0.6639098823151822,
    "late_diff_slow": 0.1968463999440073,
    "late_diff_fast": 0.8192773233052412,
    "a_early_diff_stim": 4.990364857794509,
    "a_early_diff_inhib": 0.4356797561426829,
    "a_late_diff_stim": 4.558058940259673,
    "a_late_diff_inhib": 0.22288893723695236,
    "diff_time": 711.3705993936518,
    "a_Valles_2020_ALP": 185.40848690098017,
    "a_Valles_2020_ARS": 356.51320697788833
}