{
    "ALP_M_n": 4.66657194113919,
    "ARS_M_n": 1.9250752973010206,
    "ALP_0": 0.9001012202495473,
    "ARS_0": 0.4334239449931631,
    "maturity_t": 0.5866712746389873,
    "early_diff_slow": 0.22404263619667203,
    "early_diff_fast": 0.75,
    "early_diff_very_fast": 0.6690996128139461,
    "late_diff_slow": 0.17871779815996444,
    "late_diff_fast": 0.6727801533816694,
    "a_early_diff_stim": 4.8877926406041965,
    "a_early_diff_inhib": 0.5402562938546132,
    "a_late_diff_stim": 0.9772664203415637,
    "a_late_diff_inhib": 0.6512689714761603,
    "diff_time": 715.9037711156876,
    "a_Valles_2020_ALP": 719.3198095385377,
    "a_Valles_2020_ARS": 192.44296522382518
}