{
    "ALP_M_n": 4.648575493150504,
    "ARS_M_n": 1.922467738917957,
    "ALP_0": 0.9001310310349807,
    "ARS_0": 0.4341190648874759,
    "maturity_t": 0.766505686888051,
    "early_diff_slow": 0.2402718501429904,
    "early_diff_fast": 0.7496559431623359,
    "early_diff_very_fast": 0.6676211803898516,
    "late_diff_slow": 0.32748764401628594,
    "late_diff_fast": 0.8833769285031798,
    "a_early_diff_stim": 4.919418151782322,
    "a_early_diff_inhib": 0.3592545601050867,
    "a_late_diff_stim": 2.8731842512347425,
    "a_late_diff_inhib": 0.5928586657514663,
    "diff_time": 715.1187328722403,
    "a_Valles_2020_ALP": 802.0373105706245,
    "a_Valles_2020_ARS": 992.8803010741774
}