{
    "ALP_M_n": 4.997491377435485,
    "ARS_M_n": 1.9253975694367955,
    "ALP_0": 0.9033917825620075,
    "ARS_0": 0.43348460065581884,
    "maturity_t": 0.325401936974721,
    "early_diff_slow": 0.35535273739194906,
    "early_diff_fast": 0.7498077837465843,
    "early_diff_very_fast": 0.6218151432140626,
    "late_diff_slow": 0.19770735608653564,
    "late_diff_fast": 0.7902424741961458,
    "a_early_diff_stim": 4.999940273560751,
    "a_early_diff_inhib": 0.05671518911945134,
    "a_late_diff_stim": 4.686813931750696,
    "a_late_diff_inhib": 0.632171881418944,
    "diff_time": 636.5479160037175,
    "a_Valles_2020_ALP": 657.2564003885875,
    "a_Valles_2020_ARS": 790.1885307244492
}