{
    "ALP_M_n": 4.632538255910544,
    "ARS_M_n": 1.922621194429581,
    "ALP_0": 0.9001816510972438,
    "ARS_0": 0.43296114340837005,
    "maturity_t": 0.3694861149784257,
    "early_diff_slow": 0.23710110941985388,
    "early_diff_fast": 0.7448514300127003,
    "early_diff_very_fast": 0.6641182704985205,
    "late_diff_slow": 0.22101016811707563,
    "late_diff_fast": 0.7451618398945303,
    "a_early_diff_stim": 4.9946879349346505,
    "a_early_diff_inhib": 0.00015828146426755119,
    "a_late_diff_stim": 2.0136564172039977,
    "a_late_diff_inhib": 0.5932546294146589,
    "diff_time": 710.6278132550894,
    "a_Valles_2020_ALP": 469.20517387577644,
    "a_Valles_2020_ARS": 572.4632387776815
}