{
    "ALP_M_n": 4.617404569044515,
    "ARS_M_n": 1.9273881728049662,
    "ALP_0": 0.9024566050626008,
    "ARS_0": 0.4349147951757543,
    "maturity_t": 0.6457306144388725,
    "early_diff_slow": 0.34464206216639903,
    "early_diff_fast": 0.7487127204517647,
    "early_diff_very_fast": 0.6667952891518522,
    "late_diff_slow": 0.23852056247893033,
    "late_diff_fast": 0.8433054910874597,
    "a_early_diff_stim": 4.96904865511594,
    "a_early_diff_inhib": 0.7812711756616486,
    "a_late_diff_stim": 2.525567157890344,
    "a_late_diff_inhib": 0.22369602046397108,
    "diff_time": 720.0516119829609,
    "a_Valles_2020_ALP": 499.7229568773911,
    "a_Valles_2020_ARS": 149.7481707118451
}