{
    "ALP_M_n": 4.688240455193338,
    "ARS_M_n": 1.9226360909571527,
    "ALP_0": 0.898554005167084,
    "ARS_0": 0.4340737653151159,
    "maturity_t": 0.8206087561593426,
    "early_diff_slow": 0.22509978405709957,
    "early_diff_fast": 0.7474672089343138,
    "early_diff_very_fast": 0.6666688142560285,
    "late_diff_slow": 0.3684662351372376,
    "late_diff_fast": 0.8337936411954234,
    "a_early_diff_stim": 4.884091539243123,
    "a_early_diff_inhib": 0.721586497833375,
    "a_late_diff_stim": 2.6732223329593308,
    "a_late_diff_inhib": 0.858224713517795,
    "diff_time": 708.9524088938159,
    "a_Valles_2020_ALP": 429.8638464029159,
    "a_Valles_2020_ARS": 43.20524422238276
}