{
    "ALP_M_n": 4.58315846081564,
    "ARS_M_n": 1.9104360372218536,
    "ALP_0": 0.903628132602056,
    "ARS_0": 0.43737920080379117,
    "maturity_t": 0.61966114665414,
    "early_diff_slow": 0.2548585218739996,
    "early_diff_fast": 0.749147473970847,
    "early_diff_very_fast": 0.6659247657946201,
    "late_diff_slow": 0.2844147341182676,
    "late_diff_fast": 0.8060483140049859,
    "a_early_diff_stim": 4.927274694254187,
    "a_early_diff_inhib": 0.9268617863244845,
    "a_late_diff_stim": 3.0069836165525663,
    "a_late_diff_inhib": 0.1098430135041275,
    "diff_time": 713.4658337969588,
    "a_Valles_2020_ALP": 281.4085723902484,
    "a_Valles_2020_ARS": 507.26357610672113
}