{
    "ALP_M_n": 4.653971929017416,
    "ARS_M_n": 1.92713222817489,
    "ALP_0": 0.9002274494257687,
    "ARS_0": 0.4343580072150619,
    "maturity_t": 0.7228948680887006,
    "early_diff_slow": 0.16758123483975643,
    "early_diff_fast": 0.7470384005594768,
    "early_diff_very_fast": 0.6663414328758768,
    "late_diff_slow": 0.26943764480552546,
    "late_diff_fast": 0.8948049656542814,
    "a_early_diff_stim": 4.976412572954002,
    "a_early_diff_inhib": 0.38961518666894146,
    "a_late_diff_stim": 1.2715804285178245,
    "a_late_diff_inhib": 0.04321376591761372,
    "diff_time": 717.3271012990976,
    "a_Valles_2020_ALP": 289.1623708278883,
    "a_Valles_2020_ARS": 601.6620350954067
}