{
    "ALP_M_n": 6.9717839535998865,
    "ARS_M_n": 2.744171253545132,
    "ALP_0": 0.9293494701274514,
    "ARS_0": 0.6005698368813808,
    "maturity_t": 0.5839013486887095,
    "early_diff_slow": 0.23500023215169089,
    "early_diff_fast": 0.7340522596284988,
    "early_diff_very_fast": 0.6702564747960552,
    "late_diff_slow": 0.3105239891612691,
    "late_diff_fast": 0.8246620898018077,
    "a_early_diff_stim": 4.786545777484764,
    "a_early_diff_inhib": 0.5835200920346542,
    "a_late_diff_stim": 3.552051897215876,
    "a_late_diff_inhib": 0.6241494948399154,
    "diff_time": 1018.7879223302862,
    "a_Valles_2020_ALP": 301.59468497742307,
    "a_Valles_2020_ARS": 647.156437965963
}