{"ALP_M_n": 3.260256241295842, "ALP_0": 0.27550233225396425, "IL1b_ineffective": 189.6925501423496, "IL1b_stim": 1.379451384740376, "IL8_favorable": 2.266043903943796, "maturity_t": 0.9675496988524979, "early_diff_very_fast": 0.7358198211732602, "a_early_diff_stim": 2.0837892719044455, "diff_time": 765.9888868032695, "a_Qiao_2021_ALP": 73.91330240754107}