{"ALP_M_n": 6.788339171996194, "ALP_0": 0.6187986685398065, "IL1b_ineffective": 198.96260073805217, "IL1b_stim": 1.3469988486883562, "IL8_favorable": 2.1466358777211454, "maturity_t": 0.7132750616297405, "early_diff_very_fast": 0.7596184584243549, "a_early_diff_stim": 1.204861810509626, "diff_time": 669.312924706319, "a_Qiao_2021_ALP": 16.564423918760095}