{"ALP_M_n": 5.6077494733231035, "ALP_0": 0.46514656203641, "IL1b_ineffective": 197.46795496958285, "IL1b_stim": 1.3518619544098893, "IL8_favorable": 2.168061331612307, "maturity_t": 0.5719407300156276, "early_diff_very_fast": 0.7547250808630946, "a_early_diff_stim": 1.716289606014943, "diff_time": 1068.7852108928057, "a_Qiao_2021_ALP": 106.35451603750002}