{"ALP_M_n": 4.547097471639491, "ALP_0": 0.4526939578390062, "IL1b_ineffective": 194.83759857530416, "IL1b_stim": 1.3597844529379035, "IL8_favorable": 2.1984323322672026, "maturity_t": 0.6801271702005364, "early_diff_very_fast": 0.748607380611358, "a_early_diff_stim": 2.110308037710392, "diff_time": 1013.096794176982, "a_Qiao_2021_ALP": 69.88142107868029}