{"ALP_M_n": 5.999943278801007, "ALP_0": 0.3634015243748556, "IL1b_ineffective": 198.00413670553996, "IL1b_stim": 1.3494761620159679, "IL8_favorable": 2.159202376115985, "maturity_t": 0.8447215504956403, "early_diff_very_fast": 0.7565919536354351, "a_early_diff_stim": 0.8885441022297379, "diff_time": 508.8454581634378, "a_Qiao_2021_ALP": 45.98209563788414}