{"ALP_M_n": 3.935519133402247, "ALP_0": 0.6716424831012144, "IL1b_ineffective": 192.86956835917744, "IL1b_stim": 1.3674246619368375, "IL8_favorable": 2.224773438481378, "maturity_t": 0.9860900375144324, "early_diff_very_fast": 0.7433863156649521, "a_early_diff_stim": 3.321699018201332, "diff_time": 988.308963719552, "a_Qiao_2021_ALP": 17.389509567480076}