{"ALP_M_n": 7.803032082715343, "ALP_0": 0.5292110514977201, "IL1b_ineffective": 198.96867726089914, "IL1b_stim": 1.341957688955576, "IL8_favorable": 2.132398678574262, "maturity_t": 0.9552812840273047, "early_diff_very_fast": 0.7623317307766878, "a_early_diff_stim": 1.1342736453981601, "diff_time": 910.9434321067862, "a_Qiao_2021_ALP": 87.77740231754967}