{"ALP_M_n": 3.029367132667272, "ALP_0": 0.004361634460506598, "IL1b_ineffective": 188.366665112762, "IL1b_stim": 1.3850787925026964, "IL8_favorable": 2.2863795706253356, "maturity_t": 0.8854923739113967, "early_diff_very_fast": 0.7323702315109362, "a_early_diff_stim": 1.1833114035613772, "diff_time": 564.1662071997515, "a_Qiao_2021_ALP": 194.8272644295792}