{"ALP_M_n": 5.282040809578705, "ALP_0": 0.40086324390624956, "IL1b_ineffective": 196.63129822413356, "IL1b_stim": 1.3551439262210483, "IL8_favorable": 2.17554661963279, "maturity_t": 0.8104562841654336, "early_diff_very_fast": 0.7531690036060604, "a_early_diff_stim": 1.6202576892306522, "diff_time": 1021.9269778516265, "a_Qiao_2021_ALP": 146.91071681403923}