{"ALP_M_n": 2.763643265122082, "ALP_0": 0.058919121579150135, "IL1b_ineffective": 186.63243227143423, "IL1b_stim": 1.391950447862353, "IL8_favorable": 2.312573620597874, "maturity_t": 0.9691243568994118, "early_diff_very_fast": 0.7276934275646065, "a_early_diff_stim": 1.5487439343107994, "diff_time": 577.5467739495564, "a_Qiao_2021_ALP": 111.23632595576892}