{"ALP_M_n": 5.096850174488223, "ALP_0": 0.48372710329829116, "IL1b_ineffective": 196.15382887036583, "IL1b_stim": 1.356018602352572, "IL8_favorable": 2.1810053747077163, "maturity_t": 0.7278968293273176, "early_diff_very_fast": 0.7520946392926238, "a_early_diff_stim": 1.758123356474089, "diff_time": 895.9868287015752, "a_Qiao_2021_ALP": 56.75438208679039}