{"ALP_M_n": 3.2220599247731005, "ALP_0": 0.33297289734594854, "IL1b_ineffective": 189.5617071087724, "IL1b_stim": 1.3806179840430772, "IL8_favorable": 2.269220252243457, "maturity_t": 0.9352765567685427, "early_diff_very_fast": 0.7352513473016344, "a_early_diff_stim": 2.404850567716452, "diff_time": 806.8121717563896, "a_Qiao_2021_ALP": 56.832334566961144}