{"ALP_M_n": 4.514723263114712, "ALP_0": 0.6451152078023322, "IL1b_ineffective": 194.5520884135509, "IL1b_stim": 1.362037289287512, "IL8_favorable": 2.2007225415318032, "maturity_t": 0.8500075940862568, "early_diff_very_fast": 0.7483307287454581, "a_early_diff_stim": 2.8335937872718624, "diff_time": 1057.325452409201, "a_Qiao_2021_ALP": 23.00187994736615}