{"ALP_M_n": 3.692759830240815, "ALP_0": 0.2733860308016785, "IL1b_ineffective": 191.98035435664815, "IL1b_stim": 1.3710815843173485, "IL8_favorable": 2.2357653741793655, "maturity_t": 0.6810771932127474, "early_diff_very_fast": 0.7410087333293516, "a_early_diff_stim": 2.065849293538681, "diff_time": 1047.934356977958, "a_Qiao_2021_ALP": 166.01381011811495}