{"ALP_M_n": 2.9251903629623133, "ALP_0": 0.2258316682134973, "IL1b_ineffective": 187.85094033484683, "IL1b_stim": 1.387503730216272, "IL8_favorable": 2.2931278473971517, "maturity_t": 0.9425576896821379, "early_diff_very_fast": 0.7305543724442704, "a_early_diff_stim": 2.464201348081582, "diff_time": 958.5392883601023, "a_Qiao_2021_ALP": 112.84974025614498}