{"ALP_M_n": 2.7052928202885504, "ALP_0": 0.2553752296260594, "IL1b_ineffective": 186.3031834691232, "IL1b_stim": 1.3932311637534092, "IL8_favorable": 2.3170237344711495, "maturity_t": 0.8790045430854444, "early_diff_very_fast": 0.7265210116847693, "a_early_diff_stim": 3.0725760162443843, "diff_time": 1036.1723411510097, "a_Qiao_2021_ALP": 87.89856279912127}