{"ALP_M_n": 2.117646369358553, "ALP_0": 0.1268220494695733, "IL1b_ineffective": 180.92297411831646, "IL1b_stim": 1.4177068218650533, "IL8_favorable": 2.4058677814233818, "maturity_t": 0.9263612624355368, "early_diff_very_fast": 0.7116021424564734, "a_early_diff_stim": 3.28170876381087, "diff_time": 1050.74095959409, "a_Qiao_2021_ALP": 113.34146835715454}