{"ALP_M_n": 4.7259544620587155, "ALP_0": 0.8116120503697399, "IL1b_ineffective": 195.3630864198065, "IL1b_stim": 1.3586680970170697, "IL8_favorable": 2.1912279350563537, "maturity_t": 0.9361969240787374, "early_diff_very_fast": 0.748331102050796, "a_early_diff_stim": 2.729294894375449, "diff_time": 856.8173055273552, "a_Qiao_2021_ALP": 8.216415537584792}