{"ALP_M_n": 4.258057677190853, "ALP_0": 0.7446763762930231, "IL1b_ineffective": 193.91962592994685, "IL1b_stim": 1.363959709486446, "IL8_favorable": 2.210072243204678, "maturity_t": 0.9163604144834775, "early_diff_very_fast": 0.7463381452685195, "a_early_diff_stim": 3.3930771680586154, "diff_time": 1048.5264577721543, "a_Qiao_2021_ALP": 13.648092853863721}