{"ALP_M_n": 7.138456943662752, "ALP_0": 0.4766113669892224, "IL1b_ineffective": 198.92723101354036, "IL1b_stim": 1.345470216609721, "IL8_favorable": 2.1426329989503614, "maturity_t": 0.6909723963361364, "early_diff_very_fast": 0.7607217825842925, "a_early_diff_stim": 1.2784937055767622, "diff_time": 1035.7928336886507, "a_Qiao_2021_ALP": 163.6440063266839}