{"ALP_M_n": 4.848664836919786, "ALP_0": 0.3528596933377397, "IL1b_ineffective": 195.6005156486111, "IL1b_stim": 1.3582706207108703, "IL8_favorable": 2.187340363151314, "maturity_t": 0.7290299821591439, "early_diff_very_fast": 0.7507174584131268, "a_early_diff_stim": 1.3751156826736635, "diff_time": 739.7900950508392, "a_Qiao_2021_ALP": 92.31836760098973}