{"ALP_M_n": 3.76606902228922, "ALP_0": 0.29205877839777655, "IL1b_ineffective": 192.18479973220946, "IL1b_stim": 1.3701685115387274, "IL8_favorable": 2.232357685628955, "maturity_t": 0.9657489582929268, "early_diff_very_fast": 0.7417455134693175, "a_early_diff_stim": 1.5842371335772065, "diff_time": 615.1403203077796, "a_Qiao_2021_ALP": 57.96680731396759}