{"ALP_M_n": 4.6998428113930935, "ALP_0": 0.96299573278402, "IL1b_ineffective": 195.15430526850153, "IL1b_stim": 1.359422648407893, "IL8_favorable": 2.193396223102596, "maturity_t": 0.9998612787208718, "early_diff_very_fast": 0.749741319300356, "a_early_diff_stim": 3.7556900839561, "diff_time": 1076.3526175371715, "a_Qiao_2021_ALP": 5.3951186709113435}