{"ALP_M_n": 2.098028016656051, "ALP_0": 0.09936085114734487, "IL1b_ineffective": 180.72040009830565, "IL1b_stim": 1.4182757775034567, "IL8_favorable": 2.4083362114670663, "maturity_t": 0.9376820757828008, "early_diff_very_fast": 0.7109563634602634, "a_early_diff_stim": 3.0086474029691703, "diff_time": 999.4258803881756, "a_Qiao_2021_ALP": 123.75151615855845}