{"ALP_M_n": 2.5564266496032206, "ALP_0": 0.15212914223446064, "IL1b_ineffective": 185.08346260920808, "IL1b_stim": 1.397702300707154, "IL8_favorable": 2.334969487792236, "maturity_t": 0.8857444856786292, "early_diff_very_fast": 0.7233417710973808, "a_early_diff_stim": 2.4459319997533218, "diff_time": 888.4459637712612, "a_Qiao_2021_ALP": 118.02101648431105}