{"ALP_M_n": 2.8551528234259074, "ALP_0": 0.031160103709528573, "IL1b_ineffective": 187.41908986629267, "IL1b_stim": 1.3895792974190169, "IL8_favorable": 2.30278863753891, "maturity_t": 0.8339983151695477, "early_diff_very_fast": 0.7294449569099402, "a_early_diff_stim": 1.3918266650752742, "diff_time": 635.2339254094418, "a_Qiao_2021_ALP": 186.31737817523182}