{"ALP_M_n": 4.401185841398955, "ALP_0": 0.47968781812122185, "IL1b_ineffective": 194.52172795888106, "IL1b_stim": 1.3616132902010847, "IL8_favorable": 2.203602091921347, "maturity_t": 0.9302749892561675, "early_diff_very_fast": 0.7474104038919213, "a_early_diff_stim": 1.907997921307592, "diff_time": 769.1600057022041, "a_Qiao_2021_ALP": 36.6997252304808}