{"ALP_M_n": 5.9767725147257735, "ALP_0": 0.770430582700761, "IL1b_ineffective": 198.1596787776789, "IL1b_stim": 1.3489840842245737, "IL8_favorable": 2.158570011216163, "maturity_t": 0.9587817079477671, "early_diff_very_fast": 0.7563762615771836, "a_early_diff_stim": 2.07823187524401, "diff_time": 931.1070491229771, "a_Qiao_2021_ALP": 10.842717548055488}