{"ALP_M_n": 4.575400727448988, "ALP_0": 0.373606926543669, "IL1b_ineffective": 194.92072707726118, "IL1b_stim": 1.3603813250770926, "IL8_favorable": 2.196862996218883, "maturity_t": 0.7506146197211047, "early_diff_very_fast": 0.7487424203826029, "a_early_diff_stim": 1.8106829766783394, "diff_time": 983.7530193461567, "a_Qiao_2021_ALP": 120.02219690953413}