{"ALP_M_n": 3.810993220470862, "ALP_0": 0.5186863405549689, "IL1b_ineffective": 192.35110044075407, "IL1b_stim": 1.36908082725056, "IL8_favorable": 2.229732642201874, "maturity_t": 0.9180900938538562, "early_diff_very_fast": 0.7422401835317365, "a_early_diff_stim": 2.6252275118459094, "diff_time": 867.8542210717928, "a_Qiao_2021_ALP": 30.144592608839886}