{"ALP_M_n": 3.433951888880066, "ALP_0": 0.20490954807262263, "IL1b_ineffective": 190.75394129075067, "IL1b_stim": 1.3758198620392896, "IL8_favorable": 2.2550575645945727, "maturity_t": 0.8499981996907532, "early_diff_very_fast": 0.7379798000089907, "a_early_diff_stim": 1.6256290249777554, "diff_time": 693.2030725296617, "a_Qiao_2021_ALP": 106.3506097482699}