{"ALP_M_n": 3.73649270625714, "ALP_0": 0.3621428349400535, "IL1b_ineffective": 191.9561501874027, "IL1b_stim": 1.3706955576143471, "IL8_favorable": 2.235126215046087, "maturity_t": 0.783764251783916, "early_diff_very_fast": 0.7414424095864119, "a_early_diff_stim": 2.213652021001814, "diff_time": 914.5961928491787, "a_Qiao_2021_ALP": 75.01264449077813}