{"ALP_M_n": 3.1857319189747866, "ALP_0": 0.10301756479726024, "IL1b_ineffective": 189.3713095819757, "IL1b_stim": 1.380862107117645, "IL8_favorable": 2.271445931601008, "maturity_t": 0.8452592277897819, "early_diff_very_fast": 0.7347509618734328, "a_early_diff_stim": 1.4629446520043365, "diff_time": 720.2430762630368, "a_Qiao_2021_ALP": 199.10048377401878}