{"ALP_M_n": 4.599554344124301, "ALP_0": 0.4841874764786899, "IL1b_ineffective": 194.99449288303305, "IL1b_stim": 1.3603525678070085, "IL8_favorable": 2.1969816571017944, "maturity_t": 0.909343873849762, "early_diff_very_fast": 0.7490001494849816, "a_early_diff_stim": 1.8845866295830902, "diff_time": 816.9187350168997, "a_Qiao_2021_ALP": 41.67566194733827}