{"ALP_M_n": 5.6951580450434856, "ALP_0": 0.5464827770907017, "IL1b_ineffective": 197.5377427771349, "IL1b_stim": 1.3515619083869836, "IL8_favorable": 2.1654176406514196, "maturity_t": 0.816238594149761, "early_diff_very_fast": 0.755271907234729, "a_early_diff_stim": 1.3849975839130193, "diff_time": 678.3702380702478, "a_Qiao_2021_ALP": 25.144604436772187}