{"ALP_M_n": 3.787542588634043, "ALP_0": 0.2537353665320718, "IL1b_ineffective": 192.41280674945102, "IL1b_stim": 1.3693557649605488, "IL8_favorable": 2.232576570181074, "maturity_t": 0.7590094415132745, "early_diff_very_fast": 0.7419699847806569, "a_early_diff_stim": 1.768301990115578, "diff_time": 902.525530361745, "a_Qiao_2021_ALP": 160.15307394475377}