{"ALP_M_n": 3.364020514824473, "ALP_0": 0.32775143007019647, "IL1b_ineffective": 190.39645614092717, "IL1b_stim": 1.3776958058317863, "IL8_favorable": 2.2585457857603117, "maturity_t": 0.8388419065874763, "early_diff_very_fast": 0.7371359966808332, "a_early_diff_stim": 2.345421835931606, "diff_time": 873.0749531454583, "a_Qiao_2021_ALP": 70.73080870370768}