{"ALP_M_n": 3.6673967374144194, "ALP_0": 0.2733839433891765, "IL1b_ineffective": 191.83054544643227, "IL1b_stim": 1.3719479374743013, "IL8_favorable": 2.238782119127407, "maturity_t": 0.7045965337606235, "early_diff_very_fast": 0.7407459036140872, "a_early_diff_stim": 2.022332243873892, "diff_time": 992.3206457824178, "a_Qiao_2021_ALP": 149.32599244074285}