{"ALP_M_n": 5.4097467739558285, "ALP_0": 0.6068540285620363, "IL1b_ineffective": 196.97435645794235, "IL1b_stim": 1.3531641726877393, "IL8_favorable": 2.1717097924733153, "maturity_t": 0.8615020254123061, "early_diff_very_fast": 0.7538105187052743, "a_early_diff_stim": 2.0490067077424015, "diff_time": 986.6650855576079, "a_Qiao_2021_ALP": 30.984813333682713}