{
    "a_Ber_2016_ALP": 0.846764242944979,
    "a_Ber_2016_OC": 0.3994450868601166,
    "a_Valles_2020_ALP": 314.21525762552244,
    "a_Valles_2020_ARS": 799.7308049083723,
    "a_Chen_2018_ALP": 9.03636935534861,
    "a_Chen_2018_ARS": 4.223504477081506,
    "a_Qiao_2021_ALP": 28.654132786347695,
    "a_early_diff_stim": 2.864986823678677,
    "a_early_diff_inhib": 14.583926276803197,
    "a_late_diff_stim": 15.009589413333542,
    "a_late_diff_inhib": 8.244258758012908,
    "early_diff_slow": 0.3682237688820794,
    "early_diff_fast": 0.6161894979779249,
    "early_diff_very_fast": 0.8829261742614116,
    "late_diff_slow": 0.27664782571448865,
    "late_diff_fast": 0.7844186474927326,
    "Mg_stim": 7.874005696750824,
    "Mg_dest": 30.84220517054158,
    "IL1b_ineffective": 166.00879980352119,
    "IL1b_stim": 1.9830718124114437,
    "IL8_favorable": 2.9122032258635215,
    "ALP_M_n": 2.186369969957173,
    "ARS_M_n": 0.8556344237532433,
    "OC_M_n": 0.32878282291571836,
    "ALP_0": 0.4371882253390595,
    "ARS_0": 0.08081041334912174,
    "OC_0": 7.1974377853174145,
    "diff_time": 907.4983499757166,
    "maturity_t": 0.9190792383304544
}