{
    "a_Ber_2016_ALP": 0.40686802232774877,
    "a_Ber_2016_OC": 0.35094205122544114,
    "a_early_diff_stim": 2.372331850639604,
    "a_late_diff_inhib": 10.138795347445305,
    "early_diff_very_fast": 0.7825510223788548,
    "late_diff_slow": 0.166572165346759,
    "Mg_stim": 3.1866718672337218,
    "Mg_dest": 23.419944790843946,
    "ALP_M_n": 1.7251698600110523,
    "OC_M_n": 2.0551806321893777,
    "ALP_0": 0.7902951948297239,
    "OC_0": 0.7441658627768052,
    "diff_time": 672.8505270286688,
    "maturity_t": 0.09580773606185168
}