{
    "ALP_M_n": 2.4742035662989332,
    "ARS_M_n": 1.2571710654212565,
    "ALP_0": 0.4151187727234926,
    "ARS_0": 0.4043835573408128,
    "Mg_stim": 5.701605599640761,
    "Mg_dest": 30.15284097069492,
    "IL1b_ineffective": 106.52139137256691,
    "IL1b_stim": 14.83422969385956,
    "IL8_favorable": 52.9426241916407,
    "maturity_t": 0.7186041621086937,
    "early_diff_slow": 0.2245537766215524,
    "early_diff_fast": 0.6178491523842005,
    "early_diff_very_fast": 0.8226426113750597,
    "late_diff_slow": 0.2532508020407398,
    "late_diff_fast": 0.74523216558212,
    "a_early_diff_stim": 2.218310243469043,
    "a_early_diff_inhib": 0.46999215191306504,
    "a_late_diff_stim": 2.622029467737066,
    "a_late_diff_inhib": 0.5061824466482696,
    "diff_time": 917.7465231020432,
    "a_Valles_2020_ALP": 376.2356626364128,
    "a_Valles_2020_ARS": 578.8544945641459
}