{
    "ALP_M_n": 9.951518844949199,
    "ARS_M_n": 1.4968909361788132,
    "ALP_0": 0.48140171722627717,
    "ARS_0": 0.32011570567406233,
    "a_Valles_2020_ALP": 423.2682853241656,
    "a_Valles_2020_ARS": 527.6371137766877
}