{
    "ALP_M_n": 5.078373853846296,
    "ARS_M_n": 1.2670980831221417,
    "ALP_0": 0.4330286961143235,
    "ARS_0": 0.5703496668464142,
    "maturity_t": 0.5930497373959879,
    "early_diff_L": 0.2617539759903604,
    "early_diff_H": 0.6542719061648252,
    "early_diff_VH": 0.820328108361914,
    "late_diff_L": 0.24499051978284997,
    "late_diff_H": 0.7364630228131118,
    "a_early_diff_u": 2.922217571031626,
    "a_early_diff_d": 0.49236634279012437,
    "a_late_diff_u": 2.5459640600503266,
    "a_late_diff_d": 0.4050247631125194,
    "diff_time": 967.984670725289,
    "a_Valles_2020_ALP": 478.21438494132684,
    "a_Valles_2020_ARS": 503.50616217238974
}