{
    "ALP_M_n": 1.4595804047456729,
    "ARS_M_n": 0.7756727565783087,
    "ALP_0": 0.2610263816970256,
    "ARS_0": 0.15685837067220076,
    "maturity_t": 0.7253292001805536,
    "early_diff_slow": 0.2316850066474388,
    "early_diff_fast": 0.6385445985090747,
    "early_diff_very_fast": 0.794851108819159,
    "late_diff_slow": 0.26856127675221164,
    "late_diff_fast": 0.6377381143242351,
    "a_early_diff_stim": 2.9632740556189336,
    "a_early_diff_inhib": 0.25177813018542033,
    "a_late_diff_stim": 1.2777490196633683,
    "a_late_diff_inhib": 0.11227244751432297,
    "diff_time": 1003.9084327647873,
    "a_Valles_2020_ALP": 428.50694475948137,
    "a_Valles_2020_ARS": 758.8607616050018
}