{
    "ALP_M_n": 4.4915386855916175,
    "ALP_0": 0.3785705217786941,
    "IL1b_ineffective": 192.42066342218226,
    "IL1b_stim": 1.36980055046099,
    "IL8_favorable": 2.2316604080204727,
    "maturity_t": 0.8359678604554805,
    "early_diff_very_fast": 0.7426647153850132,
    "a_early_diff_stim": 2.038380126059037,
    "diff_time": 884.601096319637,
    "a_Qiao_2021_ALP": 85.15895697990076
}