{
    "ALP_M_n": 3.793157412662016,
    "ARS_M_n": 1.3680614406055083,
    "ALP_0": 0.5797577722394588,
    "ARS_0": 0.21997735353274375,
    "Mg_S": 3.1577237662432163,
    "Mg_D": 36.83655441704946,
    "IL1b_H": 185.76587364954298,
    "IL1b_S": 1.3807970712953441,
    "IL8_M": 2.2760359377441404,
    "maturity_t": 0.6765817700451803,
    "early_diff_L": 0.22086791945370204,
    "early_diff_H": 0.7301057706151002,
    "early_diff_VH": 0.6465138949375646,
    "late_diff_L": 0.2401663280038536,
    "late_diff_H": 0.8874214942209468,
    "a_early_diff_u": 4.213890772971343,
    "a_early_diff_d": 0.5889616603567758,
    "a_late_diff_u": 1.4874073554279985,
    "a_late_diff_d": 0.7675318097682828,
    "diff_time": 744.3728859678606,
    "a_Chen_2018_ALP": 9.74548677992881,
    "a_Chen_2018_ARS": 3.631242442729111,
    "a_Valles_2020_ALP": 178.03105241245214,
    "a_Valles_2020_ARS": 610.7686224732528,
    "a_Qiao_2021_ALP": 18.93573352396059
}