{
    "ALP_M_n": 2.743492644352823,
    "ARS_M_n": 1.363145133049261,
    "ALP_0": 0.5362896075945658,
    "ARS_0": 0.48539539342630994,
    "Mg_stim": 6.175120271097935,
    "Mg_dest": 30.315770489895904,
    "IL1b_ineffective": 107.10740447751058,
    "IL1b_stim": 16.32389998113093,
    "IL8_favorable": 48.980291373183576,
    "maturity_t": 0.7301653270627879,
    "early_diff_slow": 0.23981072479024373,
    "early_diff_fast": 0.6234657339970946,
    "early_diff_very_fast": 0.7862199326925223,
    "late_diff_slow": 0.23534115783201823,
    "late_diff_fast": 0.7513583000132185,
    "a_early_diff_stim": 2.332025530075637,
    "a_early_diff_inhib": 0.5216317162652195,
    "a_late_diff_stim": 2.3479623574337674,
    "a_late_diff_inhib": 0.4907254815380139,
    "diff_time": 912.9756528873976,
    "a_Valles_2020_ALP": 285.6039343901236,
    "a_Valles_2020_ARS": 530.4232325811136
}