{
    "ALP_M_n": 3.326344171021123,
    "ALP_0": 0.25639198018783105,
    "IL1b_H": 36.17664215928586,
    "IL8_M": 2.648172482753449,
    "maturity_t": 0.8917851795649315,
    "early_diff_L": 0.33803284133339856,
    "early_diff_H": 0.6702293689640767,
    "early_diff_VH": 0.76,
    "a_early_diff_u": 1.8030575144028913,
    "a_early_diff_d": 0.44557259283435613,
    "diff_time": 747.4437187538203,
    "a_Qiao_2021_ALP": 82.64751917684647
}