{
    "a_Chen_2018_ALP": 8.66835805749011,
    "a_Chen_2018_ARS": 3.0181291279450684,
    "a_early_diff_stim": 11.892363463212346,
    "a_early_diff_inhib": 17.490507468108202,
    "a_late_diff_stim": 3.4435752354483915,
    "a_late_diff_inhib": 8.142274989878226,
    "early_diff_slow": 0.16089430815433048,
    "early_diff_fast": 0.6153155541539752,
    "early_diff_very_fast": 0.9370927116201963,
    "late_diff_slow": 0.2822464400075074,
    "late_diff_fast": 0.7750988351568565,
    "ALP_M_n": 2.4799765566482277,
    "ARS_M_n": 1.33996260699528,
    "ALP_0": 0.48529449732435936,
    "ARS_0": 0.23481640815929455,
    "diff_time": 1060.4304951688846,
    "maturity_t": 0.3531757952144944
}