{
    "ALP_M_n": 2.361647361647,
    "ARS_M_n": 1.891351891352,
    "ALP_0": 0.5145860145865,
    "ARS_0": 0.3272158272155,
    "Mg_S": 5.6930156930155,
    "Mg_D": 30.554180554180498,
    "IL1b_H": 96.210379210379,
    "IL1b_S": 11.642656642657,
    "IL8_M": 46.976010976011,
    "maturity_t": 0.63361963362,
    "early_diff_L": 0.24943044943050002,
    "early_diff_H": 0.638128638129,
    "early_diff_VH": 0.8065414065409999,
    "late_diff_L": 0.2470502470505,
    "late_diff_H": 0.728613728614,
    "a_early_diff_u": 2.921207921208,
    "a_early_diff_d": 0.48677548677500004,
    "a_late_diff_u": 2.6828001828005,
    "a_late_diff_d": 0.4807189807185,
    "diff_time": 859.8982998983,
    "a_Chen_2018_ALP": 7.579067579068,
    "a_Chen_2018_ARS": 4.148714148713999,
    "a_Valles_2020_ALP": 304.665804665805,
    "a_Valles_2020_ARS": 567.985067985068,
    "a_Qiao_2021_ALP": 37.373337373337
}