{
    "ALP_M_n": 9.970329337269206,
    "ARS_M_n": 1.539897413213195,
    "ALP_0": 0.4022486464635306,
    "ARS_0": 0.3465470877333987,
    "a_Valles_2020_ALP": 996.1860044955545,
    "a_Valles_2020_ARS": 509.94551522388656
}