{
    "ALP_M_n": 9.98022147074926,
    "ARS_M_n": 1.257933999372879,
    "ALP_0": 0.4148062540066021,
    "ARS_0": 0.15413317795072506,
    "a_Valles_2020_ALP": 852.3713229180667,
    "a_Valles_2020_ARS": 668.7904376154256
}