{
    "ALP_M_n": 2.4658843759345386,
    "ARS_M_n": 1.1973355696915209,
    "ALP_0": 0.8673408942166483,
    "ARS_0": 0.727053865027212,
    "maturity_t": 0.927793412096585,
    "early_diff_slow": 0.30039636701997224,
    "early_diff_fast": 0.7078704142772053,
    "early_diff_very_fast": 0.885829905853887,
    "late_diff_slow": 0.34213188698402036,
    "late_diff_fast": 0.8968278406535404,
    "a_early_diff_stim": 1.714685801121102,
    "a_early_diff_inhib": 0.3934827455351857,
    "a_late_diff_stim": 4.091469224437015,
    "a_late_diff_inhib": 0.9239369634507191,
    "diff_time": 1068.794931479535,
    "a_Valles_2020_ALP": 132.50222936935307,
    "a_Valles_2020_ARS": 441.87092126658047
}