{
    "ALP_M_n": 0.8805617291834207,
    "ARS_M_n": 8.969504427993423,
    "OC_M_n": 4.739461539766324,
    "ALP_0": 0.0905847333456885,
    "OC_0": 0.010334547013870488,
    "ARS_0": 0.658087973707606,
    "Mg_S": 2.7625005216114227,
    "Mg_D": 32.861964007594246,
    "IL10_d": 24.69429575789624,
    "IL1b_H": 108.91899053336114,
    "IL1b_S": 7.978197850903307,
    "IL8_M": 13.29133256883712,
    "maturity_t": 0.38023739255088335,
    "early_diff_L": 0.23704153756915336,
    "early_diff_H": 0.9458598511091161,
    "early_diff_VH": 0.7457701263051376,
    "late_diff_L": 0.13234971350998062,
    "late_diff_H": 0.754515529144584,
    "a_early_diff_u": 2.2140980180968244,
    "a_early_diff_d": 0.5440685120368529,
    "a_late_diff_u": 3.0141972046698706,
    "a_late_diff_d": 0.37883960567621966,
    "diff_time": 678.3532560035519,
    "a_Chen_2018_ALP": 8.911900956619164,
    "a_Chen_2018_ARS": 9.38758979062653,
    "a_Valles_2020_IL10_ALP": 490.90762477715174,
    "a_Valles_2020_IL10_ARS": 359.4348994604605,
    "a_Valles_2020_TNFa_ALP": 299.11500220432276,
    "a_Valles_2020_TNFa_ARS": 509.04369734160395,
    "a_Qiao_2021_ALP": 41.1694385824753,
    "a_Ber_2016_ALP": 0.009104785181053066,
    "a_Ber_2016_OC": 0.314466237719327,
    "a_Qiao_2021_Mg_ALP": 38.82395130081708,
    "a_Qiao_2021_Mg_OC": 0.7916150518780234
}