{
    "ALP_M_n": 4.830392517710836,
    "ARS_M_n": 1.8772370119662465,
    "ALP_0": 0.9033705463941218,
    "ARS_0": 0.01758474068363621,
    "maturity_t": 0.9654284016644765,
    "early_diff_L": 0.20917531323086966,
    "early_diff_H": 0.7132296430656265,
    "early_diff_VH": 0.7805047907688047,
    "late_diff_L": 0.10005591788726509,
    "late_diff_H": 0.8223750648062229,
    "a_early_diff_u": 3.5091861922396834,
    "a_early_diff_d": 0.6468581267134446,
    "a_late_diff_u": 1.3616918779199505,
    "a_late_diff_d": 0.6659567726762929,
    "diff_time": 413.0656311321473,
    "a_Chen_2018_ALP": 1.3859412781883964,
    "a_Chen_2018_ARS": 3.311970851554442,
    "a_Valles_2020_ALP": 14.688078047633233,
    "a_Valles_2020_ARS": 550.8759196641005
}