{
    "ALP_M_n": 2.61809495011082,
    "ARS_M_n": 1.282556422611011,
    "ALP_0": 0.48168836636318746,
    "ARS_0": 0.4437161162483323,
    "Mg_stim": 5.896421377264252,
    "Mg_dest": 30.34574599693822,
    "IL1b_ineffective": 110.89785628958353,
    "IL1b_stim": 15.219265086770502,
    "IL8_favorable": 51.46707328013912,
    "maturity_t": 0.7155194538787794,
    "early_diff_slow": 0.2388444478463551,
    "early_diff_fast": 0.6214686006053083,
    "early_diff_very_fast": 0.8055358088972211,
    "late_diff_slow": 0.24575555184600012,
    "late_diff_fast": 0.7525136181802862,
    "a_early_diff_stim": 2.287835411514836,
    "a_early_diff_inhib": 0.5005266966413194,
    "a_late_diff_stim": 2.547987851962526,
    "a_late_diff_inhib": 0.5202523184307288,
    "diff_time": 918.5664718172292,
    "a_Valles_2020_ALP": 332.9446272799821,
    "a_Valles_2020_ARS": 559.7787527154475
}