{
  "Qiao_2021_Mg": {
    "ALP_M_n": 2.5268150584344755,
    "ALP_0": 1.1272914233735634,
    "Mg_stim": 0.0010458578483681555,
    "Mg_dest": 0.003845654141675992,
    "maturity_t": 0.03896220263897086,
    "early_diff_fast": 0.031229476142267266,
    "a_early_diff_stim": 8.878051304933813e-05,
    "diff_time": 0.03491445492661385,
    "a_Valles_2020_ALP": 0.016285882112762416
  },
  "Ber_2016": {
    "a_Ber_2016_ALP": 0.0032209959857217936,
    "a_Ber_2016_OC": 0.04884393326679415,
    "a_early_diff_stim": 0.003354081416915936,
    "a_late_diff_inhib": 0.0009408193054842745,
    "early_diff_very_fast": 0.030029162830879898,
    "late_diff_slow": 4.845816648165122e-05,
    "Mg_stim": 0.007125732078131057,
    "Mg_dest": 0.006266099453268029,
    "ALP_M_n": 0.4502984205543587,
    "OC_M_n": 0.15310394278886424,
    "ALP_0": 0.2543716082062144,
    "OC_0": 0.02523698370626474,
    "diff_time": 0.01757236050802232,
    "maturity_t": 0.0013163840814147355
  },
  "Valles_2020": {
    "ALP_M_n": 0.5983560115438236,
    "ARS_M_n": 0.10952300489015504,
    "ALP_0": 0.37551998654800356,
    "ARS_0": 0.061646597174914934,
    "maturity_t": 0.0052231436640083695,
    "early_diff_slow": 0.016580139095500043,
    "early_diff_fast": 0.16533917257908445,
    "early_diff_very_fast": 0.02812275063562171,
    "late_diff_slow": 0.0020667744972044317,
    "late_diff_fast": 0.03546629656329359,
    "a_early_diff_stim": 0.14462656359519854,
    "a_early_diff_inhib": 0.008552652237230967,
    "a_late_diff_stim": 0.0011689229598700716,
    "a_late_diff_inhib": 0.02164562988469858,
    "diff_time": 0.04311302768713288,
    "a_Valles_2020_ALP": 0.012936600169055701,
    "a_Valles_2020_ARS": 0.09567865260009593
  },
  "Chen_2018": {
    "ALP_M_n": 0.5942691645824795,
    "ARS_M_n": 0.3117442566994369,
    "ALP_0": 0.650858932690133,
    "ARS_0": 0.1416534503484713,
    "maturity_t": 0.0009928347212946247,
    "early_diff_slow": 1.4204978258484803e-10,
    "early_diff_fast": 0.08854794093935064,
    "early_diff_very_fast": 0.03649273736651141,
    "late_diff_slow": 0.0003108008044920044,
    "late_diff_fast": 0.014772253369572603,
    "a_early_diff_stim": 0.008990868716233726,
    "a_early_diff_inhib": 0.005914296889193329,
    "a_late_diff_stim": 0.0029709315798565573,
    "a_late_diff_inhib": 0.002032426163815795,
    "diff_time": 0.01870988715517303,
    "a_Chen_2018_ALP": 3.9103051962710025e-06,
    "a_Chen_2018_ARS": 0.0005997735555586007
  },
  "Qiao_2021_ILs": {
    "ALP_M_n": 1.8686450027806611,
    "ALP_0": 0.333367296440894,
    "IL1b_ineffective": 0.0015851343667074326,
    "IL1b_stim": 0.1023258518653682,
    "IL8_favorable": 0.16255732287338023,
    "maturity_t": 0.10469782675825597,
    "early_diff_very_fast": 0.41280046295086825,
    "a_early_diff_stim": 0.06198208956130009,
    "diff_time": 0.0646991777023079,
    "a_Qiao_2021_ALP": 0.1871488823744382
  },
  "All": {
    "a_Ber_2016_ALP": 0.002023096041876837,
    "a_Ber_2016_OC": 0.0004295036461038221,
    "a_Valles_2020_ALP": 0.0024958922472915427,
    "a_Valles_2020_ARS": 0.003038086416758482,
    "a_Chen_2018_ALP": 0.0001874576904688471,
    "a_Chen_2018_ARS": 0.00016081763958805881,
    "a_Qiao_2021_ALP": 0.03379811994260187,
    "a_early_diff_stim": 5.183427498883965e-05,
    "a_early_diff_inhib": 0.0013255085895191353,
    "a_late_diff_stim": 0.0023619532784818677,
    "a_late_diff_inhib": 0.053655057076064556,
    "early_diff_slow": 0.00010685153200935024,
    "early_diff_fast": 0.04585364815662445,
    "early_diff_very_fast": 0.03833877940707145,
    "late_diff_slow": 0.0003027965586823499,
    "late_diff_fast": 1.972816563639178e-05,
    "Mg_stim": 0.00019150108668843132,
    "Mg_dest": 0.0010609524948787565,
    "IL1b_ineffective": 0.00045535418108677306,
    "IL1b_stim": 0.00016065124865447593,
    "IL8_favorable": 0.0013915999260011806,
    "ALP_M_n": 0.3592413718452589,
    "ARS_M_n": 0.0015363767844271833,
    "OC_M_n": 1.5346675931954012e-05,
    "ALP_0": 0.39489700103711195,
    "ARS_0": 0.003951711209637469,
    "OC_0": 7.021721886589139e-06,
    "diff_time": 0.008609662084602105,
    "maturity_t": 0.003128906947317219
  }
}