{
    "ALP_M_n": 1.556605600583069,
    "ARS_M_n": 1.043554449357484,
    "ALP_0": 0.10532714113279572,
    "ARS_0": 0.15838878012927335,
    "maturity_t": 0.7130121150152527,
    "early_diff_slow": 0.37616412583859,
    "early_diff_fast": 0.5788429244888486,
    "early_diff_very_fast": 0.8702763336648993,
    "late_diff_slow": 0.15146275255993463,
    "late_diff_fast": 0.8142147553604228,
    "a_early_diff_stim": 2.5463281510648232,
    "a_early_diff_inhib": 8.111755000765482,
    "a_late_diff_stim": 13.291768211687101,
    "a_late_diff_inhib": 7.50294519261973,
    "diff_time": 834.2586473028259,
    "a_Valles_2020_ALP": 573.8228331115204,
    "a_Valles_2020_ARS": 729.862618054647
}