{"ALP_M_n": 4.10523079278995, "ALP_0": 1.3579286420432415, "Mg_stim": 2.69806696396685, "Mg_dest": 30.918504544348362, "maturity_t": 0.39430358258268916, "early_diff_fast": 0.5989178944893642, "a_early_diff_stim": 7.012189607623885, "diff_time": 609.6907515674185, "a_Valles_2020_ALP": 346.16342297100584}