{"ALP_M_n": 4.858311738237218, "ALP_0": 1.2952417009263555, "Mg_stim": 5.438715466965832, "Mg_dest": 35.30948948414707, "maturity_t": 0.3110813680392504, "early_diff_fast": 0.6169569491897797, "a_early_diff_stim": 4.457803530811299, "diff_time": 768.0877430384749, "a_Valles_2020_ALP": 132.609067144996}