{"ALP_M_n": 5.011673290799431, "ALP_0": 1.2846005059955055, "Mg_stim": 4.797541437816163, "Mg_dest": 28.784736561625458, "maturity_t": 0.2985935645487212, "early_diff_fast": 0.7034034650136538, "a_early_diff_stim": 2.939459958835842, "diff_time": 800.0926374478765, "a_Valles_2020_ALP": 190.39343338447992}