{"ALP_M_n": 5.011369463615053, "ALP_0": 1.2842032799767717, "Mg_stim": 5.601207740848661, "Mg_dest": 36.311835526376626, "maturity_t": 0.2990348927069281, "early_diff_fast": 0.5533324946779317, "a_early_diff_stim": 9.72361023352071, "diff_time": 797.566735530245, "a_Valles_2020_ALP": 477.3980038834789}