{"ALP_M_n": 3.048397640412456, "ALP_0": 1.508023066398973, "Mg_stim": 6.022899540049461, "Mg_dest": 28.921267328843566, "maturity_t": 0.6203178410108353, "early_diff_fast": 0.6226903778009352, "a_early_diff_stim": 4.18447629935821, "diff_time": 391.83571121116915, "a_Valles_2020_ALP": 650.4891812995836}