{"ALP_M_n": 3.6808677693698186, "ALP_0": 1.4059202585654194, "Mg_stim": 5.37117105914427, "Mg_dest": 39.375658289375394, "maturity_t": 0.4633627891370823, "early_diff_fast": 0.5293333038394947, "a_early_diff_stim": 17.31450966113547, "diff_time": 520.8983400573472, "a_Valles_2020_ALP": 281.81397280764634}