{"ALP_M_n": 3.2653614569729665, "ALP_0": 1.4684216407047772, "Mg_stim": 2.6080238194876504, "Mg_dest": 34.89001352146067, "maturity_t": 0.5557656431303591, "early_diff_fast": 0.5428721436257045, "a_early_diff_stim": 14.86043929934115, "diff_time": 436.3213431101671, "a_Valles_2020_ALP": 314.451314258532}