{"ALP_M_n": 3.0920458981029433, "ALP_0": 1.4995371501796655, "Mg_stim": 5.850302129139946, "Mg_dest": 28.304191691272678, "maturity_t": 0.6062303457617249, "early_diff_fast": 0.560129337139147, "a_early_diff_stim": 8.752267736547234, "diff_time": 400.8120012951281, "a_Valles_2020_ALP": 790.1006708640332}