{"ALP_M_n": 3.1658527555718323, "ALP_0": 1.4860191303856007, "Mg_stim": 4.112428500197229, "Mg_dest": 35.3320856048125, "maturity_t": 0.5835281924460409, "early_diff_fast": 0.7300910418485981, "a_early_diff_stim": 2.4673108516192883, "diff_time": 416.55667006309244, "a_Valles_2020_ALP": 706.102341432122}