{"ALP_M_n": 3.6311310420239655, "ALP_0": 1.413216515480838, "Mg_stim": 8.34361592585087, "Mg_dest": 28.446499310302265, "maturity_t": 0.47215215094647894, "early_diff_fast": 0.5605058120590812, "a_early_diff_stim": 7.436334175637126, "diff_time": 512.2023527739337, "a_Valles_2020_ALP": 89.23470168634611}