{"ALP_M_n": 3.799655310500501, "ALP_0": 1.3924675993034872, "Mg_stim": 7.714573084976767, "Mg_dest": 33.336525086502064, "maturity_t": 0.44061386620774134, "early_diff_fast": 0.5448100295570287, "a_early_diff_stim": 9.726207973593196, "diff_time": 547.3200022934166, "a_Valles_2020_ALP": 630.7737357353058}