{"ALP_M_n": 4.118787863247608, "ALP_0": 1.3565577977241603, "Mg_stim": 3.17051632095288, "Mg_dest": 27.59635161611202, "maturity_t": 0.39244247295925205, "early_diff_fast": 0.5679574347008736, "a_early_diff_stim": 10.434682597979336, "diff_time": 612.1335290998375, "a_Valles_2020_ALP": 347.4016601443128}