{"ALP_M_n": 4.16461710955487, "ALP_0": 1.3512041160726218, "Mg_stim": 3.9746239985059466, "Mg_dest": 28.536434213235374, "maturity_t": 0.38706120468079813, "early_diff_fast": 0.5436917075471197, "a_early_diff_stim": 14.816408150016887, "diff_time": 622.226963586797, "a_Valles_2020_ALP": 989.7717549157928}