{"ALP_M_n": 4.1093386216523955, "ALP_0": 1.35630276197083, "Mg_stim": 6.378230360814749, "Mg_dest": 26.369284314025883, "maturity_t": 0.39494729107116844, "early_diff_fast": 0.5999158121413559, "a_early_diff_stim": 5.148194323444676, "diff_time": 607.5064323251917, "a_Valles_2020_ALP": 218.80131544181148}