{"ALP_M_n": 4.264182282227389, "ALP_0": 1.3421970164241241, "Mg_stim": 4.225116639831934, "Mg_dest": 36.1231565380922, "maturity_t": 0.3737803298803972, "early_diff_fast": 0.5896605672313602, "a_early_diff_stim": 6.375190238846546, "diff_time": 643.1389700871155, "a_Valles_2020_ALP": 444.45781410689074}