{"a_Ber_2016_ALP": 0.22121874890528656, "a_Ber_2016_OC": 0.17489359839535415, "a_early_diff_stim": 0.8268300167628385, "a_late_diff_inhib": 18.054982423298583, "early_diff_very_fast": 0.7550190181937536, "late_diff_slow": 0.23080039460928198, "Mg_stim": 4.08084392393458, "Mg_dest": 24.36008060190788, "ALP_M_n": 3.323928838910406, "OC_M_n": 3.9093678767563165, "ALP_0": 0.8703572162893867, "OC_0": 0.7986235229289682, "diff_time": 744.6126552985138, "maturity_t": 0.26869476838649176}