{"a_Ber_2016_ALP": 0.9242271003076633, "a_Ber_2016_OC": 0.6312532740639426, "a_early_diff_stim": 0.3273915848805758, "a_late_diff_inhib": 14.674068851257205, "early_diff_very_fast": 0.8495029752089318, "late_diff_slow": 0.23096684778248255, "Mg_stim": 6.296192819475061, "Mg_dest": 39.26184586645299, "ALP_M_n": 4.522696177440218, "OC_M_n": 2.3175727667162405, "ALP_0": 0.43822776333259084, "OC_0": 0.09903951213416465, "diff_time": 491.9177824990263, "maturity_t": 0.3634009339907325}