{"a_Ber_2016_ALP": 0.330404795886927, "a_Ber_2016_OC": 0.6163104879259955, "a_early_diff_stim": 2.3609520400912, "a_late_diff_inhib": 14.876729637008644, "early_diff_very_fast": 0.7584555703450687, "late_diff_slow": 0.18224123046236795, "Mg_stim": 8.268356173609995, "Mg_dest": 31.74431805216139, "ALP_M_n": 1.6594710213068484, "OC_M_n": 3.565076099330013, "ALP_0": 0.7095423597175091, "OC_0": 0.3727181054380323, "diff_time": 716.9948861789608, "maturity_t": 0.30662204143100885}