{"a_Ber_2016_ALP": 0.47424920848188123, "a_Ber_2016_OC": 0.16226869216077683, "a_early_diff_stim": 0.9804451221803174, "a_late_diff_inhib": 11.84916257535358, "early_diff_very_fast": 0.6666930059865985, "late_diff_slow": 0.14356517855177658, "Mg_stim": 9.6086747606624, "Mg_dest": 27.110369637725313, "ALP_M_n": 4.977752247718762, "OC_M_n": 5.559805030423232, "ALP_0": 0.7421417341506851, "OC_0": 0.8230929693028132, "diff_time": 989.6752860599885, "maturity_t": 0.24551408468916436}