{"a_Ber_2016_ALP": 0.4104866015477419, "a_Ber_2016_OC": 0.679059827604115, "a_early_diff_stim": 1.3147410495129124, "a_late_diff_inhib": 17.07681298982091, "early_diff_very_fast": 0.8398425409790297, "late_diff_slow": 0.20633317864331444, "Mg_stim": 7.941079982760339, "Mg_dest": 33.61383446119972, "ALP_M_n": 1.3825125784255619, "OC_M_n": 1.9040040067623816, "ALP_0": 0.46496344286220276, "OC_0": 0.09355794756536245, "diff_time": 505.8526719390802, "maturity_t": 0.4337684642759156}