{"a_Ber_2016_ALP": 0.2930041435890142, "a_Ber_2016_OC": 0.8385114072216034, "a_early_diff_stim": 0.9277565863334556, "a_late_diff_inhib": 16.985220630778052, "early_diff_very_fast": 0.739631138248054, "late_diff_slow": 0.16800630734970148, "Mg_stim": 5.2274784921786654, "Mg_dest": 34.47412272401856, "ALP_M_n": 11.190363827917137, "OC_M_n": 2.4670709597172076, "ALP_0": 0.7977422337548743, "OC_0": 0.3680287511514818, "diff_time": 822.0442289241446, "maturity_t": 0.21564006849277742}