{"a_Ber_2016_ALP": 0.521812917887526, "a_Ber_2016_OC": 0.6287117951756569, "a_early_diff_stim": 0.9856787716728945, "a_late_diff_inhib": 16.154582569797093, "early_diff_very_fast": 0.7335206336608311, "late_diff_slow": 0.21031893646612093, "Mg_stim": 4.796363130305911, "Mg_dest": 26.359762920425354, "ALP_M_n": 1.657623846278785, "OC_M_n": 3.6190936728903473, "ALP_0": 0.516333930927618, "OC_0": 0.46962805539527963, "diff_time": 841.0902402522809, "maturity_t": 0.2558128579206552}