{"a_Ber_2016_ALP": 0.5159918907841828, "a_Ber_2016_OC": 0.12490739360990284, "a_early_diff_stim": 1.470619446738943, "a_late_diff_inhib": 18.888185288440898, "early_diff_very_fast": 0.6405042864605487, "late_diff_slow": 0.2329586873510367, "Mg_stim": 7.929719892515825, "Mg_dest": 31.425081246383083, "ALP_M_n": 0.9550464213281945, "OC_M_n": 4.793810109269088, "ALP_0": 0.27024739373370543, "OC_0": 0.5815027532456428, "diff_time": 565.2642425791298, "maturity_t": 0.47773189976453373}