{"a_Ber_2016_ALP": 0.3617055509153534, "a_Ber_2016_OC": 0.4153116197449292, "a_early_diff_stim": 1.6807728931125725, "a_late_diff_inhib": 12.86062974472744, "early_diff_very_fast": 0.6960430249290015, "late_diff_slow": 0.1130035600581159, "Mg_stim": 3.4589376479151537, "Mg_dest": 24.687519700640614, "ALP_M_n": 0.9187912583458039, "OC_M_n": 4.9928074775311675, "ALP_0": 0.5326387529206386, "OC_0": 0.29689460382726734, "diff_time": 597.5660723473842, "maturity_t": 0.4382742999795203}