{"a_Ber_2016_ALP": 0.3636824565935566, "a_Ber_2016_OC": 0.651098616474396, "a_early_diff_stim": 1.430035112184524, "a_late_diff_inhib": 13.650737793392487, "early_diff_very_fast": 0.7152574971785077, "late_diff_slow": 0.179403234966802, "Mg_stim": 7.805542495751598, "Mg_dest": 27.22493578274222, "ALP_M_n": 1.9808809328704604, "OC_M_n": 1.980510669831717, "ALP_0": 0.6027483663794818, "OC_0": 0.1956506233390107, "diff_time": 551.4603265719387, "maturity_t": 0.36383023242193085}