{"a_Ber_2016_ALP": 0.40531080960462357, "a_Ber_2016_OC": 0.0782235174613477, "a_early_diff_stim": 1.9565369936090107, "a_late_diff_inhib": 12.193520978590705, "early_diff_very_fast": 0.7226539962484181, "late_diff_slow": 0.19269509402489748, "Mg_stim": 8.468855229322028, "Mg_dest": 31.57568277060402, "ALP_M_n": 6.872608708657492, "OC_M_n": 5.25343931605006, "ALP_0": 0.7187209988304484, "OC_0": 0.8490927469533468, "diff_time": 713.0957992607109, "maturity_t": 0.2560365515736713}