{"a_Ber_2016_ALP": 0.2932600448853208, "a_Ber_2016_OC": 0.28449651802410403, "a_early_diff_stim": 0.703158947721672, "a_late_diff_inhib": 8.001591600772873, "early_diff_very_fast": 0.897290541801635, "late_diff_slow": 0.12459222853329496, "Mg_stim": 5.287157425712209, "Mg_dest": 21.010733382855882, "ALP_M_n": 1.3810805011737326, "OC_M_n": 5.471931375109065, "ALP_0": 0.5565567461712471, "OC_0": 0.21002456634423083, "diff_time": 365.66742421587685, "maturity_t": 0.6574049417265438}