{"a_Ber_2016_ALP": 0.26085186569086866, "a_Ber_2016_OC": 0.23155192874762726, "a_early_diff_stim": 2.9415045300076383, "a_late_diff_inhib": 11.017620462560803, "early_diff_very_fast": 0.6948091857205678, "late_diff_slow": 0.20316071785569464, "Mg_stim": 9.569707116063928, "Mg_dest": 24.409054524088695, "ALP_M_n": 1.2104762006263392, "OC_M_n": 4.445233502865649, "ALP_0": 0.8307435608979409, "OC_0": 0.44568646435580617, "diff_time": 575.3436480463836, "maturity_t": 0.3952557175897904}