{"a_Ber_2016_ALP": 0.22469346869250437, "a_Ber_2016_OC": 0.767685751127114, "a_early_diff_stim": 0.456065209367079, "a_late_diff_inhib": 15.54053619124607, "early_diff_very_fast": 0.8163321400447636, "late_diff_slow": 0.18840797417455657, "Mg_stim": 3.4869306159998588, "Mg_dest": 25.898793362944765, "ALP_M_n": 5.817771735268042, "OC_M_n": 2.7995775955640365, "ALP_0": 0.8579994732242502, "OC_0": 0.4359906886857455, "diff_time": 870.6979546286103, "maturity_t": 0.23377772330059002}