{"a_Ber_2016_ALP": 0.27104169610162887, "a_Ber_2016_OC": 0.9648444932263841, "a_early_diff_stim": 1.4649830090257134, "a_late_diff_inhib": 16.69668451687803, "early_diff_very_fast": 0.9530864036791127, "late_diff_slow": 0.3477238404368644, "Mg_stim": 9.805409878324657, "Mg_dest": 26.759931213474427, "ALP_M_n": 2.2123330771383607, "OC_M_n": 5.411680539380601, "ALP_0": 0.7735487829104377, "OC_0": 0.14573708870341257, "diff_time": 614.4758365401686, "maturity_t": 0.4252455114112406}