{"a_Ber_2016_ALP": 0.2974965352788668, "a_Ber_2016_OC": 0.665393825253052, "a_early_diff_stim": 0.5683597533969466, "a_late_diff_inhib": 18.456311994361783, "early_diff_very_fast": 0.9400264846254381, "late_diff_slow": 0.27131997891874976, "Mg_stim": 4.808386813364011, "Mg_dest": 24.521493028228978, "ALP_M_n": 5.31581808460592, "OC_M_n": 1.4614872922864703, "ALP_0": 0.6541726983833369, "OC_0": 0.11983135645451667, "diff_time": 483.58550781058665, "maturity_t": 0.37125605682604473}