{"a_Ber_2016_ALP": 0.21560626052967924, "a_Ber_2016_OC": 0.6875173268127596, "a_early_diff_stim": 1.9037276703016746, "a_late_diff_inhib": 18.84699496199616, "early_diff_very_fast": 0.7761540495102307, "late_diff_slow": 0.18809661456611285, "Mg_stim": 8.612967464956517, "Mg_dest": 25.821314659378814, "ALP_M_n": 1.9492623689186883, "OC_M_n": 2.942747838105238, "ALP_0": 0.9284992644073007, "OC_0": 0.28247673936062256, "diff_time": 655.8139352362698, "maturity_t": 0.3477020403200795}