{"a_Ber_2016_ALP": 0.34195861480692136, "a_Ber_2016_OC": 0.6436473359375576, "a_early_diff_stim": 2.4929609736475413, "a_late_diff_inhib": 16.57231783263454, "early_diff_very_fast": 0.8041522693261152, "late_diff_slow": 0.1827618779797019, "Mg_stim": 9.04402656929398, "Mg_dest": 33.825515435500485, "ALP_M_n": 1.1258584545416164, "OC_M_n": 2.922424117499788, "ALP_0": 0.6005018929826323, "OC_0": 0.20768858103921878, "diff_time": 579.6028514661293, "maturity_t": 0.39424656856515505}