{"a_Ber_2016_ALP": 0.27305883924416247, "a_Ber_2016_OC": 0.826673382026843, "a_early_diff_stim": 1.688732022508072, "a_late_diff_inhib": 17.60154172086319, "early_diff_very_fast": 0.9417031143805208, "late_diff_slow": 0.11929628740401221, "Mg_stim": 6.0325244824137965, "Mg_dest": 23.870641422870577, "ALP_M_n": 1.4268421361490238, "OC_M_n": 2.48097523178619, "ALP_0": 0.7697009964951735, "OC_0": 0.09380342299320497, "diff_time": 562.8734324609674, "maturity_t": 0.3928755664725851}