{
    "a_Ber_2016_ALP": 0.2908884664951148,
    "a_Ber_2016_OC": 0.7536812456454087,
    "a_early_diff_stim": 1.3416879849940537,
    "a_late_diff_inhib": 19.65224628896948,
    "early_diff_very_fast": 0.9659862745139456,
    "late_diff_slow": 0.14634995446938126,
    "Mg_stim": 9.148757791046405,
    "Mg_dest": 25.057085957408013,
    "ALP_M_n": 0.13014100446415283,
    "OC_M_n": 0.5385804155719361,
    "ALP_0": 3.2293973916862626,
    "OC_0": 0.11739587412897601,
    "diff_time": 421.44357775726115,
    "maturity_t": 0.03464483087731826
}