{
    "a_Ber_2016_ALP": 0.31043706251875436,
    "a_Ber_2016_OC": 0.5227242459236151,
    "a_early_diff_stim": 4.656712688018433,
    "a_late_diff_inhib": 7.595665669581109,
    "early_diff_very_fast": 0.7634286750607434,
    "late_diff_slow": 0.14754419789986425,
    "Mg_stim": 6.731748405517,
    "Mg_dest": 23.458010817047956,
    "ALP_M_n": 0.2730772130285294,
    "OC_M_n": 2.9659921111148915,
    "ALP_0": 1.1318051531533577,
    "OC_0": 0.6517958244152278,
    "diff_time": 1003.0114262952982,
    "maturity_t": 0.03001537931646453
}