{
    "a_Ber_2016_ALP": 0.33171545119445994,
    "a_Ber_2016_OC": 0.40223600895874545,
    "a_early_diff_stim": 1.7178662645861795,
    "a_late_diff_inhib": 15.890699801214874,
    "early_diff_very_fast": 0.8191162003177409,
    "late_diff_slow": 0.20136356122083687,
    "Mg_stim": 6.5522622895187395,
    "Mg_dest": 30.552609829742003,
    "ALP_M_n": 0.2160413389709277,
    "OC_M_n": 4.48170791026719,
    "ALP_0": 0.7299698822095511,
    "OC_0": 0.4372695028160122,
    "diff_time": 691.792391918365,
    "maturity_t": 0.352456890806147
}