{
    "a_Ber_2016_ALP": 0.2994686031741961,
    "a_Ber_2016_OC": 0.1753090916736857,
    "a_early_diff_stim": 7.785355544201607,
    "a_late_diff_inhib": 19.576946202121036,
    "early_diff_very_fast": 0.6614246458198414,
    "late_diff_slow": 0.2616422196766145,
    "Mg_stim": 9.149141955947746,
    "Mg_dest": 25.905315155728076,
    "ALP_M_n": 3.37364273765397,
    "OC_M_n": 2.0092990554904624,
    "ALP_0": 0.9551096672899115,
    "OC_0": 1.1286294546344546,
    "diff_time": 464.58569035902644,
    "maturity_t": 0.06150868622106598
}