{
    "a_Ber_2016_ALP": 0.3483232986591684,
    "a_Ber_2016_OC": 0.120358535180911,
    "a_early_diff_stim": 5.47607884562847,
    "a_late_diff_inhib": 6.852020556393512,
    "early_diff_very_fast": 0.9900976935718903,
    "late_diff_slow": 0.19258643709571632,
    "Mg_stim": 9.53805724526992,
    "Mg_dest": 29.862953403712023,
    "ALP_M_n": 0.1532620386141108,
    "OC_M_n": 3.843288218547648,
    "ALP_0": 0.6479790964834944,
    "OC_0": 0.7326404058929814,
    "diff_time": 557.2971617563408,
    "maturity_t": 0.03390813541047105
}