{
    "a_Ber_2016_ALP": 0.44609540810184806,
    "a_Ber_2016_OC": 0.46155998478473115,
    "a_early_diff_stim": 1.0647787273320368,
    "a_late_diff_inhib": 16.28892275726828,
    "early_diff_very_fast": 0.8844484377493975,
    "late_diff_slow": 0.21109276480366684,
    "Mg_stim": 4.768064211562838,
    "Mg_dest": 21.854566183118436,
    "ALP_M_n": 0.9792211053048661,
    "OC_M_n": 2.438323630495802,
    "ALP_0": 0.31847349991281604,
    "OC_0": 0.25292721557143594,
    "diff_time": 485.3463646777758,
    "maturity_t": 0.43018291219956206
}