{
    "a_Ber_2016_ALP": 0.4900295870179888,
    "a_Ber_2016_OC": 0.557734594411759,
    "a_early_diff_stim": 1.6535511643049992,
    "a_late_diff_inhib": 8.238675710501166,
    "early_diff_very_fast": 0.9443039337992614,
    "late_diff_slow": 0.12043751340479594,
    "Mg_stim": 8.613368827533147,
    "Mg_dest": 39.70266322814639,
    "ALP_M_n": 3.96051577509162,
    "OC_M_n": 2.3439210467118494,
    "ALP_0": 0.8715078758919536,
    "OC_0": 0.3119451857220967,
    "diff_time": 589.8678739188882,
    "maturity_t": 0.03783282869583496
}