{
    "a_Ber_2016_ALP": 0.5617939836813646,
    "a_Ber_2016_OC": 0.7091973381287263,
    "a_early_diff_stim": 1.820734373030401,
    "a_late_diff_inhib": 19.626929871936962,
    "early_diff_very_fast": 0.8225208638656141,
    "late_diff_slow": 0.3178461313175155,
    "Mg_stim": 5.720586218581687,
    "Mg_dest": 21.832851276555786,
    "ALP_M_n": 3.6605258646687737,
    "OC_M_n": 3.319444704189931,
    "ALP_0": 0.6279618494550441,
    "OC_0": 0.39598082542952806,
    "diff_time": 784.7579748342857,
    "maturity_t": 0.2444068168807264
}