{
    "a_Ber_2016_ALP": 0.33719213301546774,
    "a_Ber_2016_OC": 0.5803131062420357,
    "a_early_diff_stim": 2.3972341212064032,
    "a_late_diff_inhib": 19.533881227674627,
    "early_diff_very_fast": 0.8250230653843635,
    "late_diff_slow": 0.19589675525235936,
    "Mg_stim": 4.013834217166082,
    "Mg_dest": 25.105941959568067,
    "ALP_M_n": 0.46753326992148025,
    "OC_M_n": 0.9499161287614157,
    "ALP_0": 0.9171717175593113,
    "OC_0": 0.4021288759308419,
    "diff_time": 480.0992470169473,
    "maturity_t": 0.03765466815034535
}