{
    "a_Ber_2016_ALP": 0.08181038319243195,
    "a_Ber_2016_OC": 0.34123695261218207,
    "a_early_diff_stim": 2.9227330417406066,
    "a_late_diff_inhib": 16.46154085941626,
    "early_diff_very_fast": 0.7688714520844934,
    "late_diff_slow": 0.25904031357072355,
    "Mg_stim": 5.041380973397777,
    "Mg_dest": 25.667328601241103,
    "ALP_M_n": 2.5508851646514774,
    "OC_M_n": 1.5501559702920797,
    "ALP_0": 1.6302278100131162,
    "OC_0": 0.7317651991291774,
    "diff_time": 383.55500116537445,
    "maturity_t": 0.07940381280228959
}