{
    "a_Ber_2016_ALP": 0.08498491730062839,
    "a_Ber_2016_OC": 0.3264600526707671,
    "a_early_diff_stim": 6.739914234248899,
    "a_late_diff_inhib": 15.310543012266997,
    "early_diff_very_fast": 0.666936214611795,
    "late_diff_slow": 0.18262699445641192,
    "Mg_stim": 3.274350679999504,
    "Mg_dest": 34.28034199926068,
    "ALP_M_n": 1.1805041071125333,
    "OC_M_n": 2.070574463510328,
    "ALP_0": 2.8887281726870495,
    "OC_0": 0.5416866366926498,
    "diff_time": 503.26282532538545,
    "maturity_t": 0.12498232500992792
}