{
    "a_Ber_2016_ALP": 0.20774595318765882,
    "a_Ber_2016_OC": 0.39821776022466715,
    "a_early_diff_stim": 0.856849455745003,
    "a_late_diff_inhib": 12.154431524083888,
    "early_diff_very_fast": 0.9469837986903231,
    "late_diff_slow": 0.21285995897524082,
    "Mg_stim": 7.7927266303048945,
    "Mg_dest": 29.44294430678673,
    "ALP_M_n": 1.3707856319970215,
    "OC_M_n": 2.5988424215015815,
    "ALP_0": 1.0117681773639733,
    "OC_0": 0.31735627582091563,
    "diff_time": 502.17836584882707,
    "maturity_t": 0.3805140480375886
}