{
    "a_Ber_2016_ALP": 0.29656200769028107,
    "a_Ber_2016_OC": 0.34947684291304043,
    "a_early_diff_stim": 8.152800449006515,
    "a_late_diff_inhib": 8.705820013327648,
    "early_diff_very_fast": 0.8392248257903683,
    "late_diff_slow": 0.15785199693619378,
    "Mg_stim": 6.552012879496342,
    "Mg_dest": 25.961641153897546,
    "ALP_M_n": 0.056210518070161114,
    "OC_M_n": 1.8556220811066764,
    "ALP_0": 4.039104387842402,
    "OC_0": 0.5625288161307326,
    "diff_time": 405.57648045320525,
    "maturity_t": 0.024342139086499733
}