{
    "a_Ber_2016_ALP": 0.15125851471442361,
    "a_Ber_2016_OC": 0.6067879814397692,
    "a_early_diff_stim": 1.9479510993968134,
    "a_late_diff_inhib": 13.100396873692377,
    "early_diff_very_fast": 0.813654711862296,
    "late_diff_slow": 0.1590520504982692,
    "Mg_stim": 9.279416928236422,
    "Mg_dest": 23.310031842611,
    "ALP_M_n": 0.814466473578203,
    "OC_M_n": 0.9142962412218157,
    "ALP_0": 2.3257451729966587,
    "OC_0": 0.35290931998670094,
    "diff_time": 432.04435299877207,
    "maturity_t": 0.059147329860016785
}