{
    "a_Ber_2016_ALP": 0.5864378928743396,
    "a_Ber_2016_OC": 0.4740113088490322,
    "a_early_diff_stim": 2.8277086589355966,
    "a_late_diff_inhib": 18.65696130962438,
    "early_diff_very_fast": 0.8882987157850377,
    "late_diff_slow": 0.27521854971309573,
    "Mg_stim": 8.127734974888977,
    "Mg_dest": 28.203825763081706,
    "ALP_M_n": 4.734426244680225,
    "OC_M_n": 1.2684156150794195,
    "ALP_0": 0.7794960146162064,
    "OC_0": 0.5107885967097282,
    "diff_time": 499.73866982056575,
    "maturity_t": 0.10060814741473803
}