{
    "a_Ber_2016_ALP": 0.23576299423356004,
    "a_Ber_2016_OC": 0.3584124647068029,
    "a_early_diff_stim": 3.873939161292225,
    "a_late_diff_inhib": 18.048717521565965,
    "early_diff_very_fast": 0.8533141737231511,
    "late_diff_slow": 0.3313101649073362,
    "Mg_stim": 5.77835793975795,
    "Mg_dest": 21.66694818170369,
    "ALP_M_n": 0.2371118826856615,
    "OC_M_n": 2.265168458963305,
    "ALP_0": 4.453947211099262,
    "OC_0": 0.8114675379105427,
    "diff_time": 820.9095953795078,
    "maturity_t": 0.03746698881718303
}