{
    "a_Ber_2016_ALP": 0.3062201098552344,
    "a_Ber_2016_OC": 0.679404120927861,
    "a_early_diff_stim": 5.595398227504937,
    "a_late_diff_inhib": 17.285574354052436,
    "early_diff_very_fast": 0.7373988436036346,
    "late_diff_slow": 0.1549905294136809,
    "Mg_stim": 5.961804628493475,
    "Mg_dest": 28.70142673077226,
    "ALP_M_n": 0.09015964514660091,
    "OC_M_n": 0.8829477966357064,
    "ALP_0": 2.4009974942530414,
    "OC_0": 0.2032972382940894,
    "diff_time": 503.63825275917884,
    "maturity_t": 0.0689786184186168
}