{
    "a_Ber_2016_ALP": 0.2531509265634355,
    "a_Ber_2016_OC": 0.41569407058487945,
    "a_early_diff_stim": 13.86327610487666,
    "a_late_diff_inhib": 19.649793319182137,
    "early_diff_very_fast": 0.8130041490302379,
    "late_diff_slow": 0.21954885223351153,
    "Mg_stim": 7.788574022744479,
    "Mg_dest": 27.98322557072389,
    "ALP_M_n": 0.9198688654189597,
    "OC_M_n": 1.5440726515098147,
    "ALP_0": 1.301207407473907,
    "OC_0": 0.7347505962078956,
    "diff_time": 635.331486042366,
    "maturity_t": 0.011273949852841766
}