{
    "a_Ber_2016_ALP": 0.08860788318546016,
    "a_Ber_2016_OC": 0.03492250999688579,
    "a_early_diff_stim": 0.8481980610623906,
    "a_late_diff_inhib": 9.520072426262741,
    "early_diff_very_fast": 0.9448385487645563,
    "late_diff_slow": 0.1665041548041432,
    "Mg_stim": 2.1782065533941246,
    "Mg_dest": 35.182165640408925,
    "ALP_M_n": 0.7474088045100101,
    "OC_M_n": 5.270666388487349,
    "ALP_0": 5.463983855237087,
    "OC_0": 0.8114608797658275,
    "diff_time": 399.22150299284436,
    "maturity_t": 0.2181933221969732
}