{
    "a_Ber_2016_ALP": 0.07843895824268812,
    "a_Ber_2016_OC": 0.5651211925360653,
    "a_early_diff_stim": 1.6307313491396294,
    "a_late_diff_inhib": 4.63202964170935,
    "early_diff_very_fast": 0.882911659510503,
    "late_diff_slow": 0.3326225447627711,
    "Mg_stim": 8.881995330302107,
    "Mg_dest": 29.69549413564171,
    "ALP_M_n": 0.852066494027265,
    "OC_M_n": 6.208832393960335,
    "ALP_0": 5.4573803827263365,
    "OC_0": 0.07891872639126113,
    "diff_time": 514.9909384787501,
    "maturity_t": 0.022120519365564268
}