{
    "a_Ber_2016_ALP": 0.6148933408179177,
    "a_Ber_2016_OC": 0.5192073592001977,
    "a_early_diff_stim": 15.056491253439413,
    "a_late_diff_inhib": 16.96886685208995,
    "early_diff_very_fast": 0.8475645682511951,
    "late_diff_slow": 0.3324027474218846,
    "Mg_stim": 9.06104728598973,
    "Mg_dest": 31.322750459082783,
    "ALP_M_n": 2.7974296468566524,
    "OC_M_n": 2.472648672612829,
    "ALP_0": 0.7405004268192262,
    "OC_0": 0.26166786676950154,
    "diff_time": 542.2952078851382,
    "maturity_t": 0.05524653942016707
}