{
    "a_Ber_2016_ALP": 0.2291115831481114,
    "a_Ber_2016_OC": 0.5580173578820621,
    "a_early_diff_stim": 4.235456734036323,
    "a_late_diff_inhib": 12.140429527060975,
    "early_diff_very_fast": 0.6836972917259078,
    "late_diff_slow": 0.2647539365684759,
    "Mg_stim": 7.747446336421684,
    "Mg_dest": 22.711591101975536,
    "ALP_M_n": 0.4537748262930762,
    "OC_M_n": 1.8398885497642612,
    "ALP_0": 1.8360224619981949,
    "OC_0": 0.49094450461396294,
    "diff_time": 695.3185780354318,
    "maturity_t": 0.06406124902910956
}