{
    "a_Ber_2016_ALP": 0.29680378065527085,
    "a_Ber_2016_OC": 0.7746204224434966,
    "a_early_diff_stim": 4.613337606742116,
    "a_late_diff_inhib": 15.900621581778083,
    "early_diff_very_fast": 0.6747653774936951,
    "late_diff_slow": 0.1644125372688406,
    "Mg_stim": 5.629192126587757,
    "Mg_dest": 22.716039243277066,
    "ALP_M_n": 0.10860463253376626,
    "OC_M_n": 0.9136328066739966,
    "ALP_0": 3.014961022393385,
    "OC_0": 0.04381413503458501,
    "diff_time": 507.41707127515366,
    "maturity_t": 0.12910325423868016
}