{
    "a_Ber_2016_ALP": 0.2564908306083775,
    "a_Ber_2016_OC": 0.4311906832301432,
    "a_early_diff_stim": 6.219102867862446,
    "a_late_diff_inhib": 16.552719258442547,
    "early_diff_very_fast": 0.8249614356091397,
    "late_diff_slow": 0.34072217356933643,
    "Mg_stim": 7.608642853790486,
    "Mg_dest": 29.315452662636613,
    "ALP_M_n": 0.927062639510293,
    "OC_M_n": 3.424956562693799,
    "ALP_0": 1.2472729516069703,
    "OC_0": 0.6738573157950913,
    "diff_time": 962.2353937437365,
    "maturity_t": 0.0027195275732470603
}