{
    "a_Ber_2016_ALP": 0.3033368369188666,
    "a_Ber_2016_OC": 0.5197467674345924,
    "a_early_diff_stim": 1.7974170097545246,
    "a_late_diff_inhib": 5.767437130987298,
    "early_diff_very_fast": 0.8441383974007982,
    "late_diff_slow": 0.19367238619275887,
    "Mg_stim": 5.149192336946853,
    "Mg_dest": 31.172696675283877,
    "ALP_M_n": 0.2098007001179435,
    "OC_M_n": 4.215544070890048,
    "ALP_0": 1.1730334931628783,
    "OC_0": 0.4633489119204185,
    "diff_time": 782.1568423852788,
    "maturity_t": 0.004258078339716191
}