{
    "a_Ber_2016_ALP": 0.21032242195983755,
    "a_Ber_2016_OC": 0.3089263702306343,
    "a_early_diff_stim": 2.40561660312144,
    "a_late_diff_inhib": 14.55506763396532,
    "early_diff_very_fast": 0.7472290040114664,
    "late_diff_slow": 0.28289292151598877,
    "Mg_stim": 7.129489798930124,
    "Mg_dest": 28.041767582019357,
    "ALP_M_n": 0.34394805923358346,
    "OC_M_n": 2.9744996338088736,
    "ALP_0": 2.581911108382795,
    "OC_0": 0.37697447178329113,
    "diff_time": 474.00875849530786,
    "maturity_t": 0.27744509750397084
}