{
    "a_Ber_2016_ALP": 0.15125022119396947,
    "a_Ber_2016_OC": 0.27501597158868957,
    "a_early_diff_stim": 2.7687201843313467,
    "a_late_diff_inhib": 16.815453511079923,
    "early_diff_very_fast": 0.8715868965499991,
    "late_diff_slow": 0.18977040238076456,
    "Mg_stim": 2.66699453042638,
    "Mg_dest": 24.318061745395312,
    "ALP_M_n": 0.5285813895791189,
    "OC_M_n": 1.8000703145443695,
    "ALP_0": 4.344438981369132,
    "OC_0": 1.0011037368008437,
    "diff_time": 623.2629774325026,
    "maturity_t": 0.005403109449290285
}