{
    "a_Ber_2016_ALP": 0.616395897070429,
    "a_Ber_2016_OC": 0.3151662711612682,
    "a_early_diff_stim": 12.249981526493883,
    "a_late_diff_inhib": 17.825216502084547,
    "early_diff_very_fast": 0.8081719416779672,
    "late_diff_slow": 0.13649118645731176,
    "Mg_stim": 7.6632086771843255,
    "Mg_dest": 25.96452250329847,
    "ALP_M_n": 0.9885333043465732,
    "OC_M_n": 2.252120435847374,
    "ALP_0": 0.38101182200915584,
    "OC_0": 0.5128051263576854,
    "diff_time": 461.11470660951073,
    "maturity_t": 0.13417242310836597
}