{
    "a_Ber_2016_ALP": 0.30668741561112567,
    "a_Ber_2016_OC": 0.685868474269909,
    "a_early_diff_stim": 12.185451857132357,
    "a_late_diff_inhib": 13.91385825019978,
    "early_diff_very_fast": 0.8659522060003924,
    "late_diff_slow": 0.1061545690292961,
    "Mg_stim": 7.167618267940074,
    "Mg_dest": 26.958532502678352,
    "ALP_M_n": 0.0677309447147897,
    "OC_M_n": 0.9563255720048315,
    "ALP_0": 2.8832581837360562,
    "OC_0": 0.17463267789544873,
    "diff_time": 455.6884771907948,
    "maturity_t": 0.06368702003424555
}