{
    "a_Ber_2016_ALP": 0.30601266262836785,
    "a_Ber_2016_OC": 0.33036403939463527,
    "a_early_diff_stim": 6.375312055500375,
    "a_late_diff_inhib": 1.7289079475185147,
    "early_diff_very_fast": 0.7164747837067252,
    "late_diff_slow": 0.16630215836888662,
    "Mg_stim": 6.965954206384392,
    "Mg_dest": 31.154204072659674,
    "ALP_M_n": 0.3276162685500604,
    "OC_M_n": 0.42754068177493976,
    "ALP_0": 0.6050789919610727,
    "OC_0": 6.9138407653649505,
    "diff_time": 499.7797452423278,
    "maturity_t": 0.8668984211558125
}