{
    "a_Ber_2016_ALP": 0.37306493504898913,
    "a_Ber_2016_OC": 0.45577882872946307,
    "a_early_diff_stim": 13.919195976846195,
    "a_late_diff_inhib": 12.92425138421859,
    "early_diff_very_fast": 0.7756116439316263,
    "late_diff_slow": 0.24142143233210414,
    "Mg_stim": 9.740752007970936,
    "Mg_dest": 28.01995949013057,
    "ALP_M_n": 0.9895031564996309,
    "OC_M_n": 1.39571627228089,
    "ALP_0": 0.8119773157483872,
    "OC_0": 0.4964466322394608,
    "diff_time": 487.75379227671937,
    "maturity_t": 0.006654009087783959
}