{
    "a_Ber_2016_ALP": 0.22087601154265044,
    "a_Ber_2016_OC": 0.7206819430842019,
    "a_early_diff_stim": 2.6260429547434985,
    "a_late_diff_inhib": 14.142856621242974,
    "early_diff_very_fast": 0.9294098641293919,
    "late_diff_slow": 0.17220820899886152,
    "Mg_stim": 7.889824533809068,
    "Mg_dest": 23.646277772648645,
    "ALP_M_n": 0.19393641106954113,
    "OC_M_n": 0.6969646198477882,
    "ALP_0": 7.741055342014377,
    "OC_0": 0.1616161319581322,
    "diff_time": 467.9274935756365,
    "maturity_t": 0.06542633872477044
}