{
    "a_Ber_2016_ALP": 0.13920200015624565,
    "a_Ber_2016_OC": 0.10551736649873034,
    "a_early_diff_stim": 1.2529493715697007,
    "a_late_diff_inhib": 17.273668645411547,
    "early_diff_very_fast": 0.7611071879144702,
    "late_diff_slow": 0.22707045822572733,
    "Mg_stim": 2.518908913245821,
    "Mg_dest": 29.21619222001613,
    "ALP_M_n": 0.6455464165139029,
    "OC_M_n": 2.4434070685498592,
    "ALP_0": 3.467436942833646,
    "OC_0": 1.377420975297557,
    "diff_time": 551.574581819938,
    "maturity_t": 0.08692015111388998
}