{
    "a_Ber_2016_ALP": 0.3200153279655059,
    "a_Ber_2016_OC": 0.22022224764806214,
    "a_early_diff_stim": 1.6466614599970122,
    "a_late_diff_inhib": 10.601512366138854,
    "early_diff_very_fast": 0.6865682199167209,
    "late_diff_slow": 0.19872849655570618,
    "Mg_stim": 4.483198869809194,
    "Mg_dest": 20.674886444677867,
    "ALP_M_n": 0.2022540038993843,
    "OC_M_n": 1.7289147502757949,
    "ALP_0": 0.9053893563027879,
    "OC_0": 1.1087886871538757,
    "diff_time": 447.67359389396853,
    "maturity_t": 0.02750464733422801
}