{
    "a_Ber_2016_ALP": 0.284338467926603,
    "a_Ber_2016_OC": 0.7302598886615387,
    "a_early_diff_stim": 8.477134826850827,
    "a_late_diff_inhib": 15.596787228250939,
    "early_diff_very_fast": 0.7411665589265997,
    "late_diff_slow": 0.22819268559745975,
    "Mg_stim": 5.673816242955611,
    "Mg_dest": 25.40591384891635,
    "ALP_M_n": 0.11011735652411452,
    "OC_M_n": 0.9469961567202869,
    "ALP_0": 1.8508311981095191,
    "OC_0": 0.28685690476176795,
    "diff_time": 619.2869531053153,
    "maturity_t": 0.023981524635307495
}