{
    "a_Ber_2016_ALP": 0.21260883122039775,
    "a_Ber_2016_OC": 0.779055566497585,
    "a_early_diff_stim": 0.7988466045508532,
    "a_late_diff_inhib": 19.54037665027304,
    "early_diff_very_fast": 0.7176780289982918,
    "late_diff_slow": 0.228392680405199,
    "Mg_stim": 3.3883697525833325,
    "Mg_dest": 34.51868312997458,
    "ALP_M_n": 3.4319939436379663,
    "OC_M_n": 4.677560979808653,
    "ALP_0": 0.9307015782118198,
    "OC_0": 0.48119101303644657,
    "diff_time": 960.9211624099072,
    "maturity_t": 0.26529604863207745
}