{
    "a_Ber_2016_ALP": 0.3189788224943963,
    "a_Ber_2016_OC": 0.7487548472752735,
    "a_early_diff_stim": 3.825966464273816,
    "a_late_diff_inhib": 15.057094571677839,
    "early_diff_very_fast": 0.8898280249487279,
    "late_diff_slow": 0.19545073645266106,
    "Mg_stim": 5.802748622800008,
    "Mg_dest": 28.646956860082316,
    "ALP_M_n": 0.18203149261990081,
    "OC_M_n": 1.1268936757170587,
    "ALP_0": 1.307241210411097,
    "OC_0": 0.4026202869065526,
    "diff_time": 766.1883406850196,
    "maturity_t": 0.007707309737535925
}