{
    "a_Ber_2016_ALP": 0.2753043024140225,
    "a_Ber_2016_OC": 0.6609400178861383,
    "a_early_diff_stim": 5.510102499800831,
    "a_late_diff_inhib": 18.217233019216483,
    "early_diff_very_fast": 0.8121600394874373,
    "late_diff_slow": 0.2615372140206508,
    "Mg_stim": 6.891073583435922,
    "Mg_dest": 32.33071572438051,
    "ALP_M_n": 0.8866200490068489,
    "OC_M_n": 1.8287071295872217,
    "ALP_0": 1.071540591674084,
    "OC_0": 0.2818636783506631,
    "diff_time": 608.877352309812,
    "maturity_t": 0.13137581392775105
}