{
    "a_Ber_2016_ALP": 0.015406532523188687,
    "a_Ber_2016_OC": 0.5620907709419773,
    "a_early_diff_stim": 10.077482910091254,
    "a_late_diff_inhib": 9.034429307025999,
    "early_diff_very_fast": 0.7211802991154113,
    "late_diff_slow": 0.21615099992585896,
    "Mg_stim": 4.530006249230073,
    "Mg_dest": 29.15049956661346,
    "ALP_M_n": 2.059431886272886,
    "OC_M_n": 3.4766560655520724,
    "ALP_0": 4.240285326475444,
    "OC_0": 0.37599939442048225,
    "diff_time": 689.8107112013632,
    "maturity_t": 0.04287277392224176
}