{
    "a_Ber_2016_ALP": 0.2857987884038765,
    "a_Ber_2016_OC": 0.4315789124703302,
    "a_early_diff_stim": 7.685859387731458,
    "a_late_diff_inhib": 13.080472415755613,
    "early_diff_very_fast": 0.8691747358079756,
    "late_diff_slow": 0.2014220315066009,
    "Mg_stim": 5.816951259563244,
    "Mg_dest": 27.540723359128844,
    "ALP_M_n": 0.32086398844281155,
    "OC_M_n": 1.4939635296129168,
    "ALP_0": 1.1259652383880574,
    "OC_0": 0.5269759329251724,
    "diff_time": 512.1031811316401,
    "maturity_t": 0.06655125612948448
}