{
    "a_Ber_2016_ALP": 0.3168603139115741,
    "a_Ber_2016_OC": 0.6762730616016559,
    "a_early_diff_stim": 16.507594053601032,
    "a_late_diff_inhib": 15.491068709359793,
    "early_diff_very_fast": 0.7533869987007015,
    "late_diff_slow": 0.17420321926851437,
    "Mg_stim": 9.634941787408515,
    "Mg_dest": 30.654180728342347,
    "ALP_M_n": 0.6173125689564036,
    "OC_M_n": 2.9263695127302793,
    "ALP_0": 0.9570029927912072,
    "OC_0": 0.2561938845510358,
    "diff_time": 627.3628931740799,
    "maturity_t": 0.14418724306942307
}