{
    "a_Ber_2016_ALP": 0.316222309371103,
    "a_Ber_2016_OC": 0.5045345602004689,
    "a_early_diff_stim": 3.956401192972924,
    "a_late_diff_inhib": 18.078680773004955,
    "early_diff_very_fast": 0.9836967641965072,
    "late_diff_slow": 0.11965271306490072,
    "Mg_stim": 5.924582215832835,
    "Mg_dest": 27.023580383326212,
    "ALP_M_n": 0.06008670748631658,
    "OC_M_n": 1.0717440838242336,
    "ALP_0": 3.19348987992571,
    "OC_0": 0.5374429665930204,
    "diff_time": 493.6484771528342,
    "maturity_t": 0.020193214513327194
}