{
    "a_Ber_2016_ALP": 0.05210602059677436,
    "a_Ber_2016_OC": 0.9889980402054919,
    "a_early_diff_stim": 0.6193116068002551,
    "a_late_diff_inhib": 14.76020930492823,
    "early_diff_very_fast": 0.8764919950139305,
    "late_diff_slow": 0.30256657010757226,
    "Mg_stim": 6.756226435031445,
    "Mg_dest": 30.6499690641027,
    "ALP_M_n": 1.0821559594197792,
    "OC_M_n": 2.0036531135032196,
    "ALP_0": 5.1739878808982755,
    "OC_0": 0.01100732719769768,
    "diff_time": 567.3585313890363,
    "maturity_t": 0.2670669154774013
}