{
    "a_Ber_2016_ALP": 0.33272682478400467,
    "a_Ber_2016_OC": 0.29493656382775557,
    "a_early_diff_stim": 9.494127670736013,
    "a_late_diff_inhib": 15.388502155522438,
    "early_diff_very_fast": 0.8327082910484608,
    "late_diff_slow": 0.2563223156856143,
    "Mg_stim": 5.771392883423681,
    "Mg_dest": 22.723699952258265,
    "ALP_M_n": 1.4259742378958336,
    "OC_M_n": 1.7229551798090939,
    "ALP_0": 0.8878722593088234,
    "OC_0": 0.8044718564566697,
    "diff_time": 514.2442768971403,
    "maturity_t": 0.04867905401792619
}