{
    "a_Ber_2016_ALP": 0.33130204494589843,
    "a_Ber_2016_OC": 0.725604252287048,
    "a_early_diff_stim": 4.31799291398193,
    "a_late_diff_inhib": 15.706979186608944,
    "early_diff_very_fast": 0.7349117239635463,
    "late_diff_slow": 0.17491063061320156,
    "Mg_stim": 6.840316954053439,
    "Mg_dest": 21.855828493105122,
    "ALP_M_n": 0.5804292986744087,
    "OC_M_n": 0.6888840181275695,
    "ALP_0": 0.9242472552015781,
    "OC_0": 0.22157807439022434,
    "diff_time": 541.5460875505494,
    "maturity_t": 0.01548523418475771
}