{
    "a_Ber_2016_ALP": 0.09564011081582122,
    "a_Ber_2016_OC": 0.7708196042939877,
    "a_early_diff_stim": 6.670538677285168,
    "a_late_diff_inhib": 13.828934239337446,
    "early_diff_very_fast": 0.7393875968089315,
    "late_diff_slow": 0.19243023852820243,
    "Mg_stim": 5.0491804517642205,
    "Mg_dest": 25.055343376328278,
    "ALP_M_n": 0.7692256876033723,
    "OC_M_n": 0.8246709801728039,
    "ALP_0": 4.522781880936359,
    "OC_0": 0.04592844845245947,
    "diff_time": 405.9280736628272,
    "maturity_t": 0.08292827036294799
}