{
    "a_Ber_2016_ALP": 0.3307543309452033,
    "a_Ber_2016_OC": 0.8018287966166677,
    "a_early_diff_stim": 16.608329733237277,
    "a_late_diff_inhib": 9.666002662545562,
    "early_diff_very_fast": 0.8321057530005322,
    "late_diff_slow": 0.31013223508309395,
    "Mg_stim": 7.583577912370419,
    "Mg_dest": 27.20335186351161,
    "ALP_M_n": 0.1966163499195785,
    "OC_M_n": 2.9002906134863182,
    "ALP_0": 0.5950832765880796,
    "OC_0": 0.2089730054748167,
    "diff_time": 637.7809204720268,
    "maturity_t": 0.0174502555528231
}