{
    "a_Ber_2016_ALP": 0.1998868443586055,
    "a_Ber_2016_OC": 0.4298833951872664,
    "a_early_diff_stim": 0.6494526059487682,
    "a_late_diff_inhib": 8.711204226789173,
    "early_diff_very_fast": 0.8228613735219851,
    "late_diff_slow": 0.14921522349640584,
    "Mg_stim": 7.19783934801379,
    "Mg_dest": 23.46441302105641,
    "ALP_M_n": 0.8456912834054865,
    "OC_M_n": 2.415492954186569,
    "ALP_0": 1.5560173513413396,
    "OC_0": 0.6953415118808064,
    "diff_time": 842.988670483887,
    "maturity_t": 0.08137411703583476
}