{
    "a_Ber_2016_ALP": 0.28668034674142207,
    "a_Ber_2016_OC": 0.41719205204332865,
    "a_early_diff_stim": 8.908760788656979,
    "a_late_diff_inhib": 19.81090670868981,
    "early_diff_very_fast": 0.8018779172319968,
    "late_diff_slow": 0.16974304059585826,
    "Mg_stim": 6.135331401565421,
    "Mg_dest": 20.70271909627904,
    "ALP_M_n": 0.28357557888895313,
    "OC_M_n": 1.4487959250927802,
    "ALP_0": 1.6653148433396479,
    "OC_0": 0.6146144333516702,
    "diff_time": 529.005346475611,
    "maturity_t": 0.04664458351795162
}