{
    "a_Ber_2016_ALP": 0.19932023396217552,
    "a_Ber_2016_OC": 0.47282854212700637,
    "a_early_diff_stim": 5.641918652762199,
    "a_late_diff_inhib": 13.267012984584127,
    "early_diff_very_fast": 0.8632398537702226,
    "late_diff_slow": 0.14174576507436576,
    "Mg_stim": 8.001639945185296,
    "Mg_dest": 25.522512183179334,
    "ALP_M_n": 0.4150768855704024,
    "OC_M_n": 1.4013105451211738,
    "ALP_0": 2.606319329430386,
    "OC_0": 0.4553937524353412,
    "diff_time": 411.6590862550167,
    "maturity_t": 0.1170821896334813
}