{
    "a_Ber_2016_ALP": 0.3186846032044057,
    "a_Ber_2016_OC": 0.3608657056603669,
    "a_early_diff_stim": 0.47695905892698154,
    "a_late_diff_inhib": 11.740560329442234,
    "early_diff_very_fast": 0.7379847249554298,
    "late_diff_slow": 0.12974188475764903,
    "Mg_stim": 3.8295663722962017,
    "Mg_dest": 22.334316050027013,
    "ALP_M_n": 0.2798516321243986,
    "OC_M_n": 1.752430139657942,
    "ALP_0": 1.0807270208980324,
    "OC_0": 0.8309737750361831,
    "diff_time": 677.3332679689707,
    "maturity_t": 0.030435117558473702
}