{
    "a_Ber_2016_ALP": 0.12425079362374788,
    "a_Ber_2016_OC": 0.2671077399100958,
    "a_early_diff_stim": 4.131589649524943,
    "a_late_diff_inhib": 9.20310594534196,
    "early_diff_very_fast": 0.982652143609938,
    "late_diff_slow": 0.1922291628706745,
    "Mg_stim": 6.569768045822583,
    "Mg_dest": 28.433825058200988,
    "ALP_M_n": 0.594589282007076,
    "OC_M_n": 3.417323564373371,
    "ALP_0": 4.862216652234988,
    "OC_0": 0.6462327988357721,
    "diff_time": 688.2685858705858,
    "maturity_t": 0.08452149439254765
}