{
    "a_Ber_2016_ALP": 0.2632322366970848,
    "a_Ber_2016_OC": 0.3120702386021589,
    "a_early_diff_stim": 5.225464281434544,
    "a_late_diff_inhib": 11.859774378753338,
    "early_diff_very_fast": 0.9470039039586949,
    "late_diff_slow": 0.2610870535909212,
    "Mg_stim": 8.576876059500055,
    "Mg_dest": 20.854752722984088,
    "ALP_M_n": 0.29199126331058634,
    "OC_M_n": 2.710785625027191,
    "ALP_0": 1.601012005087536,
    "OC_0": 0.8930825910641665,
    "diff_time": 968.0957236399655,
    "maturity_t": 0.02366149220298787
}