{
    "a_Ber_2016_ALP": 0.27451026275408064,
    "a_Ber_2016_OC": 0.5396565820288451,
    "a_early_diff_stim": 3.6521833759936495,
    "a_late_diff_inhib": 8.64681357215577,
    "early_diff_very_fast": 0.6618958044040497,
    "late_diff_slow": 0.19735546461527675,
    "Mg_stim": 6.258007434961211,
    "Mg_dest": 26.204149060483143,
    "ALP_M_n": 3.2524100659524793,
    "OC_M_n": 2.4051817758752954,
    "ALP_0": 1.054243304666123,
    "OC_0": 0.5512801769276789,
    "diff_time": 804.4671320730391,
    "maturity_t": 0.008770166096076615
}