{
    "a_Ber_2016_ALP": 0.2472396201090923,
    "a_Ber_2016_OC": 0.24361315064688788,
    "a_early_diff_stim": 10.414003482745214,
    "a_late_diff_inhib": 17.95206385191118,
    "early_diff_very_fast": 0.6980053901567279,
    "late_diff_slow": 0.14606888353151087,
    "Mg_stim": 4.056047492292454,
    "Mg_dest": 25.309221038822415,
    "ALP_M_n": 0.4120288485222884,
    "OC_M_n": 1.7589652928822348,
    "ALP_0": 1.954470525452503,
    "OC_0": 0.9659640694365009,
    "diff_time": 451.98863209320507,
    "maturity_t": 0.030258290471434836
}