{
    "a_Ber_2016_ALP": 0.21530725735626602,
    "a_Ber_2016_OC": 0.545144030200399,
    "a_early_diff_stim": 5.032504244315177,
    "a_late_diff_inhib": 10.232294034189866,
    "early_diff_very_fast": 0.8642405368762696,
    "late_diff_slow": 0.12151549713458482,
    "Mg_stim": 2.4797864213806604,
    "Mg_dest": 20.006327653206302,
    "ALP_M_n": 0.5182356250827024,
    "OC_M_n": 1.7060960863790273,
    "ALP_0": 2.3836956342219455,
    "OC_0": 0.6191794687627344,
    "diff_time": 796.3144898097415,
    "maturity_t": 0.027716597558544144
}