{
    "a_Ber_2016_ALP": 0.14835886774136153,
    "a_Ber_2016_OC": 0.6294032492004442,
    "a_early_diff_stim": 7.337296750699988,
    "a_late_diff_inhib": 5.949913780880974,
    "early_diff_very_fast": 0.6617596288462405,
    "late_diff_slow": 0.17119437117839026,
    "Mg_stim": 7.6999780804291955,
    "Mg_dest": 33.251055562847625,
    "ALP_M_n": 1.375751286149583,
    "OC_M_n": 2.4745183138297238,
    "ALP_0": 1.76021439620923,
    "OC_0": 0.14435495460212752,
    "diff_time": 526.725812147139,
    "maturity_t": 0.0003237245542474161
}