{
    "a_Ber_2016_ALP": 0.3207000140743072,
    "a_Ber_2016_OC": 0.431170937000855,
    "a_early_diff_stim": 1.7293340725406527,
    "a_late_diff_inhib": 16.914458659377537,
    "early_diff_very_fast": 0.79063592237478,
    "late_diff_slow": 0.14886004197439276,
    "Mg_stim": 4.672675000174651,
    "Mg_dest": 27.529734506404814,
    "ALP_M_n": 0.43871554191172046,
    "OC_M_n": 1.2337103056301204,
    "ALP_0": 0.8425332146150546,
    "OC_0": 0.6598715670961347,
    "diff_time": 508.63876951859135,
    "maturity_t": 0.029831132517216186
}