{
    "a_Ber_2016_ALP": 0.33520457118479197,
    "a_Ber_2016_OC": 0.6101333307219602,
    "a_early_diff_stim": 0.8642699088606509,
    "a_late_diff_inhib": 16.157111647684403,
    "early_diff_very_fast": 0.8975661690369106,
    "late_diff_slow": 0.33336514967498787,
    "Mg_stim": 5.425925094115831,
    "Mg_dest": 31.093450396209782,
    "ALP_M_n": 0.2938227305175882,
    "OC_M_n": 1.9485062731005787,
    "ALP_0": 0.6639479861131088,
    "OC_0": 0.14963929803844156,
    "diff_time": 492.29606200916714,
    "maturity_t": 0.12005447407544234
}