{
    "a_Ber_2016_ALP": 0.387427231773405,
    "a_Ber_2016_OC": 0.6528602661064173,
    "a_early_diff_stim": 1.1589906615904806,
    "a_late_diff_inhib": 17.16250850887978,
    "early_diff_very_fast": 0.9563323649359161,
    "late_diff_slow": 0.11402314469267064,
    "Mg_stim": 6.92133747027361,
    "Mg_dest": 26.55735762593757,
    "ALP_M_n": 0.9175792270599104,
    "OC_M_n": 2.0135866423823603,
    "ALP_0": 0.7150256953382738,
    "OC_0": 0.5171748019945842,
    "diff_time": 855.6231296439905,
    "maturity_t": 0.11270242605041281
}