{
    "a_Ber_2016_ALP": 0.24549074324646353,
    "a_Ber_2016_OC": 0.07833978521307708,
    "a_early_diff_stim": 6.807982232664883,
    "a_late_diff_inhib": 16.1963471551,
    "early_diff_very_fast": 0.9445238649568999,
    "late_diff_slow": 0.27569373371415046,
    "Mg_stim": 9.418335808141785,
    "Mg_dest": 22.467257205944463,
    "ALP_M_n": 7.524484435289254,
    "OC_M_n": 3.5878104212504107,
    "ALP_0": 1.0324989649982936,
    "OC_0": 1.4136581724448003,
    "diff_time": 1013.3935784236901,
    "maturity_t": 0.006288121016895992
}