{
    "a_Ber_2016_ALP": 0.5413636439631488,
    "a_Ber_2016_OC": 0.4930712340641402,
    "a_early_diff_stim": 5.195595099125499,
    "a_late_diff_inhib": 10.605766117721382,
    "early_diff_very_fast": 0.7501920257026764,
    "late_diff_slow": 0.2472398748955877,
    "Mg_stim": 6.580045173415546,
    "Mg_dest": 28.84986045718099,
    "ALP_M_n": 1.5905190784229648,
    "OC_M_n": 10.832509166146275,
    "ALP_0": 0.5224799025554298,
    "OC_0": 0.41885905245690513,
    "diff_time": 804.0452131041945,
    "maturity_t": 0.1700153961217234
}