{
    "a_Ber_2016_ALP": 0.301887334109135,
    "a_Ber_2016_OC": 0.16198127479874247,
    "a_early_diff_stim": 3.482146893322131,
    "a_late_diff_inhib": 11.817917908658341,
    "early_diff_very_fast": 0.8268579767778002,
    "late_diff_slow": 0.10683848020295678,
    "Mg_stim": 5.986052124487684,
    "Mg_dest": 24.133068415987427,
    "ALP_M_n": 1.3544975051009125,
    "OC_M_n": 2.051173364915532,
    "ALP_0": 1.0618032381354867,
    "OC_0": 1.2527679423912748,
    "diff_time": 544.3913484423568,
    "maturity_t": 0.028724613641553265
}