{
    "a_Ber_2016_ALP": 0.4296720125285429,
    "a_Ber_2016_OC": 0.7666879675361867,
    "a_early_diff_stim": 5.365874917437534,
    "a_late_diff_inhib": 10.661899849571496,
    "early_diff_very_fast": 0.7165260794230527,
    "late_diff_slow": 0.20284566005398036,
    "Mg_stim": 3.142807652539692,
    "Mg_dest": 22.15319772789983,
    "ALP_M_n": 0.22087133546275667,
    "OC_M_n": 1.1560206007183575,
    "ALP_0": 0.2516453883601837,
    "OC_0": 0.19814807967658873,
    "diff_time": 600.4788733611321,
    "maturity_t": 0.0947361575082025
}