{
    "a_Ber_2016_ALP": 0.3234090290990105,
    "a_Ber_2016_OC": 0.3239494948316897,
    "a_early_diff_stim": 3.764143519315746,
    "a_late_diff_inhib": 12.654330743492428,
    "early_diff_very_fast": 0.7456342788276348,
    "late_diff_slow": 0.11560722467550008,
    "Mg_stim": 8.312280281760952,
    "Mg_dest": 25.874458326219262,
    "ALP_M_n": 4.884457493619099,
    "OC_M_n": 2.267748202455955,
    "ALP_0": 0.8902358580761098,
    "OC_0": 0.745257731255852,
    "diff_time": 676.9231728050369,
    "maturity_t": 0.11798470323982478
}