{
    "a_Ber_2016_ALP": 0.08340481897127731,
    "a_Ber_2016_OC": 0.2081085989618362,
    "a_early_diff_stim": 8.19069989854867,
    "a_late_diff_inhib": 18.42207818697832,
    "early_diff_very_fast": 0.8279684039526974,
    "late_diff_slow": 0.22385339382927413,
    "Mg_stim": 7.419019854854469,
    "Mg_dest": 25.480927671898446,
    "ALP_M_n": 1.1105862436056875,
    "OC_M_n": 2.1920940236257973,
    "ALP_0": 3.282643120048052,
    "OC_0": 1.0749159796423842,
    "diff_time": 651.6656915187514,
    "maturity_t": 0.027366888573424324
}