{
    "a_Ber_2016_ALP": 0.18909788579195574,
    "a_Ber_2016_OC": 0.773453301219301,
    "a_early_diff_stim": 8.939355568696811,
    "a_late_diff_inhib": 18.884281776318247,
    "early_diff_very_fast": 0.6156762414920336,
    "late_diff_slow": 0.3421825299261867,
    "Mg_stim": 4.308284733833789,
    "Mg_dest": 26.84147137493625,
    "ALP_M_n": 0.6649849607017266,
    "OC_M_n": 1.3023938151370285,
    "ALP_0": 1.991520600343939,
    "OC_0": 0.08990498035444627,
    "diff_time": 537.7877173715569,
    "maturity_t": 0.0446373333897202
}