{
    "a_Ber_2016_ALP": 0.15480906726857913,
    "a_Ber_2016_OC": 0.6660661961930521,
    "a_early_diff_stim": 8.613108550508958,
    "a_late_diff_inhib": 10.958355434748317,
    "early_diff_very_fast": 0.7272367426602988,
    "late_diff_slow": 0.2944752148437211,
    "Mg_stim": 5.330853595938018,
    "Mg_dest": 20.067442016568226,
    "ALP_M_n": 0.6620515615557956,
    "OC_M_n": 3.6007956240040873,
    "ALP_0": 2.845085757158854,
    "OC_0": 0.2848923325221051,
    "diff_time": 656.5595775505994,
    "maturity_t": 0.10674610273753948
}