{
    "a_Ber_2016_ALP": 0.3374641143073583,
    "a_Ber_2016_OC": 0.8881460808717726,
    "a_early_diff_stim": 12.73185973739005,
    "a_late_diff_inhib": 19.135247892401495,
    "early_diff_very_fast": 0.9964594189151931,
    "late_diff_slow": 0.24979118477987486,
    "Mg_stim": 6.987907922323423,
    "Mg_dest": 22.657857606282846,
    "ALP_M_n": 0.6316183987512529,
    "OC_M_n": 1.4625645470582547,
    "ALP_0": 0.8765047873808861,
    "OC_0": 0.4409347613512523,
    "diff_time": 1027.5317632722301,
    "maturity_t": 0.0036868721564585825
}