{
    "a_Ber_2016_ALP": 0.3448007796250745,
    "a_Ber_2016_OC": 0.5890573081504298,
    "a_early_diff_stim": 6.099194507091437,
    "a_late_diff_inhib": 14.474402405494793,
    "early_diff_very_fast": 0.6855280263702015,
    "late_diff_slow": 0.2204198990667019,
    "Mg_stim": 3.3657804891194862,
    "Mg_dest": 28.22029120466382,
    "ALP_M_n": 0.9795805905726536,
    "OC_M_n": 1.2660043756434227,
    "ALP_0": 0.8865308094581704,
    "OC_0": 0.3795034862175484,
    "diff_time": 563.7550768501324,
    "maturity_t": 0.06172567356572225
}