{
    "a_Ber_2016_ALP": 0.3125654090031022,
    "a_Ber_2016_OC": 0.473858825744364,
    "a_early_diff_stim": 2.741103829145609,
    "a_late_diff_inhib": 11.362541184852875,
    "early_diff_very_fast": 0.8191478218593136,
    "late_diff_slow": 0.32535336382995006,
    "Mg_stim": 3.998605647208785,
    "Mg_dest": 34.71967809049094,
    "ALP_M_n": 0.6229818760345388,
    "OC_M_n": 5.409307658142313,
    "ALP_0": 0.9481279475394467,
    "OC_0": 0.4747915958587326,
    "diff_time": 804.0008829805619,
    "maturity_t": 0.04114693697897834
}