{
    "a_Ber_2016_ALP": 0.320972802786206,
    "a_Ber_2016_OC": 0.2790944386759688,
    "a_early_diff_stim": 11.85030243573321,
    "a_late_diff_inhib": 13.364378445044334,
    "early_diff_very_fast": 0.8048797462479471,
    "late_diff_slow": 0.10970802742151523,
    "Mg_stim": 4.68867318549955,
    "Mg_dest": 31.086804985547033,
    "ALP_M_n": 0.35011197233402686,
    "OC_M_n": 1.9534145812664039,
    "ALP_0": 0.8370026245002657,
    "OC_0": 0.7563707394766699,
    "diff_time": 526.0826144386215,
    "maturity_t": 0.05485932062489139
}