{
    "a_Ber_2016_ALP": 0.20473065899836201,
    "a_Ber_2016_OC": 0.6047599301393273,
    "a_early_diff_stim": 3.315139078084319,
    "a_late_diff_inhib": 6.026752385800282,
    "early_diff_very_fast": 0.625081540956884,
    "late_diff_slow": 0.25887948153253165,
    "Mg_stim": 9.244088887799888,
    "Mg_dest": 29.89377735642824,
    "ALP_M_n": 0.20464083761813376,
    "OC_M_n": 4.28715967299962,
    "ALP_0": 9.682252801267193,
    "OC_0": 0.25896788839937307,
    "diff_time": 623.4007864218953,
    "maturity_t": 0.04334933231027237
}