{
    "a_Ber_2016_ALP": 0.7130106458448957,
    "a_Ber_2016_OC": 0.8721612512768137,
    "a_early_diff_stim": 8.346577830541916,
    "a_late_diff_inhib": 18.76707613443932,
    "early_diff_very_fast": 0.7583167795211032,
    "late_diff_slow": 0.368037608319812,
    "Mg_stim": 8.32724780331456,
    "Mg_dest": 29.76142610611753,
    "ALP_M_n": 2.3530476117789303,
    "OC_M_n": 3.292316571754614,
    "ALP_0": 0.6975232522995364,
    "OC_0": 0.4482088970222372,
    "diff_time": 958.3559880967467,
    "maturity_t": 0.01636696794400438
}