{
    "a_Ber_2016_ALP": 0.10074506237603138,
    "a_Ber_2016_OC": 0.7062488702586041,
    "a_early_diff_stim": 0.3537779261721533,
    "a_late_diff_inhib": 12.5187667090095,
    "early_diff_very_fast": 0.7739231100936667,
    "late_diff_slow": 0.13920148896811277,
    "Mg_stim": 5.148436144541672,
    "Mg_dest": 26.07311063125704,
    "ALP_M_n": 1.181719415806207,
    "OC_M_n": 1.0308516670614447,
    "ALP_0": 2.6528828934306548,
    "OC_0": 0.2866420793838318,
    "diff_time": 599.1004233984261,
    "maturity_t": 0.10970394153826829
}