{
    "a_Ber_2016_ALP": 0.43484784759015144,
    "a_Ber_2016_OC": 0.19338141496098213,
    "a_early_diff_stim": 6.495660508667915,
    "a_late_diff_inhib": 12.116534453645427,
    "early_diff_very_fast": 0.6244852213169984,
    "late_diff_slow": 0.14324602624538407,
    "Mg_stim": 8.623477138851904,
    "Mg_dest": 26.54789275499722,
    "ALP_M_n": 0.48504766754495254,
    "OC_M_n": 2.5169161756654064,
    "ALP_0": 0.4418990408305121,
    "OC_0": 1.0588399840253093,
    "diff_time": 720.8934748299698,
    "maturity_t": 0.04866587271766338
}