{
    "a_Ber_2016_ALP": 0.47415770500493104,
    "a_Ber_2016_OC": 0.4489501487835276,
    "a_early_diff_stim": 6.735797288790773,
    "a_late_diff_inhib": 15.855687438799272,
    "early_diff_very_fast": 0.6526287723582288,
    "late_diff_slow": 0.30402081694114874,
    "Mg_stim": 5.654731674864866,
    "Mg_dest": 20.76227809191249,
    "ALP_M_n": 0.7806861890695573,
    "OC_M_n": 1.582451401489298,
    "ALP_0": 0.6115577654008263,
    "OC_0": 0.6591834592494143,
    "diff_time": 644.974500601136,
    "maturity_t": 0.030150181949264724
}