{
    "a_Ber_2016_ALP": 0.3114645165805613,
    "a_Ber_2016_OC": 0.6416071991611774,
    "a_early_diff_stim": 4.940412505937472,
    "a_late_diff_inhib": 15.52757060597299,
    "early_diff_very_fast": 0.9262687963302245,
    "late_diff_slow": 0.267699967571212,
    "Mg_stim": 7.394551780813109,
    "Mg_dest": 24.732760090160543,
    "ALP_M_n": 0.6795072848275074,
    "OC_M_n": 0.9348169933353011,
    "ALP_0": 0.9611771079746364,
    "OC_0": 0.3151803406908395,
    "diff_time": 529.9579726747935,
    "maturity_t": 0.04974795342064936
}