{
    "a_Ber_2016_ALP": 0.3554070868991008,
    "a_Ber_2016_OC": 0.311150531381187,
    "a_early_diff_stim": 1.9208227418777883,
    "a_late_diff_inhib": 15.525505400740663,
    "early_diff_very_fast": 0.7336224230031663,
    "late_diff_slow": 0.21361184333431463,
    "Mg_stim": 9.215888220813778,
    "Mg_dest": 27.397644408183666,
    "ALP_M_n": 2.1453274594821106,
    "OC_M_n": 2.8443353075532434,
    "ALP_0": 0.8729899243913147,
    "OC_0": 0.8961646087139709,
    "diff_time": 1012.8701352860475,
    "maturity_t": 0.052367954021301594
}