{
    "a_Ber_2016_ALP": 0.29226930216596486,
    "a_Ber_2016_OC": 0.6481929393448125,
    "a_early_diff_stim": 0.4403740464148122,
    "a_late_diff_inhib": 5.097780190901613,
    "early_diff_very_fast": 0.6005717036981153,
    "late_diff_slow": 0.16851354489307718,
    "Mg_stim": 9.647378433496499,
    "Mg_dest": 22.81077858853886,
    "ALP_M_n": 0.2485223611552985,
    "OC_M_n": 1.9572901643880103,
    "ALP_0": 1.2906543622197504,
    "OC_0": 0.11349918627422019,
    "diff_time": 456.23246279775265,
    "maturity_t": 0.0029136290229582733
}