{
    "a_Ber_2016_ALP": 0.25135995226986396,
    "a_Ber_2016_OC": 0.7243315653682345,
    "a_early_diff_stim": 13.771951069776291,
    "a_late_diff_inhib": 0.32257970469286334,
    "early_diff_very_fast": 0.8066725626549234,
    "late_diff_slow": 0.195877495703579,
    "Mg_stim": 6.138946174180515,
    "Mg_dest": 39.93009779047728,
    "ALP_M_n": 0.4615337816124918,
    "OC_M_n": 0.04497256049354389,
    "ALP_0": 1.196411807691041,
    "OC_0": 8.296910423187207,
    "diff_time": 619.6541179778488,
    "maturity_t": 0.7277089534679331
}