{
    "a_Ber_2016_ALP": 0.15631504084126296,
    "a_Ber_2016_OC": 0.6477449457805414,
    "a_early_diff_stim": 1.8571012648632734,
    "a_late_diff_inhib": 13.420739740709067,
    "early_diff_very_fast": 0.8804686695652851,
    "late_diff_slow": 0.14209859692723534,
    "Mg_stim": 7.338680922626122,
    "Mg_dest": 33.0154248324407,
    "ALP_M_n": 0.3785499024093091,
    "OC_M_n": 1.952130343510115,
    "ALP_0": 6.0201670064273625,
    "OC_0": 0.2458913135375556,
    "diff_time": 580.0313212049316,
    "maturity_t": 0.2916963702191033
}