{
    "a_Ber_2016_ALP": 0.29285877245500264,
    "a_Ber_2016_OC": 0.634856797043204,
    "a_early_diff_stim": 0.3912254451669571,
    "a_late_diff_inhib": 14.793213988873914,
    "early_diff_very_fast": 0.7695039572663573,
    "late_diff_slow": 0.12800647366745765,
    "Mg_stim": 3.655592801218525,
    "Mg_dest": 35.61509264405818,
    "ALP_M_n": 0.02949325871465916,
    "OC_M_n": 2.224687934329759,
    "ALP_0": 4.819258059795934,
    "OC_0": 0.5275424343571884,
    "diff_time": 866.0082892498818,
    "maturity_t": 0.1486222815492262
}