{
    "a_Ber_2016_ALP": 0.5341196486986988,
    "a_Ber_2016_OC": 0.5604991124320863,
    "a_early_diff_stim": 1.1185970612292035,
    "a_late_diff_inhib": 16.134763524636526,
    "early_diff_very_fast": 0.9345079768081322,
    "late_diff_slow": 0.14408166094369762,
    "Mg_stim": 7.4909531780864,
    "Mg_dest": 29.370013048307133,
    "ALP_M_n": 4.151764184104705,
    "OC_M_n": 3.8663240439701108,
    "ALP_0": 0.7062424419658933,
    "OC_0": 0.6047987066522529,
    "diff_time": 1024.1717398139547,
    "maturity_t": 0.19070963764636936
}