{
    "a_Ber_2016_ALP": 0.07000111412607268,
    "a_Ber_2016_OC": 0.6624824982134093,
    "a_early_diff_stim": 8.511511382451605,
    "a_late_diff_inhib": 15.210866361252599,
    "early_diff_very_fast": 0.8164063954877966,
    "late_diff_slow": 0.2560011227182453,
    "Mg_stim": 8.359706470900207,
    "Mg_dest": 27.31639495192687,
    "ALP_M_n": 0.7496644295958863,
    "OC_M_n": 2.8609531277834215,
    "ALP_0": 6.937144507793146,
    "OC_0": 0.44966172609794175,
    "diff_time": 814.8900755618097,
    "maturity_t": 0.10540918731237502
}