{
    "a_Ber_2016_ALP": 0.2806935994488095,
    "a_Ber_2016_OC": 0.1974542706525272,
    "a_early_diff_stim": 8.789237711519656,
    "a_late_diff_inhib": 12.947647256889669,
    "early_diff_very_fast": 0.8215489164110827,
    "late_diff_slow": 0.15593404735182026,
    "Mg_stim": 9.10135275757927,
    "Mg_dest": 33.731414188349675,
    "ALP_M_n": 0.14144276020467342,
    "OC_M_n": 3.4018210405934295,
    "ALP_0": 1.5018913060882024,
    "OC_0": 0.5422637333091835,
    "diff_time": 521.55955391043,
    "maturity_t": 0.20762003851664607
}