{
    "a_Ber_2016_ALP": 0.40487280206583953,
    "a_Ber_2016_OC": 0.9623369592839305,
    "a_early_diff_stim": 10.40189579452571,
    "a_late_diff_inhib": 16.8963026066299,
    "early_diff_very_fast": 0.7237066609693186,
    "late_diff_slow": 0.3257691793903957,
    "Mg_stim": 7.004495296497096,
    "Mg_dest": 35.47270076508214,
    "ALP_M_n": 1.5240538618809498,
    "OC_M_n": 2.7717570735772914,
    "ALP_0": 0.8680497486443473,
    "OC_0": 0.37752811920937224,
    "diff_time": 902.9385786376397,
    "maturity_t": 0.006425282085126031
}