{
    "a_Ber_2016_ALP": 0.12493737862254028,
    "a_Ber_2016_OC": 0.7568305677338396,
    "a_early_diff_stim": 2.8634184323874523,
    "a_late_diff_inhib": 17.141071309255764,
    "early_diff_very_fast": 0.7909314575571604,
    "late_diff_slow": 0.21351666684743426,
    "Mg_stim": 9.20321285747891,
    "Mg_dest": 22.36255501691224,
    "ALP_M_n": 0.6584990843726608,
    "OC_M_n": 0.894003106904103,
    "ALP_0": 4.516449099666051,
    "OC_0": 0.316432615741439,
    "diff_time": 674.1932647087572,
    "maturity_t": 0.008659227366725586
}