{
    "a_Ber_2016_ALP": 0.28854850072021243,
    "a_Ber_2016_OC": 0.37865777001210377,
    "a_early_diff_stim": 0.2418911777371846,
    "a_late_diff_inhib": 19.62749876346453,
    "early_diff_very_fast": 0.8904001832668946,
    "late_diff_slow": 0.22915263478164294,
    "Mg_stim": 2.677782641913089,
    "Mg_dest": 32.55510669939389,
    "ALP_M_n": 0.30549367214200207,
    "OC_M_n": 2.1066376370559774,
    "ALP_0": 1.384136843576789,
    "OC_0": 0.8360334115610755,
    "diff_time": 853.9041050850241,
    "maturity_t": 0.028715013775504106
}