{
    "a_Ber_2016_ALP": 0.3180263898031027,
    "a_Ber_2016_OC": 0.6604913965135186,
    "a_early_diff_stim": 8.126405663331733,
    "a_late_diff_inhib": 17.49778689419763,
    "early_diff_very_fast": 0.9556812390200136,
    "late_diff_slow": 0.18474083810712433,
    "Mg_stim": 8.31134516098971,
    "Mg_dest": 29.381802697911116,
    "ALP_M_n": 0.04392725300357192,
    "OC_M_n": 0.757048555404042,
    "ALP_0": 1.309124108085311,
    "OC_0": 0.2883238702720732,
    "diff_time": 489.28477100524196,
    "maturity_t": 0.014205314066890073
}