{
    "a_Ber_2016_ALP": 0.23004973140431767,
    "a_Ber_2016_OC": 0.17619715734476882,
    "a_early_diff_stim": 1.2227312962382282,
    "a_late_diff_inhib": 18.802389532831647,
    "early_diff_very_fast": 0.619670679444785,
    "late_diff_slow": 0.1561310227583529,
    "Mg_stim": 5.811991202695744,
    "Mg_dest": 26.269977706008014,
    "ALP_M_n": 1.8289126053848968,
    "OC_M_n": 5.7440288828403165,
    "ALP_0": 0.9604826279481298,
    "OC_0": 0.7159180208601796,
    "diff_time": 859.1155388060783,
    "maturity_t": 0.283186864074726
}