{
    "a_Ber_2016_ALP": 0.2404868094896893,
    "a_Ber_2016_OC": 0.19775227771284182,
    "a_early_diff_stim": 11.089718244961118,
    "a_late_diff_inhib": 16.89586394495376,
    "early_diff_very_fast": 0.8879189523347848,
    "late_diff_slow": 0.1690995925169895,
    "Mg_stim": 2.7501482105749564,
    "Mg_dest": 37.732664409542544,
    "ALP_M_n": 0.5196689290235594,
    "OC_M_n": 2.548058873532446,
    "ALP_0": 1.7107440162078487,
    "OC_0": 1.1256333625570933,
    "diff_time": 833.0406034665626,
    "maturity_t": 0.004636242966439806
}