{
    "a_Ber_2016_ALP": 0.2986415070349821,
    "a_Ber_2016_OC": 0.41213433097654995,
    "a_early_diff_stim": 3.5224027543187324,
    "a_late_diff_inhib": 11.935283202964186,
    "early_diff_very_fast": 0.7486379704166646,
    "late_diff_slow": 0.12477428375320337,
    "Mg_stim": 5.086162756368051,
    "Mg_dest": 22.900697522269585,
    "ALP_M_n": 0.12660756138503323,
    "OC_M_n": 1.3083996056898572,
    "ALP_0": 1.5141628471915907,
    "OC_0": 0.6936184265489825,
    "diff_time": 521.4352708169753,
    "maturity_t": 0.024850250163227436
}