{
    "a_Ber_2016_ALP": 0.26287172651802676,
    "a_Ber_2016_OC": 0.539457596283714,
    "a_early_diff_stim": 8.175101871721608,
    "a_late_diff_inhib": 12.331233623293855,
    "early_diff_very_fast": 0.8539195220063942,
    "late_diff_slow": 0.2271084730122042,
    "Mg_stim": 8.668080240378755,
    "Mg_dest": 23.23984881097411,
    "ALP_M_n": 0.5067538199868735,
    "OC_M_n": 2.3161828925153762,
    "ALP_0": 1.2260417469596099,
    "OC_0": 0.5029156606892086,
    "diff_time": 738.4165075545353,
    "maturity_t": 0.10848428033881818
}