{
    "a_Ber_2016_ALP": 0.273721160886663,
    "a_Ber_2016_OC": 0.2634095713589613,
    "a_early_diff_stim": 4.013401310150126,
    "a_late_diff_inhib": 18.3621859305591,
    "early_diff_very_fast": 0.8335895456797563,
    "late_diff_slow": 0.1973558003727733,
    "Mg_stim": 7.099209017261716,
    "Mg_dest": 33.66648175481758,
    "ALP_M_n": 1.4839762177909934,
    "OC_M_n": 2.8673001655727446,
    "ALP_0": 0.9913367608799615,
    "OC_0": 0.8792103768990467,
    "diff_time": 848.4970189128769,
    "maturity_t": 0.07894481913002435
}