{
    "a_Ber_2016_ALP": 0.3022829294773991,
    "a_Ber_2016_OC": 0.5772613414509309,
    "a_early_diff_stim": 0.9382568368821569,
    "a_late_diff_inhib": 18.7194376772344,
    "early_diff_very_fast": 0.660807390652709,
    "late_diff_slow": 0.28644642973389295,
    "Mg_stim": 3.749144079754892,
    "Mg_dest": 22.529057230001712,
    "ALP_M_n": 0.9503721628609813,
    "OC_M_n": 0.9344804940110389,
    "ALP_0": 1.0729477284204203,
    "OC_0": 0.41792674273084895,
    "diff_time": 416.5776196098483,
    "maturity_t": 0.03467093284319296
}