{
    "a_Ber_2016_ALP": 0.3321613939812008,
    "a_Ber_2016_OC": 0.45591002341787734,
    "a_early_diff_stim": 4.862594350025311,
    "a_late_diff_inhib": 14.642771363739797,
    "early_diff_very_fast": 0.6249944719853406,
    "late_diff_slow": 0.21265850423279353,
    "Mg_stim": 7.824422157255526,
    "Mg_dest": 23.998652636019678,
    "ALP_M_n": 0.20643470574241046,
    "OC_M_n": 2.0080731247762995,
    "ALP_0": 0.5746228511608799,
    "OC_0": 0.44813223014792797,
    "diff_time": 575.9773959441544,
    "maturity_t": 0.17963526034719324
}