{
    "a_Ber_2016_ALP": 0.16911619804477285,
    "a_Ber_2016_OC": 0.325392111137293,
    "a_early_diff_stim": 6.258285386893639,
    "a_late_diff_inhib": 17.196470870077214,
    "early_diff_very_fast": 0.6108154066600585,
    "late_diff_slow": 0.21024691738562407,
    "Mg_stim": 8.848156789450112,
    "Mg_dest": 24.635396690652385,
    "ALP_M_n": 0.3836884987415788,
    "OC_M_n": 1.9838936090433856,
    "ALP_0": 5.161234159582614,
    "OC_0": 0.637015696327181,
    "diff_time": 538.0568157386562,
    "maturity_t": 0.14650617268992025
}