{
    "a_Ber_2016_ALP": 0.3109687941037618,
    "a_Ber_2016_OC": 0.7020495703486196,
    "a_early_diff_stim": 0.45459297442773283,
    "a_late_diff_inhib": 15.657951075626213,
    "early_diff_very_fast": 0.8892653062839141,
    "late_diff_slow": 0.19967842498428384,
    "Mg_stim": 8.156180404909291,
    "Mg_dest": 31.778948856943178,
    "ALP_M_n": 0.1380744713667064,
    "OC_M_n": 1.043350958854462,
    "ALP_0": 1.0017577306026093,
    "OC_0": 0.31867016368597645,
    "diff_time": 618.6451200657989,
    "maturity_t": 0.08877676648423577
}