{
    "a_Ber_2016_ALP": 0.24673290878833987,
    "a_Ber_2016_OC": 0.474719546189673,
    "a_early_diff_stim": 8.682964377602866,
    "a_late_diff_inhib": 17.424240442726877,
    "early_diff_very_fast": 0.8390723066844427,
    "late_diff_slow": 0.25562922469610805,
    "Mg_stim": 9.698999798591824,
    "Mg_dest": 27.195512035826066,
    "ALP_M_n": 0.4344266502789491,
    "OC_M_n": 1.4583058348803206,
    "ALP_0": 1.7673674369898196,
    "OC_0": 0.6376536635666623,
    "diff_time": 635.8234579361542,
    "maturity_t": 0.026332637141784465
}