{
    "a_Ber_2016_ALP": 0.31956889273221883,
    "a_Ber_2016_OC": 0.44245782071108625,
    "a_early_diff_stim": 1.4360166088602049,
    "a_late_diff_inhib": 6.437684249987665,
    "early_diff_very_fast": 0.6241917904063163,
    "late_diff_slow": 0.17231373533837818,
    "Mg_stim": 9.734105253099854,
    "Mg_dest": 29.962935627565905,
    "ALP_M_n": 1.1929154926369097,
    "OC_M_n": 3.3565098821456516,
    "ALP_0": 0.9058559847419977,
    "OC_0": 0.44756655256915295,
    "diff_time": 676.1348662722605,
    "maturity_t": 0.05415481845280912
}