{
    "a_Ber_2016_ALP": 0.9989707200734043,
    "a_Ber_2016_OC": 0.22173573230775942,
    "a_early_diff_stim": 8.161013280713597,
    "a_late_diff_inhib": 7.659846622223818,
    "early_diff_very_fast": 0.7146162197524677,
    "late_diff_slow": 0.17423347843289855,
    "Mg_stim": 6.444943666447074,
    "Mg_dest": 34.34881394770084,
    "ALP_M_n": 6.596654640329099,
    "OC_M_n": 4.8085677008477905,
    "ALP_0": 0.8043061447608832,
    "OC_0": 0.3058334598500193,
    "diff_time": 393.73715419814346,
    "maturity_t": 0.039740828302904097
}