{
    "a_Ber_2016_ALP": 0.34367697626516014,
    "a_Ber_2016_OC": 0.7543741242643335,
    "a_early_diff_stim": 17.33454759262324,
    "a_late_diff_inhib": 19.58911779858056,
    "early_diff_very_fast": 0.8935099143230949,
    "late_diff_slow": 0.22528515686639408,
    "Mg_stim": 8.458819834060073,
    "Mg_dest": 28.929827277173118,
    "ALP_M_n": 0.09085654928754029,
    "OC_M_n": 0.9978161277715126,
    "ALP_0": 0.6347655547560563,
    "OC_0": 0.2876953076302086,
    "diff_time": 652.0771073552888,
    "maturity_t": 0.02146236387209491
}