{
    "a_Ber_2016_ALP": 0.2733232975379638,
    "a_Ber_2016_OC": 0.5083756531356585,
    "a_early_diff_stim": 6.747917553750395,
    "a_late_diff_inhib": 17.759201983139867,
    "early_diff_very_fast": 0.9058942647453608,
    "late_diff_slow": 0.21619317437941302,
    "Mg_stim": 5.391128077629114,
    "Mg_dest": 26.375275256747223,
    "ALP_M_n": 0.5013757984279412,
    "OC_M_n": 2.836248040216681,
    "ALP_0": 1.219823634615155,
    "OC_0": 0.5291498221556653,
    "diff_time": 782.3754180666602,
    "maturity_t": 0.0986005857576327
}