{
    "a_Ber_2016_ALP": 0.38070733824681696,
    "a_Ber_2016_OC": 0.32450234932247685,
    "a_early_diff_stim": 1.4310403721114184,
    "a_late_diff_inhib": 11.99559874234133,
    "early_diff_very_fast": 0.6338183762222425,
    "late_diff_slow": 0.10756158036393587,
    "Mg_stim": 2.5003163079255657,
    "Mg_dest": 22.79522799387001,
    "ALP_M_n": 0.2694730207737737,
    "OC_M_n": 1.436778033145546,
    "ALP_0": 0.45049649841792866,
    "OC_0": 0.8739831874200884,
    "diff_time": 480.0095936609188,
    "maturity_t": 0.021493845863001442
}