{
    "a_Ber_2016_ALP": 0.31546374892621454,
    "a_Ber_2016_OC": 0.3337862601245948,
    "a_early_diff_stim": 16.979245371163216,
    "a_late_diff_inhib": 14.940935773660009,
    "early_diff_very_fast": 0.810834842336235,
    "late_diff_slow": 0.10017493780222225,
    "Mg_stim": 7.621882625536827,
    "Mg_dest": 25.50227088868225,
    "ALP_M_n": 0.05893266790751813,
    "OC_M_n": 1.6272609502862716,
    "ALP_0": 2.3924765373574393,
    "OC_0": 0.8031340200551119,
    "diff_time": 555.0548419704911,
    "maturity_t": 0.022850651102107412
}