{
    "a_Ber_2016_ALP": 0.3910091371021769,
    "a_Ber_2016_OC": 0.8528112425959639,
    "a_early_diff_stim": 0.8341354483764971,
    "a_late_diff_inhib": 5.991192847939297,
    "early_diff_very_fast": 0.7315958055361875,
    "late_diff_slow": 0.13702684208917532,
    "Mg_stim": 6.5183002479633885,
    "Mg_dest": 30.86709895267077,
    "ALP_M_n": 4.77982402033387,
    "OC_M_n": 6.031195137549288,
    "ALP_0": 0.7205330960712902,
    "OC_0": 0.31264855854459656,
    "diff_time": 744.8606163952247,
    "maturity_t": 0.25064552156381836
}