{
    "a_Ber_2016_ALP": 0.31545680398806525,
    "a_Ber_2016_OC": 0.15921110289114207,
    "a_early_diff_stim": 16.536253030357795,
    "a_late_diff_inhib": 7.620429906708405,
    "early_diff_very_fast": 0.7204463839400663,
    "late_diff_slow": 0.1793601405814863,
    "Mg_stim": 4.393628371001102,
    "Mg_dest": 35.434789027505545,
    "ALP_M_n": 0.08873304455095624,
    "OC_M_n": 4.031133163140865,
    "ALP_0": 0.9713359390062513,
    "OC_0": 0.6392996418856716,
    "diff_time": 590.6906279166578,
    "maturity_t": 0.010432537340694463
}