{
    "a_Ber_2016_ALP": 0.30500661955167324,
    "a_Ber_2016_OC": 0.6417122210236481,
    "a_early_diff_stim": 3.942293831916147,
    "a_late_diff_inhib": 3.5633129552267366,
    "early_diff_very_fast": 0.7933473100990015,
    "late_diff_slow": 0.15408086372263874,
    "Mg_stim": 3.8600021090115115,
    "Mg_dest": 35.22952639034113,
    "ALP_M_n": 0.04650499238140249,
    "OC_M_n": 8.920205618682436,
    "ALP_0": 6.035665751697548,
    "OC_0": 0.45900839795367165,
    "diff_time": 890.4056895968723,
    "maturity_t": 0.01479998417799444
}