{
    "a_Ber_2016_ALP": 0.29087491951074285,
    "a_Ber_2016_OC": 0.8519066930564813,
    "a_early_diff_stim": 10.650607238211053,
    "a_late_diff_inhib": 18.846929879794498,
    "early_diff_very_fast": 0.8691176625450703,
    "late_diff_slow": 0.10627483773572458,
    "Mg_stim": 9.824357471778821,
    "Mg_dest": 27.133309675673456,
    "ALP_M_n": 0.7891529369451378,
    "OC_M_n": 1.2028233803200206,
    "ALP_0": 0.9951090705890544,
    "OC_0": 0.2805562556101158,
    "diff_time": 754.1557408716832,
    "maturity_t": 0.046621391884624434
}