{
    "a_Ber_2016_ALP": 0.3499472664189205,
    "a_Ber_2016_OC": 0.12968688854554947,
    "a_early_diff_stim": 1.8098943118980495,
    "a_late_diff_inhib": 13.579163230981992,
    "early_diff_very_fast": 0.8784197187652745,
    "late_diff_slow": 0.1395327497368426,
    "Mg_stim": 2.208004881109755,
    "Mg_dest": 24.19942452740784,
    "ALP_M_n": 1.6446121390422437,
    "OC_M_n": 3.8177014929374105,
    "ALP_0": 0.5786110273870221,
    "OC_0": 0.6141403221769354,
    "diff_time": 505.8021584306829,
    "maturity_t": 0.43273019793010087
}