{
    "a_Ber_2016_ALP": 0.09700386650169282,
    "a_Ber_2016_OC": 0.6051146543136889,
    "a_early_diff_stim": 3.389265254943013,
    "a_late_diff_inhib": 11.600923978881642,
    "early_diff_very_fast": 0.7671739350340758,
    "late_diff_slow": 0.12087127357090952,
    "Mg_stim": 7.780497759697129,
    "Mg_dest": 31.567806241290736,
    "ALP_M_n": 0.6948168861751276,
    "OC_M_n": 2.698513277708026,
    "ALP_0": 5.911011052916378,
    "OC_0": 0.5820604800886108,
    "diff_time": 956.459657508158,
    "maturity_t": 0.09044745341124094
}