{
    "ALP_M_n": 4.879208217917099,
    "ALP_0": 1.293683142002417,
    "Mg_stim": 7.000025020372302,
    "Mg_dest": 33.75554208726223,
    "maturity_t": 0.3093824220130792,
    "early_diff_fast": 0.5470498213356142,
    "a_early_diff_stim": 9.942505694010855,
    "diff_time": 772.3590542805936,
    "a_Valles_2020_ALP": 771.1365474728267
}