{
    "ALP_M_n": 3.0546958151990298,
    "ALP_0": 1.5084693438200338,
    "Mg_stim": 4.281649363879292,
    "Mg_dest": 36.7439420517512,
    "maturity_t": 0.6165595440000577,
    "early_diff_fast": 0.6450524968396723,
    "a_early_diff_stim": 3.775743344704649,
    "diff_time": 394.7688659557365,
    "a_Valles_2020_ALP": 444.79060877152955
}