{
    "ALP_M_n": 4.579209219253835,
    "ALP_0": 1.3933237031855785,
    "Mg_stim": 6.988610079710542,
    "Mg_dest": 29.006277240551764,
    "maturity_t": 0.6738412653216214,
    "early_diff_fast": 0.663565265620798,
    "a_early_diff_stim": 2.1284384935988556,
    "diff_time": 1053.947111496677,
    "a_Valles_2020_ALP": 685.6059555649656
}