{
    "ALP_M_n": 3.902342779491388,
    "ALP_0": 1.3791251776120843,
    "Mg_stim": 6.211812304366734,
    "Mg_dest": 23.415436781503235,
    "maturity_t": 0.4249559310317261,
    "early_diff_fast": 0.5733740838610121,
    "a_early_diff_stim": 7.354122511666239,
    "diff_time": 566.1455461186237,
    "a_Valles_2020_ALP": 693.0726246352217
}