{
    "ALP_M_n": 2.918192204477855,
    "ALP_0": 1.5376742599692255,
    "Mg_stim": 6.236617150530229,
    "Mg_dest": 26.088245481433148,
    "maturity_t": 0.6636190177883469,
    "early_diff_fast": 0.5869048161159923,
    "a_early_diff_stim": 5.960007078149817,
    "diff_time": 368.78995617975056,
    "a_Valles_2020_ALP": 899.8245610688307
}