{
    "ALP_M_n": 3.448095970962405,
    "ALP_0": 1.4400022136865347,
    "Mg_stim": 6.212187145416955,
    "Mg_dest": 38.354809177891006,
    "maturity_t": 0.5099103102152657,
    "early_diff_fast": 0.5698461527128402,
    "a_early_diff_stim": 6.853914371025499,
    "diff_time": 474.8087911628019,
    "a_Valles_2020_ALP": 294.6440821276001
}