{
    "ALP_M_n": 4.749973346550411,
    "ALP_0": 1.302145378621771,
    "Mg_stim": 5.996981285132625,
    "Mg_dest": 24.740266366952962,
    "maturity_t": 0.3216357573929898,
    "early_diff_fast": 0.6146884960853166,
    "a_early_diff_stim": 4.792054407075593,
    "diff_time": 742.6715018636144,
    "a_Valles_2020_ALP": 374.1611713655689
}