{
    "ALP_M_n": 3.560655726583062,
    "ALP_0": 1.4222761181451282,
    "Mg_stim": 3.7030185164356837,
    "Mg_dest": 37.89082735235238,
    "maturity_t": 0.48690242663051747,
    "early_diff_fast": 0.6093949171002866,
    "a_early_diff_stim": 5.230460891871342,
    "diff_time": 496.31612992431553,
    "a_Valles_2020_ALP": 331.65526297803
}