{
    "ALP_M_n": 2.97873006190128,
    "ALP_0": 1.5261177477383288,
    "Mg_stim": 7.8911223437327935,
    "Mg_dest": 34.445287696874495,
    "maturity_t": 0.6401569910332667,
    "early_diff_fast": 0.5301523121453712,
    "a_early_diff_stim": 14.180056378794527,
    "diff_time": 381.8509110359826,
    "a_Valles_2020_ALP": 325.0891391473
}