{
    "ALP_M_n": 3.0541946753215607,
    "ALP_0": 1.5083710923852003,
    "Mg_stim": 3.722993722467596,
    "Mg_dest": 34.558312907851565,
    "maturity_t": 0.6169206380853383,
    "early_diff_fast": 0.5375018290102029,
    "a_early_diff_stim": 15.849620744141252,
    "diff_time": 395.0955950563639,
    "a_Valles_2020_ALP": 878.8837598148575
}