{
    "ALP_M_n": 3.153414501635034,
    "ALP_0": 1.4877629760611562,
    "Mg_stim": 3.14179344686269,
    "Mg_dest": 29.07044392705682,
    "maturity_t": 0.587707558993969,
    "early_diff_fast": 0.6201083984032942,
    "a_early_diff_stim": 5.6677174941539645,
    "diff_time": 413.0355610774324,
    "a_Valles_2020_ALP": 728.4949546000836
}