{
    "ALP_M_n": 5.007380653308698,
    "ALP_0": 1.2852364104472722,
    "Mg_stim": 4.650628658857971,
    "Mg_dest": 37.098030048101535,
    "maturity_t": 0.2985857913744008,
    "early_diff_fast": 0.7434337899910072,
    "a_early_diff_stim": 2.2430367063410066,
    "diff_time": 799.8664525357584,
    "a_Valles_2020_ALP": 828.6250559720036
}