{
    "ALP_M_n": 5.287853141645092,
    "ALP_0": 1.2677300233342208,
    "Mg_stim": 7.931584028920258,
    "Mg_dest": 31.628435813051617,
    "maturity_t": 0.2779280123453896,
    "early_diff_fast": 0.5673493452140158,
    "a_early_diff_stim": 6.492608558357506,
    "diff_time": 857.3550419600715,
    "a_Valles_2020_ALP": 372.55305770214306
}