{
    "ALP_M_n": 5.052865679385612,
    "ALP_0": 1.2824447272727846,
    "Mg_stim": 5.502889123081227,
    "Mg_dest": 21.40582468315876,
    "maturity_t": 0.29483054133193776,
    "early_diff_fast": 0.5484605937379494,
    "a_early_diff_stim": 13.084867149481017,
    "diff_time": 809.8889465412932,
    "a_Valles_2020_ALP": 563.1222841530624
}