{"0": 0.19150211848339962, "1": 0.17539003551331608, "2": 0.19688652878983087, "3": 0.17800168008914333, "4": 0.18945079841608425, "5": 0.19884549583600772, "6": 0.16877212885241558, "7": 0.18926365003471687, "8": 0.17197273297472399, "9": 0.19853171898489558, "10": 0.19587604121278976, "11": 0.18069395963680449, "12": 0.17529901797217323, "13": 0.1882774300912328, "14": 0.17999532770638843, "15": 0.1950889318851135, "16": 0.19316068828187347, "17": 0.17821113663773902, "18": 0.18950778633123289, "19": 0.18935127829821663, "20": 0.18748152334578477, "21": 0.17814366593926964, "22": 0.1874068604135138, "23": 0.18756284872628504, "24": 0.18525492542847655, "25": 0.1818604447575133, "26": 0.19799267308123933, "27": 0.19091516303504905, "28": 0.18399062354635365, "29": 0.17777694019865387, "30": 0.17986426743360973, "31": 0.19774567346853927, "32": 0.18708741257235065, "33": 0.1902707662233874, "34": 0.19726321971716987, "35": 0.18515043135299164, "36": 0.18600064604559136, "37": 0.1897117539480816, "38": 0.18868640091152283, "39": 0.1927877364872766, "40": 0.18708302536371202, "41": 0.19027706717457868, "42": 0.19438596232941752, "43": 0.19036945885125212, "44": 0.19111158571404607, "45": 0.1855743659081251, "46": 0.18100043384632253, "47": 0.18571057923700313, "48": 0.19368570433103088, "49": 0.18451584463999895, "50": 0.18886929453031814, "51": 0.18301681875540018, "52": 0.18948904094640495, "53": 0.18365489631691595, "54": 0.19768583194134173, "55": 0.18422190691465162, "56": 0.19163163135420228, "57": 0.19976457139899614, "58": 0.18732766568418346, "59": 0.19185969790311166, "60": 0.19068501804444632, "61": 0.18756253581665383, "62": 0.18475577816119254, "63": 0.17830033737555112, "64": 0.19170196939165135, "65": 0.1751071349135329, "66": 0.18193428061936823, "67": 0.17944104678121928, "68": 0.1873565907035454, "69": 0.17244792067449086, "70": 0.1846137859655339, "71": 0.1864518713642293, "72": 0.1852519281015484, "73": 0.17571739566911834, "74": 0.1720067584006067, "75": 0.18489734109649655, "76": 0.18358269722809717, "77": 0.17500493128431904, "78": 0.17744373809588992, "79": 0.16953553143021063, "80": 0.19296163393153787, "81": 0.19624053332382863, "82": 0.1963008759799597, "83": 0.18807926006006329, "84": 0.1989808191509539, "85": 0.18624407570146936, "86": 0.16915286046779113, "87": 0.1953874647312448, "88": 0.1737371089745916, "89": 0.19331052487039285, "90": 0.18362269735139894, "91": 0.1824256743598046, "92": 0.18764954431799774, "93": 0.1808146041818504, "94": 0.19879284175351447, "95": 0.17749520405354746, "96": 0.18604383623837464, "97": 0.1838888461551279, "98": 0.17435168084358058, "99": 0.1820985911164622, "100": 0.1881948323851847, "101": 0.16524960040767406, "102": 0.18242450222809148, "103": 0.19094202506307628, "104": 0.1743010086579348, "105": 0.17966564590429057, "106": 0.19950402069473486, "107": 0.18605231555365043, "108": 0.17699432770122758, "109": 0.17763945895442357, "110": 0.17529319782699743, "111": 0.19194660205692077, "112": 0.17618000989994326, "113": 0.18126651836760352, "114": 0.1761168883121197, "115": 0.1839416029067159, "116": 0.18095021798421365, "117": 0.17480797386672559, "118": 0.18089315852180937, "119": 0.1849960879982517, "120": 0.19343386846291016, "121": 0.1971103038624483, "122": 0.18719977670432808, "123": 0.18827029821626828, "124": 0.19465775874038566, "125": 0.1945652524938273, "126": 0.18895509870020616, "127": 0.18514510316563937, "128": 0.19954257170595785, "129": 0.18913399963963096, "130": 0.19342732150983444, "131": 0.17801956316259693, "132": 0.19339590375004728, "133": 0.16617918663023323, "134": 0.19683795716090324, "135": 0.18661517011626594, "136": 0.17597409845750456, "137": 0.19961147023046732, "138": 0.1882672018240579, "139": 0.18704656430503752, "140": 0.1904033442657112, "141": 0.1781499552107329, "142": 0.18654486247088273, "143": 0.1787980620855391, "144": 0.1907427910373726, "145": 0.18295033830048396, "146": 0.1929625517231005, "147": 0.17114384983466818, "148": 0.18452055210413354, "149": 0.19678253391491396, "150": 0.19677185446808376, "151": 0.18927725014779212, "152": 0.18478564467318073, "153": 0.1853684200753199, "154": 0.1815746453777548, "155": 0.18378194524537195, "156": 0.18533799110259422, "157": 0.16457420511209583, "158": 0.16796321164520767, "159": 0.19158353100133524, "160": 0.18826134959022572, "161": 0.18380612967825305, "162": 0.17947603905889303, "163": 0.18426048179284316, "164": 0.18184250949043185, "165": 0.19387262768144933, "166": 0.19699237007506415, "167": 0.18714539562438792, "168": 0.19546023099572363, "169": 0.17813404240384334, "170": 0.19391771493998122, "171": 0.17802370226011285, "172": 0.19964389598508187, "173": 0.18211804711914648, "174": 0.19097254364492194, "175": 0.19078417826934885, "176": 0.19280763562615255, "177": 0.17870889923499078, "178": 0.19299800598733097, "179": 0.1950895711376731, "180": 0.19213615072397722, "181": 0.19791562953893094, "182": 0.19100280510403195, "183": 0.17999435055358495, "184": 0.17709394593879996, "185": 0.17330232287594338, "186": 0.19627703083838272, "187": 0.18307559225077885, "188": 0.18135833145824842, "189": 0.1879396069620807, "190": 0.17333697652123725, "191": 0.18522138081862147, "192": 0.18936530046959954, "193": 0.1803755593094303, "194": 0.18909797222599942, "195": 0.1833815521603023, "196": 0.18712912913076388, "197": 0.17613485682136285, "198": 0.18619301086211376, "199": 0.1787879233714495, "200": 0.1879518767705113, "201": 0.18453205222535976, "202": 0.19865410515521942, "203": 0.18193085152108987, "204": 0.19315802035278745, "205": 0.178754409683189, "206": 0.18516751314906338, "207": 0.19692068701315685, "208": 0.18414193561658293, "209": 0.1828718118905372, "210": 0.1940264906503868, "211": 0.16334391391723319, "212": 0.19414078954174724, "213": 0.17564118720174435, "214": 0.18873697749982327, "215": 0.18654146636840147, "216": 0.19159027993092884, "217": 0.18940333131202644, "218": 0.18037062264358977, "219": 0.19756222990265052}