{"a_Ber_2016_ALP": 0.6341839809094703, "a_Ber_2016_OC": 0.07410283452495037, "a_Valles_2020_ALP": 271.2015586799523, "a_Valles_2020_ARS": 750.2512778175361, "a_Chen_2018_ALP": 6.209233591213654, "a_Chen_2018_ARS": 2.8056686532908475, "a_Qiao_2021_ALP": 27.160348280849373, "a_early_diff_stim": 18.83161663242744, "a_early_diff_inhib": 3.5528108264446, "a_late_diff_stim": 8.434664353447266, "a_late_diff_inhib": 16.167932017017165, "early_diff_slow": 0.3239872491834842, "early_diff_fast": 0.5174211622282912, "early_diff_very_fast": 0.892061856975602, "late_diff_slow": 0.35190630491775043, "late_diff_fast": 0.6203987673265103, "Mg_stim": 9.190306187982412, "Mg_dest": 24.304532716247902, "IL1b_ineffective": 105.47385794915654, "IL1b_stim": 9.511607122429389, "IL8_favorable": 21.629706912801133, "ALP_M_n": 1.6494970913196583, "ARS_M_n": 0.8903786460240406, "OC_M_n": 0.9487216719191685, "ALP_0": 0.43566474082970363, "ARS_0": 0.1360660676627948, "OC_0": 3.3114778635651123, "diff_time": 894.4629970618951, "maturity_t": 0.8484473620758327}