{"a_Ber_2016_ALP": 0.6333142935555559, "a_Ber_2016_OC": 0.2023801994569449, "a_Valles_2020_ALP": 314.7063642419293, "a_Valles_2020_ARS": 824.4534139313217, "a_Chen_2018_ALP": 6.1277454635538895, "a_Chen_2018_ARS": 3.1825036220735288, "a_Qiao_2021_ALP": 27.060644807258615, "a_early_diff_stim": 14.172022674117427, "a_early_diff_inhib": 9.650181469700222, "a_late_diff_stim": 9.579897103634815, "a_late_diff_inhib": 16.53453475558355, "early_diff_slow": 0.23091989694428208, "early_diff_fast": 0.5433102209356234, "early_diff_very_fast": 0.7569915232560942, "late_diff_slow": 0.29779305029541864, "late_diff_fast": 0.7627274722223564, "Mg_stim": 8.839866752009913, "Mg_dest": 37.06587977166976, "IL1b_ineffective": 121.43106705313927, "IL1b_stim": 3.1080203488446827, "IL8_favorable": 5.9634037062925955, "ALP_M_n": 1.452929922364812, "ARS_M_n": 0.672227851726263, "OC_M_n": 0.2788423343936846, "ALP_0": 0.3942741202956389, "ARS_0": 0.04572078036749718, "OC_0": 2.751459781299845, "diff_time": 1068.280606120038, "maturity_t": 0.9365268493550847}