{"a_Ber_2016_ALP": 0.43448203006430114, "a_Ber_2016_OC": 0.4076947614369125, "a_Valles_2020_ALP": 241.3249750586263, "a_Valles_2020_ARS": 486.3056406651478, "a_Chen_2018_ALP": 4.252013523201907, "a_Chen_2018_ARS": 2.0641930924799095, "a_Qiao_2021_ALP": 20.176624284954485, "a_early_diff_stim": 10.032823906279665, "a_early_diff_inhib": 9.576755305850053, "a_late_diff_stim": 8.332467276882847, "a_late_diff_inhib": 11.206512674975839, "early_diff_slow": 0.23769227236797755, "early_diff_fast": 0.5655789478726273, "early_diff_very_fast": 0.8494510236406775, "late_diff_slow": 0.29050998631205543, "late_diff_fast": 0.6754250594302132, "Mg_stim": 7.485204305177064, "Mg_dest": 29.532225862989343, "IL1b_ineffective": 111.51263531005382, "IL1b_stim": 5.5901942020894495, "IL8_favorable": 6.923436831541579, "ALP_M_n": 1.65272912079742, "ARS_M_n": 1.6877951098086397, "OC_M_n": 0.3112518495424129, "ALP_0": 0.5399735526926338, "ARS_0": 0.441626202709608, "OC_0": 8.210578005683152, "diff_time": 907.9630958574455, "maturity_t": 0.9957721546810598}