{"a_Ber_2016_ALP": 0.6796058696942353, "a_Ber_2016_OC": 0.5543927083175318, "a_Valles_2020_ALP": 325.16007707375405, "a_Valles_2020_ARS": 710.7554995141116, "a_Chen_2018_ALP": 7.140622473957443, "a_Chen_2018_ARS": 3.395313345787851, "a_Qiao_2021_ALP": 34.334658480129086, "a_early_diff_stim": 10.052611254138354, "a_early_diff_inhib": 7.549343329524712, "a_late_diff_stim": 3.6239001406446194, "a_late_diff_inhib": 8.019294606505827, "early_diff_slow": 0.12202400089791612, "early_diff_fast": 0.5491904091562135, "early_diff_very_fast": 0.6001129495835462, "late_diff_slow": 0.25567298326040777, "late_diff_fast": 0.6709994253024165, "Mg_stim": 8.45058355319036, "Mg_dest": 38.96543341845859, "IL1b_ineffective": 140.1830953885516, "IL1b_stim": 9.803652134782451, "IL8_favorable": 7.874959136105161, "ALP_M_n": 2.2108349910300844, "ARS_M_n": 0.4714345884754011, "OC_M_n": 0.03897731118609649, "ALP_0": 0.4802929863758618, "ARS_0": 0.017193531255109414, "OC_0": 2.2555359814442917, "diff_time": 1033.6800678598047, "maturity_t": 0.6032544557123707}