{"a_Ber_2016_ALP": 0.634768546701898, "a_Ber_2016_OC": 0.40803790031556103, "a_Valles_2020_ALP": 320.92720806616325, "a_Valles_2020_ARS": 819.4343491969928, "a_Chen_2018_ALP": 5.954567959067357, "a_Chen_2018_ARS": 3.2083644738227313, "a_Qiao_2021_ALP": 27.78300451047213, "a_early_diff_stim": 10.466018025570918, "a_early_diff_inhib": 8.659974777314362, "a_late_diff_stim": 3.488266572562102, "a_late_diff_inhib": 12.59226294872241, "early_diff_slow": 0.3132723521325975, "early_diff_fast": 0.5565626686083784, "early_diff_very_fast": 0.8702729937489583, "late_diff_slow": 0.24346810628783241, "late_diff_fast": 0.7057771503839819, "Mg_stim": 8.319077464688407, "Mg_dest": 24.97239073052836, "IL1b_ineffective": 115.3252032082994, "IL1b_stim": 3.197858640678083, "IL8_favorable": 6.719728022245867, "ALP_M_n": 1.3026783292081305, "ARS_M_n": 0.69498260986386, "OC_M_n": 0.343457970967712, "ALP_0": 0.35089672953695034, "ARS_0": 0.05001750945052423, "OC_0": 6.106005155822154, "diff_time": 1028.1161055533078, "maturity_t": 0.9972927638765847}