{"a_Ber_2016_ALP": 0.635391741769349, "a_Ber_2016_OC": 0.3863978050309364, "a_Valles_2020_ALP": 264.5064315377777, "a_Valles_2020_ARS": 617.0166506052775, "a_Chen_2018_ALP": 8.028381838792676, "a_Chen_2018_ARS": 3.033931476946101, "a_Qiao_2021_ALP": 31.49108609910363, "a_early_diff_stim": 3.8306653619517954, "a_early_diff_inhib": 15.942108641811386, "a_late_diff_stim": 10.63535916620911, "a_late_diff_inhib": 15.511825247523598, "early_diff_slow": 0.14202382626753746, "early_diff_fast": 0.5554741662990679, "early_diff_very_fast": 0.6822753111044164, "late_diff_slow": 0.23233850648823764, "late_diff_fast": 0.7169145729954112, "Mg_stim": 7.276579043748286, "Mg_dest": 30.8131468047678, "IL1b_ineffective": 112.59854357508001, "IL1b_stim": 2.3016697348385584, "IL8_favorable": 9.883857033541794, "ALP_M_n": 2.593153063018293, "ARS_M_n": 1.7544141722914097, "OC_M_n": 0.6659313677384734, "ALP_0": 0.5578179362479981, "ARS_0": 0.37772107878674605, "OC_0": 2.4466606036911807, "diff_time": 940.237300508491, "maturity_t": 1.0}