{"a_Ber_2016_ALP": 0.6249619108145665, "a_Ber_2016_OC": 0.29866578896223983, "a_Valles_2020_ALP": 297.9235669311334, "a_Valles_2020_ARS": 647.6295913578472, "a_Chen_2018_ALP": 4.574061579944719, "a_Chen_2018_ARS": 1.637281529324108, "a_Qiao_2021_ALP": 26.679557853886752, "a_early_diff_stim": 13.037965983695603, "a_early_diff_inhib": 8.336759603046278, "a_late_diff_stim": 8.838829132364634, "a_late_diff_inhib": 4.120492245901777, "early_diff_slow": 0.2538144083436167, "early_diff_fast": 0.5572547483745357, "early_diff_very_fast": 0.8691593743605666, "late_diff_slow": 0.2893421785820168, "late_diff_fast": 0.6685483337933626, "Mg_stim": 9.348435639894749, "Mg_dest": 29.49979164071859, "IL1b_ineffective": 113.30746153325039, "IL1b_stim": 4.394647447260493, "IL8_favorable": 6.2047573305041155, "ALP_M_n": 1.3212017998418477, "ARS_M_n": 0.7524008089657809, "OC_M_n": 0.36071067001221274, "ALP_0": 0.40098347496220393, "ARS_0": 0.2547882542480113, "OC_0": 5.564226712352436, "diff_time": 1016.9931107678127, "maturity_t": 0.9837269085599956}