{"a_Ber_2016_ALP": 0.7445124147755813, "a_Ber_2016_OC": 0.2514177375249955, "a_Valles_2020_ALP": 372.3446630636929, "a_Valles_2020_ARS": 798.2320207362891, "a_Chen_2018_ALP": 7.967722897895976, "a_Chen_2018_ARS": 3.678608806009749, "a_Qiao_2021_ALP": 37.08814439868304, "a_early_diff_stim": 11.014568823071953, "a_early_diff_inhib": 12.260041520410738, "a_late_diff_stim": 16.29608222335731, "a_late_diff_inhib": 0.1543527557205575, "early_diff_slow": 0.3238306948314081, "early_diff_fast": 0.5519975429017476, "early_diff_very_fast": 0.7566253704091973, "late_diff_slow": 0.25204907128684984, "late_diff_fast": 0.7977317348032595, "Mg_stim": 8.753961147702007, "Mg_dest": 37.093096632651694, "IL1b_ineffective": 114.35286687406062, "IL1b_stim": 3.1489227218009574, "IL8_favorable": 8.189062905986972, "ALP_M_n": 1.010737497330838, "ARS_M_n": 0.8077772511144613, "OC_M_n": 0.06135418448060515, "ALP_0": 0.19156335913061034, "ARS_0": 0.06460525704942621, "OC_0": 4.9427275709299865, "diff_time": 962.390018238285, "maturity_t": 0.9341356589084672}