{"a_Ber_2016_ALP": 0.655836494012411, "a_Ber_2016_OC": 0.45783969889687126, "a_Valles_2020_ALP": 317.1442122219564, "a_Valles_2020_ARS": 646.6709954892725, "a_Chen_2018_ALP": 6.113879332820894, "a_Chen_2018_ARS": 1.9326740440931798, "a_Qiao_2021_ALP": 26.97395271726928, "a_early_diff_stim": 13.041549008941967, "a_early_diff_inhib": 12.297547067883938, "a_late_diff_stim": 12.08979500445875, "a_late_diff_inhib": 13.766309967188075, "early_diff_slow": 0.269374601495233, "early_diff_fast": 0.5523067675717086, "early_diff_very_fast": 0.6408856820314245, "late_diff_slow": 0.22143599322111845, "late_diff_fast": 0.8232473972420292, "Mg_stim": 8.529100895648332, "Mg_dest": 30.61302597655086, "IL1b_ineffective": 172.06452707556733, "IL1b_stim": 1.7447655494640912, "IL8_favorable": 3.4311603206030483, "ALP_M_n": 1.4422272407684638, "ARS_M_n": 0.9591233240415894, "OC_M_n": 0.5692347684206623, "ALP_0": 0.39244956879069093, "ARS_0": 0.2884244204497528, "OC_0": 0.5154441002688597, "diff_time": 1006.1751318391513, "maturity_t": 0.9443991246152146}