{"a_Ber_2016_ALP": 0.5665782144245621, "a_Ber_2016_OC": 0.2559315450939554, "a_Valles_2020_ALP": 258.32058186675397, "a_Valles_2020_ARS": 412.0735589825719, "a_Chen_2018_ALP": 5.299296702613502, "a_Chen_2018_ARS": 1.9903097227731863, "a_Qiao_2021_ALP": 24.46579075013067, "a_early_diff_stim": 8.895372501232554, "a_early_diff_inhib": 8.53510513054116, "a_late_diff_stim": 9.426615819290891, "a_late_diff_inhib": 0.5994125773337924, "early_diff_slow": 0.18722576510652766, "early_diff_fast": 0.601321433083636, "early_diff_very_fast": 0.8314159950615767, "late_diff_slow": 0.2360534919369783, "late_diff_fast": 0.8555119593606735, "Mg_stim": 9.969152727018429, "Mg_dest": 25.89242364367409, "IL1b_ineffective": 115.31172421745013, "IL1b_stim": 3.4158880078630105, "IL8_favorable": 8.432811108631817, "ALP_M_n": 1.3813858667541048, "ARS_M_n": 1.8259025975985668, "OC_M_n": 0.1161517953806864, "ALP_0": 0.4010158341839229, "ARS_0": 0.4656208360164838, "OC_0": 9.466473798418537, "diff_time": 773.1249375559684, "maturity_t": 1.0}