{"a_Ber_2016_ALP": 0.6805115251396822, "a_Ber_2016_OC": 0.38399309388745506, "a_Valles_2020_ALP": 317.1969810408884, "a_Valles_2020_ARS": 748.080447170492, "a_Chen_2018_ALP": 7.9212306232729555, "a_Chen_2018_ARS": 3.6011443448667473, "a_Qiao_2021_ALP": 34.90917235399464, "a_early_diff_stim": 13.804717282395757, "a_early_diff_inhib": 10.828879934147977, "a_late_diff_stim": 7.173449591139937, "a_late_diff_inhib": 10.827498502664096, "early_diff_slow": 0.1856627984463205, "early_diff_fast": 0.5423404012260516, "early_diff_very_fast": 0.6762720285884694, "late_diff_slow": 0.15315826960436235, "late_diff_fast": 0.7598149992066929, "Mg_stim": 8.887815821984084, "Mg_dest": 37.37799428551841, "IL1b_ineffective": 112.75759714072736, "IL1b_stim": 3.8906881586036324, "IL8_favorable": 10.373665378820881, "ALP_M_n": 1.4908302199434147, "ARS_M_n": 0.9855484818983429, "OC_M_n": 0.23647146646048958, "ALP_0": 0.3356928668724407, "ARS_0": 0.1075536064443372, "OC_0": 5.025585851681888, "diff_time": 852.2291642552166, "maturity_t": 0.7688278355042891}