{"a_Ber_2016_ALP": 0.49032559246743507, "a_Ber_2016_OC": 0.6021661005749471, "a_Valles_2020_ALP": 234.34578820586086, "a_Valles_2020_ARS": 838.8092997915866, "a_Chen_2018_ALP": 3.7792531463971453, "a_Chen_2018_ARS": 2.9276632518181462, "a_Qiao_2021_ALP": 23.05321105999365, "a_early_diff_stim": 11.5248158425353, "a_early_diff_inhib": 4.9908535511509715, "a_late_diff_stim": 9.38489769321826, "a_late_diff_inhib": 12.889081096507208, "early_diff_slow": 0.2542035064580759, "early_diff_fast": 0.5249700545389366, "early_diff_very_fast": 0.6461649919052637, "late_diff_slow": 0.1667316939527611, "late_diff_fast": 0.6647558128816181, "Mg_stim": 7.847407776961769, "Mg_dest": 38.53265466392538, "IL1b_ineffective": 122.56734062115198, "IL1b_stim": 2.722923219851351, "IL8_favorable": 5.065831434907608, "ALP_M_n": 1.8763979816107068, "ARS_M_n": 0.9641546623141917, "OC_M_n": 0.4186420857248972, "ALP_0": 0.6048290386767313, "ARS_0": 0.1495172146311394, "OC_0": 0.5272842200206674, "diff_time": 1029.5138594548557, "maturity_t": 0.7543038962032796}