{"a_Ber_2016_ALP": 0.539004675319452, "a_Ber_2016_OC": 0.6712487519443281, "a_Valles_2020_ALP": 288.6106060649754, "a_Valles_2020_ARS": 668.3861649992112, "a_Chen_2018_ALP": 7.426056786205511, "a_Chen_2018_ARS": 3.019212786126255, "a_Qiao_2021_ALP": 31.769301631520776, "a_early_diff_stim": 4.141997751560461, "a_early_diff_inhib": 9.411585346918866, "a_late_diff_stim": 14.38079987995635, "a_late_diff_inhib": 5.572301217653671, "early_diff_slow": 0.21231929824089474, "early_diff_fast": 0.6314181869315729, "early_diff_very_fast": 0.8609919412207688, "late_diff_slow": 0.2518893363268317, "late_diff_fast": 0.8470592765273236, "Mg_stim": 6.681462662052082, "Mg_dest": 32.475900627724094, "IL1b_ineffective": 135.8105315780926, "IL1b_stim": 2.8292799817079057, "IL8_favorable": 5.523429559535451, "ALP_M_n": 1.1764710851071367, "ARS_M_n": 0.9744309503304134, "OC_M_n": 0.046353158645638715, "ALP_0": 0.2728490575317428, "ARS_0": 0.1534751375836061, "OC_0": 8.006099863973882, "diff_time": 791.9096424532555, "maturity_t": 0.9284653928047892}