{"a_Ber_2016_ALP": 0.6919606731763054, "a_Ber_2016_OC": 0.33028376145410593, "a_Valles_2020_ALP": 346.62883557004363, "a_Valles_2020_ARS": 792.6517456106902, "a_Chen_2018_ALP": 6.669639162897767, "a_Chen_2018_ARS": 3.151928959698356, "a_Qiao_2021_ALP": 30.43226382465544, "a_early_diff_stim": 9.804964768289544, "a_early_diff_inhib": 2.6971579318445844, "a_late_diff_stim": 4.46357213864113, "a_late_diff_inhib": 7.907780526956429, "early_diff_slow": 0.15589229027760163, "early_diff_fast": 0.5590998301764994, "early_diff_very_fast": 0.7890000158985131, "late_diff_slow": 0.26002795745625884, "late_diff_fast": 0.7942341042187542, "Mg_stim": 8.502557331648323, "Mg_dest": 31.480540006130063, "IL1b_ineffective": 119.539218356851, "IL1b_stim": 2.678181971295068, "IL8_favorable": 5.209172959710941, "ALP_M_n": 1.2256267513167376, "ARS_M_n": 0.7557028066932768, "OC_M_n": 0.31484304300503135, "ALP_0": 0.30148451822842015, "ARS_0": 0.08498011948889696, "OC_0": 8.933527904194955, "diff_time": 1013.0348044875532, "maturity_t": 0.9738352747617184}