{"a_Ber_2016_ALP": 0.5585928791909218, "a_Ber_2016_OC": 0.22531703211985937, "a_Valles_2020_ALP": 264.44154399815704, "a_Valles_2020_ARS": 731.4867904430579, "a_Chen_2018_ALP": 5.020526494133052, "a_Chen_2018_ARS": 3.091170904756315, "a_Qiao_2021_ALP": 23.29873087172499, "a_early_diff_stim": 13.032170140289642, "a_early_diff_inhib": 10.355631270610836, "a_late_diff_stim": 7.067359460404141, "a_late_diff_inhib": 9.682322396167159, "early_diff_slow": 0.2812420161066785, "early_diff_fast": 0.5387401716797149, "early_diff_very_fast": 0.7627048973885224, "late_diff_slow": 0.1964900353708609, "late_diff_fast": 0.7028473082732424, "Mg_stim": 8.024685680197859, "Mg_dest": 32.984036380469064, "IL1b_ineffective": 118.92692528181341, "IL1b_stim": 3.4670328428216024, "IL8_favorable": 7.488283660335313, "ALP_M_n": 1.525640078460957, "ARS_M_n": 0.8899207936372976, "OC_M_n": 0.1778759396061459, "ALP_0": 0.4565811264580374, "ARS_0": 0.12463025632023322, "OC_0": 2.513481458015278, "diff_time": 905.06177749926, "maturity_t": 0.99176329210426}