{"a_Ber_2016_ALP": 0.48742830952858424, "a_Ber_2016_OC": 0.4382446644873074, "a_Valles_2020_ALP": 213.85083735363457, "a_Valles_2020_ARS": 605.5549008939058, "a_Chen_2018_ALP": 4.493460820521135, "a_Chen_2018_ARS": 3.012086121371725, "a_Qiao_2021_ALP": 20.752775880659893, "a_early_diff_stim": 14.554688548720835, "a_early_diff_inhib": 17.757113574600904, "a_late_diff_stim": 17.468308610235738, "a_late_diff_inhib": 19.128420070917493, "early_diff_slow": 0.19617944815622304, "early_diff_fast": 0.55845618628617, "early_diff_very_fast": 0.6925882060893224, "late_diff_slow": 0.20300774538981484, "late_diff_fast": 0.8436917153340341, "Mg_stim": 9.59260390851291, "Mg_dest": 21.394259701889965, "IL1b_ineffective": 116.40874059416359, "IL1b_stim": 3.586080738574559, "IL8_favorable": 7.4543375153792795, "ALP_M_n": 1.6950059511247706, "ARS_M_n": 1.3722287574533347, "OC_M_n": 0.23448510586894458, "ALP_0": 0.5266980662723959, "ARS_0": 0.22963313920510564, "OC_0": 7.490027781868477, "diff_time": 773.1876634627995, "maturity_t": 0.9624614298845474}