{"a_Ber_2016_ALP": 0.5250115086360867, "a_Ber_2016_OC": 0.5909013808655206, "a_Valles_2020_ALP": 232.50237298086913, "a_Valles_2020_ARS": 447.8605854055891, "a_Chen_2018_ALP": 5.1883747277571715, "a_Chen_2018_ARS": 2.2498086797940346, "a_Qiao_2021_ALP": 24.202200265980395, "a_early_diff_stim": 10.545113762082199, "a_early_diff_inhib": 8.142814756715092, "a_late_diff_stim": 14.707063719418318, "a_late_diff_inhib": 16.060998313112318, "early_diff_slow": 0.2538419992157465, "early_diff_fast": 0.5427376089636397, "early_diff_very_fast": 0.7429751811054081, "late_diff_slow": 0.2229344636671946, "late_diff_fast": 0.7154075223989332, "Mg_stim": 8.080340050613055, "Mg_dest": 23.771766585308818, "IL1b_ineffective": 114.91441962868984, "IL1b_stim": 3.981268517101485, "IL8_favorable": 8.719078414055936, "ALP_M_n": 1.524184640028036, "ARS_M_n": 1.729315749457507, "OC_M_n": 0.12944260961689735, "ALP_0": 0.44305274650678034, "ARS_0": 0.39589225418595564, "OC_0": 9.692289365764616, "diff_time": 725.8987596486016, "maturity_t": 1.0}