{"a_Ber_2016_ALP": 0.8418100457622609, "a_Ber_2016_OC": 0.6024714815103267, "a_Valles_2020_ALP": 396.1320518564546, "a_Valles_2020_ARS": 820.0021028589665, "a_Chen_2018_ALP": 7.9016671891646, "a_Chen_2018_ARS": 3.4257315478423838, "a_Qiao_2021_ALP": 35.35627638735802, "a_early_diff_stim": 10.341286163483867, "a_early_diff_inhib": 10.548817454717136, "a_late_diff_stim": 19.90371839095507, "a_late_diff_inhib": 12.654687976528887, "early_diff_slow": 0.30292774624495034, "early_diff_fast": 0.5453808864790238, "early_diff_very_fast": 0.8226137661510862, "late_diff_slow": 0.32051540346204754, "late_diff_fast": 0.7453414092511111, "Mg_stim": 7.940324477956452, "Mg_dest": 29.78903782407899, "IL1b_ineffective": 120.30992055021723, "IL1b_stim": 2.9117940180948185, "IL8_favorable": 6.522380816503109, "ALP_M_n": 1.0439850470845762, "ARS_M_n": 0.6642670598317985, "OC_M_n": 0.12237912629352869, "ALP_0": 0.20361795194898408, "ARS_0": 0.05324083760831027, "OC_0": 9.676678240770109, "diff_time": 1072.1465754820538, "maturity_t": 0.9487957807368929}