{"a_Ber_2016_ALP": 0.6830626948557931, "a_Ber_2016_OC": 0.6265642527894264, "a_Valles_2020_ALP": 314.45936511916375, "a_Valles_2020_ARS": 741.5296846053789, "a_Chen_2018_ALP": 6.954410078354605, "a_Chen_2018_ARS": 3.536171929770749, "a_Qiao_2021_ALP": 31.99173191571122, "a_early_diff_stim": 10.375398738927919, "a_early_diff_inhib": 3.8148649547518954, "a_late_diff_stim": 5.364714090231633, "a_late_diff_inhib": 9.89475326560528, "early_diff_slow": 0.3135612763142859, "early_diff_fast": 0.5825737314240447, "early_diff_very_fast": 0.7541680457740444, "late_diff_slow": 0.30204829461790644, "late_diff_fast": 0.6374105453420758, "Mg_stim": 9.787332568026498, "Mg_dest": 33.8509462781205, "IL1b_ineffective": 116.44559388233772, "IL1b_stim": 3.5632213628137546, "IL8_favorable": 8.145869940441571, "ALP_M_n": 1.481945705625517, "ARS_M_n": 1.0048028215751421, "OC_M_n": 0.1862777048180926, "ALP_0": 0.35501380480925143, "ARS_0": 0.11430115954272142, "OC_0": 2.462508720863505, "diff_time": 892.5894838613714, "maturity_t": 0.7961087285348276}