{"a_Ber_2016_ALP": 0.5523720643204152, "a_Ber_2016_OC": 0.2799536454791585, "a_Valles_2020_ALP": 253.2979822465591, "a_Valles_2020_ARS": 749.4738310487131, "a_Chen_2018_ALP": 5.32552948760731, "a_Chen_2018_ARS": 3.4359774044246687, "a_Qiao_2021_ALP": 24.251170649642845, "a_early_diff_stim": 11.855899047568979, "a_early_diff_inhib": 19.50767929219901, "a_late_diff_stim": 12.070722237965796, "a_late_diff_inhib": 17.868260573446676, "early_diff_slow": 0.31139445333707255, "early_diff_fast": 0.5539692447254506, "early_diff_very_fast": 0.7786212090020427, "late_diff_slow": 0.2587209657324518, "late_diff_fast": 0.7161652470487344, "Mg_stim": 7.713004156424301, "Mg_dest": 39.1581646805516, "IL1b_ineffective": 120.27745670501578, "IL1b_stim": 3.3004670456126384, "IL8_favorable": 7.11690793218024, "ALP_M_n": 1.5520345140891587, "ARS_M_n": 1.0118911768173606, "OC_M_n": 0.00014777510712670754, "ALP_0": 0.4484655075587056, "ARS_0": 0.12365186317748793, "OC_0": 3.708827997567526, "diff_time": 902.1104020324914, "maturity_t": 0.954144409281809}