{"a_Ber_2016_ALP": 0.7815908593921496, "a_Ber_2016_OC": 0.2805008668849596, "a_Valles_2020_ALP": 353.1777148205712, "a_Valles_2020_ARS": 829.8525838941996, "a_Chen_2018_ALP": 6.955941491205034, "a_Chen_2018_ARS": 3.69046472038768, "a_Qiao_2021_ALP": 34.13741501308955, "a_early_diff_stim": 7.2527277920247135, "a_early_diff_inhib": 1.0623598338072036, "a_late_diff_stim": 6.023171621415467, "a_late_diff_inhib": 8.301739258436799, "early_diff_slow": 0.15088043395816303, "early_diff_fast": 0.5698218116125019, "early_diff_very_fast": 0.9878590089093299, "late_diff_slow": 0.2945957680643157, "late_diff_fast": 0.7618367818086417, "Mg_stim": 8.738875493048333, "Mg_dest": 23.34851003926428, "IL1b_ineffective": 115.64046182777739, "IL1b_stim": 3.7682957397873977, "IL8_favorable": 9.950463827045972, "ALP_M_n": 1.2635386145019647, "ARS_M_n": 0.7098891003862059, "OC_M_n": 0.5245236322045449, "ALP_0": 0.28496663066130945, "ARS_0": 0.005127154608836148, "OC_0": 6.884449232219361, "diff_time": 1019.8603857533518, "maturity_t": 0.8710350425460398}