{"a_Ber_2016_ALP": 0.5704730670193472, "a_Ber_2016_OC": 0.7858152302637124, "a_Valles_2020_ALP": 292.76197897629106, "a_Valles_2020_ARS": 790.2048722603192, "a_Chen_2018_ALP": 5.389656031128738, "a_Chen_2018_ARS": 3.4567006126113173, "a_Qiao_2021_ALP": 23.815055743746296, "a_early_diff_stim": 8.152186477394698, "a_early_diff_inhib": 18.313934221033954, "a_late_diff_stim": 9.17420670762029, "a_late_diff_inhib": 19.607250609780962, "early_diff_slow": 0.32943822498579756, "early_diff_fast": 0.5657293324867937, "early_diff_very_fast": 0.9514232081112783, "late_diff_slow": 0.2919728883916974, "late_diff_fast": 0.8215410224874617, "Mg_stim": 7.996959954918266, "Mg_dest": 26.63471347464328, "IL1b_ineffective": 122.94300594229365, "IL1b_stim": 2.872832455701918, "IL8_favorable": 5.865292378411432, "ALP_M_n": 1.493980108931136, "ARS_M_n": 0.6485806342882228, "OC_M_n": 0.006620830270331729, "ALP_0": 0.44629074729850704, "ARS_0": 0.044356682208734746, "OC_0": 2.37186090017518, "diff_time": 1035.3548848909443, "maturity_t": 0.9923329046497608}