{"a_Ber_2016_ALP": 0.6200596935301464, "a_Ber_2016_OC": 0.28905772606487606, "a_Valles_2020_ALP": 281.6317182000766, "a_Valles_2020_ARS": 527.047056610091, "a_Chen_2018_ALP": 6.118744727157454, "a_Chen_2018_ARS": 2.5167646599602933, "a_Qiao_2021_ALP": 29.769853114090804, "a_early_diff_stim": 10.715549363876193, "a_early_diff_inhib": 9.239648219513217, "a_late_diff_stim": 6.191293345472308, "a_late_diff_inhib": 17.70169332452288, "early_diff_slow": 0.3815057348762123, "early_diff_fast": 0.5435324164687076, "early_diff_very_fast": 0.7557849772932287, "late_diff_slow": 0.23131537799090923, "late_diff_fast": 0.6804117296215894, "Mg_stim": 9.24798166275947, "Mg_dest": 27.014414444126068, "IL1b_ineffective": 110.81570523021557, "IL1b_stim": 3.974477176691929, "IL8_favorable": 12.170825314920172, "ALP_M_n": 1.350424130075391, "ARS_M_n": 1.5562473378720338, "OC_M_n": 0.4136067888563986, "ALP_0": 0.3490292634394745, "ARS_0": 0.3510415582588879, "OC_0": 7.7771383394481495, "diff_time": 786.7396825808877, "maturity_t": 0.972891513097531}