{"a_Ber_2016_ALP": 0.6875688078916399, "a_Ber_2016_OC": 0.2577546914555245, "a_Valles_2020_ALP": 319.32944778190705, "a_Valles_2020_ARS": 780.7800385815034, "a_Chen_2018_ALP": 5.6010152348482665, "a_Chen_2018_ARS": 2.2002487061930105, "a_Qiao_2021_ALP": 32.511238551564034, "a_early_diff_stim": 15.789683242369899, "a_early_diff_inhib": 9.189104054705421, "a_late_diff_stim": 10.893609671840554, "a_late_diff_inhib": 6.471629777410312, "early_diff_slow": 0.3324372927971928, "early_diff_fast": 0.5457761976625191, "early_diff_very_fast": 0.8074263230921873, "late_diff_slow": 0.24304563544717964, "late_diff_fast": 0.7698288316315903, "Mg_stim": 7.186004192147235, "Mg_dest": 28.34256192670952, "IL1b_ineffective": 110.91110310482514, "IL1b_stim": 5.154676787047476, "IL8_favorable": 14.77932185168838, "ALP_M_n": 1.185628174430087, "ARS_M_n": 0.5822160982079784, "OC_M_n": 0.08791672071856244, "ALP_0": 0.31138713986320693, "ARS_0": 0.07773784416751353, "OC_0": 1.6238955491796003, "diff_time": 1045.760792092378, "maturity_t": 0.9046204200164876}