{"a_Ber_2016_ALP": 0.7146936030185099, "a_Ber_2016_OC": 0.6363511705649518, "a_Valles_2020_ALP": 345.9800629423336, "a_Valles_2020_ARS": 775.0422397566414, "a_Chen_2018_ALP": 7.299751083387344, "a_Chen_2018_ARS": 3.4078272901786804, "a_Qiao_2021_ALP": 33.232571203919385, "a_early_diff_stim": 7.8918284165951595, "a_early_diff_inhib": 7.733274318807338, "a_late_diff_stim": 6.9144750669934885, "a_late_diff_inhib": 3.858206642088195, "early_diff_slow": 0.3182795425897946, "early_diff_fast": 0.5746058825367037, "early_diff_very_fast": 0.8801120414865644, "late_diff_slow": 0.1437010680982468, "late_diff_fast": 0.6603848941821024, "Mg_stim": 8.527791304805781, "Mg_dest": 29.43267756698719, "IL1b_ineffective": 116.71307350613952, "IL1b_stim": 3.085796767174978, "IL8_favorable": 7.725690743649402, "ALP_M_n": 1.0417297065748718, "ARS_M_n": 0.9395483104268443, "OC_M_n": 0.1579673761124433, "ALP_0": 0.22419219925141978, "ARS_0": 0.10227501860431153, "OC_0": 3.71127908095177, "diff_time": 921.9469804389802, "maturity_t": 0.996513102797554}