{"a_Ber_2016_ALP": 0.5833032405423514, "a_Ber_2016_OC": 0.5338104232454294, "a_Valles_2020_ALP": 251.68065991034126, "a_Valles_2020_ARS": 615.1812962406697, "a_Chen_2018_ALP": 6.590217810921024, "a_Chen_2018_ARS": 2.1271744038351765, "a_Qiao_2021_ALP": 26.512061018914345, "a_early_diff_stim": 8.415641033061238, "a_early_diff_inhib": 13.409509925709838, "a_late_diff_stim": 3.3487666117448445, "a_late_diff_inhib": 4.518651728150143, "early_diff_slow": 0.2509750025428347, "early_diff_fast": 0.5545832356968234, "early_diff_very_fast": 0.6739210903163811, "late_diff_slow": 0.3102247763800383, "late_diff_fast": 0.774414761592174, "Mg_stim": 6.717115867845028, "Mg_dest": 31.1731882701771, "IL1b_ineffective": 163.79699771800722, "IL1b_stim": 8.085754567384466, "IL8_favorable": 5.705113640254865, "ALP_M_n": 1.660108790422916, "ARS_M_n": 1.274998008360109, "OC_M_n": 0.18144742252609908, "ALP_0": 0.45247934788215277, "ARS_0": 0.36320853340093395, "OC_0": 8.749421591465707, "diff_time": 1000.5321960835048, "maturity_t": 1.0}