{"a_Ber_2016_ALP": 0.5601800357804886, "a_Ber_2016_OC": 0.21611351169560955, "a_Valles_2020_ALP": 277.33137979689906, "a_Valles_2020_ARS": 656.5640614060959, "a_Chen_2018_ALP": 7.12436406696293, "a_Chen_2018_ARS": 3.311288965340143, "a_Qiao_2021_ALP": 30.488488540943976, "a_early_diff_stim": 9.996114051028247, "a_early_diff_inhib": 12.663504375909998, "a_late_diff_stim": 15.508323686019574, "a_late_diff_inhib": 4.744240290121587, "early_diff_slow": 0.2746755532311149, "early_diff_fast": 0.5745386494136379, "early_diff_very_fast": 0.7083167734725287, "late_diff_slow": 0.31560241697490193, "late_diff_fast": 0.8236838452032466, "Mg_stim": 9.93443096541483, "Mg_dest": 28.07504972161712, "IL1b_ineffective": 115.48965018479224, "IL1b_stim": 3.549751944420793, "IL8_favorable": 9.406479094566187, "ALP_M_n": 1.6863576317902846, "ARS_M_n": 1.185937344506218, "OC_M_n": 0.25227007075364305, "ALP_0": 0.3969646578773936, "ARS_0": 0.18129038323764948, "OC_0": 1.7916224188079042, "diff_time": 787.2429371359576, "maturity_t": 0.7950617043094826}