{"a_Ber_2016_ALP": 0.7630842102208654, "a_Ber_2016_OC": 0.25924062418974164, "a_Valles_2020_ALP": 368.83099531012914, "a_Valles_2020_ARS": 814.3096170633977, "a_Chen_2018_ALP": 7.604299281518299, "a_Chen_2018_ARS": 3.0523365386820225, "a_Qiao_2021_ALP": 32.6528446728218, "a_early_diff_stim": 8.811355025620024, "a_early_diff_inhib": 5.135183529387856, "a_late_diff_stim": 0.05576216835910763, "a_late_diff_inhib": 6.975023447652951, "early_diff_slow": 0.2681295575698504, "early_diff_fast": 0.5599538137010854, "early_diff_very_fast": 0.8763411000978041, "late_diff_slow": 0.3107777958571339, "late_diff_fast": 0.6523471469496808, "Mg_stim": 8.020396952791668, "Mg_dest": 21.314036583417852, "IL1b_ineffective": 120.25060595210638, "IL1b_stim": 3.2191791075360587, "IL8_favorable": 6.340560977651094, "ALP_M_n": 1.358526502693478, "ARS_M_n": 0.7068424130861668, "OC_M_n": 0.0933028298105084, "ALP_0": 0.3155216735759844, "ARS_0": 0.07033234020734966, "OC_0": 1.6160764894916255, "diff_time": 1074.6873837296844, "maturity_t": 0.8668992451729246}