{"a_Ber_2016_ALP": 0.7494558685081384, "a_Ber_2016_OC": 0.2094610684842746, "a_Valles_2020_ALP": 338.0053319456816, "a_Valles_2020_ARS": 770.7834192261771, "a_Chen_2018_ALP": 6.93178938292307, "a_Chen_2018_ARS": 3.5473356366901267, "a_Qiao_2021_ALP": 33.219866115051595, "a_early_diff_stim": 8.216999282641176, "a_early_diff_inhib": 18.013630770583077, "a_late_diff_stim": 1.8444660357148663, "a_late_diff_inhib": 15.31117486260841, "early_diff_slow": 0.29986532174385194, "early_diff_fast": 0.5673769136588072, "early_diff_very_fast": 0.8739144265752941, "late_diff_slow": 0.1561022754119024, "late_diff_fast": 0.8039336890917202, "Mg_stim": 8.64748403884696, "Mg_dest": 23.42943292587603, "IL1b_ineffective": 115.50159827195618, "IL1b_stim": 3.6089049111234814, "IL8_favorable": 8.87088206339746, "ALP_M_n": 1.1326682665117747, "ARS_M_n": 0.9498622321277221, "OC_M_n": 0.34452771801698906, "ALP_0": 0.2589090603883687, "ARS_0": 0.10848336449059791, "OC_0": 1.4427662787999243, "diff_time": 912.5957506521013, "maturity_t": 0.9523626803646882}