{"a_Ber_2016_ALP": 0.7571804967308643, "a_Ber_2016_OC": 0.27395568658799097, "a_Valles_2020_ALP": 306.1622946653126, "a_Valles_2020_ARS": 975.7638983278158, "a_Chen_2018_ALP": 8.188255223509165, "a_Chen_2018_ARS": 5.318175981858787, "a_Qiao_2021_ALP": 35.61746943270666, "a_early_diff_stim": 4.819697702087163, "a_early_diff_inhib": 9.036399267849456, "a_late_diff_stim": 17.03826332394116, "a_late_diff_inhib": 5.061600901060526, "early_diff_slow": 0.2877151312228648, "early_diff_fast": 0.5598592132389377, "early_diff_very_fast": 0.6607271735218592, "late_diff_slow": 0.27555183131755034, "late_diff_fast": 0.7240786235589709, "Mg_stim": 8.202437994932483, "Mg_dest": 36.596702513282615, "IL1b_ineffective": 143.26495050042743, "IL1b_stim": 1.5499469600313716, "IL8_favorable": 3.794585653537794, "ALP_M_n": 2.6631184337350544, "ARS_M_n": 0.9498630896007005, "OC_M_n": 0.027958097875473757, "ALP_0": 0.5395105484348368, "ARS_0": 0.07176588856814356, "OC_0": 1.8338435695105386, "diff_time": 1078.5450140734574, "maturity_t": 1.0}