{"a_Ber_2016_ALP": 0.687622666557391, "a_Ber_2016_OC": 0.7697399386701901, "a_Valles_2020_ALP": 288.11606984745293, "a_Valles_2020_ARS": 658.639021125492, "a_Chen_2018_ALP": 6.581061507954036, "a_Chen_2018_ARS": 2.0446753614342517, "a_Qiao_2021_ALP": 29.582609514531548, "a_early_diff_stim": 5.152588771699155, "a_early_diff_inhib": 8.020979339359979, "a_late_diff_stim": 2.85672740554622, "a_late_diff_inhib": 17.044572801551993, "early_diff_slow": 0.2969851884960662, "early_diff_fast": 0.5521383457164624, "early_diff_very_fast": 0.9354449508426892, "late_diff_slow": 0.16944430906470426, "late_diff_fast": 0.6884159503980386, "Mg_stim": 8.40707961184183, "Mg_dest": 31.31722364709471, "IL1b_ineffective": 111.98523497122608, "IL1b_stim": 2.663034163266264, "IL8_favorable": 7.17143996783269, "ALP_M_n": 1.751442537012082, "ARS_M_n": 1.1781397635305326, "OC_M_n": 0.042102222068227446, "ALP_0": 0.44139734839529476, "ARS_0": 0.31223406646213997, "OC_0": 1.9524732094432569, "diff_time": 928.8854189413514, "maturity_t": 0.7634493384174764}