{"a_Ber_2016_ALP": 0.6845178116705158, "a_Ber_2016_OC": 0.7618284308799498, "a_Valles_2020_ALP": 309.373641678454, "a_Valles_2020_ARS": 695.224785547057, "a_Chen_2018_ALP": 7.336933191616426, "a_Chen_2018_ARS": 2.1873970161293315, "a_Qiao_2021_ALP": 32.0830095441568, "a_early_diff_stim": 19.000103309171642, "a_early_diff_inhib": 10.880424061366803, "a_late_diff_stim": 3.576494571615161, "a_late_diff_inhib": 16.77133122356269, "early_diff_slow": 0.3435932350930179, "early_diff_fast": 0.5420455635830633, "early_diff_very_fast": 0.604523311060543, "late_diff_slow": 0.25588790626509483, "late_diff_fast": 0.6508002900478052, "Mg_stim": 8.721019014282357, "Mg_dest": 38.1318085337757, "IL1b_ineffective": 133.43989309669468, "IL1b_stim": 1.4196353538215476, "IL8_favorable": 4.2320193248926685, "ALP_M_n": 1.1015261634489781, "ARS_M_n": 1.0176610455730697, "OC_M_n": 0.04328318317457889, "ALP_0": 0.24991562541592566, "ARS_0": 0.25521958887804497, "OC_0": 2.6083146892542355, "diff_time": 1037.172718595989, "maturity_t": 1.0}