{"a_Ber_2016_ALP": 0.5097346287358442, "a_Ber_2016_OC": 0.42550631447222076, "a_Valles_2020_ALP": 243.16473044624817, "a_Valles_2020_ARS": 627.7311245263038, "a_Chen_2018_ALP": 6.159866991517284, "a_Chen_2018_ARS": 2.34291738293851, "a_Qiao_2021_ALP": 24.457028815494546, "a_early_diff_stim": 6.6782085851027215, "a_early_diff_inhib": 4.850427553476367, "a_late_diff_stim": 10.08890082302682, "a_late_diff_inhib": 13.052807717629417, "early_diff_slow": 0.1561111958781722, "early_diff_fast": 0.5785335341164979, "early_diff_very_fast": 0.8935506508165032, "late_diff_slow": 0.18651598370237926, "late_diff_fast": 0.7913448660528816, "Mg_stim": 8.175560046027627, "Mg_dest": 36.46301628576613, "IL1b_ineffective": 107.34269997820806, "IL1b_stim": 3.4262726680860887, "IL8_favorable": 8.718938245412986, "ALP_M_n": 1.7041663029141383, "ARS_M_n": 1.118232583949658, "OC_M_n": 0.47955377894162143, "ALP_0": 0.4843124263375694, "ARS_0": 0.25107670011232663, "OC_0": 3.1472286716524636, "diff_time": 864.3328054678846, "maturity_t": 0.8707393672475479}