{"a_Ber_2016_ALP": 0.4585157448692064, "a_Ber_2016_OC": 0.5855324094170177, "a_Valles_2020_ALP": 239.28081908932646, "a_Valles_2020_ARS": 738.9008052915929, "a_Chen_2018_ALP": 4.1867005763317655, "a_Chen_2018_ARS": 3.0699634727198637, "a_Qiao_2021_ALP": 26.864333320847784, "a_early_diff_stim": 12.844305226011679, "a_early_diff_inhib": 5.158342287561297, "a_late_diff_stim": 3.6134249019738824, "a_late_diff_inhib": 6.151945157826377, "early_diff_slow": 0.14681619455591366, "early_diff_fast": 0.5840329089205787, "early_diff_very_fast": 0.8944596741579756, "late_diff_slow": 0.3672044585378688, "late_diff_fast": 0.7425283964695982, "Mg_stim": 9.089810659109641, "Mg_dest": 23.648265522545227, "IL1b_ineffective": 108.52528216908985, "IL1b_stim": 6.80760874914143, "IL8_favorable": 25.018816348480968, "ALP_M_n": 1.3613588520025004, "ARS_M_n": 0.8067122321607544, "OC_M_n": 0.056130921971534506, "ALP_0": 0.3999169389662378, "ARS_0": 0.08160742882171272, "OC_0": 6.0447017913433365, "diff_time": 873.0920445791666, "maturity_t": 0.9642928304264496}