{"a_Ber_2016_ALP": 0.6527519094593376, "a_Ber_2016_OC": 0.18632832489881984, "a_Valles_2020_ALP": 284.0947098120896, "a_Valles_2020_ARS": 658.5505783647716, "a_Chen_2018_ALP": 5.922285973055294, "a_Chen_2018_ARS": 2.940930605130941, "a_Qiao_2021_ALP": 28.023354537350276, "a_early_diff_stim": 8.108143769611234, "a_early_diff_inhib": 17.598311133747014, "a_late_diff_stim": 10.258268766848847, "a_late_diff_inhib": 1.3419494246521566, "early_diff_slow": 0.3230329453331408, "early_diff_fast": 0.561184282030404, "early_diff_very_fast": 0.8705334244589241, "late_diff_slow": 0.2343583724128951, "late_diff_fast": 0.8208555179464637, "Mg_stim": 7.973319009565985, "Mg_dest": 24.076280277793618, "IL1b_ineffective": 115.82241591122457, "IL1b_stim": 3.5665101418853222, "IL8_favorable": 7.9491791653763, "ALP_M_n": 1.3683024201567104, "ARS_M_n": 1.2176131616927002, "OC_M_n": 0.6389815965297513, "ALP_0": 0.36653531809779055, "ARS_0": 0.22958859504447196, "OC_0": 9.185493039183553, "diff_time": 847.623019651058, "maturity_t": 0.9601872307854945}