{"a_Ber_2016_ALP": 0.5585976352396409, "a_Ber_2016_OC": 0.2573833374201419, "a_Valles_2020_ALP": 256.19459287312907, "a_Valles_2020_ARS": 698.1297108016414, "a_Chen_2018_ALP": 5.301111238226358, "a_Chen_2018_ARS": 3.286078105705567, "a_Qiao_2021_ALP": 24.42956158443047, "a_early_diff_stim": 7.507743641825973, "a_early_diff_inhib": 10.485838187244841, "a_late_diff_stim": 10.690187427152582, "a_late_diff_inhib": 12.117549383359233, "early_diff_slow": 0.17449768526962384, "early_diff_fast": 0.6167095090179967, "early_diff_very_fast": 0.8882070226095258, "late_diff_slow": 0.23927353189856737, "late_diff_fast": 0.8292717101067854, "Mg_stim": 9.988576190170033, "Mg_dest": 28.349866208915916, "IL1b_ineffective": 116.98108285327223, "IL1b_stim": 3.47680618477702, "IL8_favorable": 7.071607794361569, "ALP_M_n": 1.54880986269104, "ARS_M_n": 1.0704440849934276, "OC_M_n": 0.29716444967017136, "ALP_0": 0.4463316076144285, "ARS_0": 0.13982082720416938, "OC_0": 5.578796681154329, "diff_time": 831.431717638568, "maturity_t": 0.9291801581239433}