{"a_Ber_2016_ALP": 0.49955859413679266, "a_Ber_2016_OC": 0.6247969433888323, "a_Valles_2020_ALP": 241.7340037934687, "a_Valles_2020_ARS": 738.3372861391198, "a_Chen_2018_ALP": 4.8328057070144546, "a_Chen_2018_ARS": 3.169049792629392, "a_Qiao_2021_ALP": 21.651578326120873, "a_early_diff_stim": 8.400774183795257, "a_early_diff_inhib": 10.598603652784087, "a_late_diff_stim": 2.8343019481980942, "a_late_diff_inhib": 17.95246688418493, "early_diff_slow": 0.3245139065362181, "early_diff_fast": 0.5595476169693496, "early_diff_very_fast": 0.8819842451747678, "late_diff_slow": 0.2315176855342356, "late_diff_fast": 0.8244970195401181, "Mg_stim": 8.730299948333442, "Mg_dest": 23.67191239487594, "IL1b_ineffective": 117.80530895568681, "IL1b_stim": 3.379838016788277, "IL8_favorable": 6.662155101307924, "ALP_M_n": 1.6681865743007191, "ARS_M_n": 0.9817874038648023, "OC_M_n": 0.04752981846936381, "ALP_0": 0.5081093260441928, "ARS_0": 0.13064953019292344, "OC_0": 5.538046758442675, "diff_time": 885.655005703358, "maturity_t": 0.9581624469516616}