{"a_Ber_2016_ALP": 0.7587766313105758, "a_Ber_2016_OC": 0.3110024768211096, "a_Valles_2020_ALP": 309.2169113424719, "a_Valles_2020_ARS": 618.3054293087163, "a_Chen_2018_ALP": 8.173625356415736, "a_Chen_2018_ARS": 3.065579096576696, "a_Qiao_2021_ALP": 35.56709833831498, "a_early_diff_stim": 7.652374234361854, "a_early_diff_inhib": 8.079932480217305, "a_late_diff_stim": 4.608927655173341, "a_late_diff_inhib": 11.768345174644704, "early_diff_slow": 0.19721894193782724, "early_diff_fast": 0.5864395085317521, "early_diff_very_fast": 0.7874461163527541, "late_diff_slow": 0.17273387038386007, "late_diff_fast": 0.7324933527420673, "Mg_stim": 9.805005621815114, "Mg_dest": 35.687639911462526, "IL1b_ineffective": 108.4226096242887, "IL1b_stim": 3.6987383387717134, "IL8_favorable": 11.20159732734691, "ALP_M_n": 1.4477881192118005, "ARS_M_n": 1.2661113745755979, "OC_M_n": 0.4748933934563104, "ALP_0": 0.3104101079870226, "ARS_0": 0.23529888901236226, "OC_0": 5.778896185745814, "diff_time": 792.6074119132462, "maturity_t": 0.7927464181665664}