{"a_Ber_2016_ALP": 0.5959976211848109, "a_Ber_2016_OC": 0.2799999991342051, "a_Valles_2020_ALP": 266.62778678097294, "a_Valles_2020_ARS": 600.5270419341226, "a_Chen_2018_ALP": 5.589463716542409, "a_Chen_2018_ARS": 3.031143193402427, "a_Qiao_2021_ALP": 25.523661686414933, "a_early_diff_stim": 6.500747015996702, "a_early_diff_inhib": 13.90111037662866, "a_late_diff_stim": 8.716692800672766, "a_late_diff_inhib": 16.726333336890466, "early_diff_slow": 0.29586513319183244, "early_diff_fast": 0.6350829458153427, "early_diff_very_fast": 0.9301051587973647, "late_diff_slow": 0.12458832101235107, "late_diff_fast": 0.6996015304864854, "Mg_stim": 9.480227372116442, "Mg_dest": 25.177955637603098, "IL1b_ineffective": 118.05614164641216, "IL1b_stim": 3.39554318388131, "IL8_favorable": 7.673837127056906, "ALP_M_n": 1.4771174758301664, "ARS_M_n": 1.3449835050509635, "OC_M_n": 0.0, "ALP_0": 0.4109213866158218, "ARS_0": 0.23739767640074788, "OC_0": 6.291600959836703, "diff_time": 815.1213657667873, "maturity_t": 0.9493529664601082}