{"a_Ber_2016_ALP": 0.6265215142832244, "a_Ber_2016_OC": 0.20582363938094322, "a_Valles_2020_ALP": 308.87069970293044, "a_Valles_2020_ARS": 814.4181334931309, "a_Chen_2018_ALP": 6.024422723734614, "a_Chen_2018_ARS": 3.4549214759028146, "a_Qiao_2021_ALP": 25.56146318927483, "a_early_diff_stim": 13.213843098981949, "a_early_diff_inhib": 13.208192458369039, "a_late_diff_stim": 4.5079629223334035, "a_late_diff_inhib": 17.38657683943231, "early_diff_slow": 0.23999776414681503, "early_diff_fast": 0.5468068086324964, "early_diff_very_fast": 0.759276936332643, "late_diff_slow": 0.1456566200566686, "late_diff_fast": 0.7205249251639824, "Mg_stim": 8.007045559948383, "Mg_dest": 34.48037612779767, "IL1b_ineffective": 126.90871312275858, "IL1b_stim": 2.7381488338623505, "IL8_favorable": 5.3554764245489395, "ALP_M_n": 1.4355117228720384, "ARS_M_n": 0.7187530119879446, "OC_M_n": 0.6668574538554867, "ALP_0": 0.4009734951404012, "ARS_0": 0.05675797812689099, "OC_0": 7.173975855044153, "diff_time": 1040.3724069111672, "maturity_t": 0.9898400384731371}