{"a_Ber_2016_ALP": 0.655273151490366, "a_Ber_2016_OC": 0.5034872102217004, "a_Valles_2020_ALP": 273.39877324344, "a_Valles_2020_ARS": 720.5384902082493, "a_Chen_2018_ALP": 8.30561952405395, "a_Chen_2018_ARS": 3.8782720779192648, "a_Qiao_2021_ALP": 31.79841154571818, "a_early_diff_stim": 5.493372980076284, "a_early_diff_inhib": 12.592827679097782, "a_late_diff_stim": 7.736577492620844, "a_late_diff_inhib": 14.612187524468322, "early_diff_slow": 0.36593799179431286, "early_diff_fast": 0.5393216096308621, "early_diff_very_fast": 0.6462084425235975, "late_diff_slow": 0.35525567531164737, "late_diff_fast": 0.7208253788251028, "Mg_stim": 5.376492863086806, "Mg_dest": 30.23732901899952, "IL1b_ineffective": 135.49953234696272, "IL1b_stim": 1.3446639307083394, "IL8_favorable": 7.940156114866909, "ALP_M_n": 2.198682027600909, "ARS_M_n": 1.3723489278130525, "OC_M_n": 0.3051942476730089, "ALP_0": 0.4981176492508937, "ARS_0": 0.22541599152890748, "OC_0": 3.97193090210066, "diff_time": 901.588681979141, "maturity_t": 1.0}