{"a_Ber_2016_ALP": 0.4991847141503154, "a_Ber_2016_OC": 0.4567168402493904, "a_Valles_2020_ALP": 220.9377540866879, "a_Valles_2020_ARS": 457.0597970242417, "a_Chen_2018_ALP": 4.806761554383935, "a_Chen_2018_ARS": 2.231050217393997, "a_Qiao_2021_ALP": 22.19197932165737, "a_early_diff_stim": 6.281808405376446, "a_early_diff_inhib": 14.600456494300628, "a_late_diff_stim": 13.094484033274075, "a_late_diff_inhib": 14.22607654439162, "early_diff_slow": 0.2241071674640697, "early_diff_fast": 0.6321407817105733, "early_diff_very_fast": 0.9229581103066806, "late_diff_slow": 0.2590663003428724, "late_diff_fast": 0.7256095422861648, "Mg_stim": 9.897503810389104, "Mg_dest": 27.408588506868174, "IL1b_ineffective": 115.85949093483501, "IL1b_stim": 3.6033995279864666, "IL8_favorable": 9.220244638094577, "ALP_M_n": 1.646598873419135, "ARS_M_n": 1.7346499300518436, "OC_M_n": 0.2535023480601974, "ALP_0": 0.49622305356080026, "ARS_0": 0.4035893499491876, "OC_0": 6.893840275207957, "diff_time": 756.7125809303863, "maturity_t": 0.9749147362989482}