{"a_Ber_2016_ALP": 0.5219492204152818, "a_Ber_2016_OC": 0.2561687700956675, "a_Valles_2020_ALP": 249.32817861556256, "a_Valles_2020_ARS": 633.7788182811332, "a_Chen_2018_ALP": 5.793100699089961, "a_Chen_2018_ARS": 3.072342603068813, "a_Qiao_2021_ALP": 26.970723214809958, "a_early_diff_stim": 6.328786453573383, "a_early_diff_inhib": 6.997577849835647, "a_late_diff_stim": 7.688514467345675, "a_late_diff_inhib": 4.9785440592144825, "early_diff_slow": 0.25178885662518896, "early_diff_fast": 0.6192039105916001, "early_diff_very_fast": 0.9110656370719113, "late_diff_slow": 0.2371992144882333, "late_diff_fast": 0.766923677801005, "Mg_stim": 9.590785627371993, "Mg_dest": 23.17610735554627, "IL1b_ineffective": 111.75827234946529, "IL1b_stim": 4.267823394962091, "IL8_favorable": 11.127139522527983, "ALP_M_n": 1.810085684779652, "ARS_M_n": 1.2540548410790882, "OC_M_n": 0.06270789160900467, "ALP_0": 0.4695800335781839, "ARS_0": 0.21960164111959143, "OC_0": 3.1310491101394997, "diff_time": 808.1275787974723, "maturity_t": 0.7886914622682968}