{"a_Ber_2016_ALP": 0.6654730892748296, "a_Ber_2016_OC": 0.2774181830982764, "a_Valles_2020_ALP": 316.94539781200854, "a_Valles_2020_ARS": 679.9471573939358, "a_Chen_2018_ALP": 6.704410659320809, "a_Chen_2018_ARS": 3.128642215604275, "a_Qiao_2021_ALP": 31.277387676178922, "a_early_diff_stim": 6.203989348240228, "a_early_diff_inhib": 16.314989158577355, "a_late_diff_stim": 9.157006134558742, "a_late_diff_inhib": 0.19607306288267878, "early_diff_slow": 0.2778675242277016, "early_diff_fast": 0.5920070873025974, "early_diff_very_fast": 0.9881911376266558, "late_diff_slow": 0.2073870253759506, "late_diff_fast": 0.8350617869625403, "Mg_stim": 8.649096152307491, "Mg_dest": 29.99342135744669, "IL1b_ineffective": 114.76739133842419, "IL1b_stim": 3.5334399989557284, "IL8_favorable": 9.319418581132503, "ALP_M_n": 1.1507915655337562, "ARS_M_n": 1.1978276090458808, "OC_M_n": 0.007381301121579403, "ALP_0": 0.2724070367347076, "ARS_0": 0.20243206207070458, "OC_0": 2.5526627768169035, "diff_time": 849.9739221176761, "maturity_t": 0.9983833931282585}