{"a_Ber_2016_ALP": 0.5985086728366353, "a_Ber_2016_OC": 0.18743621012058342, "a_Valles_2020_ALP": 284.87393918097547, "a_Valles_2020_ARS": 731.8322961760618, "a_Chen_2018_ALP": 6.1991589266871765, "a_Chen_2018_ARS": 3.158116576372007, "a_Qiao_2021_ALP": 27.61708250826022, "a_early_diff_stim": 9.264842733501514, "a_early_diff_inhib": 5.115292413804175, "a_late_diff_stim": 6.937236631237475, "a_late_diff_inhib": 5.95108042148752, "early_diff_slow": 0.2730333503314314, "early_diff_fast": 0.5720364478897494, "early_diff_very_fast": 0.8206860752540338, "late_diff_slow": 0.20629394459437622, "late_diff_fast": 0.7194399649424496, "Mg_stim": 8.090884412417108, "Mg_dest": 21.392909228154785, "IL1b_ineffective": 120.95475056438738, "IL1b_stim": 2.906227262464098, "IL8_favorable": 6.43103145076519, "ALP_M_n": 1.3112581675972907, "ARS_M_n": 0.9504146470304438, "OC_M_n": 0.18004278058540032, "ALP_0": 0.3516758755380826, "ARS_0": 0.14345157639413103, "OC_0": 8.314453858871568, "diff_time": 911.6372787849331, "maturity_t": 0.9999974463137398}