{"a_Ber_2016_ALP": 0.7660319258404947, "a_Ber_2016_OC": 0.21095703012997044, "a_Valles_2020_ALP": 357.05976520144753, "a_Valles_2020_ARS": 704.4445518674114, "a_Chen_2018_ALP": 7.783416428035551, "a_Chen_2018_ARS": 2.6513086594588153, "a_Qiao_2021_ALP": 32.99954633600836, "a_early_diff_stim": 10.421879879124736, "a_early_diff_inhib": 5.231578070462801, "a_late_diff_stim": 9.043977614277699, "a_late_diff_inhib": 8.67367079165404, "early_diff_slow": 0.17764087418214103, "early_diff_fast": 0.5581307466265488, "early_diff_very_fast": 0.7669870858679743, "late_diff_slow": 0.21649240371670808, "late_diff_fast": 0.6172668935107368, "Mg_stim": 9.532159208658836, "Mg_dest": 29.8918107006539, "IL1b_ineffective": 114.08689715281827, "IL1b_stim": 3.027852773426819, "IL8_favorable": 12.708499468458939, "ALP_M_n": 1.0320726962304636, "ARS_M_n": 0.6267104573521655, "OC_M_n": 0.7857141790902534, "ALP_0": 0.23414126373539185, "ARS_0": 0.06981990624672971, "OC_0": 4.95955210875711, "diff_time": 1018.1272018513704, "maturity_t": 0.9999358324753901}