{"a_Ber_2016_ALP": 0.31220069627471647, "a_Ber_2016_OC": 0.7417920696764997, "a_Valles_2020_ALP": 171.2110129270619, "a_Valles_2020_ARS": 629.4440705141363, "a_Chen_2018_ALP": 4.03043045791678, "a_Chen_2018_ARS": 3.1989505364902073, "a_Qiao_2021_ALP": 17.72640796734822, "a_early_diff_stim": 5.908680554696597, "a_early_diff_inhib": 16.36029251056449, "a_late_diff_stim": 7.5964128769439725, "a_late_diff_inhib": 9.837172599253517, "early_diff_slow": 0.3887742100399557, "early_diff_fast": 0.6546027515379524, "early_diff_very_fast": 0.8869295852548573, "late_diff_slow": 0.2391809068668892, "late_diff_fast": 0.6531683794569882, "Mg_stim": 9.944358264222394, "Mg_dest": 26.17576931999706, "IL1b_ineffective": 115.38331074894255, "IL1b_stim": 3.447487538614059, "IL8_favorable": 6.969075325730955, "ALP_M_n": 2.3732636539208625, "ARS_M_n": 1.2511263491056495, "OC_M_n": 0.033571870558783065, "ALP_0": 0.6700074845969224, "ARS_0": 0.22685612180395537, "OC_0": 3.804479748046771, "diff_time": 847.5416743055436, "maturity_t": 0.7536184537660279}