{"a_Ber_2016_ALP": 0.6343422000677801, "a_Ber_2016_OC": 0.2562582470848746, "a_Valles_2020_ALP": 313.1862447558768, "a_Valles_2020_ARS": 647.1176917262121, "a_Chen_2018_ALP": 6.688158693041955, "a_Chen_2018_ARS": 3.0087048998927246, "a_Qiao_2021_ALP": 31.891427958927743, "a_early_diff_stim": 8.784983316681004, "a_early_diff_inhib": 11.335530087519237, "a_late_diff_stim": 12.528758468667355, "a_late_diff_inhib": 2.1707126293389756, "early_diff_slow": 0.3075099658580436, "early_diff_fast": 0.5607379016177995, "early_diff_very_fast": 0.8275769448592774, "late_diff_slow": 0.17164686144794275, "late_diff_fast": 0.6669575459885669, "Mg_stim": 9.012314175251332, "Mg_dest": 36.71704651978879, "IL1b_ineffective": 114.01363370061448, "IL1b_stim": 3.5438947565392525, "IL8_favorable": 9.290164800432514, "ALP_M_n": 1.1113986207509516, "ARS_M_n": 1.2804375192362694, "OC_M_n": 0.04453190084875859, "ALP_0": 0.2574364755604084, "ARS_0": 0.2238077587085986, "OC_0": 6.361325481741952, "diff_time": 818.5147027542098, "maturity_t": 1.0}