{"a_Ber_2016_ALP": 0.6933487758133449, "a_Ber_2016_OC": 0.23204139724478143, "a_Valles_2020_ALP": 316.8990270140313, "a_Valles_2020_ARS": 722.6351285145055, "a_Chen_2018_ALP": 6.412382460818755, "a_Chen_2018_ARS": 3.3946709170160965, "a_Qiao_2021_ALP": 29.706135617631, "a_early_diff_stim": 8.913234021759147, "a_early_diff_inhib": 14.633653745213799, "a_late_diff_stim": 19.026598564335398, "a_late_diff_inhib": 0.9337431415549311, "early_diff_slow": 0.16872180580468177, "early_diff_fast": 0.5582064984699152, "early_diff_very_fast": 0.8568542003081975, "late_diff_slow": 0.20518313120413945, "late_diff_fast": 0.7122408189199084, "Mg_stim": 8.024005546870757, "Mg_dest": 29.428511692601628, "IL1b_ineffective": 118.99719021731319, "IL1b_stim": 3.2944818973575014, "IL8_favorable": 7.1773282887268905, "ALP_M_n": 1.2243075171149511, "ARS_M_n": 1.05705847404915, "OC_M_n": 0.08548468751235666, "ALP_0": 0.30661323957132064, "ARS_0": 0.16331517829173525, "OC_0": 8.112490164490396, "diff_time": 905.6546190122042, "maturity_t": 0.9944471922456556}