{"a_Ber_2016_ALP": 0.5865933158524633, "a_Ber_2016_OC": 0.3811140727668574, "a_Valles_2020_ALP": 264.5174400905848, "a_Valles_2020_ARS": 757.6232236965989, "a_Chen_2018_ALP": 5.298477903916657, "a_Chen_2018_ARS": 3.3146455813152147, "a_Qiao_2021_ALP": 23.93879574914201, "a_early_diff_stim": 9.060786914955084, "a_early_diff_inhib": 7.72516983668436, "a_late_diff_stim": 16.27210268829156, "a_late_diff_inhib": 12.128803885854913, "early_diff_slow": 0.3149380294523737, "early_diff_fast": 0.5668119796426567, "early_diff_very_fast": 0.8601277413693709, "late_diff_slow": 0.17564977998469125, "late_diff_fast": 0.8315142837995482, "Mg_stim": 8.018294447642605, "Mg_dest": 29.09826187269555, "IL1b_ineffective": 119.56092015956284, "IL1b_stim": 3.1993370235827197, "IL8_favorable": 6.693692509656387, "ALP_M_n": 1.4944001636657116, "ARS_M_n": 1.0008236049140147, "OC_M_n": 0.380010239588266, "ALP_0": 0.43929303785777146, "ARS_0": 0.1327156350246265, "OC_0": 6.482578081273138, "diff_time": 907.72510201631, "maturity_t": 0.9946907464075971}