{"a_Ber_2016_ALP": 0.6775555146510504, "a_Ber_2016_OC": 0.2711987736691436, "a_Valles_2020_ALP": 301.7236132199719, "a_Valles_2020_ARS": 735.5964913219262, "a_Chen_2018_ALP": 5.966476953629331, "a_Chen_2018_ARS": 3.364425580369676, "a_Qiao_2021_ALP": 28.551539110989353, "a_early_diff_stim": 10.037663333571476, "a_early_diff_inhib": 13.08392251068459, "a_late_diff_stim": 4.020699297720784, "a_late_diff_inhib": 9.256835497297612, "early_diff_slow": 0.14336987136249207, "early_diff_fast": 0.5519345268556759, "early_diff_very_fast": 0.8203314118059855, "late_diff_slow": 0.292572002179073, "late_diff_fast": 0.7715891692245289, "Mg_stim": 8.391182282863264, "Mg_dest": 28.17306506688904, "IL1b_ineffective": 116.06493458961187, "IL1b_stim": 3.469763614253999, "IL8_favorable": 8.13866569364783, "ALP_M_n": 1.3046515749135728, "ARS_M_n": 1.0288106742487628, "OC_M_n": 0.038773490611446075, "ALP_0": 0.34393995154338103, "ARS_0": 0.13027425552708383, "OC_0": 4.631763410750774, "diff_time": 876.7900613052184, "maturity_t": 0.9757047816856266}