{"a_Ber_2016_ALP": 0.6024347280302866, "a_Ber_2016_OC": 0.6032727779642412, "a_Valles_2020_ALP": 274.93499902459394, "a_Valles_2020_ARS": 806.5065414397781, "a_Chen_2018_ALP": 4.986573861266084, "a_Chen_2018_ARS": 3.6851488811787965, "a_Qiao_2021_ALP": 22.54386429288117, "a_early_diff_stim": 8.309620843763902, "a_early_diff_inhib": 4.606068441422524, "a_late_diff_stim": 6.489003731680252, "a_late_diff_inhib": 5.845316415467542, "early_diff_slow": 0.1349358883227531, "early_diff_fast": 0.5560283851875871, "early_diff_very_fast": 0.9400537362835275, "late_diff_slow": 0.19818941001782026, "late_diff_fast": 0.614213830656737, "Mg_stim": 7.875402848007843, "Mg_dest": 30.72936060561834, "IL1b_ineffective": 120.97844641853432, "IL1b_stim": 3.172998152255998, "IL8_favorable": 6.085948593914985, "ALP_M_n": 1.6759750042336699, "ARS_M_n": 0.7393935827825012, "OC_M_n": 0.16780873903683874, "ALP_0": 0.49427953627730736, "ARS_0": 0.05704909155467678, "OC_0": 4.670697611084219, "diff_time": 1015.6938568534453, "maturity_t": 0.9343009645254656}