{"a_Ber_2016_ALP": 0.670704916416122, "a_Ber_2016_OC": 0.7334622809618396, "a_Valles_2020_ALP": 284.15453527176413, "a_Valles_2020_ARS": 661.328976274575, "a_Chen_2018_ALP": 6.859700565985977, "a_Chen_2018_ARS": 3.3040340268433983, "a_Qiao_2021_ALP": 30.783746239805442, "a_early_diff_stim": 5.8891968773197885, "a_early_diff_inhib": 15.75270280373809, "a_late_diff_stim": 13.629179671384948, "a_late_diff_inhib": 3.876229017821089, "early_diff_slow": 0.3034466589960648, "early_diff_fast": 0.6345752950710573, "early_diff_very_fast": 0.8898108073545481, "late_diff_slow": 0.16235514629382838, "late_diff_fast": 0.6965968735637573, "Mg_stim": 9.993966943597465, "Mg_dest": 28.386122974298914, "IL1b_ineffective": 113.19313055824513, "IL1b_stim": 3.7159193516976465, "IL8_favorable": 10.637831320613223, "ALP_M_n": 1.6706534933445378, "ARS_M_n": 1.1518443437170685, "OC_M_n": 0.06646173026822509, "ALP_0": 0.4025682170476217, "ARS_0": 0.18011294529806443, "OC_0": 3.083306740330193, "diff_time": 826.0925462694853, "maturity_t": 0.7845871969176151}