{"a_Ber_2016_ALP": 0.5570016731453998, "a_Ber_2016_OC": 0.2567379706711069, "a_Valles_2020_ALP": 279.4133157528497, "a_Valles_2020_ARS": 802.9548612627576, "a_Chen_2018_ALP": 5.15920053992303, "a_Chen_2018_ARS": 3.8384202742839952, "a_Qiao_2021_ALP": 22.831078845013103, "a_early_diff_stim": 10.392624703495384, "a_early_diff_inhib": 7.932637164595844, "a_late_diff_stim": 16.73286327080837, "a_late_diff_inhib": 10.758910763555313, "early_diff_slow": 0.2673186465859859, "early_diff_fast": 0.5468925825734492, "early_diff_very_fast": 0.832796859208262, "late_diff_slow": 0.24603895482690274, "late_diff_fast": 0.723249178784223, "Mg_stim": 7.825179618044495, "Mg_dest": 22.756839386931155, "IL1b_ineffective": 123.19897681319672, "IL1b_stim": 3.0872975874825297, "IL8_favorable": 5.825613412657766, "ALP_M_n": 1.706910834515097, "ARS_M_n": 0.6585446707986673, "OC_M_n": 0.07284787638457979, "ALP_0": 0.49480036416538525, "ARS_0": 0.03895995890762885, "OC_0": 2.576106211676149, "diff_time": 1027.6123366080647, "maturity_t": 0.9143510069395359}