{"a_Ber_2016_ALP": 0.6026998533524639, "a_Ber_2016_OC": 0.660207168292509, "a_Valles_2020_ALP": 275.08143729597, "a_Valles_2020_ARS": 685.7283858645801, "a_Chen_2018_ALP": 5.996496347518456, "a_Chen_2018_ARS": 3.322342303778937, "a_Qiao_2021_ALP": 28.321766359428384, "a_early_diff_stim": 14.823413156040795, "a_early_diff_inhib": 8.212916865903884, "a_late_diff_stim": 12.290131369188035, "a_late_diff_inhib": 14.86262806402314, "early_diff_slow": 0.3346476600969892, "early_diff_fast": 0.5310433638306172, "early_diff_very_fast": 0.680481333348898, "late_diff_slow": 0.26566629867398656, "late_diff_fast": 0.8694922710299121, "Mg_stim": 7.882606852862353, "Mg_dest": 39.45790501179816, "IL1b_ineffective": 113.00515898413526, "IL1b_stim": 3.6412310823395746, "IL8_favorable": 8.835113273310604, "ALP_M_n": 1.4378133604558825, "ARS_M_n": 1.1575041579217973, "OC_M_n": 0.09807340530892884, "ALP_0": 0.38151928482498754, "ARS_0": 0.16058992285491402, "OC_0": 4.454156312296536, "diff_time": 802.747000755956, "maturity_t": 0.9427249230805924}