{"a_Ber_2016_ALP": 0.8581708139667407, "a_Ber_2016_OC": 0.38313013671146173, "a_Valles_2020_ALP": 369.8484941170005, "a_Valles_2020_ARS": 782.5431316324331, "a_Chen_2018_ALP": 8.47865097689994, "a_Chen_2018_ARS": 3.644299108450829, "a_Qiao_2021_ALP": 37.48132902174698, "a_early_diff_stim": 11.485700814746124, "a_early_diff_inhib": 5.061433264843869, "a_late_diff_stim": 4.843155455866364, "a_late_diff_inhib": 8.906477161060204, "early_diff_slow": 0.13916773782218453, "early_diff_fast": 0.576161724003644, "early_diff_very_fast": 0.7147842671161746, "late_diff_slow": 0.28672884109376107, "late_diff_fast": 0.6987431725047178, "Mg_stim": 9.8131115718991, "Mg_dest": 28.468835167623823, "IL1b_ineffective": 116.95449463119243, "IL1b_stim": 3.316985639278913, "IL8_favorable": 7.7000195904243895, "ALP_M_n": 1.4947679427623612, "ARS_M_n": 0.8290637444686396, "OC_M_n": 0.33713999005941186, "ALP_0": 0.3159489951525108, "ARS_0": 0.07834491982798303, "OC_0": 8.364543531046102, "diff_time": 978.2662056060938, "maturity_t": 0.7454052387505489}