{"a_Ber_2016_ALP": 0.40322769004319736, "a_Ber_2016_OC": 0.26252013886771314, "a_Valles_2020_ALP": 176.2449415225545, "a_Valles_2020_ARS": 639.8032068790052, "a_Chen_2018_ALP": 3.7615708024257493, "a_Chen_2018_ARS": 3.1746985302374173, "a_Qiao_2021_ALP": 17.120369825725067, "a_early_diff_stim": 5.63124858514829, "a_early_diff_inhib": 6.133036627995421, "a_late_diff_stim": 5.20502142488086, "a_late_diff_inhib": 9.750257591122683, "early_diff_slow": 0.18664344124816412, "early_diff_fast": 0.657903860091966, "early_diff_very_fast": 0.9753372615469937, "late_diff_slow": 0.15807183262002458, "late_diff_fast": 0.8815612052201569, "Mg_stim": 9.975772265159119, "Mg_dest": 23.287757997901537, "IL1b_ineffective": 116.60492321951791, "IL1b_stim": 3.8189922931900746, "IL8_favorable": 8.280483106234833, "ALP_M_n": 2.0474120006847287, "ARS_M_n": 1.2704254694254986, "OC_M_n": 0.027458251114847884, "ALP_0": 0.6454564943550716, "ARS_0": 0.19826690068001285, "OC_0": 9.460742237162007, "diff_time": 802.9021243076811, "maturity_t": 0.8816820548096397}