{"a_Ber_2016_ALP": 0.7494134616680698, "a_Ber_2016_OC": 0.6499667931741459, "a_Valles_2020_ALP": 355.6568819791983, "a_Valles_2020_ARS": 790.6434478890825, "a_Chen_2018_ALP": 7.5200565958523224, "a_Chen_2018_ARS": 3.5706611781976, "a_Qiao_2021_ALP": 34.85339932942851, "a_early_diff_stim": 6.5623133055218466, "a_early_diff_inhib": 11.30462283974764, "a_late_diff_stim": 1.5529554214044339, "a_late_diff_inhib": 6.036906285151037, "early_diff_slow": 0.25024682307586255, "early_diff_fast": 0.5906511843385285, "early_diff_very_fast": 0.9598751472057108, "late_diff_slow": 0.25985688083839953, "late_diff_fast": 0.8026420516556496, "Mg_stim": 8.764233796207069, "Mg_dest": 38.6682322428655, "IL1b_ineffective": 117.19564254228455, "IL1b_stim": 3.268928830696076, "IL8_favorable": 8.276496375170929, "ALP_M_n": 1.0496602127894559, "ARS_M_n": 0.8879568014015788, "OC_M_n": 0.09035482932079678, "ALP_0": 0.21668825950943169, "ARS_0": 0.08537738467874065, "OC_0": 4.819444415166377, "diff_time": 939.3936454854115, "maturity_t": 0.9525498628980634}