{"a_Ber_2016_ALP": 0.6108110239295943, "a_Ber_2016_OC": 0.34589459591499133, "a_Valles_2020_ALP": 305.3646756719526, "a_Valles_2020_ARS": 491.71614276334924, "a_Chen_2018_ALP": 6.132382056137666, "a_Chen_2018_ARS": 1.5484551398210433, "a_Qiao_2021_ALP": 27.07217680656403, "a_early_diff_stim": 10.05102520891737, "a_early_diff_inhib": 1.393330720672931, "a_late_diff_stim": 3.5959227666018654, "a_late_diff_inhib": 3.64048432999407, "early_diff_slow": 0.2934906100374884, "early_diff_fast": 0.5498150244093507, "early_diff_very_fast": 0.8248977759410078, "late_diff_slow": 0.3355644495359295, "late_diff_fast": 0.8441505060850519, "Mg_stim": 6.540997807530607, "Mg_dest": 36.09380113951077, "IL1b_ineffective": 120.90335036543276, "IL1b_stim": 3.7938103284110305, "IL8_favorable": 23.350190098679384, "ALP_M_n": 1.5112832292118403, "ARS_M_n": 1.1813832308246537, "OC_M_n": 0.22777913188722992, "ALP_0": 0.3869773554012093, "ARS_0": 0.5145925196654224, "OC_0": 6.665256673083626, "diff_time": 910.8190800459417, "maturity_t": 0.929085315085211}