{"a_Ber_2016_ALP": 0.7419387478281023, "a_Ber_2016_OC": 0.20971575888679045, "a_Valles_2020_ALP": 335.44443661843695, "a_Valles_2020_ARS": 718.3334798398648, "a_Chen_2018_ALP": 7.713471273291294, "a_Chen_2018_ARS": 3.471679972692964, "a_Qiao_2021_ALP": 34.87372666290376, "a_early_diff_stim": 7.181382503533801, "a_early_diff_inhib": 18.431801934165048, "a_late_diff_stim": 10.694412223105452, "a_late_diff_inhib": 9.39156816368177, "early_diff_slow": 0.19419549000000014, "early_diff_fast": 0.5776025535683003, "early_diff_very_fast": 0.8590656038976533, "late_diff_slow": 0.1952556375884257, "late_diff_fast": 0.7023603157290056, "Mg_stim": 9.395460491745535, "Mg_dest": 21.965383607853873, "IL1b_ineffective": 115.26892706627314, "IL1b_stim": 3.352125614224551, "IL8_favorable": 10.456576606858661, "ALP_M_n": 1.0765091907043105, "ARS_M_n": 1.0320983484248054, "OC_M_n": 0.12813845322388168, "ALP_0": 0.21819524172729032, "ARS_0": 0.13573693972421025, "OC_0": 8.621072858588253, "diff_time": 845.7274919287981, "maturity_t": 0.9897635033133427}