{"a_Ber_2016_ALP": 0.7078761280443526, "a_Ber_2016_OC": 0.22494862150346714, "a_Valles_2020_ALP": 332.84015432177233, "a_Valles_2020_ARS": 641.9781585633754, "a_Chen_2018_ALP": 6.4225782370552, "a_Chen_2018_ARS": 2.7391278632678993, "a_Qiao_2021_ALP": 32.802733348347815, "a_early_diff_stim": 12.49293653025125, "a_early_diff_inhib": 10.126814843553081, "a_late_diff_stim": 12.50939779278552, "a_late_diff_inhib": 7.017096938990186, "early_diff_slow": 0.28316943648683635, "early_diff_fast": 0.5397412857627497, "early_diff_very_fast": 0.7557458468107993, "late_diff_slow": 0.15100346747325677, "late_diff_fast": 0.7562982783365757, "Mg_stim": 8.566983208573452, "Mg_dest": 22.002650394645023, "IL1b_ineffective": 112.8854032803495, "IL1b_stim": 3.223449833424688, "IL8_favorable": 10.454408856441894, "ALP_M_n": 1.293960486657273, "ARS_M_n": 1.009884142999499, "OC_M_n": 0.19026882501177023, "ALP_0": 0.33797606932821306, "ARS_0": 0.326530366027765, "OC_0": 2.4340508594719816, "diff_time": 1067.0575743338454, "maturity_t": 0.860950654821542}