{"a_Ber_2016_ALP": 0.7566916903954701, "a_Ber_2016_OC": 0.1847893101555527, "a_Valles_2020_ALP": 388.6794026734915, "a_Valles_2020_ARS": 818.4471276441373, "a_Chen_2018_ALP": 8.4012858817842, "a_Chen_2018_ARS": 3.6610616705394627, "a_Qiao_2021_ALP": 36.47265634671454, "a_early_diff_stim": 6.825009070761322, "a_early_diff_inhib": 12.369887743790011, "a_late_diff_stim": 2.2003909067352296, "a_late_diff_inhib": 15.588282688917015, "early_diff_slow": 0.22272444955566206, "early_diff_fast": 0.595037299331873, "early_diff_very_fast": 0.9421990434632842, "late_diff_slow": 0.26977068321464537, "late_diff_fast": 0.6199210195258436, "Mg_stim": 8.134304632246653, "Mg_dest": 28.91590935871127, "IL1b_ineffective": 120.00790018606595, "IL1b_stim": 2.9988871383263866, "IL8_favorable": 6.514441636625641, "ALP_M_n": 1.168125965636738, "ARS_M_n": 0.7348816521498028, "OC_M_n": 0.17779695049394956, "ALP_0": 0.24043363758929784, "ARS_0": 0.06572253538662502, "OC_0": 9.538832867479403, "diff_time": 1077.9288587272185, "maturity_t": 0.8649234610407036}