{"a_Ber_2016_ALP": 0.7702546991086989, "a_Ber_2016_OC": 0.6239655034733218, "a_Valles_2020_ALP": 327.64947498125247, "a_Valles_2020_ARS": 792.571314123466, "a_Chen_2018_ALP": 7.1285245733891625, "a_Chen_2018_ARS": 3.644488945618676, "a_Qiao_2021_ALP": 33.13322429023371, "a_early_diff_stim": 9.5636508867169, "a_early_diff_inhib": 6.112806276287124, "a_late_diff_stim": 8.386341130136488, "a_late_diff_inhib": 0.2623176005737555, "early_diff_slow": 0.26335792367338323, "early_diff_fast": 0.5448184958592157, "early_diff_very_fast": 0.7646902623375949, "late_diff_slow": 0.29743208378294583, "late_diff_fast": 0.8346792398116506, "Mg_stim": 7.962258760166265, "Mg_dest": 26.219498539872195, "IL1b_ineffective": 115.62047494891833, "IL1b_stim": 3.4975442643150316, "IL8_favorable": 7.745266400364379, "ALP_M_n": 1.6665611841458576, "ARS_M_n": 0.8226941709664446, "OC_M_n": 0.13161637981759225, "ALP_0": 0.39343346733628537, "ARS_0": 0.07554829381629957, "OC_0": 4.371129783065469, "diff_time": 962.9013624527295, "maturity_t": 0.7505005872270755}