{"a_Ber_2016_ALP": 0.7028717695708558, "a_Ber_2016_OC": 0.38275329126066515, "a_Valles_2020_ALP": 348.1961809482714, "a_Valles_2020_ARS": 693.2978888400955, "a_Chen_2018_ALP": 7.03820329665806, "a_Chen_2018_ARS": 2.8459844845598044, "a_Qiao_2021_ALP": 31.954532290376278, "a_early_diff_stim": 7.2816100487460185, "a_early_diff_inhib": 9.326592933960681, "a_late_diff_stim": 3.3057359259470527, "a_late_diff_inhib": 2.684857329556568, "early_diff_slow": 0.3484683355106801, "early_diff_fast": 0.60424053117529, "early_diff_very_fast": 0.9120583253275364, "late_diff_slow": 0.17682353529172426, "late_diff_fast": 0.7046447485589503, "Mg_stim": 9.483127414844809, "Mg_dest": 21.43177669573463, "IL1b_ineffective": 130.3550127870585, "IL1b_stim": 2.394187552520071, "IL8_favorable": 9.844446536280095, "ALP_M_n": 1.1567503907575734, "ARS_M_n": 0.9237634394670203, "OC_M_n": 0.05222812528303489, "ALP_0": 0.2628381184077992, "ARS_0": 0.15428277802233345, "OC_0": 2.830890574483668, "diff_time": 971.0030724925216, "maturity_t": 0.9772577318917768}