{"a_Ber_2016_ALP": 0.7269045338798166, "a_Ber_2016_OC": 0.6928397060897904, "a_Valles_2020_ALP": 322.6231430844392, "a_Valles_2020_ARS": 625.7552802610312, "a_Chen_2018_ALP": 7.345015934974332, "a_Chen_2018_ARS": 3.0170988200919, "a_Qiao_2021_ALP": 33.38426368323004, "a_early_diff_stim": 8.954134062776314, "a_early_diff_inhib": 11.033684787264004, "a_late_diff_stim": 6.006650918836522, "a_late_diff_inhib": 16.0789630567114, "early_diff_slow": 0.23018934718683637, "early_diff_fast": 0.5614326158361118, "early_diff_very_fast": 0.7924627555821843, "late_diff_slow": 0.34376180754830915, "late_diff_fast": 0.6641010388253249, "Mg_stim": 9.408107071863657, "Mg_dest": 22.666157347217165, "IL1b_ineffective": 114.72402206797592, "IL1b_stim": 3.349093129617657, "IL8_favorable": 8.220319655635123, "ALP_M_n": 1.0951008171912084, "ARS_M_n": 1.3113429137600943, "OC_M_n": 0.0879294285364522, "ALP_0": 0.23442880746690836, "ARS_0": 0.2451955594635288, "OC_0": 3.007070916481783, "diff_time": 818.6829748203272, "maturity_t": 0.9960657699606725}