{"a_Ber_2016_ALP": 0.7210090309369617, "a_Ber_2016_OC": 0.5476296758252598, "a_Valles_2020_ALP": 330.22861145897014, "a_Valles_2020_ARS": 823.2274444551956, "a_Chen_2018_ALP": 7.084609991090413, "a_Chen_2018_ARS": 3.7577435959640475, "a_Qiao_2021_ALP": 32.52784394687522, "a_early_diff_stim": 6.234234464276087, "a_early_diff_inhib": 12.324839656953868, "a_late_diff_stim": 6.669603641717583, "a_late_diff_inhib": 10.760739720593957, "early_diff_slow": 0.29375400104367305, "early_diff_fast": 0.5682148355116386, "early_diff_very_fast": 0.9130072642122515, "late_diff_slow": 0.31439951232761254, "late_diff_fast": 0.769456268163068, "Mg_stim": 8.192971210141692, "Mg_dest": 32.35539770953797, "IL1b_ineffective": 116.10260064951974, "IL1b_stim": 3.3989286069733566, "IL8_favorable": 7.543034294120758, "ALP_M_n": 1.7113549134800683, "ARS_M_n": 0.8024695782537727, "OC_M_n": 0.22035082098519063, "ALP_0": 0.4101934601788906, "ARS_0": 0.061327960938147304, "OC_0": 4.8378537273232975, "diff_time": 1001.4696627102969, "maturity_t": 0.7413776830885629}