{"a_Ber_2016_ALP": 0.5311905286978839, "a_Ber_2016_OC": 0.2751735246559837, "a_Valles_2020_ALP": 239.659242259974, "a_Valles_2020_ARS": 584.5631503261178, "a_Chen_2018_ALP": 5.396458999438924, "a_Chen_2018_ARS": 2.136033997976683, "a_Qiao_2021_ALP": 24.636755665949817, "a_early_diff_stim": 9.885450186477732, "a_early_diff_inhib": 19.526524714315165, "a_late_diff_stim": 11.88890596830699, "a_late_diff_inhib": 5.086312708949887, "early_diff_slow": 0.23238273763633557, "early_diff_fast": 0.5375473050966563, "early_diff_very_fast": 0.7145740933124451, "late_diff_slow": 0.2763955016364801, "late_diff_fast": 0.7506539188068785, "Mg_stim": 7.698474955387581, "Mg_dest": 30.79412737585446, "IL1b_ineffective": 121.34134586919421, "IL1b_stim": 5.419399273832079, "IL8_favorable": 9.986154567468184, "ALP_M_n": 2.6086028902140344, "ARS_M_n": 1.3003485115733715, "OC_M_n": 0.43047154566937157, "ALP_0": 0.615263699524657, "ARS_0": 0.4418930687861036, "OC_0": 3.502261279941412, "diff_time": 1057.464246473858, "maturity_t": 0.6003524997268028}