{"a_Ber_2016_ALP": 0.5251803140057186, "a_Ber_2016_OC": 0.7386318351139741, "a_Valles_2020_ALP": 241.06253937474048, "a_Valles_2020_ARS": 615.9701925612675, "a_Chen_2018_ALP": 5.064648656709474, "a_Chen_2018_ARS": 2.9596086276325257, "a_Qiao_2021_ALP": 23.901309084256877, "a_early_diff_stim": 6.447675871694032, "a_early_diff_inhib": 7.532689080179181, "a_late_diff_stim": 17.372096870109438, "a_late_diff_inhib": 18.376667172498227, "early_diff_slow": 0.3461740966798141, "early_diff_fast": 0.5713375661033039, "early_diff_very_fast": 0.9321355246053605, "late_diff_slow": 0.22844520473915336, "late_diff_fast": 0.8242818618493807, "Mg_stim": 7.987049292554581, "Mg_dest": 29.60201473932235, "IL1b_ineffective": 115.7508675731499, "IL1b_stim": 3.6068128110135866, "IL8_favorable": 8.026361723845625, "ALP_M_n": 1.4920693443174584, "ARS_M_n": 1.3785216041950132, "OC_M_n": 0.03141144920039359, "ALP_0": 0.4422826936538173, "ARS_0": 0.23414672182468935, "OC_0": 7.911648824639322, "diff_time": 763.4315779643154, "maturity_t": 0.9940575077943722}