{"a_Ber_2016_ALP": 0.7208652690898724, "a_Ber_2016_OC": 0.37144862669774, "a_Valles_2020_ALP": 348.551290800977, "a_Valles_2020_ARS": 622.9641371491298, "a_Chen_2018_ALP": 8.190469801153412, "a_Chen_2018_ARS": 2.3377314171273422, "a_Qiao_2021_ALP": 35.5046138974585, "a_early_diff_stim": 5.1959093470286435, "a_early_diff_inhib": 16.93645726878342, "a_late_diff_stim": 1.7084269365599685, "a_late_diff_inhib": 3.829093562650873, "early_diff_slow": 0.11429632958876859, "early_diff_fast": 0.5788075839365037, "early_diff_very_fast": 0.9494261379222195, "late_diff_slow": 0.2846380891670164, "late_diff_fast": 0.7279852896757714, "Mg_stim": 7.887072001476942, "Mg_dest": 28.610083647928658, "IL1b_ineffective": 115.9181096454242, "IL1b_stim": 21.902384655919384, "IL8_favorable": 10.044857709080667, "ALP_M_n": 1.0600589621122263, "ARS_M_n": 1.0825353419991013, "OC_M_n": 0.43268830154066873, "ALP_0": 0.21277505839785937, "ARS_0": 0.2747234735094843, "OC_0": 5.320009763164624, "diff_time": 885.6208173185302, "maturity_t": 0.9795508305813095}