{"a_Ber_2016_ALP": 0.6462476881642053, "a_Ber_2016_OC": 0.268237921261794, "a_Valles_2020_ALP": 303.5699688039391, "a_Valles_2020_ARS": 719.2296221240442, "a_Chen_2018_ALP": 6.696359005594938, "a_Chen_2018_ARS": 3.4796576427472625, "a_Qiao_2021_ALP": 30.61455875704416, "a_early_diff_stim": 5.348232447776026, "a_early_diff_inhib": 19.038228136765973, "a_late_diff_stim": 3.2586698678248354, "a_late_diff_inhib": 5.482414411280871, "early_diff_slow": 0.19845816612173023, "early_diff_fast": 0.5891541132710274, "early_diff_very_fast": 0.9923186831116269, "late_diff_slow": 0.37571000741692107, "late_diff_fast": 0.7115312440170853, "Mg_stim": 7.868384045977905, "Mg_dest": 34.166123702571156, "IL1b_ineffective": 116.02542907708637, "IL1b_stim": 3.38044436553664, "IL8_favorable": 8.216172786665815, "ALP_M_n": 1.3226630220911424, "ARS_M_n": 1.0816716281439032, "OC_M_n": 0.03193093570428047, "ALP_0": 0.3265777098539279, "ARS_0": 0.13653916701250143, "OC_0": 2.8876738540722946, "diff_time": 834.0566761733842, "maturity_t": 0.9483015938930899}