{"a_Ber_2016_ALP": 0.6392062597076092, "a_Ber_2016_OC": 0.4289932248176442, "a_Valles_2020_ALP": 314.3458527270828, "a_Valles_2020_ARS": 640.1777355478449, "a_Chen_2018_ALP": 6.761829114645831, "a_Chen_2018_ARS": 3.7554567918148742, "a_Qiao_2021_ALP": 27.802987245704674, "a_early_diff_stim": 4.437100638751932, "a_early_diff_inhib": 18.651673250328283, "a_late_diff_stim": 10.692251367603806, "a_late_diff_inhib": 4.780714352171806, "early_diff_slow": 0.2705334061516591, "early_diff_fast": 0.6679808953623139, "early_diff_very_fast": 0.9770256911232162, "late_diff_slow": 0.1707638684348037, "late_diff_fast": 0.7120509517045319, "Mg_stim": 6.892178943017889, "Mg_dest": 22.94217822841314, "IL1b_ineffective": 157.27787899764235, "IL1b_stim": 2.858419225662823, "IL8_favorable": 4.217484757176379, "ALP_M_n": 1.2974425613790528, "ARS_M_n": 1.1250012840597068, "OC_M_n": 0.33771846702081953, "ALP_0": 0.34902238564150895, "ARS_0": 0.2635780465621759, "OC_0": 5.849946327817627, "diff_time": 1057.2846187987234, "maturity_t": 1.0}