{"a_Ber_2016_ALP": 0.4939772574873579, "a_Ber_2016_OC": 0.20590313793135331, "a_Valles_2020_ALP": 241.58389159523082, "a_Valles_2020_ARS": 398.72238911164055, "a_Chen_2018_ALP": 5.512292588430612, "a_Chen_2018_ARS": 1.6998208715504728, "a_Qiao_2021_ALP": 25.2488506670474, "a_early_diff_stim": 5.413762224646715, "a_early_diff_inhib": 7.786478196407356, "a_late_diff_stim": 10.533278850251977, "a_late_diff_inhib": 3.1754473252414863, "early_diff_slow": 0.37092065431446203, "early_diff_fast": 0.6362651740868261, "early_diff_very_fast": 0.908584656585871, "late_diff_slow": 0.2653320442405832, "late_diff_fast": 0.7647792504371785, "Mg_stim": 9.838093311307913, "Mg_dest": 28.795862290412003, "IL1b_ineffective": 119.11423692525841, "IL1b_stim": 2.8900231520604436, "IL8_favorable": 9.870518866183367, "ALP_M_n": 1.441868753324621, "ARS_M_n": 1.875616521312727, "OC_M_n": 0.15672381997001295, "ALP_0": 0.4042786652860961, "ARS_0": 0.46936951301466945, "OC_0": 6.108622034684641, "diff_time": 738.8378583353999, "maturity_t": 0.9962953435796825}