{"a_Ber_2016_ALP": 0.7483725721760259, "a_Ber_2016_OC": 0.16433962223777643, "a_Valles_2020_ALP": 395.0742440316369, "a_Valles_2020_ARS": 761.9483741451384, "a_Chen_2018_ALP": 9.181241459788016, "a_Chen_2018_ARS": 3.6601130989534276, "a_Qiao_2021_ALP": 42.50851670135829, "a_early_diff_stim": 13.083978111680768, "a_early_diff_inhib": 13.134669537792888, "a_late_diff_stim": 0.9936107033759392, "a_late_diff_inhib": 6.429000079443092, "early_diff_slow": 0.35310140083946273, "early_diff_fast": 0.5726399997978917, "early_diff_very_fast": 0.6862002677335225, "late_diff_slow": 0.11440325715439945, "late_diff_fast": 0.7427578825943337, "Mg_stim": 2.0614660835721237, "Mg_dest": 23.516575333826175, "IL1b_ineffective": 112.70536290776217, "IL1b_stim": 3.746633960297501, "IL8_favorable": 10.124737143268987, "ALP_M_n": 1.2629040923810635, "ARS_M_n": 0.9230586020106728, "OC_M_n": 0.7083543414117606, "ALP_0": 0.23822286861638692, "ARS_0": 0.10098092234552113, "OC_0": 8.898971467020466, "diff_time": 957.4296929590794, "maturity_t": 0.7337543333449684}