{"a_Ber_2016_ALP": 0.5919952923422958, "a_Ber_2016_OC": 0.7535749554333665, "a_Valles_2020_ALP": 276.1284980429072, "a_Valles_2020_ARS": 635.4300065851027, "a_Chen_2018_ALP": 5.417118926664996, "a_Chen_2018_ARS": 1.397187669038096, "a_Qiao_2021_ALP": 23.047946000045762, "a_early_diff_stim": 18.66108245461695, "a_early_diff_inhib": 9.441968550489202, "a_late_diff_stim": 8.922773645908777, "a_late_diff_inhib": 14.017667317361864, "early_diff_slow": 0.26194798282420684, "early_diff_fast": 0.5324883883050003, "early_diff_very_fast": 0.8402923848604101, "late_diff_slow": 0.17023723493781057, "late_diff_fast": 0.8056682878589613, "Mg_stim": 8.760945851567966, "Mg_dest": 25.49881891011953, "IL1b_ineffective": 111.79019745242479, "IL1b_stim": 4.82293709698142, "IL8_favorable": 7.694342317598327, "ALP_M_n": 1.5060959364037563, "ARS_M_n": 0.6027575535426398, "OC_M_n": 0.0707288070131509, "ALP_0": 0.45328744666775267, "ARS_0": 0.2977847520758235, "OC_0": 1.638362825675015, "diff_time": 1061.599496293024, "maturity_t": 0.9978291887076831}