{"a_Ber_2016_ALP": 0.7503893937542553, "a_Ber_2016_OC": 0.4000911127927127, "a_Valles_2020_ALP": 360.676660476415, "a_Valles_2020_ARS": 512.4464864844643, "a_Chen_2018_ALP": 6.994067842100746, "a_Chen_2018_ARS": 1.80366790915352, "a_Qiao_2021_ALP": 34.6752892735764, "a_early_diff_stim": 12.567404920313152, "a_early_diff_inhib": 17.68627873341278, "a_late_diff_stim": 3.538164320419215, "a_late_diff_inhib": 16.533415176872005, "early_diff_slow": 0.24528081388766734, "early_diff_fast": 0.5565597290562734, "early_diff_very_fast": 0.8554941565412919, "late_diff_slow": 0.3615361355826341, "late_diff_fast": 0.6848863053975766, "Mg_stim": 9.344864064182492, "Mg_dest": 23.04904790936458, "IL1b_ineffective": 106.46993519217004, "IL1b_stim": 4.047387020806285, "IL8_favorable": 10.218367007817086, "ALP_M_n": 0.9639826534641631, "ARS_M_n": 1.3172662985910577, "OC_M_n": 0.44604271556918174, "ALP_0": 0.18975247423120728, "ARS_0": 0.47144786534727784, "OC_0": 4.214846404622005, "diff_time": 984.0518966774691, "maturity_t": 1.0}