{"a_Ber_2016_ALP": 0.6499475059106493, "a_Ber_2016_OC": 0.7525631063521356, "a_Valles_2020_ALP": 273.8350957166641, "a_Valles_2020_ARS": 825.1621517407857, "a_Chen_2018_ALP": 6.332074315385007, "a_Chen_2018_ARS": 3.5770257510875534, "a_Qiao_2021_ALP": 26.118415495415757, "a_early_diff_stim": 3.501057054683037, "a_early_diff_inhib": 5.156292769991246, "a_late_diff_stim": 13.51513673356333, "a_late_diff_inhib": 19.317788067206727, "early_diff_slow": 0.38859906738160943, "early_diff_fast": 0.6319100386731455, "early_diff_very_fast": 0.8800035285614346, "late_diff_slow": 0.21876446424444385, "late_diff_fast": 0.6998671882605747, "Mg_stim": 9.296922149555296, "Mg_dest": 23.5568294028162, "IL1b_ineffective": 157.60259223587968, "IL1b_stim": 1.4083258364755036, "IL8_favorable": 5.737478125204639, "ALP_M_n": 1.8575259066351066, "ARS_M_n": 0.6445332139089541, "OC_M_n": 0.03858003325946314, "ALP_0": 0.4923135865719038, "ARS_0": 0.0334038617449785, "OC_0": 1.501649428039435, "diff_time": 1011.3387933577791, "maturity_t": 0.9622124853858479}