{"a_Ber_2016_ALP": 0.6540022189770799, "a_Ber_2016_OC": 0.5434170041981518, "a_Valles_2020_ALP": 352.76529614905286, "a_Valles_2020_ARS": 698.4757606961505, "a_Chen_2018_ALP": 7.656343139383527, "a_Chen_2018_ARS": 1.7706566881891157, "a_Qiao_2021_ALP": 35.74408275219472, "a_early_diff_stim": 16.331142115857233, "a_early_diff_inhib": 9.278109594680098, "a_late_diff_stim": 19.554329064536073, "a_late_diff_inhib": 1.6464887284792447, "early_diff_slow": 0.15117085149082135, "early_diff_fast": 0.5321539599070959, "early_diff_very_fast": 0.7875610678060047, "late_diff_slow": 0.22118111661033965, "late_diff_fast": 0.6795673917429947, "Mg_stim": 5.650097178547028, "Mg_dest": 21.41853076738345, "IL1b_ineffective": 108.34153465558263, "IL1b_stim": 5.493601556387901, "IL8_favorable": 27.082241779211216, "ALP_M_n": 1.2726344152231501, "ARS_M_n": 0.5806228915557153, "OC_M_n": 0.03390888175234778, "ALP_0": 0.2777134666550534, "ARS_0": 0.1139277584648979, "OC_0": 4.6884055250008405, "diff_time": 978.9691742214942, "maturity_t": 0.8448281530872945}