{"a_Ber_2016_ALP": 0.6401555757481137, "a_Ber_2016_OC": 0.4544477025839658, "a_Valles_2020_ALP": 292.2000150930675, "a_Valles_2020_ARS": 775.1811245184116, "a_Chen_2018_ALP": 6.705371633558636, "a_Chen_2018_ARS": 3.705141519543714, "a_Qiao_2021_ALP": 30.769233482132783, "a_early_diff_stim": 6.993400842387703, "a_early_diff_inhib": 9.043586669555232, "a_late_diff_stim": 16.01068417203007, "a_late_diff_inhib": 19.26775058897816, "early_diff_slow": 0.2899280699845128, "early_diff_fast": 0.6148008787661011, "early_diff_very_fast": 0.8530747508620952, "late_diff_slow": 0.20090742242288864, "late_diff_fast": 0.6617560553142817, "Mg_stim": 9.835433926617412, "Mg_dest": 26.892968325169623, "IL1b_ineffective": 115.82656060434627, "IL1b_stim": 3.695381386001962, "IL8_favorable": 8.639745014373446, "ALP_M_n": 1.7047069372900672, "ARS_M_n": 0.9361732445666966, "OC_M_n": 0.23768809197374677, "ALP_0": 0.4158969686543971, "ARS_0": 0.09277031165993314, "OC_0": 7.480642062094767, "diff_time": 885.5102996745837, "maturity_t": 0.7494089766801317}