{"a_Ber_2016_ALP": 0.7771077149326752, "a_Ber_2016_OC": 0.2546891467475865, "a_Valles_2020_ALP": 338.189305143824, "a_Valles_2020_ARS": 788.8035958026782, "a_Chen_2018_ALP": 7.260635377288429, "a_Chen_2018_ARS": 3.6441297478568444, "a_Qiao_2021_ALP": 33.71175422899497, "a_early_diff_stim": 7.116026385007567, "a_early_diff_inhib": 6.858310925106437, "a_late_diff_stim": 11.26987142491595, "a_late_diff_inhib": 4.091197669462126, "early_diff_slow": 0.30149857177140454, "early_diff_fast": 0.6039381413905691, "early_diff_very_fast": 0.8956295801754631, "late_diff_slow": 0.1920240762252595, "late_diff_fast": 0.8711479148746896, "Mg_stim": 9.395015764114687, "Mg_dest": 36.119215237953796, "IL1b_ineffective": 114.87514206066511, "IL1b_stim": 3.7608114022296455, "IL8_favorable": 8.589416624954268, "ALP_M_n": 1.5542263729458339, "ARS_M_n": 0.9130013087852917, "OC_M_n": 0.05561498366351815, "ALP_0": 0.36178730448554514, "ARS_0": 0.08892922609688039, "OC_0": 4.582295084269037, "diff_time": 952.7164741807777, "maturity_t": 0.7605587267081506}