{"a_Ber_2016_ALP": 0.687490802642289, "a_Ber_2016_OC": 0.2403740453657122, "a_Valles_2020_ALP": 351.32238807096064, "a_Valles_2020_ARS": 746.1729634996308, "a_Chen_2018_ALP": 7.36440067516365, "a_Chen_2018_ARS": 3.3538298181817456, "a_Qiao_2021_ALP": 34.23219466721734, "a_early_diff_stim": 8.795074877889656, "a_early_diff_inhib": 17.005206097409943, "a_late_diff_stim": 7.554070348644359, "a_late_diff_inhib": 7.025118478157882, "early_diff_slow": 0.29085791615593287, "early_diff_fast": 0.5625807982616648, "early_diff_very_fast": 0.8410169587740618, "late_diff_slow": 0.23237855909009497, "late_diff_fast": 0.783212521449065, "Mg_stim": 8.259208122789989, "Mg_dest": 25.826758835068695, "IL1b_ineffective": 115.42498569946146, "IL1b_stim": 3.3694335262505177, "IL8_favorable": 8.41710258916175, "ALP_M_n": 1.053454258838255, "ARS_M_n": 1.0068620286253003, "OC_M_n": 0.6178532679567101, "ALP_0": 0.22080995924153743, "ARS_0": 0.1381350884269692, "OC_0": 6.447937814419869, "diff_time": 911.4966189683627, "maturity_t": 0.9659803549085195}