{"a_Ber_2016_ALP": 0.6777359810764061, "a_Ber_2016_OC": 0.5789838491169291, "a_Valles_2020_ALP": 339.3937065702102, "a_Valles_2020_ARS": 807.3465771556445, "a_Chen_2018_ALP": 6.74369835543355, "a_Chen_2018_ARS": 3.461167060561468, "a_Qiao_2021_ALP": 30.763245966714624, "a_early_diff_stim": 10.481271515501923, "a_early_diff_inhib": 8.827969880006608, "a_late_diff_stim": 8.979882800088273, "a_late_diff_inhib": 10.15587087193888, "early_diff_slow": 0.33823949194292663, "early_diff_fast": 0.5632887043077714, "early_diff_very_fast": 0.8389237520954933, "late_diff_slow": 0.19931608087398942, "late_diff_fast": 0.6568918477942297, "Mg_stim": 8.175005646794183, "Mg_dest": 29.817009203229237, "IL1b_ineffective": 120.47598084871181, "IL1b_stim": 3.1031678104636313, "IL8_favorable": 6.673852422222808, "ALP_M_n": 1.2085260834060605, "ARS_M_n": 0.665036929728457, "OC_M_n": 0.16346864784824522, "ALP_0": 0.2937659514234984, "ARS_0": 0.03897725091771823, "OC_0": 5.002009994354396, "diff_time": 1039.5271653461405, "maturity_t": 0.9745466512935093}