{"a_Ber_2016_ALP": 0.6068873713025011, "a_Ber_2016_OC": 0.23810186148712353, "a_Valles_2020_ALP": 284.5887412060673, "a_Valles_2020_ARS": 452.11885728057223, "a_Chen_2018_ALP": 6.242291989862258, "a_Chen_2018_ARS": 2.164580653019505, "a_Qiao_2021_ALP": 29.973041646721377, "a_early_diff_stim": 15.989508372875704, "a_early_diff_inhib": 7.095157510921762, "a_late_diff_stim": 11.608806675430728, "a_late_diff_inhib": 9.810119229628992, "early_diff_slow": 0.21917306839924677, "early_diff_fast": 0.5323661655099174, "early_diff_very_fast": 0.6967491999026597, "late_diff_slow": 0.25379821069651154, "late_diff_fast": 0.7773349059446143, "Mg_stim": 9.313642669569543, "Mg_dest": 26.42883479246708, "IL1b_ineffective": 111.33247391137469, "IL1b_stim": 4.278680835685929, "IL8_favorable": 11.108952528011244, "ALP_M_n": 1.2015245712247635, "ARS_M_n": 1.7675041272080105, "OC_M_n": 0.08922268316105302, "ALP_0": 0.30379077670645543, "ARS_0": 0.4150824288477332, "OC_0": 5.159591039387987, "diff_time": 767.1450188817585, "maturity_t": 1.0}