{"a_Ber_2016_ALP": 0.42611373237390804, "a_Ber_2016_OC": 0.4628829626933472, "a_Valles_2020_ALP": 199.99625474155647, "a_Valles_2020_ARS": 387.3250087604969, "a_Chen_2018_ALP": 5.0627714793396, "a_Chen_2018_ARS": 1.9408866440603485, "a_Qiao_2021_ALP": 23.352447890923855, "a_early_diff_stim": 6.161276242152308, "a_early_diff_inhib": 19.2241993328608, "a_late_diff_stim": 2.2017978140240455, "a_late_diff_inhib": 10.138554074144174, "early_diff_slow": 0.19430989210975363, "early_diff_fast": 0.6349513077719251, "early_diff_very_fast": 0.8391667592504377, "late_diff_slow": 0.3479405679706102, "late_diff_fast": 0.8246340998373455, "Mg_stim": 2.1827267392348606, "Mg_dest": 23.710378670263843, "IL1b_ineffective": 111.86961023106674, "IL1b_stim": 4.208068399613474, "IL8_favorable": 11.585171144224596, "ALP_M_n": 1.9697443458251693, "ARS_M_n": 1.8422792236970535, "OC_M_n": 0.2781410104434617, "ALP_0": 0.5396675340617081, "ARS_0": 0.47892880504691804, "OC_0": 5.961101333474475, "diff_time": 729.8901344959821, "maturity_t": 0.7907340132286877}