{"a_Ber_2016_ALP": 0.6026209452827848, "a_Ber_2016_OC": 0.45763794257676366, "a_Valles_2020_ALP": 311.1120828463746, "a_Valles_2020_ARS": 820.683133910075, "a_Chen_2018_ALP": 6.1606885824525435, "a_Chen_2018_ARS": 3.883665271564951, "a_Qiao_2021_ALP": 25.752337807353467, "a_early_diff_stim": 11.878562668546902, "a_early_diff_inhib": 6.915545397489373, "a_late_diff_stim": 3.8075796568769764, "a_late_diff_inhib": 19.090780423681558, "early_diff_slow": 0.2756505931037729, "early_diff_fast": 0.5534339941751919, "early_diff_very_fast": 0.7800976597633642, "late_diff_slow": 0.14362051316366636, "late_diff_fast": 0.7220759574446604, "Mg_stim": 8.698942432058537, "Mg_dest": 29.884912942197833, "IL1b_ineffective": 124.27234180849615, "IL1b_stim": 2.6880355484364387, "IL8_favorable": 7.038325665563413, "ALP_M_n": 1.3920603173843522, "ARS_M_n": 0.6943625081381756, "OC_M_n": 0.1556707701668384, "ALP_0": 0.40045674486786687, "ARS_0": 0.043670406619557595, "OC_0": 9.10522010067564, "diff_time": 1036.6548384443022, "maturity_t": 0.9961183145921478}