{"a_Ber_2016_ALP": 0.5839194438979234, "a_Ber_2016_OC": 0.2494012534497304, "a_Valles_2020_ALP": 278.62798551723296, "a_Valles_2020_ARS": 702.3711835625119, "a_Chen_2018_ALP": 5.698147906866246, "a_Chen_2018_ARS": 3.351466259495636, "a_Qiao_2021_ALP": 27.232158080174806, "a_early_diff_stim": 6.838530784651832, "a_early_diff_inhib": 12.68176304497427, "a_late_diff_stim": 17.290393164208215, "a_late_diff_inhib": 8.063503398005661, "early_diff_slow": 0.22232394581329934, "early_diff_fast": 0.5756387632750718, "early_diff_very_fast": 0.9616725994307942, "late_diff_slow": 0.25599415210124044, "late_diff_fast": 0.674711772612029, "Mg_stim": 8.118506230998522, "Mg_dest": 37.919666456880925, "IL1b_ineffective": 116.55742080650667, "IL1b_stim": 3.681022951606593, "IL8_favorable": 8.489110411113565, "ALP_M_n": 1.3317079638085254, "ARS_M_n": 1.1239286168416363, "OC_M_n": 0.07952430261001148, "ALP_0": 0.3689235926280088, "ARS_0": 0.15919802167828126, "OC_0": 3.320097929565046, "diff_time": 832.0175007350595, "maturity_t": 0.9922461153918923}