{"a_Ber_2016_ALP": 0.6518580843664311, "a_Ber_2016_OC": 0.18420119913415248, "a_Valles_2020_ALP": 305.1379262358388, "a_Valles_2020_ARS": 517.6765784194248, "a_Chen_2018_ALP": 5.892979285410263, "a_Chen_2018_ARS": 1.790146875386733, "a_Qiao_2021_ALP": 30.875538542971082, "a_early_diff_stim": 18.421803092008027, "a_early_diff_inhib": 8.104100827384455, "a_late_diff_stim": 13.094287651586086, "a_late_diff_inhib": 16.739793442639325, "early_diff_slow": 0.3665471455447346, "early_diff_fast": 0.5248713051565891, "early_diff_very_fast": 0.8312030433806854, "late_diff_slow": 0.21455705092641722, "late_diff_fast": 0.8544815061365963, "Mg_stim": 7.245379124969117, "Mg_dest": 29.130939833297848, "IL1b_ineffective": 103.91900310926329, "IL1b_stim": 7.281972985775987, "IL8_favorable": 31.08887439146954, "ALP_M_n": 1.265380721128367, "ARS_M_n": 1.507153077877239, "OC_M_n": 0.40598685301107407, "ALP_0": 0.32114970264963083, "ARS_0": 0.41877725945825023, "OC_0": 5.586009808157257, "diff_time": 850.4426350394107, "maturity_t": 0.9300820304267086}