{"a_Ber_2016_ALP": 0.681669791735392, "a_Ber_2016_OC": 0.4365596292174663, "a_Valles_2020_ALP": 289.23200902056436, "a_Valles_2020_ARS": 711.0611627932687, "a_Chen_2018_ALP": 6.616620764648398, "a_Chen_2018_ARS": 3.382598574226807, "a_Qiao_2021_ALP": 29.176132524580986, "a_early_diff_stim": 5.786533564605157, "a_early_diff_inhib": 8.815340178401947, "a_late_diff_stim": 7.563843558511442, "a_late_diff_inhib": 14.821532284012363, "early_diff_slow": 0.24460255692527513, "early_diff_fast": 0.6536643425216146, "early_diff_very_fast": 0.9088828539507633, "late_diff_slow": 0.18325101467601923, "late_diff_fast": 0.6021285805577977, "Mg_stim": 9.754071478876376, "Mg_dest": 33.182329932732706, "IL1b_ineffective": 115.19060991527545, "IL1b_stim": 3.4207746042257057, "IL8_favorable": 7.568219231576855, "ALP_M_n": 1.7221467443587566, "ARS_M_n": 1.1021310899722085, "OC_M_n": 0.3976640217095018, "ALP_0": 0.42255846561121546, "ARS_0": 0.17078069070168098, "OC_0": 3.773514525107941, "diff_time": 872.1112503945293, "maturity_t": 0.7958632801216109}