{"a_Ber_2016_ALP": 0.6918252859830284, "a_Ber_2016_OC": 0.4520043716985554, "a_Valles_2020_ALP": 347.6577650491671, "a_Valles_2020_ARS": 780.3257156949234, "a_Chen_2018_ALP": 7.696735647097919, "a_Chen_2018_ARS": 3.580566562785618, "a_Qiao_2021_ALP": 35.12413030448764, "a_early_diff_stim": 9.045759369181551, "a_early_diff_inhib": 1.729806504243218, "a_late_diff_stim": 19.424622505337407, "a_late_diff_inhib": 19.03615670174397, "early_diff_slow": 0.28941985863635267, "early_diff_fast": 0.5596400876908048, "early_diff_very_fast": 0.8012339773858677, "late_diff_slow": 0.3624262461077573, "late_diff_fast": 0.7443605123882172, "Mg_stim": 6.821302904928292, "Mg_dest": 29.12917587956751, "IL1b_ineffective": 117.9202227308125, "IL1b_stim": 3.3935377796066177, "IL8_favorable": 8.736169209222368, "ALP_M_n": 1.0741320668388432, "ARS_M_n": 0.9825375903668393, "OC_M_n": 0.375437737771129, "ALP_0": 0.20028677765116437, "ARS_0": 0.06586517470567924, "OC_0": 3.3223658516091774, "diff_time": 850.1267591525199, "maturity_t": 0.9682128093903445}