{"a_Ber_2016_ALP": 0.615235127933367, "a_Ber_2016_OC": 0.6019760505775534, "a_Valles_2020_ALP": 336.82387787298677, "a_Valles_2020_ARS": 698.3856630622194, "a_Chen_2018_ALP": 8.03671249293224, "a_Chen_2018_ARS": 3.4603904487947994, "a_Qiao_2021_ALP": 37.24624292137082, "a_early_diff_stim": 7.466060869514897, "a_early_diff_inhib": 17.11819476711515, "a_late_diff_stim": 15.037446490448819, "a_late_diff_inhib": 12.661527854177168, "early_diff_slow": 0.3404759142699521, "early_diff_fast": 0.6225941032376193, "early_diff_very_fast": 0.8163871942242887, "late_diff_slow": 0.14585463945143506, "late_diff_fast": 0.682419589836076, "Mg_stim": 2.0843383807142346, "Mg_dest": 21.895933447823023, "IL1b_ineffective": 112.65174948971575, "IL1b_stim": 3.7267738281193026, "IL8_favorable": 9.426493418150912, "ALP_M_n": 1.3769321410817426, "ARS_M_n": 1.087612531962144, "OC_M_n": 0.15159328205133216, "ALP_0": 0.2929506899474404, "ARS_0": 0.1478423033645725, "OC_0": 5.528299112374456, "diff_time": 857.3605283896798, "maturity_t": 0.7659491832955728}