{"a_Ber_2016_ALP": 0.7434685565322198, "a_Ber_2016_OC": 0.5887523232365497, "a_Valles_2020_ALP": 349.0912107825569, "a_Valles_2020_ARS": 820.9779249755188, "a_Chen_2018_ALP": 7.3200202557143355, "a_Chen_2018_ARS": 3.1700812100046076, "a_Qiao_2021_ALP": 31.458471289251026, "a_early_diff_stim": 17.615413836221013, "a_early_diff_inhib": 8.970117633173388, "a_late_diff_stim": 10.60613528468494, "a_late_diff_inhib": 6.566971261317262, "early_diff_slow": 0.3388373996705977, "early_diff_fast": 0.5164955086088175, "early_diff_very_fast": 0.7970425585853422, "late_diff_slow": 0.3229088851885805, "late_diff_fast": 0.7705920998214323, "Mg_stim": 2.7866462561337904, "Mg_dest": 33.915665926550666, "IL1b_ineffective": 108.40009196457672, "IL1b_stim": 8.566086336293152, "IL8_favorable": 13.882769115323583, "ALP_M_n": 1.2932621713425112, "ARS_M_n": 0.9159223071415665, "OC_M_n": 0.1717171774024391, "ALP_0": 0.3127963612640305, "ARS_0": 0.1322656768005269, "OC_0": 5.450923000836856, "diff_time": 984.7310465386313, "maturity_t": 0.9145261646416591}