{"a_Ber_2016_ALP": 0.6729363176076104, "a_Ber_2016_OC": 0.23228357998129892, "a_Valles_2020_ALP": 339.1942047275533, "a_Valles_2020_ARS": 823.5037141588653, "a_Chen_2018_ALP": 6.051245569768783, "a_Chen_2018_ARS": 3.841957703650687, "a_Qiao_2021_ALP": 27.98911457103575, "a_early_diff_stim": 15.600646854079647, "a_early_diff_inhib": 10.399085047130903, "a_late_diff_stim": 16.778479411618882, "a_late_diff_inhib": 2.994173893263028, "early_diff_slow": 0.21589391279004294, "early_diff_fast": 0.5314217215451043, "early_diff_very_fast": 0.7455101169869693, "late_diff_slow": 0.3344681468166788, "late_diff_fast": 0.7684880847589434, "Mg_stim": 8.061544650773703, "Mg_dest": 26.163303673085366, "IL1b_ineffective": 119.38124602274362, "IL1b_stim": 3.2505331979480996, "IL8_favorable": 7.029535585711415, "ALP_M_n": 1.330714962361402, "ARS_M_n": 0.683520426391774, "OC_M_n": 0.7154270067383559, "ALP_0": 0.3529339470639328, "ARS_0": 0.03746085135947439, "OC_0": 5.15122574759135, "diff_time": 1048.6647258470646, "maturity_t": 0.9794540364106668}