{"a_Ber_2016_ALP": 0.600056019643564, "a_Ber_2016_OC": 0.682090069599945, "a_Valles_2020_ALP": 280.1047608299442, "a_Valles_2020_ARS": 319.75098126487575, "a_Chen_2018_ALP": 5.844177635244739, "a_Chen_2018_ARS": 1.3870146500324065, "a_Qiao_2021_ALP": 27.048521579428353, "a_early_diff_stim": 7.355858617750081, "a_early_diff_inhib": 5.444893848843338, "a_late_diff_stim": 10.889134567405163, "a_late_diff_inhib": 19.215183707376248, "early_diff_slow": 0.1719467312261168, "early_diff_fast": 0.5766770548384508, "early_diff_very_fast": 0.8919368180470642, "late_diff_slow": 0.22574087152283503, "late_diff_fast": 0.8208063607949903, "Mg_stim": 7.946894636083048, "Mg_dest": 32.98084750080408, "IL1b_ineffective": 115.98999820044854, "IL1b_stim": 3.465254551014919, "IL8_favorable": 7.92664676952689, "ALP_M_n": 1.3502061172172704, "ARS_M_n": 2.1447266183629594, "OC_M_n": 0.1244746954206227, "ALP_0": 0.36687731283965874, "ARS_0": 0.6214341142999298, "OC_0": 2.332925338843164, "diff_time": 814.944895904325, "maturity_t": 0.9939357794245023}