{"a_Ber_2016_ALP": 0.5015179289512656, "a_Ber_2016_OC": 0.19020931815229652, "a_Valles_2020_ALP": 252.63769392045847, "a_Valles_2020_ARS": 836.9604490176845, "a_Chen_2018_ALP": 4.712070561148237, "a_Chen_2018_ARS": 3.085484584928555, "a_Qiao_2021_ALP": 20.02053818831464, "a_early_diff_stim": 7.465226342509562, "a_early_diff_inhib": 4.8871128147471135, "a_late_diff_stim": 1.3469039361542414, "a_late_diff_inhib": 14.78705709395089, "early_diff_slow": 0.3279399515479461, "early_diff_fast": 0.5702273856658916, "early_diff_very_fast": 0.9788828611454374, "late_diff_slow": 0.1480435251966501, "late_diff_fast": 0.7329363113373968, "Mg_stim": 7.920047443630854, "Mg_dest": 25.522229403018507, "IL1b_ineffective": 125.53487488834023, "IL1b_stim": 2.8120917790913857, "IL8_favorable": 5.4030174438368235, "ALP_M_n": 1.7295258563310882, "ARS_M_n": 0.6462560104333014, "OC_M_n": 0.1934302010269312, "ALP_0": 0.5506406731316733, "ARS_0": 0.04383357026322611, "OC_0": 6.615293876966366, "diff_time": 1064.5293797288389, "maturity_t": 0.9624663775725351}