{"a_Ber_2016_ALP": 0.7284971039017997, "a_Ber_2016_OC": 0.4404715781157549, "a_Valles_2020_ALP": 348.95966316160207, "a_Valles_2020_ARS": 764.0752388515435, "a_Chen_2018_ALP": 7.3683651905191745, "a_Chen_2018_ARS": 3.622254869115251, "a_Qiao_2021_ALP": 34.58226413544164, "a_early_diff_stim": 9.665856593078386, "a_early_diff_inhib": 13.211478303493696, "a_late_diff_stim": 7.410166688924247, "a_late_diff_inhib": 0.5707222583491998, "early_diff_slow": 0.2301353498424639, "early_diff_fast": 0.5582742483116674, "early_diff_very_fast": 0.8028182189887625, "late_diff_slow": 0.17380596229328582, "late_diff_fast": 0.6670508057132611, "Mg_stim": 8.746967354080963, "Mg_dest": 28.138756484491843, "IL1b_ineffective": 116.63969100704611, "IL1b_stim": 3.3817003772119545, "IL8_favorable": 8.38645136815127, "ALP_M_n": 1.057848694409647, "ARS_M_n": 0.9368042248927464, "OC_M_n": 0.35220044979707665, "ALP_0": 0.22051005841518304, "ARS_0": 0.10834081229206614, "OC_0": 2.914007301025692, "diff_time": 908.4683133020234, "maturity_t": 0.9687978396366096}