{"a_Ber_2016_ALP": 0.6138156843359182, "a_Ber_2016_OC": 0.166376944876751, "a_Valles_2020_ALP": 284.22845071523193, "a_Valles_2020_ARS": 785.6284883581843, "a_Chen_2018_ALP": 5.558826980466621, "a_Chen_2018_ARS": 3.1528337633011962, "a_Qiao_2021_ALP": 25.84288106402885, "a_early_diff_stim": 12.910160936134393, "a_early_diff_inhib": 14.76381757305834, "a_late_diff_stim": 9.736760294562616, "a_late_diff_inhib": 9.598406986599304, "early_diff_slow": 0.24563157102015626, "early_diff_fast": 0.5510009850349659, "early_diff_very_fast": 0.793666130824105, "late_diff_slow": 0.27143403853291254, "late_diff_fast": 0.7524630794396501, "Mg_stim": 9.145103842098795, "Mg_dest": 36.05344556977614, "IL1b_ineffective": 121.24697183668385, "IL1b_stim": 3.4021866581823623, "IL8_favorable": 6.658268296371126, "ALP_M_n": 1.5134746241665098, "ARS_M_n": 0.8006067874762967, "OC_M_n": 0.25968351147743374, "ALP_0": 0.43036500595514515, "ARS_0": 0.10138433599369052, "OC_0": 6.622481969323039, "diff_time": 1047.7452935488618, "maturity_t": 0.926246222761496}