{"a_Ber_2016_ALP": 0.734815990297935, "a_Ber_2016_OC": 0.5046736934578138, "a_Valles_2020_ALP": 359.87105199326083, "a_Valles_2020_ARS": 807.0596172734341, "a_Chen_2018_ALP": 6.512771982416415, "a_Chen_2018_ARS": 3.1138503194718163, "a_Qiao_2021_ALP": 30.585891435460866, "a_early_diff_stim": 10.762830548624871, "a_early_diff_inhib": 12.158924855121656, "a_late_diff_stim": 15.647884967734882, "a_late_diff_inhib": 15.51131880991861, "early_diff_slow": 0.16269641869509607, "early_diff_fast": 0.5497800236120587, "early_diff_very_fast": 0.872339585261337, "late_diff_slow": 0.25453183716217986, "late_diff_fast": 0.8249670960662504, "Mg_stim": 8.361037633328873, "Mg_dest": 30.957601380442778, "IL1b_ineffective": 118.85924057502969, "IL1b_stim": 3.3831892707022373, "IL8_favorable": 7.072879303856688, "ALP_M_n": 1.2230169901721828, "ARS_M_n": 0.774310704292952, "OC_M_n": 0.22983650973856692, "ALP_0": 0.30026007184529085, "ARS_0": 0.09296096551026227, "OC_0": 6.948352804680778, "diff_time": 1063.7794775356488, "maturity_t": 0.9705200439775117}