{"a_Ber_2016_ALP": 0.6518898769776476, "a_Ber_2016_OC": 0.3005256796858697, "a_Valles_2020_ALP": 298.09857063215105, "a_Valles_2020_ARS": 630.843853159056, "a_Chen_2018_ALP": 6.686976978745674, "a_Chen_2018_ARS": 3.084262450834497, "a_Qiao_2021_ALP": 32.48381840323051, "a_early_diff_stim": 9.356282391998755, "a_early_diff_inhib": 4.584224784849853, "a_late_diff_stim": 13.093116149238309, "a_late_diff_inhib": 7.580296812474462, "early_diff_slow": 0.24087876543683887, "early_diff_fast": 0.5956680124856608, "early_diff_very_fast": 0.7786403100233246, "late_diff_slow": 0.26802541630967053, "late_diff_fast": 0.7823057484265923, "Mg_stim": 2.042866051835798, "Mg_dest": 24.24329059947043, "IL1b_ineffective": 111.56339184191465, "IL1b_stim": 4.076809978267672, "IL8_favorable": 10.676472237549632, "ALP_M_n": 1.3707463019598223, "ARS_M_n": 1.2585717877180025, "OC_M_n": 0.05989758129482542, "ALP_0": 0.3335442491386034, "ARS_0": 0.2183904341480632, "OC_0": 4.09296133976222, "diff_time": 811.8851523283962, "maturity_t": 0.8557630146197283}