{"a_Ber_2016_ALP": 0.7571672732618123, "a_Ber_2016_OC": 0.24367480372931896, "a_Valles_2020_ALP": 351.28649129860764, "a_Valles_2020_ARS": 759.0210304313715, "a_Chen_2018_ALP": 8.211776894919264, "a_Chen_2018_ARS": 3.5164282582897948, "a_Qiao_2021_ALP": 37.07595201298813, "a_early_diff_stim": 6.230027724626977, "a_early_diff_inhib": 12.831688788607263, "a_late_diff_stim": 4.427750164184879, "a_late_diff_inhib": 15.497964146727472, "early_diff_slow": 0.2938883131548666, "early_diff_fast": 0.6071754181641845, "early_diff_very_fast": 0.8985240828505153, "late_diff_slow": 0.21437276309618267, "late_diff_fast": 0.6898391426788572, "Mg_stim": 9.955789908224482, "Mg_dest": 27.114223231101064, "IL1b_ineffective": 113.4908113063389, "IL1b_stim": 3.631594223442587, "IL8_favorable": 9.766214715214211, "ALP_M_n": 1.4161727836484193, "ARS_M_n": 0.9475326253591684, "OC_M_n": 0.12685271259964714, "ALP_0": 0.3058371784145935, "ARS_0": 0.11970363619639506, "OC_0": 2.950099172838466, "diff_time": 918.053288427371, "maturity_t": 0.7353125922890275}