{"a_Ber_2016_ALP": 0.5485856792312003, "a_Ber_2016_OC": 0.613170535660295, "a_Valles_2020_ALP": 253.92991960771704, "a_Valles_2020_ARS": 756.653722421038, "a_Chen_2018_ALP": 5.217647814619254, "a_Chen_2018_ARS": 5.605338476173464, "a_Qiao_2021_ALP": 26.906061573208984, "a_early_diff_stim": 13.94526656859715, "a_early_diff_inhib": 13.6574902759905, "a_late_diff_stim": 5.5209525518120905, "a_late_diff_inhib": 11.108562460034026, "early_diff_slow": 0.3108533514619124, "early_diff_fast": 0.5322897999196746, "early_diff_very_fast": 0.6629686467656568, "late_diff_slow": 0.23288020487622207, "late_diff_fast": 0.7762174993704593, "Mg_stim": 6.318294279760082, "Mg_dest": 36.17906459645346, "IL1b_ineffective": 116.65459748011513, "IL1b_stim": 3.4488645418930375, "IL8_favorable": 8.872280498376732, "ALP_M_n": 1.576950808674654, "ARS_M_n": 1.5002196747912657, "OC_M_n": 0.21793774033950464, "ALP_0": 0.471381997914793, "ARS_0": 0.17849591534128179, "OC_0": 0.9544231163158726, "diff_time": 863.2338386027204, "maturity_t": 0.8348030623294835}