{"a_Ber_2016_ALP": 0.7421135736100384, "a_Ber_2016_OC": 0.5153320000984926, "a_Valles_2020_ALP": 334.0576504899857, "a_Valles_2020_ARS": 702.2785418818394, "a_Chen_2018_ALP": 7.246809010358473, "a_Chen_2018_ARS": 3.273162004242138, "a_Qiao_2021_ALP": 33.111379290597995, "a_early_diff_stim": 10.12612700719552, "a_early_diff_inhib": 4.433958687182101, "a_late_diff_stim": 2.8421615300234233, "a_late_diff_inhib": 7.260199720349054, "early_diff_slow": 0.26447083872305516, "early_diff_fast": 0.5522963309923432, "early_diff_very_fast": 0.7714537717804755, "late_diff_slow": 0.2855507256776879, "late_diff_fast": 0.7551217670532447, "Mg_stim": 8.205916405779778, "Mg_dest": 24.149521834456078, "IL1b_ineffective": 116.88551930964402, "IL1b_stim": 3.299752103317511, "IL8_favorable": 7.985989660792065, "ALP_M_n": 1.0897141190037396, "ARS_M_n": 1.162013547570856, "OC_M_n": 0.30922668071172527, "ALP_0": 0.2356057739278971, "ARS_0": 0.1832092802157949, "OC_0": 3.5615336229587395, "diff_time": 861.6236044132388, "maturity_t": 0.9961706027653161}