{"ALP_M_n": 2.166906749327777, "ARS_M_n": 0.860720392151728, "ALP_0": 0.3637162753301083, "ARS_0": 0.031019061913281958, "maturity_t": 0.7033340774778417, "early_diff_slow": 0.1924493469308538, "early_diff_fast": 0.5804493536267421, "early_diff_very_fast": 0.8575603198611746, "late_diff_slow": 0.2722051551000558, "late_diff_fast": 0.8583631662488654, "a_early_diff_stim": 2.615335984388131, "a_early_diff_inhib": 0.9037012846796268, "a_late_diff_stim": 1.207069234806104, "a_late_diff_inhib": 0.5970432042633644, "diff_time": 852.8885855194403, "a_Valles_2020_ALP": 364.9080185491484, "a_Valles_2020_ARS": 827.7223057573228}