{"ALP_M_n": 2.7752779692877816, "ARS_M_n": 1.0210900441098298, "ALP_0": 0.5926188189420231, "ARS_0": 0.26169829331261885, "maturity_t": 0.6570799003756886, "early_diff_slow": 0.17247859116342013, "early_diff_fast": 0.6206722959072347, "early_diff_very_fast": 0.7043300379765279, "late_diff_slow": 0.13637150339399284, "late_diff_fast": 0.7677763065185482, "a_early_diff_stim": 1.9682510020572515, "a_early_diff_inhib": 3.6821568440446306, "a_late_diff_stim": 16.522779895600976, "a_late_diff_inhib": 7.5496708883937735, "diff_time": 946.3111077134747, "a_Valles_2020_ALP": 232.50787633457395, "a_Valles_2020_ARS": 692.2512170377549}