{"ALP_M_n": 1.4350359461400364, "ARS_M_n": 1.1857666817014776, "ALP_0": 0.4109357767257647, "ARS_0": 0.5698540240797448, "maturity_t": 0.8558890162989321, "early_diff_slow": 0.3636094599352844, "early_diff_fast": 0.5297275187373192, "early_diff_very_fast": 0.678591928207249, "late_diff_slow": 0.3649547072134851, "late_diff_fast": 0.6723000297296425, "a_early_diff_stim": 13.38824521029672, "a_early_diff_inhib": 9.025352994868832, "a_late_diff_stim": 10.098461818603786, "a_late_diff_inhib": 14.748537164440558, "diff_time": 979.9614518239073, "a_Valles_2020_ALP": 299.12130171949923, "a_Valles_2020_ARS": 498.6228928682194}