{"ALP_M_n": 1.674827582034202, "ARS_M_n": 1.902468652902086, "ALP_0": 0.31504971674845866, "ARS_0": 0.9566914191127892, "maturity_t": 0.7838084362671511, "early_diff_slow": 0.2536536070804229, "early_diff_fast": 0.6597508638561966, "early_diff_very_fast": 0.8436063244852929, "late_diff_slow": 0.2755349354426347, "late_diff_fast": 0.7203657977120141, "a_early_diff_stim": 1.5869636759376158, "a_early_diff_inhib": 9.78496580696136, "a_late_diff_stim": 14.878917832408414, "a_late_diff_inhib": 16.35439055790424, "diff_time": 860.2714679378818, "a_Valles_2020_ALP": 358.6273703557013, "a_Valles_2020_ARS": 240.99229306201866}