{"ALP_M_n": 1.7441615273384514, "ARS_M_n": 0.9970791807069415, "ALP_0": 0.5142782578850768, "ARS_0": 0.3578139768266, "maturity_t": 0.8130863430413243, "early_diff_slow": 0.32954287703281204, "early_diff_fast": 0.6046166203328038, "early_diff_very_fast": 0.7820698801228207, "late_diff_slow": 0.37458962013072833, "late_diff_fast": 0.7250987983470838, "a_early_diff_stim": 3.7720956493688536, "a_early_diff_inhib": 3.236711044032874, "a_late_diff_stim": 6.288778121531599, "a_late_diff_inhib": 12.306803468303325, "diff_time": 951.3563505649707, "a_Valles_2020_ALP": 256.29165682777045, "a_Valles_2020_ARS": 613.1704253201345}