{"ALP_M_n": 1.8232908797405503, "ARS_M_n": 0.9612544818802861, "ALP_0": 0.6607276010655092, "ARS_0": 0.3870288960788856, "maturity_t": 0.8178719034561654, "early_diff_slow": 0.1958823070895413, "early_diff_fast": 0.5365614113337637, "early_diff_very_fast": 0.6184052077346824, "late_diff_slow": 0.21689118129736562, "late_diff_fast": 0.8890304362975658, "a_early_diff_stim": 11.473411855194627, "a_early_diff_inhib": 17.895837174415753, "a_late_diff_stim": 2.200401059948476, "a_late_diff_inhib": 11.965272087078382, "diff_time": 1040.5714472843788, "a_Valles_2020_ALP": 206.03480520783134, "a_Valles_2020_ARS": 620.638328601546}