{"ALP_M_n": 1.8686637247215283, "ARS_M_n": 1.3778598308324383, "ALP_0": 0.7248261421910482, "ARS_0": 0.8477346327702163, "maturity_t": 0.8388765152684041, "early_diff_slow": 0.21550526173109835, "early_diff_fast": 0.5339732199635211, "early_diff_very_fast": 0.7135432642785207, "late_diff_slow": 0.3042532163572803, "late_diff_fast": 0.772544194389575, "a_early_diff_stim": 12.870291813070834, "a_early_diff_inhib": 13.851075768053576, "a_late_diff_stim": 19.645017965662014, "a_late_diff_inhib": 9.37571650501649, "diff_time": 1029.4849542363495, "a_Valles_2020_ALP": 182.1662050760364, "a_Valles_2020_ARS": 364.7765679845134}