{"ALP_M_n": 1.1961213003774591, "ARS_M_n": 1.2900462976514617, "ALP_0": 0.3712604190902552, "ARS_0": 0.8392967489075795, "maturity_t": 0.9199374932386797, "early_diff_slow": 0.24571449492657538, "early_diff_fast": 0.5273061316996485, "early_diff_very_fast": 0.8063062987126199, "late_diff_slow": 0.2727387095269554, "late_diff_fast": 0.714543746581925, "a_early_diff_stim": 17.27823715753754, "a_early_diff_inhib": 11.602796231986307, "a_late_diff_stim": 3.6785319353620762, "a_late_diff_inhib": 7.292795323688726, "diff_time": 1039.8173974215576, "a_Valles_2020_ALP": 309.37728268035835, "a_Valles_2020_ARS": 379.8463122443938}