{"ALP_M_n": 2.7397726446699435, "ARS_M_n": 0.7994395791547135, "ALP_0": 0.9615058582881133, "ARS_0": 0.22967686635174495, "maturity_t": 0.7222858445337341, "early_diff_slow": 0.3103492375788971, "early_diff_fast": 0.5935962207726554, "early_diff_very_fast": 0.7320250988081117, "late_diff_slow": 0.3652975896761749, "late_diff_fast": 0.7540091286379909, "a_early_diff_stim": 3.570880441237444, "a_early_diff_inhib": 0.7321135814695873, "a_late_diff_stim": 4.986141792058704, "a_late_diff_inhib": 0.014122171516241955, "diff_time": 1040.779092836251, "a_Valles_2020_ALP": 100.75592816986546, "a_Valles_2020_ARS": 720.0396688069159}