{"ALP_M_n": 3.7293957490099676, "ARS_M_n": 1.7687136600982531, "ALP_0": 1.172006225194436, "ARS_0": 1.1906922857409032, "maturity_t": 0.6781795728207219, "early_diff_slow": 0.1498882696478567, "early_diff_fast": 0.5295100316213375, "early_diff_very_fast": 0.8312801858146502, "late_diff_slow": 0.21562619171356107, "late_diff_fast": 0.8105711194806727, "a_early_diff_stim": 11.075603375432948, "a_early_diff_inhib": 7.128553858424047, "a_late_diff_stim": 11.806471899109582, "a_late_diff_inhib": 10.540264543182712, "diff_time": 1003.7507293361342, "a_Valles_2020_ALP": 43.35539613602262, "a_Valles_2020_ARS": 215.08010674826036}