{"ALP_M_n": 1.2538175762437138, "ARS_M_n": 1.0551172905785382, "ALP_0": 0.27679008207084443, "ARS_0": 0.5447999551472806, "maturity_t": 0.9446804490599547, "early_diff_slow": 0.2151358965983846, "early_diff_fast": 0.5802669397921142, "early_diff_very_fast": 0.6664090942478543, "late_diff_slow": 0.38214607951868995, "late_diff_fast": 0.6177500366328421, "a_early_diff_stim": 4.503563070490223, "a_early_diff_inhib": 0.8936039470154248, "a_late_diff_stim": 3.291170799154555, "a_late_diff_inhib": 0.2771129091129396, "diff_time": 1053.1132904959009, "a_Valles_2020_ALP": 382.65694980933176, "a_Valles_2020_ARS": 536.4655064837741}