{"ALP_M_n": 2.502237269326251, "ARS_M_n": 1.0951171833545958, "ALP_0": 0.6950669421257204, "ARS_0": 0.4163645002038836, "maturity_t": 0.7201987128495332, "early_diff_slow": 0.16570612526368084, "early_diff_fast": 0.6167590121927945, "early_diff_very_fast": 0.850813204147727, "late_diff_slow": 0.3232417106650979, "late_diff_fast": 0.8113468819257955, "a_early_diff_stim": 2.592051090889155, "a_early_diff_inhib": 0.8534153567542413, "a_late_diff_stim": 2.131891346189041, "a_late_diff_inhib": 0.6386092658914299, "diff_time": 941.0352709527322, "a_Valles_2020_ALP": 176.12333662204136, "a_Valles_2020_ARS": 580.2639316985053}