{"ALP_M_n": 2.8568251988909803, "ARS_M_n": 1.730654011693787, "ALP_0": 0.42801529363146645, "ARS_0": 0.8154901821579542, "maturity_t": 0.6422830678292506, "early_diff_slow": 0.1952993606040239, "early_diff_fast": 0.5714865318082333, "early_diff_very_fast": 0.6279865122999841, "late_diff_slow": 0.23677787941176962, "late_diff_fast": 0.6995444516559844, "a_early_diff_stim": 2.9179755002204066, "a_early_diff_inhib": 0.4595858110252953, "a_late_diff_stim": 1.577107820531694, "a_late_diff_inhib": 0.8999950341935377, "diff_time": 845.3211048150472, "a_Valles_2020_ALP": 345.9075097098335, "a_Valles_2020_ARS": 302.8330599411558}