{"ALP_M_n": 1.0498138251674463, "ARS_M_n": 1.9812633819386622, "ALP_0": 0.006751763095255882, "ARS_0": 0.9400589381320421, "maturity_t": 0.82496782952369, "early_diff_slow": 0.16612440522934668, "early_diff_fast": 0.5192646843135303, "early_diff_very_fast": 0.9715135592561461, "late_diff_slow": 0.13312905830497412, "late_diff_fast": 0.7346432390196782, "a_early_diff_stim": 14.05871816073774, "a_early_diff_inhib": 16.969926305493676, "a_late_diff_stim": 13.863365960037779, "a_late_diff_inhib": 10.44584993564948, "diff_time": 833.3471271544721, "a_Valles_2020_ALP": 510.0302342421479, "a_Valles_2020_ARS": 228.65582830639016}