{"ALP_M_n": 0.974422934924534, "ARS_M_n": 1.034597113702858, "ALP_0": 0.031407696389998324, "ARS_0": 0.4690414339721767, "maturity_t": 0.7431209700912133, "early_diff_slow": 0.20753291571521212, "early_diff_fast": 0.5295607102073945, "early_diff_very_fast": 0.9407839641682779, "late_diff_slow": 0.2794331046115577, "late_diff_fast": 0.826755536771584, "a_early_diff_stim": 11.511667813537816, "a_early_diff_inhib": 15.116031265502773, "a_late_diff_stim": 6.83422178249768, "a_late_diff_inhib": 17.405691554999976, "diff_time": 1017.2500934266926, "a_Valles_2020_ALP": 538.7331464923982, "a_Valles_2020_ARS": 570.9603690216818}