{"ALP_M_n": 2.0312493954918645, "ARS_M_n": 0.7014264603041674, "ALP_0": 0.7049789998750025, "ARS_0": 0.12123332328555021, "maturity_t": 0.7997936412425535, "early_diff_slow": 0.34487619572440315, "early_diff_fast": 0.5615066854804946, "early_diff_very_fast": 0.683039896747889, "late_diff_slow": 0.18082935404926523, "late_diff_fast": 0.6730211211526251, "a_early_diff_stim": 5.84841708697652, "a_early_diff_inhib": 10.851800506431612, "a_late_diff_stim": 10.250026343914588, "a_late_diff_inhib": 4.76895549628464, "diff_time": 988.9753701399168, "a_Valles_2020_ALP": 183.00454812881858, "a_Valles_2020_ARS": 756.8370760518744}