{"ALP_M_n": 1.5298124793291454, "ARS_M_n": 1.8398724324985765, "ALP_0": 0.23353851958544158, "ARS_0": 1.5391467723806178, "maturity_t": 0.6630160820052814, "early_diff_slow": 0.2759086614013352, "early_diff_fast": 0.567564483161446, "early_diff_very_fast": 0.7927050703280001, "late_diff_slow": 0.3793715184831159, "late_diff_fast": 0.8111715279359162, "a_early_diff_stim": 5.286362228561866, "a_early_diff_inhib": 1.9909949203336836, "a_late_diff_stim": 5.980350028690522, "a_late_diff_inhib": 5.017844411700489, "diff_time": 1055.0262605183775, "a_Valles_2020_ALP": 496.36136730745056, "a_Valles_2020_ARS": 151.28579968087638}