{"ALP_M_n": 3.204742268906428, "ARS_M_n": 2.1146311282998247, "ALP_0": 0.4075134986108824, "ARS_0": 0.5546418911818775, "maturity_t": 0.7027396030032331, "early_diff_slow": 0.36197842137922787, "early_diff_fast": 0.5595672448172222, "early_diff_very_fast": 0.8308517771715852, "late_diff_slow": 0.18249410329137852, "late_diff_fast": 0.7286119612638741, "a_early_diff_stim": 2.2243647841730723, "a_early_diff_inhib": 0.14021137307442655, "a_late_diff_stim": 3.5390639139592364, "a_late_diff_inhib": 0.6459209424802487, "diff_time": 709.928877253683, "a_Valles_2020_ALP": 300.3886379314436, "a_Valles_2020_ARS": 334.4237800452812}