{"ALP_M_n": 1.4209308328069556, "ARS_M_n": 0.8505019324576357, "ALP_0": 0.40631034092783597, "ARS_0": 0.27364376793363243, "maturity_t": 0.8973356724648938, "early_diff_slow": 0.3316896299099387, "early_diff_fast": 0.6337544733535547, "early_diff_very_fast": 0.7781337425824979, "late_diff_slow": 0.2974887019836136, "late_diff_fast": 0.8870999034071843, "a_early_diff_stim": 2.78160464603798, "a_early_diff_inhib": 3.0645112361220583, "a_late_diff_stim": 16.821777112783444, "a_late_diff_inhib": 17.341972991604486, "diff_time": 1036.2879947837928, "a_Valles_2020_ALP": 312.4451091689395, "a_Valles_2020_ARS": 691.931001348541}