{"ALP_M_n": 1.0680003378519662, "ARS_M_n": 1.36116336547652, "ALP_0": 0.10847254853574023, "ARS_0": 0.5966948986634617, "maturity_t": 0.8532735502215921, "early_diff_slow": 0.32041350968274973, "early_diff_fast": 0.5264303544644559, "early_diff_very_fast": 0.884962421813849, "late_diff_slow": 0.15752098451346025, "late_diff_fast": 0.8762214137630123, "a_early_diff_stim": 12.266752006957484, "a_early_diff_inhib": 9.243528201949026, "a_late_diff_stim": 3.577894896025631, "a_late_diff_inhib": 6.760447962422633, "diff_time": 903.9060456968957, "a_Valles_2020_ALP": 437.80265388567653, "a_Valles_2020_ARS": 449.6026176695275}