{"ALP_M_n": 2.104458332679444, "ARS_M_n": 0.9373535452837295, "ALP_0": 0.4781381798431963, "ARS_0": 0.11620532934173185, "maturity_t": 0.7861733806885475, "early_diff_slow": 0.272145980091541, "early_diff_fast": 0.6355383756214434, "early_diff_very_fast": 0.7466624098158349, "late_diff_slow": 0.35858772236144987, "late_diff_fast": 0.7187697338876811, "a_early_diff_stim": 1.864993186231397, "a_early_diff_inhib": 19.468286583753873, "a_late_diff_stim": 13.43975995162481, "a_late_diff_inhib": 17.57825670308559, "diff_time": 826.8354968293667, "a_Valles_2020_ALP": 258.9379505360392, "a_Valles_2020_ARS": 740.3440157213752}