{"ALP_M_n": 1.8679786031980146, "ARS_M_n": 0.8803497009758194, "ALP_0": 0.17508176920211324, "ARS_0": 0.18848431614060385, "maturity_t": 0.5976059217594045, "early_diff_slow": 0.28207791642078056, "early_diff_fast": 0.560079344626425, "early_diff_very_fast": 0.8713577784320617, "late_diff_slow": 0.36347342417156914, "late_diff_fast": 0.6695232006205287, "a_early_diff_stim": 3.4622048912301655, "a_early_diff_inhib": 1.302202679974009, "a_late_diff_stim": 17.324674019338886, "a_late_diff_inhib": 14.151330500446297, "diff_time": 977.6390968459403, "a_Valles_2020_ALP": 679.9162617251211, "a_Valles_2020_ARS": 737.6755163590451}