{"ALP_M_n": 1.8262580172523855, "ARS_M_n": 0.8119618041914931, "ALP_0": 0.2867148285281216, "ARS_0": 0.228739585962756, "maturity_t": 0.6368457149086105, "early_diff_slow": 0.21372055369545861, "early_diff_fast": 0.5657745553106555, "early_diff_very_fast": 0.7283435637077023, "late_diff_slow": 0.14588357453501705, "late_diff_fast": 0.6825979905926921, "a_early_diff_stim": 4.0908736387816536, "a_early_diff_inhib": 0.08709233668783367, "a_late_diff_stim": 3.2228512203090434, "a_late_diff_inhib": 0.20042964438801525, "diff_time": 1020.5813483175673, "a_Valles_2020_ALP": 484.67533185385497, "a_Valles_2020_ARS": 716.2024543049328}