{"ALP_M_n": 2.15792400723276, "ARS_M_n": 1.170808463782895, "ALP_0": 0.5294995993482581, "ARS_0": 0.5854716126883223, "maturity_t": 0.6946031820241597, "early_diff_slow": 0.13039318740805653, "early_diff_fast": 0.5764774000710439, "early_diff_very_fast": 0.7640108444325808, "late_diff_slow": 0.1903245593858604, "late_diff_fast": 0.6925429605257506, "a_early_diff_stim": 3.993026419587903, "a_early_diff_inhib": 0.7242008679848339, "a_late_diff_stim": 1.0592957386063653, "a_late_diff_inhib": 0.646529212204837, "diff_time": 992.7361128975426, "a_Valles_2020_ALP": 271.48445192104975, "a_Valles_2020_ARS": 495.53198990609206}