{"ALP_M_n": 1.29921876195369, "ARS_M_n": 1.3630295240717576, "ALP_0": 0.19713826281175992, "ARS_0": 0.7762811118921537, "maturity_t": 0.8302978732146356, "early_diff_slow": 0.22473062418155326, "early_diff_fast": 0.6279610037034126, "early_diff_very_fast": 0.7572079960295466, "late_diff_slow": 0.2750282784428297, "late_diff_fast": 0.6699669617381796, "a_early_diff_stim": 2.3615978972728184, "a_early_diff_inhib": 0.6504252170907245, "a_late_diff_stim": 1.2232285207359537, "a_late_diff_inhib": 0.6571597844546402, "diff_time": 979.8401622070464, "a_Valles_2020_ALP": 445.3025175896175, "a_Valles_2020_ARS": 388.44233679641644}