{"ALP_M_n": 2.272035936989323, "ARS_M_n": 1.0613835300985246, "ALP_0": 0.41198816901530627, "ARS_0": 0.2436689545915096, "maturity_t": 0.7581081478709215, "early_diff_slow": 0.3184290467243619, "early_diff_fast": 0.6424314208098966, "early_diff_very_fast": 0.7245707247190338, "late_diff_slow": 0.19307887052272962, "late_diff_fast": 0.7959427450531366, "a_early_diff_stim": 1.774361497977911, "a_early_diff_inhib": 0.6425507139377801, "a_late_diff_stim": 0.1821885682443658, "a_late_diff_inhib": 0.8833980420774691, "diff_time": 867.8831796962286, "a_Valles_2020_ALP": 332.87060849716056, "a_Valles_2020_ARS": 674.158595749384}