{"ALP_M_n": 6.336904018398264, "ARS_M_n": 1.598151307620819, "ALP_0": 0.8490372846531433, "ARS_0": 0.8660178836657162, "maturity_t": 0.5284118232544619, "early_diff_slow": 0.2647717117433465, "early_diff_fast": 0.5645487699053094, "early_diff_very_fast": 0.6664051648704201, "late_diff_slow": 0.2720109280158968, "late_diff_fast": 0.7591472054087359, "a_early_diff_stim": 1.9408965273332033, "a_early_diff_inhib": 12.054257294726465, "a_late_diff_stim": 11.708381816033608, "a_late_diff_inhib": 9.212683468223696, "diff_time": 905.9895376786295, "a_Valles_2020_ALP": 56.73276412890746, "a_Valles_2020_ARS": 313.2217894579836}