{"ALP_M_n": 2.0193214123265624, "ARS_M_n": 1.2891177664184124, "ALP_0": 0.8011686702270155, "ARS_0": 0.7821924804084688, "maturity_t": 0.8234267208069598, "early_diff_slow": 0.10451207506086799, "early_diff_fast": 0.5218373452643831, "early_diff_very_fast": 0.9968484130586197, "late_diff_slow": 0.25810696093727814, "late_diff_fast": 0.8264013154366739, "a_early_diff_stim": 18.443695289623808, "a_early_diff_inhib": 9.763425173580819, "a_late_diff_stim": 7.969147500806719, "a_late_diff_inhib": 10.863642720195969, "diff_time": 1037.3739736922528, "a_Valles_2020_ALP": 157.6475224076718, "a_Valles_2020_ARS": 403.56071456198003}