{"ALP_M_n": 1.296241721075796, "ARS_M_n": 1.1699427364115846, "ALP_0": 0.05676620560923897, "ARS_0": 0.6887495598001047, "maturity_t": 0.6054857231734287, "early_diff_slow": 0.20098521649364925, "early_diff_fast": 0.6039761058499231, "early_diff_very_fast": 0.8247673078995361, "late_diff_slow": 0.2857489527908703, "late_diff_fast": 0.6963700266371281, "a_early_diff_stim": 2.293744139026123, "a_early_diff_inhib": 0.20955312919108587, "a_late_diff_stim": 4.662116746723779, "a_late_diff_inhib": 0.33350308489667896, "diff_time": 1060.4008146038068, "a_Valles_2020_ALP": 716.54990258314, "a_Valles_2020_ARS": 460.4782612350034}