{"ALP_M_n": 2.4506589877957485, "ARS_M_n": 1.0084884584075848, "ALP_0": 0.6989305991621483, "ARS_0": 0.37949104018809265, "maturity_t": 0.6894587967658656, "early_diff_slow": 0.14767485876785985, "early_diff_fast": 0.5210405213571683, "early_diff_very_fast": 0.7082881565224849, "late_diff_slow": 0.34897591438573655, "late_diff_fast": 0.777061998744108, "a_early_diff_stim": 15.126795408882428, "a_early_diff_inhib": 11.358020908894542, "a_late_diff_stim": 3.3387364316778934, "a_late_diff_inhib": 1.9588683789470522, "diff_time": 1027.9273767150173, "a_Valles_2020_ALP": 187.93545079857606, "a_Valles_2020_ARS": 633.0798628323189}