{"ALP_M_n": 1.38636217255768, "ARS_M_n": 0.9753118813141429, "ALP_0": 0.4719565692457584, "ARS_0": 0.4096218946825921, "maturity_t": 0.8902790713600752, "early_diff_slow": 0.270035357914937, "early_diff_fast": 0.6040293401809856, "early_diff_very_fast": 0.9986958453780588, "late_diff_slow": 0.3088390443894946, "late_diff_fast": 0.7870957997153495, "a_early_diff_stim": 4.270765256225089, "a_early_diff_inhib": 4.991287097979643, "a_late_diff_stim": 8.704382404011767, "a_late_diff_inhib": 10.398071037167167, "diff_time": 1032.097899779294, "a_Valles_2020_ALP": 273.52431709114643, "a_Valles_2020_ARS": 604.9288465590789}