{"ALP_M_n": 3.6636114386861975, "ARS_M_n": 1.9731089443758942, "ALP_0": 0.22663952535027834, "ARS_0": 0.18275895033459405, "maturity_t": 0.6750789086809346, "early_diff_slow": 0.38553651802689726, "early_diff_fast": 0.5532144636864088, "early_diff_very_fast": 0.8565975942896935, "late_diff_slow": 0.22267265104094114, "late_diff_fast": 0.659599404615116, "a_early_diff_stim": 1.6182404162508852, "a_early_diff_inhib": 0.06211282289203324, "a_late_diff_stim": 1.2516562610070352, "a_late_diff_inhib": 0.8826553366758371, "diff_time": 659.120172001093, "a_Valles_2020_ALP": 613.5527038507557, "a_Valles_2020_ARS": 611.7237649482919}