{"ALP_M_n": 1.7313328916726143, "ARS_M_n": 1.060730229072895, "ALP_0": 0.3702652464462067, "ARS_0": 0.25525595611093005, "maturity_t": 0.8095200454664504, "early_diff_slow": 0.3284832029713771, "early_diff_fast": 0.5581168371198223, "early_diff_very_fast": 0.8201736352275786, "late_diff_slow": 0.2040564330812005, "late_diff_fast": 0.7496132378111859, "a_early_diff_stim": 5.267240140142297, "a_early_diff_inhib": 12.920088276487224, "a_late_diff_stim": 7.554234862037557, "a_late_diff_inhib": 18.630922194387463, "diff_time": 843.585371028412, "a_Valles_2020_ALP": 315.4976453999921, "a_Valles_2020_ARS": 648.7220056840948}