{"ALP_M_n": 2.1298526143603027, "ARS_M_n": 1.201252051689785, "ALP_0": 0.8105971775542157, "ARS_0": 0.7284858203972256, "maturity_t": 0.7855306828104435, "early_diff_slow": 0.3091897787412874, "early_diff_fast": 0.6355544423444637, "early_diff_very_fast": 0.7812031979521629, "late_diff_slow": 0.34581615027811646, "late_diff_fast": 0.7425987974940824, "a_early_diff_stim": 3.0269229849915806, "a_early_diff_inhib": 8.457904616455654, "a_late_diff_stim": 8.438305308746799, "a_late_diff_inhib": 6.6298791622571045, "diff_time": 1021.7383502378997, "a_Valles_2020_ALP": 151.45326621847872, "a_Valles_2020_ARS": 431.12698673030707}